--
-- DEMO DATA TABLES
--
TRUNCATE TABLE `x12_partners`;
TRUNCATE TABLE `insurance_companies`;
TRUNCATE TABLE `patient_data`;
TRUNCATE TABLE `insurance_data`;
TRUNCATE TABLE `form_encounter`;
TRUNCATE TABLE `forms`;
TRUNCATE TABLE `libreehr_postcalendar_events`;

INSERT INTO `x12_partners` (`id`, `name`, `id_number`,`x12_sender_id`, `x12_receiver_id`, `x12_version`, `processing_format`,`x12_isa05`,`x12_isa07`,`x12_isa14`,`x12_isa15`,`x12_gs02`,`x12_per06`) VALUES
('1000','Web Integrators Very LTD.','830682610','DemoClinc123','0','004010X098A1','cms','ZZ','01','1','P','AV05423','P6360'),
('1001','Backyard Billing INC.','830682610','DemoClinc123','0','004010X098A1','cms','ZZ','01','1','P','AV04679','P8915');

INSERT INTO `insurance_companies` (`id`, `name`, `attn`,`cms_id`, `ins_type_code`, `x12_receiver_id`, `x12_default_partner_id`, `alt_cms_id`) VALUES ('8487','Yellow Colors Company','NULL','64379','3','7224','7224','');
INSERT INTO `insurance_companies` (`id`, `name`, `attn`,`cms_id`, `ins_type_code`, `x12_receiver_id`, `x12_default_partner_id`, `alt_cms_id`) VALUES ('7687','Green Assurance INC.','NULL','67949','3','7224','7224','');
INSERT INTO `insurance_companies` (`id`, `name`, `attn`,`cms_id`, `ins_type_code`, `x12_receiver_id`, `x12_default_partner_id`, `alt_cms_id`) VALUES ('6887','Impersonal Insurance HMO','NULL','23210','3','0','0','');
INSERT INTO `insurance_companies` (`id`, `name`, `attn`,`cms_id`, `ins_type_code`, `x12_receiver_id`, `x12_default_partner_id`, `alt_cms_id`) VALUES ('6186','Green Mutual LTD','NULL','35140','3','8583','8583','');
INSERT INTO `insurance_companies` (`id`, `name`, `attn`,`cms_id`, `ins_type_code`, `x12_receiver_id`, `x12_default_partner_id`, `alt_cms_id`) VALUES ('7519','Litigeous Heartless LTD','NULL','60217','3','7224','7224','');
INSERT INTO `insurance_companies` (`id`, `name`, `attn`,`cms_id`, `ins_type_code`, `x12_receiver_id`, `x12_default_partner_id`, `alt_cms_id`) VALUES ('2651','Puce Mutual HMO','NULL','83934','3','8583','8583','');
INSERT INTO `insurance_companies` (`id`, `name`, `attn`,`cms_id`, `ins_type_code`, `x12_receiver_id`, `x12_default_partner_id`, `alt_cms_id`) VALUES ('6843','Pink Provider Very LTD.','NULL','69049','3','7224','7224','');
INSERT INTO `insurance_companies` (`id`, `name`, `attn`,`cms_id`, `ins_type_code`, `x12_receiver_id`, `x12_default_partner_id`, `alt_cms_id`) VALUES ('8435','Backstreet Helpful Company','NULL','58097','3','0','0','');
INSERT INTO `insurance_companies` (`id`, `name`, `attn`,`cms_id`, `ins_type_code`, `x12_receiver_id`, `x12_default_partner_id`, `alt_cms_id`) VALUES ('5612','Violet Group HMO','NULL','22337','3','0','0','');
INSERT INTO `insurance_companies` (`id`, `name`, `attn`,`cms_id`, `ins_type_code`, `x12_receiver_id`, `x12_default_partner_id`, `alt_cms_id`) VALUES ('3362','Incompetent Provider Company','NULL','52578','3','7224','7224','');

INSERT INTO `patient_data` (`title`, `language`, `financial`, `fname`, `lname`, `mname`, `DOB`,`street`, `postal_code`, `city`, `state`,  `drivers_license`, `ss`,`occupation`, `phone_home`, `phone_biz`, `phone_contact`, `phone_cell`,`status`, `contact_relationship`, `date`, `sex`, `referrer`, `referrerID`,`providerID`, `email`, `ethnoracial`, `interpretter`, `migrantseasonal`,`family_size`, `monthly_income`, `homeless`, `financial_review`, `pubpid`,`pid`, `genericname1`, `genericval1`, `genericname2`, `genericval2`) VALUES
 ('Mr.','English','','ROGER','HOLLAND','G.','1998-2-9','2102 CentralSt.','10581','Newport','ME','542085396','978296930',' ','(123) 631-1401','(123) 631-1401','(123) 631-1401','(123) 631-1401','single','Friend','2003-11-17 12:06:00','Male','PAUL JAMES','1','1','ROGER@LibreEHR.org','Chinese',' ',' ','0','5537',' ','000-00-00 00:00:00','2','2',' ',' ',' ',' ');

INSERT INTO `insurance_data` (`id`, `type`, `provider`, `plan_name`, `policy_number`,`group_number`, `subscriber_lname`, `subscriber_mname`, `subscriber_fname`, `subscriber_relationship`, `subscriber_ss`,`subscriber_DOB`, `subscriber_street`, `subscriber_postal_code`, `subscriber_city`, `subscriber_state`, `subscriber_country`,`subscriber_phone`, `subscriber_employer`, `subscriber_employer_street`, `subscriber_employer_postal_code`,`subscriber_employer_state`, `subscriber_employer_country`, `subscriber_employer_city`, `copay`, `date`, `pid`,`subscriber_sex`, `accept_assignment`) VALUES('1','primary','2651','Puce Mutual HMO','956803045','396640113','HOLLAND','G.','ROGER','self','978296930','1998-2-9','2102 CentralSt.','10581','Newport','ME','Openemria','(123) 631-1401','OEMR.org','','','ME','Openemria','Newport','','2011-10-10','2','Male','FALSE');
INSERT INTO `insurance_data` (`id`, `type`, `provider`, `plan_name`, `policy_number`,`group_number`, `subscriber_lname`, `subscriber_mname`, `subscriber_fname`, `subscriber_relationship`, `subscriber_ss`,`subscriber_DOB`, `subscriber_street`, `subscriber_postal_code`, `subscriber_city`, `subscriber_state`, `subscriber_country`,`subscriber_phone`, `subscriber_employer`, `subscriber_employer_street`, `subscriber_employer_postal_code`,`subscriber_employer_state`, `subscriber_employer_country`, `subscriber_employer_city`, `copay`, `date`, `pid`,`subscriber_sex`, `accept_assignment`) VALUES('2','secondary','6843','Pink Provider Very LTD.','584320873','777180406','HOLLAND','G.','ROGER','self','978296930','1998-2-9','2102 CentralSt.','10581','Newport','ME','Openemria','(123) 631-1401','OEMR.org','','','ME','Openemria','Newport','','2011-10-10','2','Male','TRUE');
INSERT INTO `insurance_data` (`id`, `type`, `provider`, `plan_name`, `policy_number`,`group_number`, `subscriber_lname`, `subscriber_mname`, `subscriber_fname`, `subscriber_relationship`, `subscriber_ss`,`subscriber_DOB`, `subscriber_street`, `subscriber_postal_code`, `subscriber_city`, `subscriber_state`, `subscriber_country`,`subscriber_phone`, `subscriber_employer`, `subscriber_employer_street`, `subscriber_employer_postal_code`,`subscriber_employer_state`, `subscriber_employer_country`, `subscriber_employer_city`, `copay`, `date`, `pid`,`subscriber_sex`, `accept_assignment`) VALUES('3','tertiary','8435','Backstreet Helpful Company','701684748','514388262','HOLLAND','G.','ROGER','self','978296930','1998-2-9','2102 CentralSt.','10581','Newport','ME','Openemria','(123) 631-1401','OEMR.org','','','ME','Openemria','Newport','','2011-10-10','2','Male','TRUE');

INSERT INTO `form_encounter` (`id`, `date`, `reason`, `facility`, `facility_id`, `pid`, `encounter`,
     `onset_date`, `sensitivity`, `billing_note`, `pc_catid`, `last_level_billed`, `last_level_closed`, `last_stmt_date`, `stmt_count`,
      `provider_id`, `supervisor_id`, `invoice_refno`, `referral_source`, `billing_facility`) VALUES
    ('1','2017-5-30 13:15:00', 'Test Encounter', 'Your Clinic Name Here', '3','2','1', '0000-00-00 00:00:00', 'normal', 'NULL','4', '0', '0','NULL', '0', '1', '0', '', '', '3');
INSERT INTO `forms` (`id`, `date`, `encounter`, `form_name`, `form_id`, `pid`, `user`, `groupname`, `authorized`, `deleted`, `formdir`) VALUES
    ('1','2017-5-30 13:15:00','1', 'Patient Encounter', '1', '2', 'admin', 'Default', '1', '0', 'patient_encounter');
INSERT INTO `libreehr_postcalendar_events`  (`pc_catid`,`pc_multiple`,`pc_aid`,`pc_pid`,`pc_title`,`pc_time`,`pc_hometext`,`pc_comments`,`pc_counter`,`pc_topic`,`pc_informant`,`pc_eventDate`,
        `pc_endDate`,`pc_duration`,`pc_recurrtype`,`pc_recurrspec`,`pc_recurrfreq`,`pc_startTime`,`pc_endTime`,`pc_alldayevent`,`pc_location`,`pc_eventstatus`,
        `pc_sharing`,`pc_apptstatus`,`pc_prefcatid`,`pc_facility`,`pc_billing_location`)VALUES
        ( 1,0,'1','2','Office Visit','2017-5-30 13:15:00','Clinical Appointment',0,0,1,'1',
        '2017-5-30 13:15:00','0000-00-00',900,0,
        'a:6:{s:17:"event_repeat_freq";s:1:"0";s:22:"event_repeat_freq_type";s:1:"0";s:19:"event_repeat_on_num";s:1:"1";s:19:"event_repeat_on_day";s:1:"0";s:20:"event_repeat_on_freq";s:1:"0";s:6:"exdate";s:0:"";}',
        0,'13:15:00','13:30:00',0,
        'a:6:{s:14:"event_location";s:0:"";s:13:"event_street1";s:0:"";s:13:"event_street2";s:0:"";s:10:"event_city";s:0:"";s:11:"event_state";s:0:"";s:12:"event_postal";s:0:"";}',
        1,1,'-',0,1,1);
INSERT INTO `form_encounter` (`id`, `date`, `reason`, `facility`, `facility_id`, `pid`, `encounter`,
     `onset_date`, `sensitivity`, `billing_note`, `pc_catid`, `last_level_billed`, `last_level_closed`, `last_stmt_date`, `stmt_count`,
      `provider_id`, `supervisor_id`, `invoice_refno`, `referral_source`, `billing_facility`) VALUES
    ('2','2017-6-29 17:00:00', 'Test Encounter', 'Your Clinic Name Here', '3','2','2', '0000-00-00 00:00:00', 'normal', 'NULL','10', '0', '0','NULL', '0', '1', '0', '', '', '3');
INSERT INTO `forms` (`id`, `date`, `encounter`, `form_name`, `form_id`, `pid`, `user`, `groupname`, `authorized`, `deleted`, `formdir`) VALUES
    ('2','2017-6-29 17:00:00','2', 'Patient Encounter', '2', '2', 'admin', 'Default', '1', '0', 'patient_encounter');
INSERT INTO `libreehr_postcalendar_events` 
        (`pc_catid`,`pc_multiple`,`pc_aid`,`pc_pid`,`pc_title`,`pc_time`,`pc_hometext`,`pc_comments`,`pc_counter`,`pc_topic`,`pc_informant`,`pc_eventDate`,
        `pc_endDate`,`pc_duration`,`pc_recurrtype`,`pc_recurrspec`,`pc_recurrfreq`,`pc_startTime`,`pc_endTime`,`pc_alldayevent`,`pc_location`,`pc_eventstatus`,
        `pc_sharing`,`pc_apptstatus`,`pc_prefcatid`,`pc_facility`,`pc_billing_location`)VALUES
        ( 1,1,'1','2','Office Visit','2017-6-29 17:00:00','Clinical Appointment',0,0,1,'1',
        '2017-6-29 17:00:00','0000-00-00',900,0,
        'a:6:{s:17:"event_repeat_freq";s:1:"0";s:22:"event_repeat_freq_type";s:1:"0";s:19:"event_repeat_on_num";s:1:"1";s:19:"event_repeat_on_day";s:1:"0";s:20:"event_repeat_on_freq";s:1:"0";s:6:"exdate";s:0:"";}',
        0,'17:00:00','17:15:00',0,
        'a:6:{s:14:"event_location";s:0:"";s:13:"event_street1";s:0:"";s:13:"event_street2";s:0:"";s:10:"event_city";s:0:"";s:11:"event_state";s:0:"";s:12:"event_postal";s:0:"";}',
        1,1,'-',0,1,1);
INSERT INTO `form_encounter` (`id`, `date`, `reason`, `facility`, `facility_id`, `pid`, `encounter`,
     `onset_date`, `sensitivity`, `billing_note`, `pc_catid`, `last_level_billed`, `last_level_closed`, `last_stmt_date`, `stmt_count`,
      `provider_id`, `supervisor_id`, `invoice_refno`, `referral_source`, `billing_facility`) VALUES
    ('3','2017-7-29 11:30:00', 'Test Encounter', 'Your Clinic Name Here', '3','2','3', '0000-00-00 00:00:00', 'normal', 'NULL','4', '0', '0','NULL', '0', '1', '0', '', '', '3');
INSERT INTO `forms` (`id`, `date`, `encounter`, `form_name`, `form_id`, `pid`, `user`, `groupname`, `authorized`, `deleted`, `formdir`) VALUES
    ('3','2017-7-29 11:30:00','3', 'Patient Encounter', '3', '2', 'admin', 'Default', '1', '0', 'patient_encounter');
INSERT INTO `libreehr_postcalendar_events` 
        (`pc_catid`,`pc_multiple`,`pc_aid`,`pc_pid`,`pc_title`,`pc_time`,`pc_hometext`,`pc_comments`,`pc_counter`,`pc_topic`,`pc_informant`,`pc_eventDate`,
        `pc_endDate`,`pc_duration`,`pc_recurrtype`,`pc_recurrspec`,`pc_recurrfreq`,`pc_startTime`,`pc_endTime`,`pc_alldayevent`,`pc_location`,`pc_eventstatus`,
        `pc_sharing`,`pc_apptstatus`,`pc_prefcatid`,`pc_facility`,`pc_billing_location`)VALUES
        ( 1,2,'1','2','Office Visit','2017-7-29 11:30:00','Clinical Appointment',0,0,1,'1',
        '2017-7-29 11:30:00','0000-00-00',900,0,
        'a:6:{s:17:"event_repeat_freq";s:1:"0";s:22:"event_repeat_freq_type";s:1:"0";s:19:"event_repeat_on_num";s:1:"1";s:19:"event_repeat_on_day";s:1:"0";s:20:"event_repeat_on_freq";s:1:"0";s:6:"exdate";s:0:"";}',
        0,'11:30:00','11:45:00',0,
        'a:6:{s:14:"event_location";s:0:"";s:13:"event_street1";s:0:"";s:13:"event_street2";s:0:"";s:10:"event_city";s:0:"";s:11:"event_state";s:0:"";s:12:"event_postal";s:0:"";}',
        1,1,'-',0,1,1);
INSERT INTO `form_encounter` (`id`, `date`, `reason`, `facility`, `facility_id`, `pid`, `encounter`,
     `onset_date`, `sensitivity`, `billing_note`, `pc_catid`, `last_level_billed`, `last_level_closed`, `last_stmt_date`, `stmt_count`,
      `provider_id`, `supervisor_id`, `invoice_refno`, `referral_source`, `billing_facility`) VALUES
    ('4','2017-8-28 12:00:00', 'Test Encounter', 'Your Clinic Name Here', '3','2','4', '0000-00-00 00:00:00', 'normal', 'NULL','2', '0', '0','NULL', '0', '1', '0', '', '', '3');
INSERT INTO `forms` (`id`, `date`, `encounter`, `form_name`, `form_id`, `pid`, `user`, `groupname`, `authorized`, `deleted`, `formdir`) VALUES
    ('4','2017-8-28 12:00:00','4', 'Patient Encounter', '4', '2', 'admin', 'Default', '1', '0', 'patient_encounter');
INSERT INTO `libreehr_postcalendar_events` 
        (`pc_catid`,`pc_multiple`,`pc_aid`,`pc_pid`,`pc_title`,`pc_time`,`pc_hometext`,`pc_comments`,`pc_counter`,`pc_topic`,`pc_informant`,`pc_eventDate`,
        `pc_endDate`,`pc_duration`,`pc_recurrtype`,`pc_recurrspec`,`pc_recurrfreq`,`pc_startTime`,`pc_endTime`,`pc_alldayevent`,`pc_location`,`pc_eventstatus`,
        `pc_sharing`,`pc_apptstatus`,`pc_prefcatid`,`pc_facility`,`pc_billing_location`)VALUES
        ( 1,3,'1','2','Office Visit','2017-8-28 12:00:00','Clinical Appointment',0,0,1,'1',
        '2017-8-28 12:00:00','0000-00-00',900,0,
        'a:6:{s:17:"event_repeat_freq";s:1:"0";s:22:"event_repeat_freq_type";s:1:"0";s:19:"event_repeat_on_num";s:1:"1";s:19:"event_repeat_on_day";s:1:"0";s:20:"event_repeat_on_freq";s:1:"0";s:6:"exdate";s:0:"";}',
        0,'12:00:00','12:15:00',0,
        'a:6:{s:14:"event_location";s:0:"";s:13:"event_street1";s:0:"";s:13:"event_street2";s:0:"";s:10:"event_city";s:0:"";s:11:"event_state";s:0:"";s:12:"event_postal";s:0:"";}',
        1,1,'-',0,1,1);
INSERT INTO `form_encounter` (`id`, `date`, `reason`, `facility`, `facility_id`, `pid`, `encounter`,
     `onset_date`, `sensitivity`, `billing_note`, `pc_catid`, `last_level_billed`, `last_level_closed`, `last_stmt_date`, `stmt_count`,
      `provider_id`, `supervisor_id`, `invoice_refno`, `referral_source`, `billing_facility`) VALUES
    ('5','2017-9-27 16:00:00', 'Test Encounter', 'Your Clinic Name Here', '3','2','5', '0000-00-00 00:00:00', 'normal', 'NULL','2', '0', '0','NULL', '0', '1', '0', '', '', '3');
INSERT INTO `forms` (`id`, `date`, `encounter`, `form_name`, `form_id`, `pid`, `user`, `groupname`, `authorized`, `deleted`, `formdir`) VALUES
    ('5','2017-9-27 16:00:00','5', 'Patient Encounter', '5', '2', 'admin', 'Default', '1', '0', 'patient_encounter');
INSERT INTO `libreehr_postcalendar_events` 
        (`pc_catid`,`pc_multiple`,`pc_aid`,`pc_pid`,`pc_title`,`pc_time`,`pc_hometext`,`pc_comments`,`pc_counter`,`pc_topic`,`pc_informant`,`pc_eventDate`,
        `pc_endDate`,`pc_duration`,`pc_recurrtype`,`pc_recurrspec`,`pc_recurrfreq`,`pc_startTime`,`pc_endTime`,`pc_alldayevent`,`pc_location`,`pc_eventstatus`,
        `pc_sharing`,`pc_apptstatus`,`pc_prefcatid`,`pc_facility`,`pc_billing_location`)VALUES
        ( 1,4,'1','2','Office Visit','2017-9-27 16:00:00','Clinical Appointment',0,0,1,'1',
        '2017-9-27 16:00:00','0000-00-00',900,0,
        'a:6:{s:17:"event_repeat_freq";s:1:"0";s:22:"event_repeat_freq_type";s:1:"0";s:19:"event_repeat_on_num";s:1:"1";s:19:"event_repeat_on_day";s:1:"0";s:20:"event_repeat_on_freq";s:1:"0";s:6:"exdate";s:0:"";}',
        0,'16:00:00','16:15:00',0,
        'a:6:{s:14:"event_location";s:0:"";s:13:"event_street1";s:0:"";s:13:"event_street2";s:0:"";s:10:"event_city";s:0:"";s:11:"event_state";s:0:"";s:12:"event_postal";s:0:"";}',
        1,1,'-',0,1,1);
INSERT INTO `patient_data` (`title`, `language`, `financial`, `fname`, `lname`, `mname`, `DOB`,`street`, `postal_code`, `city`, `state`,  `drivers_license`, `ss`,`occupation`, `phone_home`, `phone_biz`, `phone_contact`, `phone_cell`,`status`, `contact_relationship`, `date`, `sex`, `referrer`, `referrerID`,`providerID`, `email`, `ethnoracial`, `interpretter`, `migrantseasonal`,`family_size`, `monthly_income`, `homeless`, `financial_review`, `pubpid`,`pid`, `genericname1`, `genericval1`, `genericname2`, `genericval2`) VALUES
 ('Ms.','English','','ELEANOR','GUZMAN','N.','2009-11-6','1345 SesameHwy','1541','Dayton','CO','929660839','394349307',' ','(589) 868-7299','(589) 868-7299','(589) 868-7299','(589) 868-7299','single','Friend','2003-11-17 12:06:00','Female','LEE CAMPBELL','1','1','ELEANOR@LibreEHR.org','Black',' ',' ','10','4888',' ','000-00-00 00:00:00','3','3',' ',' ',' ',' ');
INSERT INTO `insurance_data` (`id`, `type`, `provider`, `plan_name`, `policy_number`,`group_number`, `subscriber_lname`, `subscriber_mname`, `subscriber_fname`, `subscriber_relationship`, `subscriber_ss`,`subscriber_DOB`, `subscriber_street`, `subscriber_postal_code`, `subscriber_city`, `subscriber_state`, `subscriber_country`,`subscriber_phone`, `subscriber_employer`, `subscriber_employer_street`, `subscriber_employer_postal_code`,`subscriber_employer_state`, `subscriber_employer_country`, `subscriber_employer_city`, `copay`, `date`, `pid`,`subscriber_sex`, `accept_assignment`) VALUES('4','primary','0','0','872556871','745382042','GUZMAN','N.','ELEANOR','self','394349307','2009-11-6','1345 SesameHwy','1541','Dayton','CO','Openemria','(589) 868-7299','OEMR.org','','','CO','Openemria','Dayton','','2011-10-10','3','Female','FALSE');
INSERT INTO `insurance_data` (`id`, `type`, `provider`, `plan_name`, `policy_number`,`group_number`, `subscriber_lname`, `subscriber_mname`, `subscriber_fname`, `subscriber_relationship`, `subscriber_ss`,`subscriber_DOB`, `subscriber_street`, `subscriber_postal_code`, `subscriber_city`, `subscriber_state`, `subscriber_country`,`subscriber_phone`, `subscriber_employer`, `subscriber_employer_street`, `subscriber_employer_postal_code`,`subscriber_employer_state`, `subscriber_employer_country`, `subscriber_employer_city`, `copay`, `date`, `pid`,`subscriber_sex`, `accept_assignment`) VALUES('5','secondary','3362','Incompetent Provider Company','114985722','244487615','GUZMAN','N.','ELEANOR','self','394349307','2009-11-6','1345 SesameHwy','1541','Dayton','CO','Openemria','(589) 868-7299','OEMR.org','','','CO','Openemria','Dayton','','2011-10-10','3','Female','TRUE');
INSERT INTO `insurance_data` (`id`, `type`, `provider`, `plan_name`, `policy_number`,`group_number`, `subscriber_lname`, `subscriber_mname`, `subscriber_fname`, `subscriber_relationship`, `subscriber_ss`,`subscriber_DOB`, `subscriber_street`, `subscriber_postal_code`, `subscriber_city`, `subscriber_state`, `subscriber_country`,`subscriber_phone`, `subscriber_employer`, `subscriber_employer_street`, `subscriber_employer_postal_code`,`subscriber_employer_state`, `subscriber_employer_country`, `subscriber_employer_city`, `copay`, `date`, `pid`,`subscriber_sex`, `accept_assignment`) VALUES('6','tertiary','0','0','268083465','17103853','GUZMAN','N.','ELEANOR','self','394349307','2009-11-6','1345 SesameHwy','1541','Dayton','CO','Openemria','(589) 868-7299','OEMR.org','','','CO','Openemria','Dayton','','2011-10-10','3','Female','FALSE');
INSERT INTO `form_encounter` (`id`, `date`, `reason`, `facility`, `facility_id`, `pid`, `encounter`,
     `onset_date`, `sensitivity`, `billing_note`, `pc_catid`, `last_level_billed`, `last_level_closed`, `last_stmt_date`, `stmt_count`,
      `provider_id`, `supervisor_id`, `invoice_refno`, `referral_source`, `billing_facility`) VALUES
    ('6','2017-3-31 14:00:00', 'Test Encounter', 'Your Clinic Name Here', '3','3','6', '0000-00-00 00:00:00', 'normal', 'NULL','10', '0', '0','NULL', '0', '1', '0', '', '', '3');
INSERT INTO `forms` (`id`, `date`, `encounter`, `form_name`, `form_id`, `pid`, `user`, `groupname`, `authorized`, `deleted`, `formdir`) VALUES
    ('6','2017-3-31 14:00:00','6', 'Patient Encounter', '6', '3', 'admin', 'Default', '1', '0', 'patient_encounter');
INSERT INTO `libreehr_postcalendar_events` 
        (`pc_catid`,`pc_multiple`,`pc_aid`,`pc_pid`,`pc_title`,`pc_time`,`pc_hometext`,`pc_comments`,`pc_counter`,`pc_topic`,`pc_informant`,`pc_eventDate`,
        `pc_endDate`,`pc_duration`,`pc_recurrtype`,`pc_recurrspec`,`pc_recurrfreq`,`pc_startTime`,`pc_endTime`,`pc_alldayevent`,`pc_location`,`pc_eventstatus`,
        `pc_sharing`,`pc_apptstatus`,`pc_prefcatid`,`pc_facility`,`pc_billing_location`)VALUES
        ( 1,5,'1','3','Office Visit','2017-3-31 14:00:00','Clinical Appointment',0,0,1,'1',
        '2017-3-31 14:00:00','0000-00-00',900,0,
        'a:6:{s:17:"event_repeat_freq";s:1:"0";s:22:"event_repeat_freq_type";s:1:"0";s:19:"event_repeat_on_num";s:1:"1";s:19:"event_repeat_on_day";s:1:"0";s:20:"event_repeat_on_freq";s:1:"0";s:6:"exdate";s:0:"";}',
        0,'14:00:00','14:15:00',0,
        'a:6:{s:14:"event_location";s:0:"";s:13:"event_street1";s:0:"";s:13:"event_street2";s:0:"";s:10:"event_city";s:0:"";s:11:"event_state";s:0:"";s:12:"event_postal";s:0:"";}',
        1,1,'-',0,1,1);
INSERT INTO `form_encounter` (`id`, `date`, `reason`, `facility`, `facility_id`, `pid`, `encounter`,
     `onset_date`, `sensitivity`, `billing_note`, `pc_catid`, `last_level_billed`, `last_level_closed`, `last_stmt_date`, `stmt_count`,
      `provider_id`, `supervisor_id`, `invoice_refno`, `referral_source`, `billing_facility`) VALUES
    ('7','2017-4-30 17:15:00', 'Test Encounter', 'Your Clinic Name Here', '3','3','7', '0000-00-00 00:00:00', 'normal', 'NULL','3', '0', '0','NULL', '0', '1', '0', '', '', '3');
INSERT INTO `forms` (`id`, `date`, `encounter`, `form_name`, `form_id`, `pid`, `user`, `groupname`, `authorized`, `deleted`, `formdir`) VALUES
    ('7','2017-4-30 17:15:00','7', 'Patient Encounter', '7', '3', 'admin', 'Default', '1', '0', 'patient_encounter');
INSERT INTO `libreehr_postcalendar_events` 
        (`pc_catid`,`pc_multiple`,`pc_aid`,`pc_pid`,`pc_title`,`pc_time`,`pc_hometext`,`pc_comments`,`pc_counter`,`pc_topic`,`pc_informant`,`pc_eventDate`,
        `pc_endDate`,`pc_duration`,`pc_recurrtype`,`pc_recurrspec`,`pc_recurrfreq`,`pc_startTime`,`pc_endTime`,`pc_alldayevent`,`pc_location`,`pc_eventstatus`,
        `pc_sharing`,`pc_apptstatus`,`pc_prefcatid`,`pc_facility`,`pc_billing_location`)VALUES
        ( 1,6,'1','3','Office Visit','2017-4-30 17:15:00','Clinical Appointment',0,0,1,'1',
        '2017-4-30 17:15:00','0000-00-00',900,0,
        'a:6:{s:17:"event_repeat_freq";s:1:"0";s:22:"event_repeat_freq_type";s:1:"0";s:19:"event_repeat_on_num";s:1:"1";s:19:"event_repeat_on_day";s:1:"0";s:20:"event_repeat_on_freq";s:1:"0";s:6:"exdate";s:0:"";}',
        0,'17:15:00','17:30:00',0,
        'a:6:{s:14:"event_location";s:0:"";s:13:"event_street1";s:0:"";s:13:"event_street2";s:0:"";s:10:"event_city";s:0:"";s:11:"event_state";s:0:"";s:12:"event_postal";s:0:"";}',
        1,1,'-',0,1,1);
INSERT INTO `form_encounter` (`id`, `date`, `reason`, `facility`, `facility_id`, `pid`, `encounter`,
     `onset_date`, `sensitivity`, `billing_note`, `pc_catid`, `last_level_billed`, `last_level_closed`, `last_stmt_date`, `stmt_count`,
      `provider_id`, `supervisor_id`, `invoice_refno`, `referral_source`, `billing_facility`) VALUES
    ('8','2017-5-30 15:00:00', 'Test Encounter', 'Your Clinic Name Here', '3','3','8', '0000-00-00 00:00:00', 'normal', 'NULL','3', '0', '0','NULL', '0', '1', '0', '', '', '3');
INSERT INTO `forms` (`id`, `date`, `encounter`, `form_name`, `form_id`, `pid`, `user`, `groupname`, `authorized`, `deleted`, `formdir`) VALUES
    ('8','2017-5-30 15:00:00','8', 'Patient Encounter', '8', '3', 'admin', 'Default', '1', '0', 'patient_encounter');
INSERT INTO `libreehr_postcalendar_events` 
        (`pc_catid`,`pc_multiple`,`pc_aid`,`pc_pid`,`pc_title`,`pc_time`,`pc_hometext`,`pc_comments`,`pc_counter`,`pc_topic`,`pc_informant`,`pc_eventDate`,
        `pc_endDate`,`pc_duration`,`pc_recurrtype`,`pc_recurrspec`,`pc_recurrfreq`,`pc_startTime`,`pc_endTime`,`pc_alldayevent`,`pc_location`,`pc_eventstatus`,
        `pc_sharing`,`pc_apptstatus`,`pc_prefcatid`,`pc_facility`,`pc_billing_location`)VALUES
        ( 1,7,'1','3','Office Visit','2017-5-30 15:00:00','Clinical Appointment',0,0,1,'1',
        '2017-5-30 15:00:00','0000-00-00',900,0,
        'a:6:{s:17:"event_repeat_freq";s:1:"0";s:22:"event_repeat_freq_type";s:1:"0";s:19:"event_repeat_on_num";s:1:"1";s:19:"event_repeat_on_day";s:1:"0";s:20:"event_repeat_on_freq";s:1:"0";s:6:"exdate";s:0:"";}',
        0,'15:00:00','15:15:00',0,
        'a:6:{s:14:"event_location";s:0:"";s:13:"event_street1";s:0:"";s:13:"event_street2";s:0:"";s:10:"event_city";s:0:"";s:11:"event_state";s:0:"";s:12:"event_postal";s:0:"";}',
        1,1,'-',0,1,1);
INSERT INTO `form_encounter` (`id`, `date`, `reason`, `facility`, `facility_id`, `pid`, `encounter`,
     `onset_date`, `sensitivity`, `billing_note`, `pc_catid`, `last_level_billed`, `last_level_closed`, `last_stmt_date`, `stmt_count`,
      `provider_id`, `supervisor_id`, `invoice_refno`, `referral_source`, `billing_facility`) VALUES
    ('9','2017-6-29 13:00:00', 'Test Encounter', 'Your Clinic Name Here', '3','3','9', '0000-00-00 00:00:00', 'normal', 'NULL','6', '0', '0','NULL', '0', '1', '0', '', '', '3');
INSERT INTO `forms` (`id`, `date`, `encounter`, `form_name`, `form_id`, `pid`, `user`, `groupname`, `authorized`, `deleted`, `formdir`) VALUES
    ('9','2017-6-29 13:00:00','9', 'Patient Encounter', '9', '3', 'admin', 'Default', '1', '0', 'patient_encounter');
INSERT INTO `libreehr_postcalendar_events` 
        (`pc_catid`,`pc_multiple`,`pc_aid`,`pc_pid`,`pc_title`,`pc_time`,`pc_hometext`,`pc_comments`,`pc_counter`,`pc_topic`,`pc_informant`,`pc_eventDate`,
        `pc_endDate`,`pc_duration`,`pc_recurrtype`,`pc_recurrspec`,`pc_recurrfreq`,`pc_startTime`,`pc_endTime`,`pc_alldayevent`,`pc_location`,`pc_eventstatus`,
        `pc_sharing`,`pc_apptstatus`,`pc_prefcatid`,`pc_facility`,`pc_billing_location`)VALUES
        ( 1,8,'1','3','Office Visit','2017-6-29 13:00:00','Clinical Appointment',0,0,1,'1',
        '2017-6-29 13:00:00','0000-00-00',900,0,
        'a:6:{s:17:"event_repeat_freq";s:1:"0";s:22:"event_repeat_freq_type";s:1:"0";s:19:"event_repeat_on_num";s:1:"1";s:19:"event_repeat_on_day";s:1:"0";s:20:"event_repeat_on_freq";s:1:"0";s:6:"exdate";s:0:"";}',
        0,'13:00:00','13:15:00',0,
        'a:6:{s:14:"event_location";s:0:"";s:13:"event_street1";s:0:"";s:13:"event_street2";s:0:"";s:10:"event_city";s:0:"";s:11:"event_state";s:0:"";s:12:"event_postal";s:0:"";}',
        1,1,'-',0,1,1);
INSERT INTO `form_encounter` (`id`, `date`, `reason`, `facility`, `facility_id`, `pid`, `encounter`,
     `onset_date`, `sensitivity`, `billing_note`, `pc_catid`, `last_level_billed`, `last_level_closed`, `last_stmt_date`, `stmt_count`,
      `provider_id`, `supervisor_id`, `invoice_refno`, `referral_source`, `billing_facility`) VALUES
    ('10','2017-7-29 13:15:00', 'Test Encounter', 'Your Clinic Name Here', '3','3','10', '0000-00-00 00:00:00', 'normal', 'NULL','10', '0', '0','NULL', '0', '1', '0', '', '', '3');
INSERT INTO `forms` (`id`, `date`, `encounter`, `form_name`, `form_id`, `pid`, `user`, `groupname`, `authorized`, `deleted`, `formdir`) VALUES
    ('10','2017-7-29 13:15:00','10', 'Patient Encounter', '10', '3', 'admin', 'Default', '1', '0', 'patient_encounter');
INSERT INTO `libreehr_postcalendar_events` 
        (`pc_catid`,`pc_multiple`,`pc_aid`,`pc_pid`,`pc_title`,`pc_time`,`pc_hometext`,`pc_comments`,`pc_counter`,`pc_topic`,`pc_informant`,`pc_eventDate`,
        `pc_endDate`,`pc_duration`,`pc_recurrtype`,`pc_recurrspec`,`pc_recurrfreq`,`pc_startTime`,`pc_endTime`,`pc_alldayevent`,`pc_location`,`pc_eventstatus`,
        `pc_sharing`,`pc_apptstatus`,`pc_prefcatid`,`pc_facility`,`pc_billing_location`)VALUES
        ( 1,9,'1','3','Office Visit','2017-7-29 13:15:00','Clinical Appointment',0,0,1,'1',
        '2017-7-29 13:15:00','0000-00-00',900,0,
        'a:6:{s:17:"event_repeat_freq";s:1:"0";s:22:"event_repeat_freq_type";s:1:"0";s:19:"event_repeat_on_num";s:1:"1";s:19:"event_repeat_on_day";s:1:"0";s:20:"event_repeat_on_freq";s:1:"0";s:6:"exdate";s:0:"";}',
        0,'13:15:00','13:30:00',0,
        'a:6:{s:14:"event_location";s:0:"";s:13:"event_street1";s:0:"";s:13:"event_street2";s:0:"";s:10:"event_city";s:0:"";s:11:"event_state";s:0:"";s:12:"event_postal";s:0:"";}',
        1,1,'-',0,1,1);
INSERT INTO `form_encounter` (`id`, `date`, `reason`, `facility`, `facility_id`, `pid`, `encounter`,
     `onset_date`, `sensitivity`, `billing_note`, `pc_catid`, `last_level_billed`, `last_level_closed`, `last_stmt_date`, `stmt_count`,
      `provider_id`, `supervisor_id`, `invoice_refno`, `referral_source`, `billing_facility`) VALUES
    ('11','2017-8-28 10:15:00', 'Test Encounter', 'Your Clinic Name Here', '3','3','11', '0000-00-00 00:00:00', 'normal', 'NULL','3', '0', '0','NULL', '0', '1', '0', '', '', '3');
INSERT INTO `forms` (`id`, `date`, `encounter`, `form_name`, `form_id`, `pid`, `user`, `groupname`, `authorized`, `deleted`, `formdir`) VALUES
    ('11','2017-8-28 10:15:00','11', 'Patient Encounter', '11', '3', 'admin', 'Default', '1', '0', 'patient_encounter');
INSERT INTO `libreehr_postcalendar_events` 
        (`pc_catid`,`pc_multiple`,`pc_aid`,`pc_pid`,`pc_title`,`pc_time`,`pc_hometext`,`pc_comments`,`pc_counter`,`pc_topic`,`pc_informant`,`pc_eventDate`,
        `pc_endDate`,`pc_duration`,`pc_recurrtype`,`pc_recurrspec`,`pc_recurrfreq`,`pc_startTime`,`pc_endTime`,`pc_alldayevent`,`pc_location`,`pc_eventstatus`,
        `pc_sharing`,`pc_apptstatus`,`pc_prefcatid`,`pc_facility`,`pc_billing_location`)VALUES
        ( 1,10,'1','3','Office Visit','2017-8-28 10:15:00','Clinical Appointment',0,0,1,'1',
        '2017-8-28 10:15:00','0000-00-00',900,0,
        'a:6:{s:17:"event_repeat_freq";s:1:"0";s:22:"event_repeat_freq_type";s:1:"0";s:19:"event_repeat_on_num";s:1:"1";s:19:"event_repeat_on_day";s:1:"0";s:20:"event_repeat_on_freq";s:1:"0";s:6:"exdate";s:0:"";}',
        0,'10:15:00','10:30:00',0,
        'a:6:{s:14:"event_location";s:0:"";s:13:"event_street1";s:0:"";s:13:"event_street2";s:0:"";s:10:"event_city";s:0:"";s:11:"event_state";s:0:"";s:12:"event_postal";s:0:"";}',
        1,1,'-',0,1,1);
INSERT INTO `form_encounter` (`id`, `date`, `reason`, `facility`, `facility_id`, `pid`, `encounter`,
     `onset_date`, `sensitivity`, `billing_note`, `pc_catid`, `last_level_billed`, `last_level_closed`, `last_stmt_date`, `stmt_count`,
      `provider_id`, `supervisor_id`, `invoice_refno`, `referral_source`, `billing_facility`) VALUES
    ('12','2017-9-27 12:00:00', 'Test Encounter', 'Your Clinic Name Here', '3','3','12', '0000-00-00 00:00:00', 'normal', 'NULL','8', '0', '0','NULL', '0', '1', '0', '', '', '3');
INSERT INTO `forms` (`id`, `date`, `encounter`, `form_name`, `form_id`, `pid`, `user`, `groupname`, `authorized`, `deleted`, `formdir`) VALUES
    ('12','2017-9-27 12:00:00','12', 'Patient Encounter', '12', '3', 'admin', 'Default', '1', '0', 'patient_encounter');
INSERT INTO `libreehr_postcalendar_events` 
        (`pc_catid`,`pc_multiple`,`pc_aid`,`pc_pid`,`pc_title`,`pc_time`,`pc_hometext`,`pc_comments`,`pc_counter`,`pc_topic`,`pc_informant`,`pc_eventDate`,
        `pc_endDate`,`pc_duration`,`pc_recurrtype`,`pc_recurrspec`,`pc_recurrfreq`,`pc_startTime`,`pc_endTime`,`pc_alldayevent`,`pc_location`,`pc_eventstatus`,
        `pc_sharing`,`pc_apptstatus`,`pc_prefcatid`,`pc_facility`,`pc_billing_location`)VALUES
        ( 1,11,'1','3','Office Visit','2017-9-27 12:00:00','Clinical Appointment',0,0,1,'1',
        '2017-9-27 12:00:00','0000-00-00',900,0,
        'a:6:{s:17:"event_repeat_freq";s:1:"0";s:22:"event_repeat_freq_type";s:1:"0";s:19:"event_repeat_on_num";s:1:"1";s:19:"event_repeat_on_day";s:1:"0";s:20:"event_repeat_on_freq";s:1:"0";s:6:"exdate";s:0:"";}',
        0,'12:00:00','12:15:00',0,
        'a:6:{s:14:"event_location";s:0:"";s:13:"event_street1";s:0:"";s:13:"event_street2";s:0:"";s:10:"event_city";s:0:"";s:11:"event_state";s:0:"";s:12:"event_postal";s:0:"";}',
        1,1,'-',0,1,1);
INSERT INTO `patient_data` (`title`, `language`, `financial`, `fname`, `lname`, `mname`, `DOB`,`street`, `postal_code`, `city`, `state`,  `drivers_license`, `ss`,`occupation`, `phone_home`, `phone_biz`, `phone_contact`, `phone_cell`,`status`, `contact_relationship`, `date`, `sex`, `referrer`, `referrerID`,`providerID`, `email`, `ethnoracial`, `interpretter`, `migrantseasonal`,`family_size`, `monthly_income`, `homeless`, `financial_review`, `pubpid`,`pid`, `genericname1`, `genericval1`, `genericname2`, `genericval2`) VALUES
 ('Ms.','English','','LAURIE','PRICE','H.','1940-4-8','990 HappyAve.','16116','Ashland','AZ','641953357','601757923',' ','(414) 222-6016','(414) 222-6016','(414) 222-6016','(414) 222-6016','single','Friend','2003-11-17 12:06:00','Female','RAY JORDAN','1','1','LAURIE@LibreEHR.org','Vietnamese',' ',' ','4','5525',' ','000-00-00 00:00:00','4','4',' ',' ',' ',' ');
INSERT INTO `insurance_data` (`id`, `type`, `provider`, `plan_name`, `policy_number`,`group_number`, `subscriber_lname`, `subscriber_mname`, `subscriber_fname`, `subscriber_relationship`, `subscriber_ss`,`subscriber_DOB`, `subscriber_street`, `subscriber_postal_code`, `subscriber_city`, `subscriber_state`, `subscriber_country`,`subscriber_phone`, `subscriber_employer`, `subscriber_employer_street`, `subscriber_employer_postal_code`,`subscriber_employer_state`, `subscriber_employer_country`, `subscriber_employer_city`, `copay`, `date`, `pid`,`subscriber_sex`, `accept_assignment`) VALUES('7','primary','6843','Pink Provider Very LTD.','198795755','616908829','PRICE','H.','LAURIE','self','601757923','1940-4-8','990 HappyAve.','16116','Ashland','AZ','Openemria','(414) 222-6016','OEMR.org','','','AZ','Openemria','Ashland','','2011-10-10','4','Female','TRUE');
INSERT INTO `insurance_data` (`id`, `type`, `provider`, `plan_name`, `policy_number`,`group_number`, `subscriber_lname`, `subscriber_mname`, `subscriber_fname`, `subscriber_relationship`, `subscriber_ss`,`subscriber_DOB`, `subscriber_street`, `subscriber_postal_code`, `subscriber_city`, `subscriber_state`, `subscriber_country`,`subscriber_phone`, `subscriber_employer`, `subscriber_employer_street`, `subscriber_employer_postal_code`,`subscriber_employer_state`, `subscriber_employer_country`, `subscriber_employer_city`, `copay`, `date`, `pid`,`subscriber_sex`, `accept_assignment`) VALUES('8','secondary','8435','Backstreet Helpful Company','963963098','251867387','PRICE','H.','LAURIE','self','601757923','1940-4-8','990 HappyAve.','16116','Ashland','AZ','Openemria','(414) 222-6016','OEMR.org','','','AZ','Openemria','Ashland','','2011-10-10','4','Female','FALSE');
INSERT INTO `insurance_data` (`id`, `type`, `provider`, `plan_name`, `policy_number`,`group_number`, `subscriber_lname`, `subscriber_mname`, `subscriber_fname`, `subscriber_relationship`, `subscriber_ss`,`subscriber_DOB`, `subscriber_street`, `subscriber_postal_code`, `subscriber_city`, `subscriber_state`, `subscriber_country`,`subscriber_phone`, `subscriber_employer`, `subscriber_employer_street`, `subscriber_employer_postal_code`,`subscriber_employer_state`, `subscriber_employer_country`, `subscriber_employer_city`, `copay`, `date`, `pid`,`subscriber_sex`, `accept_assignment`) VALUES('9','tertiary','5612','Violet Group HMO','850904183','111227536','PRICE','H.','LAURIE','self','601757923','1940-4-8','990 HappyAve.','16116','Ashland','AZ','Openemria','(414) 222-6016','OEMR.org','','','AZ','Openemria','Ashland','','2011-10-10','4','Female','FALSE');
INSERT INTO `form_encounter` (`id`, `date`, `reason`, `facility`, `facility_id`, `pid`, `encounter`,
     `onset_date`, `sensitivity`, `billing_note`, `pc_catid`, `last_level_billed`, `last_level_closed`, `last_stmt_date`, `stmt_count`,
      `provider_id`, `supervisor_id`, `invoice_refno`, `referral_source`, `billing_facility`) VALUES
    ('13','2016-12-31 17:00:00', 'Test Encounter', 'Your Clinic Name Here', '3','4','13', '0000-00-00 00:00:00', 'normal', 'NULL','3', '0', '0','NULL', '0', '1', '0', '', '', '3');
INSERT INTO `forms` (`id`, `date`, `encounter`, `form_name`, `form_id`, `pid`, `user`, `groupname`, `authorized`, `deleted`, `formdir`) VALUES
    ('13','2016-12-31 17:00:00','13', 'Patient Encounter', '13', '4', 'admin', 'Default', '1', '0', 'patient_encounter');
INSERT INTO `libreehr_postcalendar_events` 
        (`pc_catid`,`pc_multiple`,`pc_aid`,`pc_pid`,`pc_title`,`pc_time`,`pc_hometext`,`pc_comments`,`pc_counter`,`pc_topic`,`pc_informant`,`pc_eventDate`,
        `pc_endDate`,`pc_duration`,`pc_recurrtype`,`pc_recurrspec`,`pc_recurrfreq`,`pc_startTime`,`pc_endTime`,`pc_alldayevent`,`pc_location`,`pc_eventstatus`,
        `pc_sharing`,`pc_apptstatus`,`pc_prefcatid`,`pc_facility`,`pc_billing_location`)VALUES
        ( 1,12,'1','4','Office Visit','2016-12-31 17:00:00','Clinical Appointment',0,0,1,'1',
        '2016-12-31 17:00:00','0000-00-00',900,0,
        'a:6:{s:17:"event_repeat_freq";s:1:"0";s:22:"event_repeat_freq_type";s:1:"0";s:19:"event_repeat_on_num";s:1:"1";s:19:"event_repeat_on_day";s:1:"0";s:20:"event_repeat_on_freq";s:1:"0";s:6:"exdate";s:0:"";}',
        0,'17:00:00','17:15:00',0,
        'a:6:{s:14:"event_location";s:0:"";s:13:"event_street1";s:0:"";s:13:"event_street2";s:0:"";s:10:"event_city";s:0:"";s:11:"event_state";s:0:"";s:12:"event_postal";s:0:"";}',
        1,1,'-',0,1,1);
INSERT INTO `form_encounter` (`id`, `date`, `reason`, `facility`, `facility_id`, `pid`, `encounter`,
     `onset_date`, `sensitivity`, `billing_note`, `pc_catid`, `last_level_billed`, `last_level_closed`, `last_stmt_date`, `stmt_count`,
      `provider_id`, `supervisor_id`, `invoice_refno`, `referral_source`, `billing_facility`) VALUES
    ('14','2017-1-30 12:15:00', 'Test Encounter', 'Your Clinic Name Here', '3','4','14', '0000-00-00 00:00:00', 'normal', 'NULL','6', '0', '0','NULL', '0', '1', '0', '', '', '3');
INSERT INTO `forms` (`id`, `date`, `encounter`, `form_name`, `form_id`, `pid`, `user`, `groupname`, `authorized`, `deleted`, `formdir`) VALUES
    ('14','2017-1-30 12:15:00','14', 'Patient Encounter', '14', '4', 'admin', 'Default', '1', '0', 'patient_encounter');
INSERT INTO `libreehr_postcalendar_events` 
        (`pc_catid`,`pc_multiple`,`pc_aid`,`pc_pid`,`pc_title`,`pc_time`,`pc_hometext`,`pc_comments`,`pc_counter`,`pc_topic`,`pc_informant`,`pc_eventDate`,
        `pc_endDate`,`pc_duration`,`pc_recurrtype`,`pc_recurrspec`,`pc_recurrfreq`,`pc_startTime`,`pc_endTime`,`pc_alldayevent`,`pc_location`,`pc_eventstatus`,
        `pc_sharing`,`pc_apptstatus`,`pc_prefcatid`,`pc_facility`,`pc_billing_location`)VALUES
        ( 1,13,'1','4','Office Visit','2017-1-30 12:15:00','Clinical Appointment',0,0,1,'1',
        '2017-1-30 12:15:00','0000-00-00',900,0,
        'a:6:{s:17:"event_repeat_freq";s:1:"0";s:22:"event_repeat_freq_type";s:1:"0";s:19:"event_repeat_on_num";s:1:"1";s:19:"event_repeat_on_day";s:1:"0";s:20:"event_repeat_on_freq";s:1:"0";s:6:"exdate";s:0:"";}',
        0,'12:15:00','12:30:00',0,
        'a:6:{s:14:"event_location";s:0:"";s:13:"event_street1";s:0:"";s:13:"event_street2";s:0:"";s:10:"event_city";s:0:"";s:11:"event_state";s:0:"";s:12:"event_postal";s:0:"";}',
        1,1,'-',0,1,1);
INSERT INTO `form_encounter` (`id`, `date`, `reason`, `facility`, `facility_id`, `pid`, `encounter`,
     `onset_date`, `sensitivity`, `billing_note`, `pc_catid`, `last_level_billed`, `last_level_closed`, `last_stmt_date`, `stmt_count`,
      `provider_id`, `supervisor_id`, `invoice_refno`, `referral_source`, `billing_facility`) VALUES
    ('15','2017-3-1 16:30:00', 'Test Encounter', 'Your Clinic Name Here', '3','4','15', '0000-00-00 00:00:00', 'normal', 'NULL','9', '0', '0','NULL', '0', '1', '0', '', '', '3');
INSERT INTO `forms` (`id`, `date`, `encounter`, `form_name`, `form_id`, `pid`, `user`, `groupname`, `authorized`, `deleted`, `formdir`) VALUES
    ('15','2017-3-1 16:30:00','15', 'Patient Encounter', '15', '4', 'admin', 'Default', '1', '0', 'patient_encounter');
INSERT INTO `libreehr_postcalendar_events` 
        (`pc_catid`,`pc_multiple`,`pc_aid`,`pc_pid`,`pc_title`,`pc_time`,`pc_hometext`,`pc_comments`,`pc_counter`,`pc_topic`,`pc_informant`,`pc_eventDate`,
        `pc_endDate`,`pc_duration`,`pc_recurrtype`,`pc_recurrspec`,`pc_recurrfreq`,`pc_startTime`,`pc_endTime`,`pc_alldayevent`,`pc_location`,`pc_eventstatus`,
        `pc_sharing`,`pc_apptstatus`,`pc_prefcatid`,`pc_facility`,`pc_billing_location`)VALUES
        ( 1,14,'1','4','Office Visit','2017-3-1 16:30:00','Clinical Appointment',0,0,1,'1',
        '2017-3-1 16:30:00','0000-00-00',900,0,
        'a:6:{s:17:"event_repeat_freq";s:1:"0";s:22:"event_repeat_freq_type";s:1:"0";s:19:"event_repeat_on_num";s:1:"1";s:19:"event_repeat_on_day";s:1:"0";s:20:"event_repeat_on_freq";s:1:"0";s:6:"exdate";s:0:"";}',
        0,'16:30:00','16:45:00',0,
        'a:6:{s:14:"event_location";s:0:"";s:13:"event_street1";s:0:"";s:13:"event_street2";s:0:"";s:10:"event_city";s:0:"";s:11:"event_state";s:0:"";s:12:"event_postal";s:0:"";}',
        1,1,'-',0,1,1);
INSERT INTO `form_encounter` (`id`, `date`, `reason`, `facility`, `facility_id`, `pid`, `encounter`,
     `onset_date`, `sensitivity`, `billing_note`, `pc_catid`, `last_level_billed`, `last_level_closed`, `last_stmt_date`, `stmt_count`,
      `provider_id`, `supervisor_id`, `invoice_refno`, `referral_source`, `billing_facility`) VALUES
    ('16','2017-3-31 16:00:00', 'Test Encounter', 'Your Clinic Name Here', '3','4','16', '0000-00-00 00:00:00', 'normal', 'NULL','5', '0', '0','NULL', '0', '1', '0', '', '', '3');
INSERT INTO `forms` (`id`, `date`, `encounter`, `form_name`, `form_id`, `pid`, `user`, `groupname`, `authorized`, `deleted`, `formdir`) VALUES
    ('16','2017-3-31 16:00:00','16', 'Patient Encounter', '16', '4', 'admin', 'Default', '1', '0', 'patient_encounter');
INSERT INTO `libreehr_postcalendar_events` 
        (`pc_catid`,`pc_multiple`,`pc_aid`,`pc_pid`,`pc_title`,`pc_time`,`pc_hometext`,`pc_comments`,`pc_counter`,`pc_topic`,`pc_informant`,`pc_eventDate`,
        `pc_endDate`,`pc_duration`,`pc_recurrtype`,`pc_recurrspec`,`pc_recurrfreq`,`pc_startTime`,`pc_endTime`,`pc_alldayevent`,`pc_location`,`pc_eventstatus`,
        `pc_sharing`,`pc_apptstatus`,`pc_prefcatid`,`pc_facility`,`pc_billing_location`)VALUES
        ( 1,15,'1','4','Office Visit','2017-3-31 16:00:00','Clinical Appointment',0,0,1,'1',
        '2017-3-31 16:00:00','0000-00-00',900,0,
        'a:6:{s:17:"event_repeat_freq";s:1:"0";s:22:"event_repeat_freq_type";s:1:"0";s:19:"event_repeat_on_num";s:1:"1";s:19:"event_repeat_on_day";s:1:"0";s:20:"event_repeat_on_freq";s:1:"0";s:6:"exdate";s:0:"";}',
        0,'16:00:00','16:15:00',0,
        'a:6:{s:14:"event_location";s:0:"";s:13:"event_street1";s:0:"";s:13:"event_street2";s:0:"";s:10:"event_city";s:0:"";s:11:"event_state";s:0:"";s:12:"event_postal";s:0:"";}',
        1,1,'-',0,1,1);
INSERT INTO `form_encounter` (`id`, `date`, `reason`, `facility`, `facility_id`, `pid`, `encounter`,
     `onset_date`, `sensitivity`, `billing_note`, `pc_catid`, `last_level_billed`, `last_level_closed`, `last_stmt_date`, `stmt_count`,
      `provider_id`, `supervisor_id`, `invoice_refno`, `referral_source`, `billing_facility`) VALUES
    ('17','2017-4-30 15:00:00', 'Test Encounter', 'Your Clinic Name Here', '3','4','17', '0000-00-00 00:00:00', 'normal', 'NULL','9', '0', '0','NULL', '0', '1', '0', '', '', '3');
INSERT INTO `forms` (`id`, `date`, `encounter`, `form_name`, `form_id`, `pid`, `user`, `groupname`, `authorized`, `deleted`, `formdir`) VALUES
    ('17','2017-4-30 15:00:00','17', 'Patient Encounter', '17', '4', 'admin', 'Default', '1', '0', 'patient_encounter');
INSERT INTO `libreehr_postcalendar_events` 
        (`pc_catid`,`pc_multiple`,`pc_aid`,`pc_pid`,`pc_title`,`pc_time`,`pc_hometext`,`pc_comments`,`pc_counter`,`pc_topic`,`pc_informant`,`pc_eventDate`,
        `pc_endDate`,`pc_duration`,`pc_recurrtype`,`pc_recurrspec`,`pc_recurrfreq`,`pc_startTime`,`pc_endTime`,`pc_alldayevent`,`pc_location`,`pc_eventstatus`,
        `pc_sharing`,`pc_apptstatus`,`pc_prefcatid`,`pc_facility`,`pc_billing_location`)VALUES
        ( 1,16,'1','4','Office Visit','2017-4-30 15:00:00','Clinical Appointment',0,0,1,'1',
        '2017-4-30 15:00:00','0000-00-00',900,0,
        'a:6:{s:17:"event_repeat_freq";s:1:"0";s:22:"event_repeat_freq_type";s:1:"0";s:19:"event_repeat_on_num";s:1:"1";s:19:"event_repeat_on_day";s:1:"0";s:20:"event_repeat_on_freq";s:1:"0";s:6:"exdate";s:0:"";}',
        0,'15:00:00','15:15:00',0,
        'a:6:{s:14:"event_location";s:0:"";s:13:"event_street1";s:0:"";s:13:"event_street2";s:0:"";s:10:"event_city";s:0:"";s:11:"event_state";s:0:"";s:12:"event_postal";s:0:"";}',
        1,1,'-',0,1,1);
INSERT INTO `form_encounter` (`id`, `date`, `reason`, `facility`, `facility_id`, `pid`, `encounter`,
     `onset_date`, `sensitivity`, `billing_note`, `pc_catid`, `last_level_billed`, `last_level_closed`, `last_stmt_date`, `stmt_count`,
      `provider_id`, `supervisor_id`, `invoice_refno`, `referral_source`, `billing_facility`) VALUES
    ('18','2017-5-30 10:30:00', 'Test Encounter', 'Your Clinic Name Here', '3','4','18', '0000-00-00 00:00:00', 'normal', 'NULL','6', '0', '0','NULL', '0', '1', '0', '', '', '3');
INSERT INTO `forms` (`id`, `date`, `encounter`, `form_name`, `form_id`, `pid`, `user`, `groupname`, `authorized`, `deleted`, `formdir`) VALUES
    ('18','2017-5-30 10:30:00','18', 'Patient Encounter', '18', '4', 'admin', 'Default', '1', '0', 'patient_encounter');
INSERT INTO `libreehr_postcalendar_events` 
        (`pc_catid`,`pc_multiple`,`pc_aid`,`pc_pid`,`pc_title`,`pc_time`,`pc_hometext`,`pc_comments`,`pc_counter`,`pc_topic`,`pc_informant`,`pc_eventDate`,
        `pc_endDate`,`pc_duration`,`pc_recurrtype`,`pc_recurrspec`,`pc_recurrfreq`,`pc_startTime`,`pc_endTime`,`pc_alldayevent`,`pc_location`,`pc_eventstatus`,
        `pc_sharing`,`pc_apptstatus`,`pc_prefcatid`,`pc_facility`,`pc_billing_location`)VALUES
        ( 1,17,'1','4','Office Visit','2017-5-30 10:30:00','Clinical Appointment',0,0,1,'1',
        '2017-5-30 10:30:00','0000-00-00',900,0,
        'a:6:{s:17:"event_repeat_freq";s:1:"0";s:22:"event_repeat_freq_type";s:1:"0";s:19:"event_repeat_on_num";s:1:"1";s:19:"event_repeat_on_day";s:1:"0";s:20:"event_repeat_on_freq";s:1:"0";s:6:"exdate";s:0:"";}',
        0,'10:30:00','10:45:00',0,
        'a:6:{s:14:"event_location";s:0:"";s:13:"event_street1";s:0:"";s:13:"event_street2";s:0:"";s:10:"event_city";s:0:"";s:11:"event_state";s:0:"";s:12:"event_postal";s:0:"";}',
        1,1,'-',0,1,1);
INSERT INTO `form_encounter` (`id`, `date`, `reason`, `facility`, `facility_id`, `pid`, `encounter`,
     `onset_date`, `sensitivity`, `billing_note`, `pc_catid`, `last_level_billed`, `last_level_closed`, `last_stmt_date`, `stmt_count`,
      `provider_id`, `supervisor_id`, `invoice_refno`, `referral_source`, `billing_facility`) VALUES
    ('19','2017-6-29 12:15:00', 'Test Encounter', 'Your Clinic Name Here', '3','4','19', '0000-00-00 00:00:00', 'normal', 'NULL','7', '0', '0','NULL', '0', '1', '0', '', '', '3');
INSERT INTO `forms` (`id`, `date`, `encounter`, `form_name`, `form_id`, `pid`, `user`, `groupname`, `authorized`, `deleted`, `formdir`) VALUES
    ('19','2017-6-29 12:15:00','19', 'Patient Encounter', '19', '4', 'admin', 'Default', '1', '0', 'patient_encounter');
INSERT INTO `libreehr_postcalendar_events` 
        (`pc_catid`,`pc_multiple`,`pc_aid`,`pc_pid`,`pc_title`,`pc_time`,`pc_hometext`,`pc_comments`,`pc_counter`,`pc_topic`,`pc_informant`,`pc_eventDate`,
        `pc_endDate`,`pc_duration`,`pc_recurrtype`,`pc_recurrspec`,`pc_recurrfreq`,`pc_startTime`,`pc_endTime`,`pc_alldayevent`,`pc_location`,`pc_eventstatus`,
        `pc_sharing`,`pc_apptstatus`,`pc_prefcatid`,`pc_facility`,`pc_billing_location`)VALUES
        ( 1,18,'1','4','Office Visit','2017-6-29 12:15:00','Clinical Appointment',0,0,1,'1',
        '2017-6-29 12:15:00','0000-00-00',900,0,
        'a:6:{s:17:"event_repeat_freq";s:1:"0";s:22:"event_repeat_freq_type";s:1:"0";s:19:"event_repeat_on_num";s:1:"1";s:19:"event_repeat_on_day";s:1:"0";s:20:"event_repeat_on_freq";s:1:"0";s:6:"exdate";s:0:"";}',
        0,'12:15:00','12:30:00',0,
        'a:6:{s:14:"event_location";s:0:"";s:13:"event_street1";s:0:"";s:13:"event_street2";s:0:"";s:10:"event_city";s:0:"";s:11:"event_state";s:0:"";s:12:"event_postal";s:0:"";}',
        1,1,'-',0,1,1);
INSERT INTO `form_encounter` (`id`, `date`, `reason`, `facility`, `facility_id`, `pid`, `encounter`,
     `onset_date`, `sensitivity`, `billing_note`, `pc_catid`, `last_level_billed`, `last_level_closed`, `last_stmt_date`, `stmt_count`,
      `provider_id`, `supervisor_id`, `invoice_refno`, `referral_source`, `billing_facility`) VALUES
    ('20','2017-7-29 15:15:00', 'Test Encounter', 'Your Clinic Name Here', '3','4','20', '0000-00-00 00:00:00', 'normal', 'NULL','5', '0', '0','NULL', '0', '1', '0', '', '', '3');
INSERT INTO `forms` (`id`, `date`, `encounter`, `form_name`, `form_id`, `pid`, `user`, `groupname`, `authorized`, `deleted`, `formdir`) VALUES
    ('20','2017-7-29 15:15:00','20', 'Patient Encounter', '20', '4', 'admin', 'Default', '1', '0', 'patient_encounter');
INSERT INTO `libreehr_postcalendar_events` 
        (`pc_catid`,`pc_multiple`,`pc_aid`,`pc_pid`,`pc_title`,`pc_time`,`pc_hometext`,`pc_comments`,`pc_counter`,`pc_topic`,`pc_informant`,`pc_eventDate`,
        `pc_endDate`,`pc_duration`,`pc_recurrtype`,`pc_recurrspec`,`pc_recurrfreq`,`pc_startTime`,`pc_endTime`,`pc_alldayevent`,`pc_location`,`pc_eventstatus`,
        `pc_sharing`,`pc_apptstatus`,`pc_prefcatid`,`pc_facility`,`pc_billing_location`)VALUES
        ( 1,19,'1','4','Office Visit','2017-7-29 15:15:00','Clinical Appointment',0,0,1,'1',
        '2017-7-29 15:15:00','0000-00-00',900,0,
        'a:6:{s:17:"event_repeat_freq";s:1:"0";s:22:"event_repeat_freq_type";s:1:"0";s:19:"event_repeat_on_num";s:1:"1";s:19:"event_repeat_on_day";s:1:"0";s:20:"event_repeat_on_freq";s:1:"0";s:6:"exdate";s:0:"";}',
        0,'15:15:00','15:30:00',0,
        'a:6:{s:14:"event_location";s:0:"";s:13:"event_street1";s:0:"";s:13:"event_street2";s:0:"";s:10:"event_city";s:0:"";s:11:"event_state";s:0:"";s:12:"event_postal";s:0:"";}',
        1,1,'-',0,1,1);
INSERT INTO `form_encounter` (`id`, `date`, `reason`, `facility`, `facility_id`, `pid`, `encounter`,
     `onset_date`, `sensitivity`, `billing_note`, `pc_catid`, `last_level_billed`, `last_level_closed`, `last_stmt_date`, `stmt_count`,
      `provider_id`, `supervisor_id`, `invoice_refno`, `referral_source`, `billing_facility`) VALUES
    ('21','2017-8-28 17:30:00', 'Test Encounter', 'Your Clinic Name Here', '3','4','21', '0000-00-00 00:00:00', 'normal', 'NULL','4', '0', '0','NULL', '0', '1', '0', '', '', '3');
INSERT INTO `forms` (`id`, `date`, `encounter`, `form_name`, `form_id`, `pid`, `user`, `groupname`, `authorized`, `deleted`, `formdir`) VALUES
    ('21','2017-8-28 17:30:00','21', 'Patient Encounter', '21', '4', 'admin', 'Default', '1', '0', 'patient_encounter');
INSERT INTO `libreehr_postcalendar_events` 
        (`pc_catid`,`pc_multiple`,`pc_aid`,`pc_pid`,`pc_title`,`pc_time`,`pc_hometext`,`pc_comments`,`pc_counter`,`pc_topic`,`pc_informant`,`pc_eventDate`,
        `pc_endDate`,`pc_duration`,`pc_recurrtype`,`pc_recurrspec`,`pc_recurrfreq`,`pc_startTime`,`pc_endTime`,`pc_alldayevent`,`pc_location`,`pc_eventstatus`,
        `pc_sharing`,`pc_apptstatus`,`pc_prefcatid`,`pc_facility`,`pc_billing_location`)VALUES
        ( 1,20,'1','4','Office Visit','2017-8-28 17:30:00','Clinical Appointment',0,0,1,'1',
        '2017-8-28 17:30:00','0000-00-00',900,0,
        'a:6:{s:17:"event_repeat_freq";s:1:"0";s:22:"event_repeat_freq_type";s:1:"0";s:19:"event_repeat_on_num";s:1:"1";s:19:"event_repeat_on_day";s:1:"0";s:20:"event_repeat_on_freq";s:1:"0";s:6:"exdate";s:0:"";}',
        0,'17:30:00','17:45:00',0,
        'a:6:{s:14:"event_location";s:0:"";s:13:"event_street1";s:0:"";s:13:"event_street2";s:0:"";s:10:"event_city";s:0:"";s:11:"event_state";s:0:"";s:12:"event_postal";s:0:"";}',
        1,1,'-',0,1,1);
INSERT INTO `form_encounter` (`id`, `date`, `reason`, `facility`, `facility_id`, `pid`, `encounter`,
     `onset_date`, `sensitivity`, `billing_note`, `pc_catid`, `last_level_billed`, `last_level_closed`, `last_stmt_date`, `stmt_count`,
      `provider_id`, `supervisor_id`, `invoice_refno`, `referral_source`, `billing_facility`) VALUES
    ('22','2017-9-27 14:30:00', 'Test Encounter', 'Your Clinic Name Here', '3','4','22', '0000-00-00 00:00:00', 'normal', 'NULL','5', '0', '0','NULL', '0', '1', '0', '', '', '3');
INSERT INTO `forms` (`id`, `date`, `encounter`, `form_name`, `form_id`, `pid`, `user`, `groupname`, `authorized`, `deleted`, `formdir`) VALUES
    ('22','2017-9-27 14:30:00','22', 'Patient Encounter', '22', '4', 'admin', 'Default', '1', '0', 'patient_encounter');
INSERT INTO `libreehr_postcalendar_events` 
        (`pc_catid`,`pc_multiple`,`pc_aid`,`pc_pid`,`pc_title`,`pc_time`,`pc_hometext`,`pc_comments`,`pc_counter`,`pc_topic`,`pc_informant`,`pc_eventDate`,
        `pc_endDate`,`pc_duration`,`pc_recurrtype`,`pc_recurrspec`,`pc_recurrfreq`,`pc_startTime`,`pc_endTime`,`pc_alldayevent`,`pc_location`,`pc_eventstatus`,
        `pc_sharing`,`pc_apptstatus`,`pc_prefcatid`,`pc_facility`,`pc_billing_location`)VALUES
        ( 1,21,'1','4','Office Visit','2017-9-27 14:30:00','Clinical Appointment',0,0,1,'1',
        '2017-9-27 14:30:00','0000-00-00',900,0,
        'a:6:{s:17:"event_repeat_freq";s:1:"0";s:22:"event_repeat_freq_type";s:1:"0";s:19:"event_repeat_on_num";s:1:"1";s:19:"event_repeat_on_day";s:1:"0";s:20:"event_repeat_on_freq";s:1:"0";s:6:"exdate";s:0:"";}',
        0,'14:30:00','14:45:00',0,
        'a:6:{s:14:"event_location";s:0:"";s:13:"event_street1";s:0:"";s:13:"event_street2";s:0:"";s:10:"event_city";s:0:"";s:11:"event_state";s:0:"";s:12:"event_postal";s:0:"";}',
        1,1,'-',0,1,1);
INSERT INTO `patient_data` (`title`, `language`, `financial`, `fname`, `lname`, `mname`, `DOB`,`street`, `postal_code`, `city`, `state`,  `drivers_license`, `ss`,`occupation`, `phone_home`, `phone_biz`, `phone_contact`, `phone_cell`,`status`, `contact_relationship`, `date`, `sex`, `referrer`, `referrerID`,`providerID`, `email`, `ethnoracial`, `interpretter`, `migrantseasonal`,`family_size`, `monthly_income`, `homeless`, `financial_review`, `pubpid`,`pid`, `genericname1`, `genericval1`, `genericname2`, `genericval2`) VALUES
 ('Mr.','English','','DANNY','FRANKLIN','G.','2002-7-2','2720 CherryHwy','18483','Oxford','WI','621274559','793543062',' ','(417) 48-4842','(417) 48-4842','(417) 48-4842','(417) 48-4842','single','Friend','2003-11-17 12:06:00','Male','FREDDIE MILLER','1','1','DANNY@LibreEHR.org','Americano',' ',' ','3','3846',' ','000-00-00 00:00:00','5','5',' ',' ',' ',' ');
INSERT INTO `insurance_data` (`id`, `type`, `provider`, `plan_name`, `policy_number`,`group_number`, `subscriber_lname`, `subscriber_mname`, `subscriber_fname`, `subscriber_relationship`, `subscriber_ss`,`subscriber_DOB`, `subscriber_street`, `subscriber_postal_code`, `subscriber_city`, `subscriber_state`, `subscriber_country`,`subscriber_phone`, `subscriber_employer`, `subscriber_employer_street`, `subscriber_employer_postal_code`,`subscriber_employer_state`, `subscriber_employer_country`, `subscriber_employer_city`, `copay`, `date`, `pid`,`subscriber_sex`, `accept_assignment`) VALUES('10','primary','7687','Green Assurance INC.','595016906','385525933','FRANKLIN','G.','DANNY','self','793543062','2002-7-2','2720 CherryHwy','18483','Oxford','WI','Openemria','(417) 48-4842','OEMR.org','','','WI','Openemria','Oxford','','2011-10-10','5','Male','TRUE');
INSERT INTO `insurance_data` (`id`, `type`, `provider`, `plan_name`, `policy_number`,`group_number`, `subscriber_lname`, `subscriber_mname`, `subscriber_fname`, `subscriber_relationship`, `subscriber_ss`,`subscriber_DOB`, `subscriber_street`, `subscriber_postal_code`, `subscriber_city`, `subscriber_state`, `subscriber_country`,`subscriber_phone`, `subscriber_employer`, `subscriber_employer_street`, `subscriber_employer_postal_code`,`subscriber_employer_state`, `subscriber_employer_country`, `subscriber_employer_city`, `copay`, `date`, `pid`,`subscriber_sex`, `accept_assignment`) VALUES('11','secondary','6887','Impersonal Insurance HMO','57399547','670175256','FRANKLIN','G.','DANNY','self','793543062','2002-7-2','2720 CherryHwy','18483','Oxford','WI','Openemria','(417) 48-4842','OEMR.org','','','WI','Openemria','Oxford','','2011-10-10','5','Male','TRUE');
INSERT INTO `insurance_data` (`id`, `type`, `provider`, `plan_name`, `policy_number`,`group_number`, `subscriber_lname`, `subscriber_mname`, `subscriber_fname`, `subscriber_relationship`, `subscriber_ss`,`subscriber_DOB`, `subscriber_street`, `subscriber_postal_code`, `subscriber_city`, `subscriber_state`, `subscriber_country`,`subscriber_phone`, `subscriber_employer`, `subscriber_employer_street`, `subscriber_employer_postal_code`,`subscriber_employer_state`, `subscriber_employer_country`, `subscriber_employer_city`, `copay`, `date`, `pid`,`subscriber_sex`, `accept_assignment`) VALUES('12','tertiary','6186','Green Mutual LTD','170057761','123577059','FRANKLIN','G.','DANNY','self','793543062','2002-7-2','2720 CherryHwy','18483','Oxford','WI','Openemria','(417) 48-4842','OEMR.org','','','WI','Openemria','Oxford','','2011-10-10','5','Male','FALSE');
INSERT INTO `form_encounter` (`id`, `date`, `reason`, `facility`, `facility_id`, `pid`, `encounter`,
     `onset_date`, `sensitivity`, `billing_note`, `pc_catid`, `last_level_billed`, `last_level_closed`, `last_stmt_date`, `stmt_count`,
      `provider_id`, `supervisor_id`, `invoice_refno`, `referral_source`, `billing_facility`) VALUES
    ('23','2017-3-1 10:30:00', 'Test Encounter', 'Your Clinic Name Here', '3','5','23', '0000-00-00 00:00:00', 'normal', 'NULL','9', '0', '0','NULL', '0', '1', '0', '', '', '3');
INSERT INTO `forms` (`id`, `date`, `encounter`, `form_name`, `form_id`, `pid`, `user`, `groupname`, `authorized`, `deleted`, `formdir`) VALUES
    ('23','2017-3-1 10:30:00','23', 'Patient Encounter', '23', '5', 'admin', 'Default', '1', '0', 'patient_encounter');
INSERT INTO `libreehr_postcalendar_events` 
        (`pc_catid`,`pc_multiple`,`pc_aid`,`pc_pid`,`pc_title`,`pc_time`,`pc_hometext`,`pc_comments`,`pc_counter`,`pc_topic`,`pc_informant`,`pc_eventDate`,
        `pc_endDate`,`pc_duration`,`pc_recurrtype`,`pc_recurrspec`,`pc_recurrfreq`,`pc_startTime`,`pc_endTime`,`pc_alldayevent`,`pc_location`,`pc_eventstatus`,
        `pc_sharing`,`pc_apptstatus`,`pc_prefcatid`,`pc_facility`,`pc_billing_location`)VALUES
        ( 1,22,'1','5','Office Visit','2017-3-1 10:30:00','Clinical Appointment',0,0,1,'1',
        '2017-3-1 10:30:00','0000-00-00',900,0,
        'a:6:{s:17:"event_repeat_freq";s:1:"0";s:22:"event_repeat_freq_type";s:1:"0";s:19:"event_repeat_on_num";s:1:"1";s:19:"event_repeat_on_day";s:1:"0";s:20:"event_repeat_on_freq";s:1:"0";s:6:"exdate";s:0:"";}',
        0,'10:30:00','10:45:00',0,
        'a:6:{s:14:"event_location";s:0:"";s:13:"event_street1";s:0:"";s:13:"event_street2";s:0:"";s:10:"event_city";s:0:"";s:11:"event_state";s:0:"";s:12:"event_postal";s:0:"";}',
        1,1,'-',0,1,1);
INSERT INTO `form_encounter` (`id`, `date`, `reason`, `facility`, `facility_id`, `pid`, `encounter`,
     `onset_date`, `sensitivity`, `billing_note`, `pc_catid`, `last_level_billed`, `last_level_closed`, `last_stmt_date`, `stmt_count`,
      `provider_id`, `supervisor_id`, `invoice_refno`, `referral_source`, `billing_facility`) VALUES
    ('24','2017-3-31 12:30:00', 'Test Encounter', 'Your Clinic Name Here', '3','5','24', '0000-00-00 00:00:00', 'normal', 'NULL','6', '0', '0','NULL', '0', '1', '0', '', '', '3');
INSERT INTO `forms` (`id`, `date`, `encounter`, `form_name`, `form_id`, `pid`, `user`, `groupname`, `authorized`, `deleted`, `formdir`) VALUES
    ('24','2017-3-31 12:30:00','24', 'Patient Encounter', '24', '5', 'admin', 'Default', '1', '0', 'patient_encounter');
INSERT INTO `libreehr_postcalendar_events` 
        (`pc_catid`,`pc_multiple`,`pc_aid`,`pc_pid`,`pc_title`,`pc_time`,`pc_hometext`,`pc_comments`,`pc_counter`,`pc_topic`,`pc_informant`,`pc_eventDate`,
        `pc_endDate`,`pc_duration`,`pc_recurrtype`,`pc_recurrspec`,`pc_recurrfreq`,`pc_startTime`,`pc_endTime`,`pc_alldayevent`,`pc_location`,`pc_eventstatus`,
        `pc_sharing`,`pc_apptstatus`,`pc_prefcatid`,`pc_facility`,`pc_billing_location`)VALUES
        ( 1,23,'1','5','Office Visit','2017-3-31 12:30:00','Clinical Appointment',0,0,1,'1',
        '2017-3-31 12:30:00','0000-00-00',900,0,
        'a:6:{s:17:"event_repeat_freq";s:1:"0";s:22:"event_repeat_freq_type";s:1:"0";s:19:"event_repeat_on_num";s:1:"1";s:19:"event_repeat_on_day";s:1:"0";s:20:"event_repeat_on_freq";s:1:"0";s:6:"exdate";s:0:"";}',
        0,'12:30:00','12:45:00',0,
        'a:6:{s:14:"event_location";s:0:"";s:13:"event_street1";s:0:"";s:13:"event_street2";s:0:"";s:10:"event_city";s:0:"";s:11:"event_state";s:0:"";s:12:"event_postal";s:0:"";}',
        1,1,'-',0,1,1);
INSERT INTO `form_encounter` (`id`, `date`, `reason`, `facility`, `facility_id`, `pid`, `encounter`,
     `onset_date`, `sensitivity`, `billing_note`, `pc_catid`, `last_level_billed`, `last_level_closed`, `last_stmt_date`, `stmt_count`,
      `provider_id`, `supervisor_id`, `invoice_refno`, `referral_source`, `billing_facility`) VALUES
    ('25','2017-4-30 14:30:00', 'Test Encounter', 'Your Clinic Name Here', '3','5','25', '0000-00-00 00:00:00', 'normal', 'NULL','6', '0', '0','NULL', '0', '1', '0', '', '', '3');
INSERT INTO `forms` (`id`, `date`, `encounter`, `form_name`, `form_id`, `pid`, `user`, `groupname`, `authorized`, `deleted`, `formdir`) VALUES
    ('25','2017-4-30 14:30:00','25', 'Patient Encounter', '25', '5', 'admin', 'Default', '1', '0', 'patient_encounter');
INSERT INTO `libreehr_postcalendar_events` 
        (`pc_catid`,`pc_multiple`,`pc_aid`,`pc_pid`,`pc_title`,`pc_time`,`pc_hometext`,`pc_comments`,`pc_counter`,`pc_topic`,`pc_informant`,`pc_eventDate`,
        `pc_endDate`,`pc_duration`,`pc_recurrtype`,`pc_recurrspec`,`pc_recurrfreq`,`pc_startTime`,`pc_endTime`,`pc_alldayevent`,`pc_location`,`pc_eventstatus`,
        `pc_sharing`,`pc_apptstatus`,`pc_prefcatid`,`pc_facility`,`pc_billing_location`)VALUES
        ( 1,24,'1','5','Office Visit','2017-4-30 14:30:00','Clinical Appointment',0,0,1,'1',
        '2017-4-30 14:30:00','0000-00-00',900,0,
        'a:6:{s:17:"event_repeat_freq";s:1:"0";s:22:"event_repeat_freq_type";s:1:"0";s:19:"event_repeat_on_num";s:1:"1";s:19:"event_repeat_on_day";s:1:"0";s:20:"event_repeat_on_freq";s:1:"0";s:6:"exdate";s:0:"";}',
        0,'14:30:00','14:45:00',0,
        'a:6:{s:14:"event_location";s:0:"";s:13:"event_street1";s:0:"";s:13:"event_street2";s:0:"";s:10:"event_city";s:0:"";s:11:"event_state";s:0:"";s:12:"event_postal";s:0:"";}',
        1,1,'-',0,1,1);
INSERT INTO `form_encounter` (`id`, `date`, `reason`, `facility`, `facility_id`, `pid`, `encounter`,
     `onset_date`, `sensitivity`, `billing_note`, `pc_catid`, `last_level_billed`, `last_level_closed`, `last_stmt_date`, `stmt_count`,
      `provider_id`, `supervisor_id`, `invoice_refno`, `referral_source`, `billing_facility`) VALUES
    ('26','2017-5-30 13:30:00', 'Test Encounter', 'Your Clinic Name Here', '3','5','26', '0000-00-00 00:00:00', 'normal', 'NULL','4', '0', '0','NULL', '0', '1', '0', '', '', '3');
INSERT INTO `forms` (`id`, `date`, `encounter`, `form_name`, `form_id`, `pid`, `user`, `groupname`, `authorized`, `deleted`, `formdir`) VALUES
    ('26','2017-5-30 13:30:00','26', 'Patient Encounter', '26', '5', 'admin', 'Default', '1', '0', 'patient_encounter');
INSERT INTO `libreehr_postcalendar_events` 
        (`pc_catid`,`pc_multiple`,`pc_aid`,`pc_pid`,`pc_title`,`pc_time`,`pc_hometext`,`pc_comments`,`pc_counter`,`pc_topic`,`pc_informant`,`pc_eventDate`,
        `pc_endDate`,`pc_duration`,`pc_recurrtype`,`pc_recurrspec`,`pc_recurrfreq`,`pc_startTime`,`pc_endTime`,`pc_alldayevent`,`pc_location`,`pc_eventstatus`,
        `pc_sharing`,`pc_apptstatus`,`pc_prefcatid`,`pc_facility`,`pc_billing_location`)VALUES
        ( 1,25,'1','5','Office Visit','2017-5-30 13:30:00','Clinical Appointment',0,0,1,'1',
        '2017-5-30 13:30:00','0000-00-00',900,0,
        'a:6:{s:17:"event_repeat_freq";s:1:"0";s:22:"event_repeat_freq_type";s:1:"0";s:19:"event_repeat_on_num";s:1:"1";s:19:"event_repeat_on_day";s:1:"0";s:20:"event_repeat_on_freq";s:1:"0";s:6:"exdate";s:0:"";}',
        0,'13:30:00','13:45:00',0,
        'a:6:{s:14:"event_location";s:0:"";s:13:"event_street1";s:0:"";s:13:"event_street2";s:0:"";s:10:"event_city";s:0:"";s:11:"event_state";s:0:"";s:12:"event_postal";s:0:"";}',
        1,1,'-',0,1,1);
INSERT INTO `form_encounter` (`id`, `date`, `reason`, `facility`, `facility_id`, `pid`, `encounter`,
     `onset_date`, `sensitivity`, `billing_note`, `pc_catid`, `last_level_billed`, `last_level_closed`, `last_stmt_date`, `stmt_count`,
      `provider_id`, `supervisor_id`, `invoice_refno`, `referral_source`, `billing_facility`) VALUES
    ('27','2017-6-29 16:30:00', 'Test Encounter', 'Your Clinic Name Here', '3','5','27', '0000-00-00 00:00:00', 'normal', 'NULL','2', '0', '0','NULL', '0', '1', '0', '', '', '3');
INSERT INTO `forms` (`id`, `date`, `encounter`, `form_name`, `form_id`, `pid`, `user`, `groupname`, `authorized`, `deleted`, `formdir`) VALUES
    ('27','2017-6-29 16:30:00','27', 'Patient Encounter', '27', '5', 'admin', 'Default', '1', '0', 'patient_encounter');
INSERT INTO `libreehr_postcalendar_events` 
        (`pc_catid`,`pc_multiple`,`pc_aid`,`pc_pid`,`pc_title`,`pc_time`,`pc_hometext`,`pc_comments`,`pc_counter`,`pc_topic`,`pc_informant`,`pc_eventDate`,
        `pc_endDate`,`pc_duration`,`pc_recurrtype`,`pc_recurrspec`,`pc_recurrfreq`,`pc_startTime`,`pc_endTime`,`pc_alldayevent`,`pc_location`,`pc_eventstatus`,
        `pc_sharing`,`pc_apptstatus`,`pc_prefcatid`,`pc_facility`,`pc_billing_location`)VALUES
        ( 1,26,'1','5','Office Visit','2017-6-29 16:30:00','Clinical Appointment',0,0,1,'1',
        '2017-6-29 16:30:00','0000-00-00',900,0,
        'a:6:{s:17:"event_repeat_freq";s:1:"0";s:22:"event_repeat_freq_type";s:1:"0";s:19:"event_repeat_on_num";s:1:"1";s:19:"event_repeat_on_day";s:1:"0";s:20:"event_repeat_on_freq";s:1:"0";s:6:"exdate";s:0:"";}',
        0,'16:30:00','16:45:00',0,
        'a:6:{s:14:"event_location";s:0:"";s:13:"event_street1";s:0:"";s:13:"event_street2";s:0:"";s:10:"event_city";s:0:"";s:11:"event_state";s:0:"";s:12:"event_postal";s:0:"";}',
        1,1,'-',0,1,1);
INSERT INTO `form_encounter` (`id`, `date`, `reason`, `facility`, `facility_id`, `pid`, `encounter`,
     `onset_date`, `sensitivity`, `billing_note`, `pc_catid`, `last_level_billed`, `last_level_closed`, `last_stmt_date`, `stmt_count`,
      `provider_id`, `supervisor_id`, `invoice_refno`, `referral_source`, `billing_facility`) VALUES
    ('28','2017-7-29 11:15:00', 'Test Encounter', 'Your Clinic Name Here', '3','5','28', '0000-00-00 00:00:00', 'normal', 'NULL','8', '0', '0','NULL', '0', '1', '0', '', '', '3');
INSERT INTO `forms` (`id`, `date`, `encounter`, `form_name`, `form_id`, `pid`, `user`, `groupname`, `authorized`, `deleted`, `formdir`) VALUES
    ('28','2017-7-29 11:15:00','28', 'Patient Encounter', '28', '5', 'admin', 'Default', '1', '0', 'patient_encounter');
INSERT INTO `libreehr_postcalendar_events` 
        (`pc_catid`,`pc_multiple`,`pc_aid`,`pc_pid`,`pc_title`,`pc_time`,`pc_hometext`,`pc_comments`,`pc_counter`,`pc_topic`,`pc_informant`,`pc_eventDate`,
        `pc_endDate`,`pc_duration`,`pc_recurrtype`,`pc_recurrspec`,`pc_recurrfreq`,`pc_startTime`,`pc_endTime`,`pc_alldayevent`,`pc_location`,`pc_eventstatus`,
        `pc_sharing`,`pc_apptstatus`,`pc_prefcatid`,`pc_facility`,`pc_billing_location`)VALUES
        ( 1,27,'1','5','Office Visit','2017-7-29 11:15:00','Clinical Appointment',0,0,1,'1',
        '2017-7-29 11:15:00','0000-00-00',900,0,
        'a:6:{s:17:"event_repeat_freq";s:1:"0";s:22:"event_repeat_freq_type";s:1:"0";s:19:"event_repeat_on_num";s:1:"1";s:19:"event_repeat_on_day";s:1:"0";s:20:"event_repeat_on_freq";s:1:"0";s:6:"exdate";s:0:"";}',
        0,'11:15:00','11:30:00',0,
        'a:6:{s:14:"event_location";s:0:"";s:13:"event_street1";s:0:"";s:13:"event_street2";s:0:"";s:10:"event_city";s:0:"";s:11:"event_state";s:0:"";s:12:"event_postal";s:0:"";}',
        1,1,'-',0,1,1);
INSERT INTO `form_encounter` (`id`, `date`, `reason`, `facility`, `facility_id`, `pid`, `encounter`,
     `onset_date`, `sensitivity`, `billing_note`, `pc_catid`, `last_level_billed`, `last_level_closed`, `last_stmt_date`, `stmt_count`,
      `provider_id`, `supervisor_id`, `invoice_refno`, `referral_source`, `billing_facility`) VALUES
    ('29','2017-8-28 16:00:00', 'Test Encounter', 'Your Clinic Name Here', '3','5','29', '0000-00-00 00:00:00', 'normal', 'NULL','5', '0', '0','NULL', '0', '1', '0', '', '', '3');
INSERT INTO `forms` (`id`, `date`, `encounter`, `form_name`, `form_id`, `pid`, `user`, `groupname`, `authorized`, `deleted`, `formdir`) VALUES
    ('29','2017-8-28 16:00:00','29', 'Patient Encounter', '29', '5', 'admin', 'Default', '1', '0', 'patient_encounter');
INSERT INTO `libreehr_postcalendar_events` 
        (`pc_catid`,`pc_multiple`,`pc_aid`,`pc_pid`,`pc_title`,`pc_time`,`pc_hometext`,`pc_comments`,`pc_counter`,`pc_topic`,`pc_informant`,`pc_eventDate`,
        `pc_endDate`,`pc_duration`,`pc_recurrtype`,`pc_recurrspec`,`pc_recurrfreq`,`pc_startTime`,`pc_endTime`,`pc_alldayevent`,`pc_location`,`pc_eventstatus`,
        `pc_sharing`,`pc_apptstatus`,`pc_prefcatid`,`pc_facility`,`pc_billing_location`)VALUES
        ( 1,28,'1','5','Office Visit','2017-8-28 16:00:00','Clinical Appointment',0,0,1,'1',
        '2017-8-28 16:00:00','0000-00-00',900,0,
        'a:6:{s:17:"event_repeat_freq";s:1:"0";s:22:"event_repeat_freq_type";s:1:"0";s:19:"event_repeat_on_num";s:1:"1";s:19:"event_repeat_on_day";s:1:"0";s:20:"event_repeat_on_freq";s:1:"0";s:6:"exdate";s:0:"";}',
        0,'16:00:00','16:15:00',0,
        'a:6:{s:14:"event_location";s:0:"";s:13:"event_street1";s:0:"";s:13:"event_street2";s:0:"";s:10:"event_city";s:0:"";s:11:"event_state";s:0:"";s:12:"event_postal";s:0:"";}',
        1,1,'-',0,1,1);
INSERT INTO `form_encounter` (`id`, `date`, `reason`, `facility`, `facility_id`, `pid`, `encounter`,
     `onset_date`, `sensitivity`, `billing_note`, `pc_catid`, `last_level_billed`, `last_level_closed`, `last_stmt_date`, `stmt_count`,
      `provider_id`, `supervisor_id`, `invoice_refno`, `referral_source`, `billing_facility`) VALUES
    ('30','2017-9-27 11:00:00', 'Test Encounter', 'Your Clinic Name Here', '3','5','30', '0000-00-00 00:00:00', 'normal', 'NULL','6', '0', '0','NULL', '0', '1', '0', '', '', '3');
INSERT INTO `forms` (`id`, `date`, `encounter`, `form_name`, `form_id`, `pid`, `user`, `groupname`, `authorized`, `deleted`, `formdir`) VALUES
    ('30','2017-9-27 11:00:00','30', 'Patient Encounter', '30', '5', 'admin', 'Default', '1', '0', 'patient_encounter');
INSERT INTO `libreehr_postcalendar_events` 
        (`pc_catid`,`pc_multiple`,`pc_aid`,`pc_pid`,`pc_title`,`pc_time`,`pc_hometext`,`pc_comments`,`pc_counter`,`pc_topic`,`pc_informant`,`pc_eventDate`,
        `pc_endDate`,`pc_duration`,`pc_recurrtype`,`pc_recurrspec`,`pc_recurrfreq`,`pc_startTime`,`pc_endTime`,`pc_alldayevent`,`pc_location`,`pc_eventstatus`,
        `pc_sharing`,`pc_apptstatus`,`pc_prefcatid`,`pc_facility`,`pc_billing_location`)VALUES
        ( 1,29,'1','5','Office Visit','2017-9-27 11:00:00','Clinical Appointment',0,0,1,'1',
        '2017-9-27 11:00:00','0000-00-00',900,0,
        'a:6:{s:17:"event_repeat_freq";s:1:"0";s:22:"event_repeat_freq_type";s:1:"0";s:19:"event_repeat_on_num";s:1:"1";s:19:"event_repeat_on_day";s:1:"0";s:20:"event_repeat_on_freq";s:1:"0";s:6:"exdate";s:0:"";}',
        0,'11:00:00','11:15:00',0,
        'a:6:{s:14:"event_location";s:0:"";s:13:"event_street1";s:0:"";s:13:"event_street2";s:0:"";s:10:"event_city";s:0:"";s:11:"event_state";s:0:"";s:12:"event_postal";s:0:"";}',
        1,1,'-',0,1,1);
INSERT INTO `patient_data` (`title`, `language`, `financial`, `fname`, `lname`, `mname`, `DOB`,`street`, `postal_code`, `city`, `state`,  `drivers_license`, `ss`,`occupation`, `phone_home`, `phone_biz`, `phone_contact`, `phone_cell`,`status`, `contact_relationship`, `date`, `sex`, `referrer`, `referrerID`,`providerID`, `email`, `ethnoracial`, `interpretter`, `migrantseasonal`,`family_size`, `monthly_income`, `homeless`, `financial_review`, `pubpid`,`pid`, `genericname1`, `genericval1`, `genericname2`, `genericval2`) VALUES
 ('Mr.','English','','FRANKLIN','NEWMAN','F.','1951-7-8','7293 AppleWay','77102','Hudson','PA','543772573','723107912',' ','(741) 503-2059','(741) 503-2059','(741) 503-2059','(741) 503-2059','married','Friend','2003-11-17 12:06:00','Male','LESTER CAMPBELL','1','1','FRANKLIN@LibreEHR.org','Martian',' ',' ','5','3206',' ','000-00-00 00:00:00','6','6',' ',' ',' ',' ');
INSERT INTO `insurance_data` (`id`, `type`, `provider`, `plan_name`, `policy_number`,`group_number`, `subscriber_lname`, `subscriber_mname`, `subscriber_fname`, `subscriber_relationship`, `subscriber_ss`,`subscriber_DOB`, `subscriber_street`, `subscriber_postal_code`, `subscriber_city`, `subscriber_state`, `subscriber_country`,`subscriber_phone`, `subscriber_employer`, `subscriber_employer_street`, `subscriber_employer_postal_code`,`subscriber_employer_state`, `subscriber_employer_country`, `subscriber_employer_city`, `copay`, `date`, `pid`,`subscriber_sex`, `accept_assignment`) VALUES('13','primary','7687','Green Assurance INC.','194478307','957297017','NEWMAN','F.','FRANKLIN','self','723107912','1951-7-8','7293 AppleWay','77102','Hudson','PA','Openemria','(741) 503-2059','OEMR.org','','','PA','Openemria','Hudson','','2011-10-10','6','Male','FALSE');
INSERT INTO `insurance_data` (`id`, `type`, `provider`, `plan_name`, `policy_number`,`group_number`, `subscriber_lname`, `subscriber_mname`, `subscriber_fname`, `subscriber_relationship`, `subscriber_ss`,`subscriber_DOB`, `subscriber_street`, `subscriber_postal_code`, `subscriber_city`, `subscriber_state`, `subscriber_country`,`subscriber_phone`, `subscriber_employer`, `subscriber_employer_street`, `subscriber_employer_postal_code`,`subscriber_employer_state`, `subscriber_employer_country`, `subscriber_employer_city`, `copay`, `date`, `pid`,`subscriber_sex`, `accept_assignment`) VALUES('14','secondary','6887','Impersonal Insurance HMO','54128821','858072198','NEWMAN','F.','FRANKLIN','self','723107912','1951-7-8','7293 AppleWay','77102','Hudson','PA','Openemria','(741) 503-2059','OEMR.org','','','PA','Openemria','Hudson','','2011-10-10','6','Male','TRUE');
INSERT INTO `insurance_data` (`id`, `type`, `provider`, `plan_name`, `policy_number`,`group_number`, `subscriber_lname`, `subscriber_mname`, `subscriber_fname`, `subscriber_relationship`, `subscriber_ss`,`subscriber_DOB`, `subscriber_street`, `subscriber_postal_code`, `subscriber_city`, `subscriber_state`, `subscriber_country`,`subscriber_phone`, `subscriber_employer`, `subscriber_employer_street`, `subscriber_employer_postal_code`,`subscriber_employer_state`, `subscriber_employer_country`, `subscriber_employer_city`, `copay`, `date`, `pid`,`subscriber_sex`, `accept_assignment`) VALUES('15','tertiary','6186','Green Mutual LTD','736015877','264718698','NEWMAN','F.','FRANKLIN','self','723107912','1951-7-8','7293 AppleWay','77102','Hudson','PA','Openemria','(741) 503-2059','OEMR.org','','','PA','Openemria','Hudson','','2011-10-10','6','Male','FALSE');
INSERT INTO `form_encounter` (`id`, `date`, `reason`, `facility`, `facility_id`, `pid`, `encounter`,
     `onset_date`, `sensitivity`, `billing_note`, `pc_catid`, `last_level_billed`, `last_level_closed`, `last_stmt_date`, `stmt_count`,
      `provider_id`, `supervisor_id`, `invoice_refno`, `referral_source`, `billing_facility`) VALUES
    ('31','2017-9-27 14:00:00', 'Test Encounter', 'Your Clinic Name Here', '3','6','31', '0000-00-00 00:00:00', 'normal', 'NULL','3', '0', '0','NULL', '0', '1', '0', '', '', '3');
INSERT INTO `forms` (`id`, `date`, `encounter`, `form_name`, `form_id`, `pid`, `user`, `groupname`, `authorized`, `deleted`, `formdir`) VALUES
    ('31','2017-9-27 14:00:00','31', 'Patient Encounter', '31', '6', 'admin', 'Default', '1', '0', 'patient_encounter');
INSERT INTO `libreehr_postcalendar_events` 
        (`pc_catid`,`pc_multiple`,`pc_aid`,`pc_pid`,`pc_title`,`pc_time`,`pc_hometext`,`pc_comments`,`pc_counter`,`pc_topic`,`pc_informant`,`pc_eventDate`,
        `pc_endDate`,`pc_duration`,`pc_recurrtype`,`pc_recurrspec`,`pc_recurrfreq`,`pc_startTime`,`pc_endTime`,`pc_alldayevent`,`pc_location`,`pc_eventstatus`,
        `pc_sharing`,`pc_apptstatus`,`pc_prefcatid`,`pc_facility`,`pc_billing_location`)VALUES
        ( 1,30,'1','6','Office Visit','2017-9-27 14:00:00','Clinical Appointment',0,0,1,'1',
        '2017-9-27 14:00:00','0000-00-00',900,0,
        'a:6:{s:17:"event_repeat_freq";s:1:"0";s:22:"event_repeat_freq_type";s:1:"0";s:19:"event_repeat_on_num";s:1:"1";s:19:"event_repeat_on_day";s:1:"0";s:20:"event_repeat_on_freq";s:1:"0";s:6:"exdate";s:0:"";}',
        0,'14:00:00','14:15:00',0,
        'a:6:{s:14:"event_location";s:0:"";s:13:"event_street1";s:0:"";s:13:"event_street2";s:0:"";s:10:"event_city";s:0:"";s:11:"event_state";s:0:"";s:12:"event_postal";s:0:"";}',
        1,1,'-',0,1,1);
INSERT INTO `patient_data` (`title`, `language`, `financial`, `fname`, `lname`, `mname`, `DOB`,`street`, `postal_code`, `city`, `state`,  `drivers_license`, `ss`,`occupation`, `phone_home`, `phone_biz`, `phone_contact`, `phone_cell`,`status`, `contact_relationship`, `date`, `sex`, `referrer`, `referrerID`,`providerID`, `email`, `ethnoracial`, `interpretter`, `migrantseasonal`,`family_size`, `monthly_income`, `homeless`, `financial_review`, `pubpid`,`pid`, `genericname1`, `genericval1`, `genericname2`, `genericval2`) VALUES
 ('Mrs.','English','','EDITH','GONZALEZ','F.','1942-2-22','2725 PineAve.','2461','Ashland','TN','4267557','472080983',' ','(409) 162-8654','(409) 162-8654','(409) 162-8654','(409) 162-8654','married','Friend','2003-11-17 12:06:00','Female','JAVIER REYES','1','1','EDITH@LibreEHR.org','Martian',' ',' ','10','6278',' ','000-00-00 00:00:00','7','7',' ',' ',' ',' ');
INSERT INTO `insurance_data` (`id`, `type`, `provider`, `plan_name`, `policy_number`,`group_number`, `subscriber_lname`, `subscriber_mname`, `subscriber_fname`, `subscriber_relationship`, `subscriber_ss`,`subscriber_DOB`, `subscriber_street`, `subscriber_postal_code`, `subscriber_city`, `subscriber_state`, `subscriber_country`,`subscriber_phone`, `subscriber_employer`, `subscriber_employer_street`, `subscriber_employer_postal_code`,`subscriber_employer_state`, `subscriber_employer_country`, `subscriber_employer_city`, `copay`, `date`, `pid`,`subscriber_sex`, `accept_assignment`) VALUES('16','primary','8435','Backstreet Helpful Company','39721872','618542203','GONZALEZ','F.','EDITH','self','472080983','1942-2-22','2725 PineAve.','2461','Ashland','TN','Openemria','(409) 162-8654','OEMR.org','','','TN','Openemria','Ashland','','2011-10-10','7','Female','TRUE');
INSERT INTO `insurance_data` (`id`, `type`, `provider`, `plan_name`, `policy_number`,`group_number`, `subscriber_lname`, `subscriber_mname`, `subscriber_fname`, `subscriber_relationship`, `subscriber_ss`,`subscriber_DOB`, `subscriber_street`, `subscriber_postal_code`, `subscriber_city`, `subscriber_state`, `subscriber_country`,`subscriber_phone`, `subscriber_employer`, `subscriber_employer_street`, `subscriber_employer_postal_code`,`subscriber_employer_state`, `subscriber_employer_country`, `subscriber_employer_city`, `copay`, `date`, `pid`,`subscriber_sex`, `accept_assignment`) VALUES('17','secondary','5612','Violet Group HMO','630327691','85992524','GONZALEZ','F.','EDITH','self','472080983','1942-2-22','2725 PineAve.','2461','Ashland','TN','Openemria','(409) 162-8654','OEMR.org','','','TN','Openemria','Ashland','','2011-10-10','7','Female','TRUE');
INSERT INTO `insurance_data` (`id`, `type`, `provider`, `plan_name`, `policy_number`,`group_number`, `subscriber_lname`, `subscriber_mname`, `subscriber_fname`, `subscriber_relationship`, `subscriber_ss`,`subscriber_DOB`, `subscriber_street`, `subscriber_postal_code`, `subscriber_city`, `subscriber_state`, `subscriber_country`,`subscriber_phone`, `subscriber_employer`, `subscriber_employer_street`, `subscriber_employer_postal_code`,`subscriber_employer_state`, `subscriber_employer_country`, `subscriber_employer_city`, `copay`, `date`, `pid`,`subscriber_sex`, `accept_assignment`) VALUES('18','tertiary','3362','Incompetent Provider Company','742969222','978464581','GONZALEZ','F.','EDITH','self','472080983','1942-2-22','2725 PineAve.','2461','Ashland','TN','Openemria','(409) 162-8654','OEMR.org','','','TN','Openemria','Ashland','','2011-10-10','7','Female','TRUE');
INSERT INTO `form_encounter` (`id`, `date`, `reason`, `facility`, `facility_id`, `pid`, `encounter`,
     `onset_date`, `sensitivity`, `billing_note`, `pc_catid`, `last_level_billed`, `last_level_closed`, `last_stmt_date`, `stmt_count`,
      `provider_id`, `supervisor_id`, `invoice_refno`, `referral_source`, `billing_facility`) VALUES
    ('32','2017-5-30 15:00:00', 'Test Encounter', 'Your Clinic Name Here', '3','7','32', '0000-00-00 00:00:00', 'normal', 'NULL','5', '0', '0','NULL', '0', '1', '0', '', '', '3');
INSERT INTO `forms` (`id`, `date`, `encounter`, `form_name`, `form_id`, `pid`, `user`, `groupname`, `authorized`, `deleted`, `formdir`) VALUES
    ('32','2017-5-30 15:00:00','32', 'Patient Encounter', '32', '7', 'admin', 'Default', '1', '0', 'patient_encounter');
INSERT INTO `libreehr_postcalendar_events` 
        (`pc_catid`,`pc_multiple`,`pc_aid`,`pc_pid`,`pc_title`,`pc_time`,`pc_hometext`,`pc_comments`,`pc_counter`,`pc_topic`,`pc_informant`,`pc_eventDate`,
        `pc_endDate`,`pc_duration`,`pc_recurrtype`,`pc_recurrspec`,`pc_recurrfreq`,`pc_startTime`,`pc_endTime`,`pc_alldayevent`,`pc_location`,`pc_eventstatus`,
        `pc_sharing`,`pc_apptstatus`,`pc_prefcatid`,`pc_facility`,`pc_billing_location`)VALUES
        ( 1,31,'1','7','Office Visit','2017-5-30 15:00:00','Clinical Appointment',0,0,1,'1',
        '2017-5-30 15:00:00','0000-00-00',900,0,
        'a:6:{s:17:"event_repeat_freq";s:1:"0";s:22:"event_repeat_freq_type";s:1:"0";s:19:"event_repeat_on_num";s:1:"1";s:19:"event_repeat_on_day";s:1:"0";s:20:"event_repeat_on_freq";s:1:"0";s:6:"exdate";s:0:"";}',
        0,'15:00:00','15:15:00',0,
        'a:6:{s:14:"event_location";s:0:"";s:13:"event_street1";s:0:"";s:13:"event_street2";s:0:"";s:10:"event_city";s:0:"";s:11:"event_state";s:0:"";s:12:"event_postal";s:0:"";}',
        1,1,'-',0,1,1);
INSERT INTO `form_encounter` (`id`, `date`, `reason`, `facility`, `facility_id`, `pid`, `encounter`,
     `onset_date`, `sensitivity`, `billing_note`, `pc_catid`, `last_level_billed`, `last_level_closed`, `last_stmt_date`, `stmt_count`,
      `provider_id`, `supervisor_id`, `invoice_refno`, `referral_source`, `billing_facility`) VALUES
    ('33','2017-6-29 13:00:00', 'Test Encounter', 'Your Clinic Name Here', '3','7','33', '0000-00-00 00:00:00', 'normal', 'NULL','3', '0', '0','NULL', '0', '1', '0', '', '', '3');
INSERT INTO `forms` (`id`, `date`, `encounter`, `form_name`, `form_id`, `pid`, `user`, `groupname`, `authorized`, `deleted`, `formdir`) VALUES
    ('33','2017-6-29 13:00:00','33', 'Patient Encounter', '33', '7', 'admin', 'Default', '1', '0', 'patient_encounter');
INSERT INTO `libreehr_postcalendar_events` 
        (`pc_catid`,`pc_multiple`,`pc_aid`,`pc_pid`,`pc_title`,`pc_time`,`pc_hometext`,`pc_comments`,`pc_counter`,`pc_topic`,`pc_informant`,`pc_eventDate`,
        `pc_endDate`,`pc_duration`,`pc_recurrtype`,`pc_recurrspec`,`pc_recurrfreq`,`pc_startTime`,`pc_endTime`,`pc_alldayevent`,`pc_location`,`pc_eventstatus`,
        `pc_sharing`,`pc_apptstatus`,`pc_prefcatid`,`pc_facility`,`pc_billing_location`)VALUES
        ( 1,32,'1','7','Office Visit','2017-6-29 13:00:00','Clinical Appointment',0,0,1,'1',
        '2017-6-29 13:00:00','0000-00-00',900,0,
        'a:6:{s:17:"event_repeat_freq";s:1:"0";s:22:"event_repeat_freq_type";s:1:"0";s:19:"event_repeat_on_num";s:1:"1";s:19:"event_repeat_on_day";s:1:"0";s:20:"event_repeat_on_freq";s:1:"0";s:6:"exdate";s:0:"";}',
        0,'13:00:00','13:15:00',0,
        'a:6:{s:14:"event_location";s:0:"";s:13:"event_street1";s:0:"";s:13:"event_street2";s:0:"";s:10:"event_city";s:0:"";s:11:"event_state";s:0:"";s:12:"event_postal";s:0:"";}',
        1,1,'-',0,1,1);
INSERT INTO `form_encounter` (`id`, `date`, `reason`, `facility`, `facility_id`, `pid`, `encounter`,
     `onset_date`, `sensitivity`, `billing_note`, `pc_catid`, `last_level_billed`, `last_level_closed`, `last_stmt_date`, `stmt_count`,
      `provider_id`, `supervisor_id`, `invoice_refno`, `referral_source`, `billing_facility`) VALUES
    ('34','2017-7-29 10:15:00', 'Test Encounter', 'Your Clinic Name Here', '3','7','34', '0000-00-00 00:00:00', 'normal', 'NULL','4', '0', '0','NULL', '0', '1', '0', '', '', '3');
INSERT INTO `forms` (`id`, `date`, `encounter`, `form_name`, `form_id`, `pid`, `user`, `groupname`, `authorized`, `deleted`, `formdir`) VALUES
    ('34','2017-7-29 10:15:00','34', 'Patient Encounter', '34', '7', 'admin', 'Default', '1', '0', 'patient_encounter');
INSERT INTO `libreehr_postcalendar_events` 
        (`pc_catid`,`pc_multiple`,`pc_aid`,`pc_pid`,`pc_title`,`pc_time`,`pc_hometext`,`pc_comments`,`pc_counter`,`pc_topic`,`pc_informant`,`pc_eventDate`,
        `pc_endDate`,`pc_duration`,`pc_recurrtype`,`pc_recurrspec`,`pc_recurrfreq`,`pc_startTime`,`pc_endTime`,`pc_alldayevent`,`pc_location`,`pc_eventstatus`,
        `pc_sharing`,`pc_apptstatus`,`pc_prefcatid`,`pc_facility`,`pc_billing_location`)VALUES
        ( 1,33,'1','7','Office Visit','2017-7-29 10:15:00','Clinical Appointment',0,0,1,'1',
        '2017-7-29 10:15:00','0000-00-00',900,0,
        'a:6:{s:17:"event_repeat_freq";s:1:"0";s:22:"event_repeat_freq_type";s:1:"0";s:19:"event_repeat_on_num";s:1:"1";s:19:"event_repeat_on_day";s:1:"0";s:20:"event_repeat_on_freq";s:1:"0";s:6:"exdate";s:0:"";}',
        0,'10:15:00','10:30:00',0,
        'a:6:{s:14:"event_location";s:0:"";s:13:"event_street1";s:0:"";s:13:"event_street2";s:0:"";s:10:"event_city";s:0:"";s:11:"event_state";s:0:"";s:12:"event_postal";s:0:"";}',
        1,1,'-',0,1,1);
INSERT INTO `form_encounter` (`id`, `date`, `reason`, `facility`, `facility_id`, `pid`, `encounter`,
     `onset_date`, `sensitivity`, `billing_note`, `pc_catid`, `last_level_billed`, `last_level_closed`, `last_stmt_date`, `stmt_count`,
      `provider_id`, `supervisor_id`, `invoice_refno`, `referral_source`, `billing_facility`) VALUES
    ('35','2017-8-28 12:30:00', 'Test Encounter', 'Your Clinic Name Here', '3','7','35', '0000-00-00 00:00:00', 'normal', 'NULL','3', '0', '0','NULL', '0', '1', '0', '', '', '3');
INSERT INTO `forms` (`id`, `date`, `encounter`, `form_name`, `form_id`, `pid`, `user`, `groupname`, `authorized`, `deleted`, `formdir`) VALUES
    ('35','2017-8-28 12:30:00','35', 'Patient Encounter', '35', '7', 'admin', 'Default', '1', '0', 'patient_encounter');
INSERT INTO `libreehr_postcalendar_events` 
        (`pc_catid`,`pc_multiple`,`pc_aid`,`pc_pid`,`pc_title`,`pc_time`,`pc_hometext`,`pc_comments`,`pc_counter`,`pc_topic`,`pc_informant`,`pc_eventDate`,
        `pc_endDate`,`pc_duration`,`pc_recurrtype`,`pc_recurrspec`,`pc_recurrfreq`,`pc_startTime`,`pc_endTime`,`pc_alldayevent`,`pc_location`,`pc_eventstatus`,
        `pc_sharing`,`pc_apptstatus`,`pc_prefcatid`,`pc_facility`,`pc_billing_location`)VALUES
        ( 1,34,'1','7','Office Visit','2017-8-28 12:30:00','Clinical Appointment',0,0,1,'1',
        '2017-8-28 12:30:00','0000-00-00',900,0,
        'a:6:{s:17:"event_repeat_freq";s:1:"0";s:22:"event_repeat_freq_type";s:1:"0";s:19:"event_repeat_on_num";s:1:"1";s:19:"event_repeat_on_day";s:1:"0";s:20:"event_repeat_on_freq";s:1:"0";s:6:"exdate";s:0:"";}',
        0,'12:30:00','12:45:00',0,
        'a:6:{s:14:"event_location";s:0:"";s:13:"event_street1";s:0:"";s:13:"event_street2";s:0:"";s:10:"event_city";s:0:"";s:11:"event_state";s:0:"";s:12:"event_postal";s:0:"";}',
        1,1,'-',0,1,1);
INSERT INTO `form_encounter` (`id`, `date`, `reason`, `facility`, `facility_id`, `pid`, `encounter`,
     `onset_date`, `sensitivity`, `billing_note`, `pc_catid`, `last_level_billed`, `last_level_closed`, `last_stmt_date`, `stmt_count`,
      `provider_id`, `supervisor_id`, `invoice_refno`, `referral_source`, `billing_facility`) VALUES
    ('36','2017-9-27 11:00:00', 'Test Encounter', 'Your Clinic Name Here', '3','7','36', '0000-00-00 00:00:00', 'normal', 'NULL','5', '0', '0','NULL', '0', '1', '0', '', '', '3');
INSERT INTO `forms` (`id`, `date`, `encounter`, `form_name`, `form_id`, `pid`, `user`, `groupname`, `authorized`, `deleted`, `formdir`) VALUES
    ('36','2017-9-27 11:00:00','36', 'Patient Encounter', '36', '7', 'admin', 'Default', '1', '0', 'patient_encounter');
INSERT INTO `libreehr_postcalendar_events` 
        (`pc_catid`,`pc_multiple`,`pc_aid`,`pc_pid`,`pc_title`,`pc_time`,`pc_hometext`,`pc_comments`,`pc_counter`,`pc_topic`,`pc_informant`,`pc_eventDate`,
        `pc_endDate`,`pc_duration`,`pc_recurrtype`,`pc_recurrspec`,`pc_recurrfreq`,`pc_startTime`,`pc_endTime`,`pc_alldayevent`,`pc_location`,`pc_eventstatus`,
        `pc_sharing`,`pc_apptstatus`,`pc_prefcatid`,`pc_facility`,`pc_billing_location`)VALUES
        ( 1,35,'1','7','Office Visit','2017-9-27 11:00:00','Clinical Appointment',0,0,1,'1',
        '2017-9-27 11:00:00','0000-00-00',900,0,
        'a:6:{s:17:"event_repeat_freq";s:1:"0";s:22:"event_repeat_freq_type";s:1:"0";s:19:"event_repeat_on_num";s:1:"1";s:19:"event_repeat_on_day";s:1:"0";s:20:"event_repeat_on_freq";s:1:"0";s:6:"exdate";s:0:"";}',
        0,'11:00:00','11:15:00',0,
        'a:6:{s:14:"event_location";s:0:"";s:13:"event_street1";s:0:"";s:13:"event_street2";s:0:"";s:10:"event_city";s:0:"";s:11:"event_state";s:0:"";s:12:"event_postal";s:0:"";}',
        1,1,'-',0,1,1);
INSERT INTO `patient_data` (`title`, `language`, `financial`, `fname`, `lname`, `mname`, `DOB`,`street`, `postal_code`, `city`, `state`,  `drivers_license`, `ss`,`occupation`, `phone_home`, `phone_biz`, `phone_contact`, `phone_cell`,`status`, `contact_relationship`, `date`, `sex`, `referrer`, `referrerID`,`providerID`, `email`, `ethnoracial`, `interpretter`, `migrantseasonal`,`family_size`, `monthly_income`, `homeless`, `financial_review`, `pubpid`,`pid`, `genericname1`, `genericval1`, `genericname2`, `genericval2`) VALUES
 ('Mr.','Spanish','','JASON','WALTERS','P.','2010-2-2','5985 CentralHwy','94925','Winchester','MO','60864628','823840565',' ','(30) 173-4089','(30) 173-4089','(30) 173-4089','(30) 173-4089','single','Friend','2003-11-17 12:06:00','Male','NATHAN CLARK','1','1','JASON@LibreEHR.org','Tejano',' ',' ','5','5340',' ','000-00-00 00:00:00','8','8',' ',' ',' ',' ');
INSERT INTO `insurance_data` (`id`, `type`, `provider`, `plan_name`, `policy_number`,`group_number`, `subscriber_lname`, `subscriber_mname`, `subscriber_fname`, `subscriber_relationship`, `subscriber_ss`,`subscriber_DOB`, `subscriber_street`, `subscriber_postal_code`, `subscriber_city`, `subscriber_state`, `subscriber_country`,`subscriber_phone`, `subscriber_employer`, `subscriber_employer_street`, `subscriber_employer_postal_code`,`subscriber_employer_state`, `subscriber_employer_country`, `subscriber_employer_city`, `copay`, `date`, `pid`,`subscriber_sex`, `accept_assignment`) VALUES('19','primary','8487','Yellow Colors Company','425644391','906451909','WALTERS','P.','JASON','self','823840565','2010-2-2','5985 CentralHwy','94925','Winchester','MO','Openemria','(30) 173-4089','OEMR.org','','','MO','Openemria','Winchester','','2011-10-10','8','Male','TRUE');
INSERT INTO `insurance_data` (`id`, `type`, `provider`, `plan_name`, `policy_number`,`group_number`, `subscriber_lname`, `subscriber_mname`, `subscriber_fname`, `subscriber_relationship`, `subscriber_ss`,`subscriber_DOB`, `subscriber_street`, `subscriber_postal_code`, `subscriber_city`, `subscriber_state`, `subscriber_country`,`subscriber_phone`, `subscriber_employer`, `subscriber_employer_street`, `subscriber_employer_postal_code`,`subscriber_employer_state`, `subscriber_employer_country`, `subscriber_employer_city`, `copay`, `date`, `pid`,`subscriber_sex`, `accept_assignment`) VALUES('20','secondary','7687','Green Assurance INC.','256841834','75282018','WALTERS','P.','JASON','self','823840565','2010-2-2','5985 CentralHwy','94925','Winchester','MO','Openemria','(30) 173-4089','OEMR.org','','','MO','Openemria','Winchester','','2011-10-10','8','Male','TRUE');
INSERT INTO `insurance_data` (`id`, `type`, `provider`, `plan_name`, `policy_number`,`group_number`, `subscriber_lname`, `subscriber_mname`, `subscriber_fname`, `subscriber_relationship`, `subscriber_ss`,`subscriber_DOB`, `subscriber_street`, `subscriber_postal_code`, `subscriber_city`, `subscriber_state`, `subscriber_country`,`subscriber_phone`, `subscriber_employer`, `subscriber_employer_street`, `subscriber_employer_postal_code`,`subscriber_employer_state`, `subscriber_employer_country`, `subscriber_employer_city`, `copay`, `date`, `pid`,`subscriber_sex`, `accept_assignment`) VALUES('21','tertiary','6887','Impersonal Insurance HMO','300647455','304212841','WALTERS','P.','JASON','self','823840565','2010-2-2','5985 CentralHwy','94925','Winchester','MO','Openemria','(30) 173-4089','OEMR.org','','','MO','Openemria','Winchester','','2011-10-10','8','Male','FALSE');
INSERT INTO `form_encounter` (`id`, `date`, `reason`, `facility`, `facility_id`, `pid`, `encounter`,
     `onset_date`, `sensitivity`, `billing_note`, `pc_catid`, `last_level_billed`, `last_level_closed`, `last_stmt_date`, `stmt_count`,
      `provider_id`, `supervisor_id`, `invoice_refno`, `referral_source`, `billing_facility`) VALUES
    ('37','2017-1-30 16:30:00', 'Test Encounter', 'Your Clinic Name Here', '3','8','37', '0000-00-00 00:00:00', 'normal', 'NULL','5', '0', '0','NULL', '0', '1', '0', '', '', '3');
INSERT INTO `forms` (`id`, `date`, `encounter`, `form_name`, `form_id`, `pid`, `user`, `groupname`, `authorized`, `deleted`, `formdir`) VALUES
    ('37','2017-1-30 16:30:00','37', 'Patient Encounter', '37', '8', 'admin', 'Default', '1', '0', 'patient_encounter');
INSERT INTO `libreehr_postcalendar_events` 
        (`pc_catid`,`pc_multiple`,`pc_aid`,`pc_pid`,`pc_title`,`pc_time`,`pc_hometext`,`pc_comments`,`pc_counter`,`pc_topic`,`pc_informant`,`pc_eventDate`,
        `pc_endDate`,`pc_duration`,`pc_recurrtype`,`pc_recurrspec`,`pc_recurrfreq`,`pc_startTime`,`pc_endTime`,`pc_alldayevent`,`pc_location`,`pc_eventstatus`,
        `pc_sharing`,`pc_apptstatus`,`pc_prefcatid`,`pc_facility`,`pc_billing_location`)VALUES
        ( 1,36,'1','8','Office Visit','2017-1-30 16:30:00','Clinical Appointment',0,0,1,'1',
        '2017-1-30 16:30:00','0000-00-00',900,0,
        'a:6:{s:17:"event_repeat_freq";s:1:"0";s:22:"event_repeat_freq_type";s:1:"0";s:19:"event_repeat_on_num";s:1:"1";s:19:"event_repeat_on_day";s:1:"0";s:20:"event_repeat_on_freq";s:1:"0";s:6:"exdate";s:0:"";}',
        0,'16:30:00','16:45:00',0,
        'a:6:{s:14:"event_location";s:0:"";s:13:"event_street1";s:0:"";s:13:"event_street2";s:0:"";s:10:"event_city";s:0:"";s:11:"event_state";s:0:"";s:12:"event_postal";s:0:"";}',
        1,1,'-',0,1,1);
INSERT INTO `form_encounter` (`id`, `date`, `reason`, `facility`, `facility_id`, `pid`, `encounter`,
     `onset_date`, `sensitivity`, `billing_note`, `pc_catid`, `last_level_billed`, `last_level_closed`, `last_stmt_date`, `stmt_count`,
      `provider_id`, `supervisor_id`, `invoice_refno`, `referral_source`, `billing_facility`) VALUES
    ('38','2017-3-1 14:30:00', 'Test Encounter', 'Your Clinic Name Here', '3','8','38', '0000-00-00 00:00:00', 'normal', 'NULL','6', '0', '0','NULL', '0', '1', '0', '', '', '3');
INSERT INTO `forms` (`id`, `date`, `encounter`, `form_name`, `form_id`, `pid`, `user`, `groupname`, `authorized`, `deleted`, `formdir`) VALUES
    ('38','2017-3-1 14:30:00','38', 'Patient Encounter', '38', '8', 'admin', 'Default', '1', '0', 'patient_encounter');
INSERT INTO `libreehr_postcalendar_events` 
        (`pc_catid`,`pc_multiple`,`pc_aid`,`pc_pid`,`pc_title`,`pc_time`,`pc_hometext`,`pc_comments`,`pc_counter`,`pc_topic`,`pc_informant`,`pc_eventDate`,
        `pc_endDate`,`pc_duration`,`pc_recurrtype`,`pc_recurrspec`,`pc_recurrfreq`,`pc_startTime`,`pc_endTime`,`pc_alldayevent`,`pc_location`,`pc_eventstatus`,
        `pc_sharing`,`pc_apptstatus`,`pc_prefcatid`,`pc_facility`,`pc_billing_location`)VALUES
        ( 1,37,'1','8','Office Visit','2017-3-1 14:30:00','Clinical Appointment',0,0,1,'1',
        '2017-3-1 14:30:00','0000-00-00',900,0,
        'a:6:{s:17:"event_repeat_freq";s:1:"0";s:22:"event_repeat_freq_type";s:1:"0";s:19:"event_repeat_on_num";s:1:"1";s:19:"event_repeat_on_day";s:1:"0";s:20:"event_repeat_on_freq";s:1:"0";s:6:"exdate";s:0:"";}',
        0,'14:30:00','14:45:00',0,
        'a:6:{s:14:"event_location";s:0:"";s:13:"event_street1";s:0:"";s:13:"event_street2";s:0:"";s:10:"event_city";s:0:"";s:11:"event_state";s:0:"";s:12:"event_postal";s:0:"";}',
        1,1,'-',0,1,1);
INSERT INTO `form_encounter` (`id`, `date`, `reason`, `facility`, `facility_id`, `pid`, `encounter`,
     `onset_date`, `sensitivity`, `billing_note`, `pc_catid`, `last_level_billed`, `last_level_closed`, `last_stmt_date`, `stmt_count`,
      `provider_id`, `supervisor_id`, `invoice_refno`, `referral_source`, `billing_facility`) VALUES
    ('39','2017-3-31 12:30:00', 'Test Encounter', 'Your Clinic Name Here', '3','8','39', '0000-00-00 00:00:00', 'normal', 'NULL','10', '0', '0','NULL', '0', '1', '0', '', '', '3');
INSERT INTO `forms` (`id`, `date`, `encounter`, `form_name`, `form_id`, `pid`, `user`, `groupname`, `authorized`, `deleted`, `formdir`) VALUES
    ('39','2017-3-31 12:30:00','39', 'Patient Encounter', '39', '8', 'admin', 'Default', '1', '0', 'patient_encounter');
INSERT INTO `libreehr_postcalendar_events` 
        (`pc_catid`,`pc_multiple`,`pc_aid`,`pc_pid`,`pc_title`,`pc_time`,`pc_hometext`,`pc_comments`,`pc_counter`,`pc_topic`,`pc_informant`,`pc_eventDate`,
        `pc_endDate`,`pc_duration`,`pc_recurrtype`,`pc_recurrspec`,`pc_recurrfreq`,`pc_startTime`,`pc_endTime`,`pc_alldayevent`,`pc_location`,`pc_eventstatus`,
        `pc_sharing`,`pc_apptstatus`,`pc_prefcatid`,`pc_facility`,`pc_billing_location`)VALUES
        ( 1,38,'1','8','Office Visit','2017-3-31 12:30:00','Clinical Appointment',0,0,1,'1',
        '2017-3-31 12:30:00','0000-00-00',900,0,
        'a:6:{s:17:"event_repeat_freq";s:1:"0";s:22:"event_repeat_freq_type";s:1:"0";s:19:"event_repeat_on_num";s:1:"1";s:19:"event_repeat_on_day";s:1:"0";s:20:"event_repeat_on_freq";s:1:"0";s:6:"exdate";s:0:"";}',
        0,'12:30:00','12:45:00',0,
        'a:6:{s:14:"event_location";s:0:"";s:13:"event_street1";s:0:"";s:13:"event_street2";s:0:"";s:10:"event_city";s:0:"";s:11:"event_state";s:0:"";s:12:"event_postal";s:0:"";}',
        1,1,'-',0,1,1);
INSERT INTO `form_encounter` (`id`, `date`, `reason`, `facility`, `facility_id`, `pid`, `encounter`,
     `onset_date`, `sensitivity`, `billing_note`, `pc_catid`, `last_level_billed`, `last_level_closed`, `last_stmt_date`, `stmt_count`,
      `provider_id`, `supervisor_id`, `invoice_refno`, `referral_source`, `billing_facility`) VALUES
    ('40','2017-4-30 13:15:00', 'Test Encounter', 'Your Clinic Name Here', '3','8','40', '0000-00-00 00:00:00', 'normal', 'NULL','3', '0', '0','NULL', '0', '1', '0', '', '', '3');
INSERT INTO `forms` (`id`, `date`, `encounter`, `form_name`, `form_id`, `pid`, `user`, `groupname`, `authorized`, `deleted`, `formdir`) VALUES
    ('40','2017-4-30 13:15:00','40', 'Patient Encounter', '40', '8', 'admin', 'Default', '1', '0', 'patient_encounter');
INSERT INTO `libreehr_postcalendar_events` 
        (`pc_catid`,`pc_multiple`,`pc_aid`,`pc_pid`,`pc_title`,`pc_time`,`pc_hometext`,`pc_comments`,`pc_counter`,`pc_topic`,`pc_informant`,`pc_eventDate`,
        `pc_endDate`,`pc_duration`,`pc_recurrtype`,`pc_recurrspec`,`pc_recurrfreq`,`pc_startTime`,`pc_endTime`,`pc_alldayevent`,`pc_location`,`pc_eventstatus`,
        `pc_sharing`,`pc_apptstatus`,`pc_prefcatid`,`pc_facility`,`pc_billing_location`)VALUES
        ( 1,39,'1','8','Office Visit','2017-4-30 13:15:00','Clinical Appointment',0,0,1,'1',
        '2017-4-30 13:15:00','0000-00-00',900,0,
        'a:6:{s:17:"event_repeat_freq";s:1:"0";s:22:"event_repeat_freq_type";s:1:"0";s:19:"event_repeat_on_num";s:1:"1";s:19:"event_repeat_on_day";s:1:"0";s:20:"event_repeat_on_freq";s:1:"0";s:6:"exdate";s:0:"";}',
        0,'13:15:00','13:30:00',0,
        'a:6:{s:14:"event_location";s:0:"";s:13:"event_street1";s:0:"";s:13:"event_street2";s:0:"";s:10:"event_city";s:0:"";s:11:"event_state";s:0:"";s:12:"event_postal";s:0:"";}',
        1,1,'-',0,1,1);
INSERT INTO `form_encounter` (`id`, `date`, `reason`, `facility`, `facility_id`, `pid`, `encounter`,
     `onset_date`, `sensitivity`, `billing_note`, `pc_catid`, `last_level_billed`, `last_level_closed`, `last_stmt_date`, `stmt_count`,
      `provider_id`, `supervisor_id`, `invoice_refno`, `referral_source`, `billing_facility`) VALUES
    ('41','2017-5-30 11:15:00', 'Test Encounter', 'Your Clinic Name Here', '3','8','41', '0000-00-00 00:00:00', 'normal', 'NULL','6', '0', '0','NULL', '0', '1', '0', '', '', '3');
INSERT INTO `forms` (`id`, `date`, `encounter`, `form_name`, `form_id`, `pid`, `user`, `groupname`, `authorized`, `deleted`, `formdir`) VALUES
    ('41','2017-5-30 11:15:00','41', 'Patient Encounter', '41', '8', 'admin', 'Default', '1', '0', 'patient_encounter');
INSERT INTO `libreehr_postcalendar_events` 
        (`pc_catid`,`pc_multiple`,`pc_aid`,`pc_pid`,`pc_title`,`pc_time`,`pc_hometext`,`pc_comments`,`pc_counter`,`pc_topic`,`pc_informant`,`pc_eventDate`,
        `pc_endDate`,`pc_duration`,`pc_recurrtype`,`pc_recurrspec`,`pc_recurrfreq`,`pc_startTime`,`pc_endTime`,`pc_alldayevent`,`pc_location`,`pc_eventstatus`,
        `pc_sharing`,`pc_apptstatus`,`pc_prefcatid`,`pc_facility`,`pc_billing_location`)VALUES
        ( 1,40,'1','8','Office Visit','2017-5-30 11:15:00','Clinical Appointment',0,0,1,'1',
        '2017-5-30 11:15:00','0000-00-00',900,0,
        'a:6:{s:17:"event_repeat_freq";s:1:"0";s:22:"event_repeat_freq_type";s:1:"0";s:19:"event_repeat_on_num";s:1:"1";s:19:"event_repeat_on_day";s:1:"0";s:20:"event_repeat_on_freq";s:1:"0";s:6:"exdate";s:0:"";}',
        0,'11:15:00','11:30:00',0,
        'a:6:{s:14:"event_location";s:0:"";s:13:"event_street1";s:0:"";s:13:"event_street2";s:0:"";s:10:"event_city";s:0:"";s:11:"event_state";s:0:"";s:12:"event_postal";s:0:"";}',
        1,1,'-',0,1,1);
INSERT INTO `form_encounter` (`id`, `date`, `reason`, `facility`, `facility_id`, `pid`, `encounter`,
     `onset_date`, `sensitivity`, `billing_note`, `pc_catid`, `last_level_billed`, `last_level_closed`, `last_stmt_date`, `stmt_count`,
      `provider_id`, `supervisor_id`, `invoice_refno`, `referral_source`, `billing_facility`) VALUES
    ('42','2017-6-29 17:30:00', 'Test Encounter', 'Your Clinic Name Here', '3','8','42', '0000-00-00 00:00:00', 'normal', 'NULL','8', '0', '0','NULL', '0', '1', '0', '', '', '3');
INSERT INTO `forms` (`id`, `date`, `encounter`, `form_name`, `form_id`, `pid`, `user`, `groupname`, `authorized`, `deleted`, `formdir`) VALUES
    ('42','2017-6-29 17:30:00','42', 'Patient Encounter', '42', '8', 'admin', 'Default', '1', '0', 'patient_encounter');
INSERT INTO `libreehr_postcalendar_events` 
      (`pc_catid`,`pc_multiple`,`pc_aid`,`pc_pid`,`pc_title`,`pc_time`,`pc_hometext`,`pc_comments`,`pc_counter`,`pc_topic`,`pc_informant`,`pc_eventDate`,
        `pc_endDate`,`pc_duration`,`pc_recurrtype`,`pc_recurrspec`,`pc_recurrfreq`,`pc_startTime`,`pc_endTime`,`pc_alldayevent`,`pc_location`,`pc_eventstatus`,
        `pc_sharing`,`pc_apptstatus`,`pc_prefcatid`,`pc_facility`,`pc_billing_location`)VALUES
        ( 1,41,'1','8','Office Visit','2017-6-29 17:30:00','Clinical Appointment',0,0,1,'1',
        '2017-6-29 17:30:00','0000-00-00',900,0,
        'a:6:{s:17:"event_repeat_freq";s:1:"0";s:22:"event_repeat_freq_type";s:1:"0";s:19:"event_repeat_on_num";s:1:"1";s:19:"event_repeat_on_day";s:1:"0";s:20:"event_repeat_on_freq";s:1:"0";s:6:"exdate";s:0:"";}',
        0,'17:30:00','17:45:00',0,
        'a:6:{s:14:"event_location";s:0:"";s:13:"event_street1";s:0:"";s:13:"event_street2";s:0:"";s:10:"event_city";s:0:"";s:11:"event_state";s:0:"";s:12:"event_postal";s:0:"";}',
        1,1,'-',0,1,1);
INSERT INTO `form_encounter` (`id`, `date`, `reason`, `facility`, `facility_id`, `pid`, `encounter`,
     `onset_date`, `sensitivity`, `billing_note`, `pc_catid`, `last_level_billed`, `last_level_closed`, `last_stmt_date`, `stmt_count`,
      `provider_id`, `supervisor_id`, `invoice_refno`, `referral_source`, `billing_facility`) VALUES
    ('43','2017-7-29 11:30:00', 'Test Encounter', 'Your Clinic Name Here', '3','8','43', '0000-00-00 00:00:00', 'normal', 'NULL','10', '0', '0','NULL', '0', '1', '0', '', '', '3');
INSERT INTO `forms` (`id`, `date`, `encounter`, `form_name`, `form_id`, `pid`, `user`, `groupname`, `authorized`, `deleted`, `formdir`) VALUES
    ('43','2017-7-29 11:30:00','43', 'Patient Encounter', '43', '8', 'admin', 'Default', '1', '0', 'patient_encounter');
INSERT INTO `libreehr_postcalendar_events` 
        (`pc_catid`,`pc_multiple`,`pc_aid`,`pc_pid`,`pc_title`,`pc_time`,`pc_hometext`,`pc_comments`,`pc_counter`,`pc_topic`,`pc_informant`,`pc_eventDate`,
        `pc_endDate`,`pc_duration`,`pc_recurrtype`,`pc_recurrspec`,`pc_recurrfreq`,`pc_startTime`,`pc_endTime`,`pc_alldayevent`,`pc_location`,`pc_eventstatus`,
        `pc_sharing`,`pc_apptstatus`,`pc_prefcatid`,`pc_facility`,`pc_billing_location`)VALUES
        ( 1,42,'1','8','Office Visit','2017-7-29 11:30:00','Clinical Appointment',0,0,1,'1',
        '2017-7-29 11:30:00','0000-00-00',900,0,
        'a:6:{s:17:"event_repeat_freq";s:1:"0";s:22:"event_repeat_freq_type";s:1:"0";s:19:"event_repeat_on_num";s:1:"1";s:19:"event_repeat_on_day";s:1:"0";s:20:"event_repeat_on_freq";s:1:"0";s:6:"exdate";s:0:"";}',
        0,'11:30:00','11:45:00',0,
        'a:6:{s:14:"event_location";s:0:"";s:13:"event_street1";s:0:"";s:13:"event_street2";s:0:"";s:10:"event_city";s:0:"";s:11:"event_state";s:0:"";s:12:"event_postal";s:0:"";}',
        1,1,'-',0,1,1);
INSERT INTO `form_encounter` (`id`, `date`, `reason`, `facility`, `facility_id`, `pid`, `encounter`,
     `onset_date`, `sensitivity`, `billing_note`, `pc_catid`, `last_level_billed`, `last_level_closed`, `last_stmt_date`, `stmt_count`,
      `provider_id`, `supervisor_id`, `invoice_refno`, `referral_source`, `billing_facility`) VALUES
    ('44','2017-8-28 14:30:00', 'Test Encounter', 'Your Clinic Name Here', '3','8','44', '0000-00-00 00:00:00', 'normal', 'NULL','9', '0', '0','NULL', '0', '1', '0', '', '', '3');
INSERT INTO `forms` (`id`, `date`, `encounter`, `form_name`, `form_id`, `pid`, `user`, `groupname`, `authorized`, `deleted`, `formdir`) VALUES
    ('44','2017-8-28 14:30:00','44', 'Patient Encounter', '44', '8', 'admin', 'Default', '1', '0', 'patient_encounter');
INSERT INTO `libreehr_postcalendar_events` 
        (`pc_catid`,`pc_multiple`,`pc_aid`,`pc_pid`,`pc_title`,`pc_time`,`pc_hometext`,`pc_comments`,`pc_counter`,`pc_topic`,`pc_informant`,`pc_eventDate`,
        `pc_endDate`,`pc_duration`,`pc_recurrtype`,`pc_recurrspec`,`pc_recurrfreq`,`pc_startTime`,`pc_endTime`,`pc_alldayevent`,`pc_location`,`pc_eventstatus`,
        `pc_sharing`,`pc_apptstatus`,`pc_prefcatid`,`pc_facility`,`pc_billing_location`)VALUES
        ( 1,43,'1','8','Office Visit','2017-8-28 14:30:00','Clinical Appointment',0,0,1,'1',
        '2017-8-28 14:30:00','0000-00-00',900,0,
        'a:6:{s:17:"event_repeat_freq";s:1:"0";s:22:"event_repeat_freq_type";s:1:"0";s:19:"event_repeat_on_num";s:1:"1";s:19:"event_repeat_on_day";s:1:"0";s:20:"event_repeat_on_freq";s:1:"0";s:6:"exdate";s:0:"";}',
        0,'14:30:00','14:45:00',0,
        'a:6:{s:14:"event_location";s:0:"";s:13:"event_street1";s:0:"";s:13:"event_street2";s:0:"";s:10:"event_city";s:0:"";s:11:"event_state";s:0:"";s:12:"event_postal";s:0:"";}',
        1,1,'-',0,1,1);
INSERT INTO `form_encounter` (`id`, `date`, `reason`, `facility`, `facility_id`, `pid`, `encounter`,
     `onset_date`, `sensitivity`, `billing_note`, `pc_catid`, `last_level_billed`, `last_level_closed`, `last_stmt_date`, `stmt_count`,
      `provider_id`, `supervisor_id`, `invoice_refno`, `referral_source`, `billing_facility`) VALUES
    ('45','2017-9-27 11:00:00', 'Test Encounter', 'Your Clinic Name Here', '3','8','45', '0000-00-00 00:00:00', 'normal', 'NULL','3', '0', '0','NULL', '0', '1', '0', '', '', '3');
INSERT INTO `forms` (`id`, `date`, `encounter`, `form_name`, `form_id`, `pid`, `user`, `groupname`, `authorized`, `deleted`, `formdir`) VALUES
    ('45','2017-9-27 11:00:00','45', 'Patient Encounter', '45', '8', 'admin', 'Default', '1', '0', 'patient_encounter');
INSERT INTO `libreehr_postcalendar_events` 
        (`pc_catid`,`pc_multiple`,`pc_aid`,`pc_pid`,`pc_title`,`pc_time`,`pc_hometext`,`pc_comments`,`pc_counter`,`pc_topic`,`pc_informant`,`pc_eventDate`,
        `pc_endDate`,`pc_duration`,`pc_recurrtype`,`pc_recurrspec`,`pc_recurrfreq`,`pc_startTime`,`pc_endTime`,`pc_alldayevent`,`pc_location`,`pc_eventstatus`,
        `pc_sharing`,`pc_apptstatus`,`pc_prefcatid`,`pc_facility`,`pc_billing_location`)VALUES
        ( 1,44,'1','8','Office Visit','2017-9-27 11:00:00','Clinical Appointment',0,0,1,'1',
        '2017-9-27 11:00:00','0000-00-00',900,0,
        'a:6:{s:17:"event_repeat_freq";s:1:"0";s:22:"event_repeat_freq_type";s:1:"0";s:19:"event_repeat_on_num";s:1:"1";s:19:"event_repeat_on_day";s:1:"0";s:20:"event_repeat_on_freq";s:1:"0";s:6:"exdate";s:0:"";}',
        0,'11:00:00','11:15:00',0,
        'a:6:{s:14:"event_location";s:0:"";s:13:"event_street1";s:0:"";s:13:"event_street2";s:0:"";s:10:"event_city";s:0:"";s:11:"event_state";s:0:"";s:12:"event_postal";s:0:"";}',
        1,1,'-',0,1,1);
INSERT INTO `patient_data` (`title`, `language`, `financial`, `fname`, `lname`, `mname`, `DOB`,`street`, `postal_code`, `city`, `state`,  `drivers_license`, `ss`,`occupation`, `phone_home`, `phone_biz`, `phone_contact`, `phone_cell`,`status`, `contact_relationship`, `date`, `sex`, `referrer`, `referrerID`,`providerID`, `email`, `ethnoracial`, `interpretter`, `migrantseasonal`,`family_size`, `monthly_income`, `homeless`, `financial_review`, `pubpid`,`pid`, `genericname1`, `genericval1`, `genericname2`, `genericval2`) VALUES
 ('Mrs.','English','','DANA','FERGUSON','E.','1967-7-27','2895 FlowerAve.','24123','Milford','MS','940957353','372360221',' ','(623) 930-9011','(623) 930-9011','(623) 930-9011','(623) 930-9011','married','Friend','2003-11-17 12:06:00','Female','KENT SOTO','1','1','DANA@LibreEHR.org','Mexicano',' ',' ','3','3539',' ','000-00-00 00:00:00','9','9',' ',' ',' ',' ');
INSERT INTO `insurance_data` (`id`, `type`, `provider`, `plan_name`, `policy_number`,`group_number`, `subscriber_lname`, `subscriber_mname`, `subscriber_fname`, `subscriber_relationship`, `subscriber_ss`,`subscriber_DOB`, `subscriber_street`, `subscriber_postal_code`, `subscriber_city`, `subscriber_state`, `subscriber_country`,`subscriber_phone`, `subscriber_employer`, `subscriber_employer_street`, `subscriber_employer_postal_code`,`subscriber_employer_state`, `subscriber_employer_country`, `subscriber_employer_city`, `copay`, `date`, `pid`,`subscriber_sex`, `accept_assignment`) VALUES('22','primary','0','0','591507507','280076392','FERGUSON','E.','DANA','self','372360221','1967-7-27','2895 FlowerAve.','24123','Milford','MS','Openemria','(623) 930-9011','OEMR.org','','','MS','Openemria','Milford','','2011-10-10','9','Female','FALSE');
INSERT INTO `insurance_data` (`id`, `type`, `provider`, `plan_name`, `policy_number`,`group_number`, `subscriber_lname`, `subscriber_mname`, `subscriber_fname`, `subscriber_relationship`, `subscriber_ss`,`subscriber_DOB`, `subscriber_street`, `subscriber_postal_code`, `subscriber_city`, `subscriber_state`, `subscriber_country`,`subscriber_phone`, `subscriber_employer`, `subscriber_employer_street`, `subscriber_employer_postal_code`,`subscriber_employer_state`, `subscriber_employer_country`, `subscriber_employer_city`, `copay`, `date`, `pid`,`subscriber_sex`, `accept_assignment`) VALUES('23','secondary','3362','Incompetent Provider Company','733553257','600723219','FERGUSON','E.','DANA','self','372360221','1967-7-27','2895 FlowerAve.','24123','Milford','MS','Openemria','(623) 930-9011','OEMR.org','','','MS','Openemria','Milford','','2011-10-10','9','Female','TRUE');
INSERT INTO `insurance_data` (`id`, `type`, `provider`, `plan_name`, `policy_number`,`group_number`, `subscriber_lname`, `subscriber_mname`, `subscriber_fname`, `subscriber_relationship`, `subscriber_ss`,`subscriber_DOB`, `subscriber_street`, `subscriber_postal_code`, `subscriber_city`, `subscriber_state`, `subscriber_country`,`subscriber_phone`, `subscriber_employer`, `subscriber_employer_street`, `subscriber_employer_postal_code`,`subscriber_employer_state`, `subscriber_employer_country`, `subscriber_employer_city`, `copay`, `date`, `pid`,`subscriber_sex`, `accept_assignment`) VALUES('24','tertiary','0','0','862669008','8767216','FERGUSON','E.','DANA','self','372360221','1967-7-27','2895 FlowerAve.','24123','Milford','MS','Openemria','(623) 930-9011','OEMR.org','','','MS','Openemria','Milford','','2011-10-10','9','Female','FALSE');
INSERT INTO `form_encounter` (`id`, `date`, `reason`, `facility`, `facility_id`, `pid`, `encounter`,
     `onset_date`, `sensitivity`, `billing_note`, `pc_catid`, `last_level_billed`, `last_level_closed`, `last_stmt_date`, `stmt_count`,
      `provider_id`, `supervisor_id`, `invoice_refno`, `referral_source`, `billing_facility`) VALUES
    ('46','2016-12-31 17:30:00', 'Test Encounter', 'Your Clinic Name Here', '3','9','46', '0000-00-00 00:00:00', 'normal', 'NULL','9', '0', '0','NULL', '0', '1', '0', '', '', '3');
INSERT INTO `forms` (`id`, `date`, `encounter`, `form_name`, `form_id`, `pid`, `user`, `groupname`, `authorized`, `deleted`, `formdir`) VALUES
    ('46','2016-12-31 17:30:00','46', 'Patient Encounter', '46', '9', 'admin', 'Default', '1', '0', 'patient_encounter');
INSERT INTO `libreehr_postcalendar_events` 
        (`pc_catid`,`pc_multiple`,`pc_aid`,`pc_pid`,`pc_title`,`pc_time`,`pc_hometext`,`pc_comments`,`pc_counter`,`pc_topic`,`pc_informant`,`pc_eventDate`,
        `pc_endDate`,`pc_duration`,`pc_recurrtype`,`pc_recurrspec`,`pc_recurrfreq`,`pc_startTime`,`pc_endTime`,`pc_alldayevent`,`pc_location`,`pc_eventstatus`,
        `pc_sharing`,`pc_apptstatus`,`pc_prefcatid`,`pc_facility`,`pc_billing_location`)VALUES
        ( 1,45,'1','9','Office Visit','2016-12-31 17:30:00','Clinical Appointment',0,0,1,'1',
        '2016-12-31 17:30:00','0000-00-00',900,0,
        'a:6:{s:17:"event_repeat_freq";s:1:"0";s:22:"event_repeat_freq_type";s:1:"0";s:19:"event_repeat_on_num";s:1:"1";s:19:"event_repeat_on_day";s:1:"0";s:20:"event_repeat_on_freq";s:1:"0";s:6:"exdate";s:0:"";}',
        0,'17:30:00','17:45:00',0,
        'a:6:{s:14:"event_location";s:0:"";s:13:"event_street1";s:0:"";s:13:"event_street2";s:0:"";s:10:"event_city";s:0:"";s:11:"event_state";s:0:"";s:12:"event_postal";s:0:"";}',
        1,1,'-',0,1,1);
INSERT INTO `form_encounter` (`id`, `date`, `reason`, `facility`, `facility_id`, `pid`, `encounter`,
     `onset_date`, `sensitivity`, `billing_note`, `pc_catid`, `last_level_billed`, `last_level_closed`, `last_stmt_date`, `stmt_count`,
      `provider_id`, `supervisor_id`, `invoice_refno`, `referral_source`, `billing_facility`) VALUES
    ('47','2017-1-30 13:00:00', 'Test Encounter', 'Your Clinic Name Here', '3','9','47', '0000-00-00 00:00:00', 'normal', 'NULL','2', '0', '0','NULL', '0', '1', '0', '', '', '3');
INSERT INTO `forms` (`id`, `date`, `encounter`, `form_name`, `form_id`, `pid`, `user`, `groupname`, `authorized`, `deleted`, `formdir`) VALUES
    ('47','2017-1-30 13:00:00','47', 'Patient Encounter', '47', '9', 'admin', 'Default', '1', '0', 'patient_encounter');
INSERT INTO `libreehr_postcalendar_events` 
        (`pc_catid`,`pc_multiple`,`pc_aid`,`pc_pid`,`pc_title`,`pc_time`,`pc_hometext`,`pc_comments`,`pc_counter`,`pc_topic`,`pc_informant`,`pc_eventDate`,
        `pc_endDate`,`pc_duration`,`pc_recurrtype`,`pc_recurrspec`,`pc_recurrfreq`,`pc_startTime`,`pc_endTime`,`pc_alldayevent`,`pc_location`,`pc_eventstatus`,
        `pc_sharing`,`pc_apptstatus`,`pc_prefcatid`,`pc_facility`,`pc_billing_location`)VALUES
        ( 1,46,'1','9','Office Visit','2017-1-30 13:00:00','Clinical Appointment',0,0,1,'1',
        '2017-1-30 13:00:00','0000-00-00',900,0,
        'a:6:{s:17:"event_repeat_freq";s:1:"0";s:22:"event_repeat_freq_type";s:1:"0";s:19:"event_repeat_on_num";s:1:"1";s:19:"event_repeat_on_day";s:1:"0";s:20:"event_repeat_on_freq";s:1:"0";s:6:"exdate";s:0:"";}',
        0,'13:00:00','13:15:00',0,
        'a:6:{s:14:"event_location";s:0:"";s:13:"event_street1";s:0:"";s:13:"event_street2";s:0:"";s:10:"event_city";s:0:"";s:11:"event_state";s:0:"";s:12:"event_postal";s:0:"";}',
        1,1,'-',0,1,1);
INSERT INTO `form_encounter` (`id`, `date`, `reason`, `facility`, `facility_id`, `pid`, `encounter`,
     `onset_date`, `sensitivity`, `billing_note`, `pc_catid`, `last_level_billed`, `last_level_closed`, `last_stmt_date`, `stmt_count`,
      `provider_id`, `supervisor_id`, `invoice_refno`, `referral_source`, `billing_facility`) VALUES
    ('48','2017-3-1 16:30:00', 'Test Encounter', 'Your Clinic Name Here', '3','9','48', '0000-00-00 00:00:00', 'normal', 'NULL','10', '0', '0','NULL', '0', '1', '0', '', '', '3');
INSERT INTO `forms` (`id`, `date`, `encounter`, `form_name`, `form_id`, `pid`, `user`, `groupname`, `authorized`, `deleted`, `formdir`) VALUES
    ('48','2017-3-1 16:30:00','48', 'Patient Encounter', '48', '9', 'admin', 'Default', '1', '0', 'patient_encounter');
INSERT INTO `libreehr_postcalendar_events` 
        (`pc_catid`,`pc_multiple`,`pc_aid`,`pc_pid`,`pc_title`,`pc_time`,`pc_hometext`,`pc_comments`,`pc_counter`,`pc_topic`,`pc_informant`,`pc_eventDate`,
        `pc_endDate`,`pc_duration`,`pc_recurrtype`,`pc_recurrspec`,`pc_recurrfreq`,`pc_startTime`,`pc_endTime`,`pc_alldayevent`,`pc_location`,`pc_eventstatus`,
        `pc_sharing`,`pc_apptstatus`,`pc_prefcatid`,`pc_facility`,`pc_billing_location`)VALUES
        ( 1,47,'1','9','Office Visit','2017-3-1 16:30:00','Clinical Appointment',0,0,1,'1',
        '2017-3-1 16:30:00','0000-00-00',900,0,
        'a:6:{s:17:"event_repeat_freq";s:1:"0";s:22:"event_repeat_freq_type";s:1:"0";s:19:"event_repeat_on_num";s:1:"1";s:19:"event_repeat_on_day";s:1:"0";s:20:"event_repeat_on_freq";s:1:"0";s:6:"exdate";s:0:"";}',
        0,'16:30:00','16:45:00',0,
        'a:6:{s:14:"event_location";s:0:"";s:13:"event_street1";s:0:"";s:13:"event_street2";s:0:"";s:10:"event_city";s:0:"";s:11:"event_state";s:0:"";s:12:"event_postal";s:0:"";}',
        1,1,'-',0,1,1);
INSERT INTO `form_encounter` (`id`, `date`, `reason`, `facility`, `facility_id`, `pid`, `encounter`,
     `onset_date`, `sensitivity`, `billing_note`, `pc_catid`, `last_level_billed`, `last_level_closed`, `last_stmt_date`, `stmt_count`,
      `provider_id`, `supervisor_id`, `invoice_refno`, `referral_source`, `billing_facility`) VALUES
    ('49','2017-3-31 17:15:00', 'Test Encounter', 'Your Clinic Name Here', '3','9','49', '0000-00-00 00:00:00', 'normal', 'NULL','3', '0', '0','NULL', '0', '1', '0', '', '', '3');
INSERT INTO `forms` (`id`, `date`, `encounter`, `form_name`, `form_id`, `pid`, `user`, `groupname`, `authorized`, `deleted`, `formdir`) VALUES
    ('49','2017-3-31 17:15:00','49', 'Patient Encounter', '49', '9', 'admin', 'Default', '1', '0', 'patient_encounter');
INSERT INTO `libreehr_postcalendar_events` 
        (`pc_catid`,`pc_multiple`,`pc_aid`,`pc_pid`,`pc_title`,`pc_time`,`pc_hometext`,`pc_comments`,`pc_counter`,`pc_topic`,`pc_informant`,`pc_eventDate`,
        `pc_endDate`,`pc_duration`,`pc_recurrtype`,`pc_recurrspec`,`pc_recurrfreq`,`pc_startTime`,`pc_endTime`,`pc_alldayevent`,`pc_location`,`pc_eventstatus`,
        `pc_sharing`,`pc_apptstatus`,`pc_prefcatid`,`pc_facility`,`pc_billing_location`)VALUES
        ( 1,48,'1','9','Office Visit','2017-3-31 17:15:00','Clinical Appointment',0,0,1,'1',
        '2017-3-31 17:15:00','0000-00-00',900,0,
        'a:6:{s:17:"event_repeat_freq";s:1:"0";s:22:"event_repeat_freq_type";s:1:"0";s:19:"event_repeat_on_num";s:1:"1";s:19:"event_repeat_on_day";s:1:"0";s:20:"event_repeat_on_freq";s:1:"0";s:6:"exdate";s:0:"";}',
        0,'17:15:00','17:30:00',0,
        'a:6:{s:14:"event_location";s:0:"";s:13:"event_street1";s:0:"";s:13:"event_street2";s:0:"";s:10:"event_city";s:0:"";s:11:"event_state";s:0:"";s:12:"event_postal";s:0:"";}',
        1,1,'-',0,1,1);
INSERT INTO `form_encounter` (`id`, `date`, `reason`, `facility`, `facility_id`, `pid`, `encounter`,
     `onset_date`, `sensitivity`, `billing_note`, `pc_catid`, `last_level_billed`, `last_level_closed`, `last_stmt_date`, `stmt_count`,
      `provider_id`, `supervisor_id`, `invoice_refno`, `referral_source`, `billing_facility`) VALUES
    ('50','2017-4-30 11:30:00', 'Test Encounter', 'Your Clinic Name Here', '3','9','50', '0000-00-00 00:00:00', 'normal', 'NULL','7', '0', '0','NULL', '0', '1', '0', '', '', '3');
INSERT INTO `forms` (`id`, `date`, `encounter`, `form_name`, `form_id`, `pid`, `user`, `groupname`, `authorized`, `deleted`, `formdir`) VALUES
    ('50','2017-4-30 11:30:00','50', 'Patient Encounter', '50', '9', 'admin', 'Default', '1', '0', 'patient_encounter');
INSERT INTO `libreehr_postcalendar_events` 
        (`pc_catid`,`pc_multiple`,`pc_aid`,`pc_pid`,`pc_title`,`pc_time`,`pc_hometext`,`pc_comments`,`pc_counter`,`pc_topic`,`pc_informant`,`pc_eventDate`,
        `pc_endDate`,`pc_duration`,`pc_recurrtype`,`pc_recurrspec`,`pc_recurrfreq`,`pc_startTime`,`pc_endTime`,`pc_alldayevent`,`pc_location`,`pc_eventstatus`,
        `pc_sharing`,`pc_apptstatus`,`pc_prefcatid`,`pc_facility`,`pc_billing_location`)VALUES
        ( 1,49,'1','9','Office Visit','2017-4-30 11:30:00','Clinical Appointment',0,0,1,'1',
        '2017-4-30 11:30:00','0000-00-00',900,0,
        'a:6:{s:17:"event_repeat_freq";s:1:"0";s:22:"event_repeat_freq_type";s:1:"0";s:19:"event_repeat_on_num";s:1:"1";s:19:"event_repeat_on_day";s:1:"0";s:20:"event_repeat_on_freq";s:1:"0";s:6:"exdate";s:0:"";}',
        0,'11:30:00','11:45:00',0,
        'a:6:{s:14:"event_location";s:0:"";s:13:"event_street1";s:0:"";s:13:"event_street2";s:0:"";s:10:"event_city";s:0:"";s:11:"event_state";s:0:"";s:12:"event_postal";s:0:"";}',
        1,1,'-',0,1,1);
INSERT INTO `form_encounter` (`id`, `date`, `reason`, `facility`, `facility_id`, `pid`, `encounter`,
     `onset_date`, `sensitivity`, `billing_note`, `pc_catid`, `last_level_billed`, `last_level_closed`, `last_stmt_date`, `stmt_count`,
      `provider_id`, `supervisor_id`, `invoice_refno`, `referral_source`, `billing_facility`) VALUES
    ('51','2017-5-30 14:30:00', 'Test Encounter', 'Your Clinic Name Here', '3','9','51', '0000-00-00 00:00:00', 'normal', 'NULL','8', '0', '0','NULL', '0', '1', '0', '', '', '3');
INSERT INTO `forms` (`id`, `date`, `encounter`, `form_name`, `form_id`, `pid`, `user`, `groupname`, `authorized`, `deleted`, `formdir`) VALUES
    ('51','2017-5-30 14:30:00','51', 'Patient Encounter', '51', '9', 'admin', 'Default', '1', '0', 'patient_encounter');
INSERT INTO `libreehr_postcalendar_events` 
        (`pc_catid`,`pc_multiple`,`pc_aid`,`pc_pid`,`pc_title`,`pc_time`,`pc_hometext`,`pc_comments`,`pc_counter`,`pc_topic`,`pc_informant`,`pc_eventDate`,
        `pc_endDate`,`pc_duration`,`pc_recurrtype`,`pc_recurrspec`,`pc_recurrfreq`,`pc_startTime`,`pc_endTime`,`pc_alldayevent`,`pc_location`,`pc_eventstatus`,
        `pc_sharing`,`pc_apptstatus`,`pc_prefcatid`,`pc_facility`,`pc_billing_location`)VALUES
        ( 1,50,'1','9','Office Visit','2017-5-30 14:30:00','Clinical Appointment',0,0,1,'1',
        '2017-5-30 14:30:00','0000-00-00',900,0,
        'a:6:{s:17:"event_repeat_freq";s:1:"0";s:22:"event_repeat_freq_type";s:1:"0";s:19:"event_repeat_on_num";s:1:"1";s:19:"event_repeat_on_day";s:1:"0";s:20:"event_repeat_on_freq";s:1:"0";s:6:"exdate";s:0:"";}',
        0,'14:30:00','14:45:00',0,
        'a:6:{s:14:"event_location";s:0:"";s:13:"event_street1";s:0:"";s:13:"event_street2";s:0:"";s:10:"event_city";s:0:"";s:11:"event_state";s:0:"";s:12:"event_postal";s:0:"";}',
        1,1,'-',0,1,1);
INSERT INTO `form_encounter` (`id`, `date`, `reason`, `facility`, `facility_id`, `pid`, `encounter`,
     `onset_date`, `sensitivity`, `billing_note`, `pc_catid`, `last_level_billed`, `last_level_closed`, `last_stmt_date`, `stmt_count`,
      `provider_id`, `supervisor_id`, `invoice_refno`, `referral_source`, `billing_facility`) VALUES
    ('52','2017-6-29 10:30:00', 'Test Encounter', 'Your Clinic Name Here', '3','9','52', '0000-00-00 00:00:00', 'normal', 'NULL','10', '0', '0','NULL', '0', '1', '0', '', '', '3');
INSERT INTO `forms` (`id`, `date`, `encounter`, `form_name`, `form_id`, `pid`, `user`, `groupname`, `authorized`, `deleted`, `formdir`) VALUES
    ('52','2017-6-29 10:30:00','52', 'Patient Encounter', '52', '9', 'admin', 'Default', '1', '0', 'patient_encounter');
INSERT INTO `libreehr_postcalendar_events` 
        (`pc_catid`,`pc_multiple`,`pc_aid`,`pc_pid`,`pc_title`,`pc_time`,`pc_hometext`,`pc_comments`,`pc_counter`,`pc_topic`,`pc_informant`,`pc_eventDate`,
        `pc_endDate`,`pc_duration`,`pc_recurrtype`,`pc_recurrspec`,`pc_recurrfreq`,`pc_startTime`,`pc_endTime`,`pc_alldayevent`,`pc_location`,`pc_eventstatus`,
        `pc_sharing`,`pc_apptstatus`,`pc_prefcatid`,`pc_facility`,`pc_billing_location`)VALUES
        ( 1,51,'1','9','Office Visit','2017-6-29 10:30:00','Clinical Appointment',0,0,1,'1',
        '2017-6-29 10:30:00','0000-00-00',900,0,
        'a:6:{s:17:"event_repeat_freq";s:1:"0";s:22:"event_repeat_freq_type";s:1:"0";s:19:"event_repeat_on_num";s:1:"1";s:19:"event_repeat_on_day";s:1:"0";s:20:"event_repeat_on_freq";s:1:"0";s:6:"exdate";s:0:"";}',
        0,'10:30:00','10:45:00',0,
        'a:6:{s:14:"event_location";s:0:"";s:13:"event_street1";s:0:"";s:13:"event_street2";s:0:"";s:10:"event_city";s:0:"";s:11:"event_state";s:0:"";s:12:"event_postal";s:0:"";}',
        1,1,'-',0,1,1);
INSERT INTO `form_encounter` (`id`, `date`, `reason`, `facility`, `facility_id`, `pid`, `encounter`,
     `onset_date`, `sensitivity`, `billing_note`, `pc_catid`, `last_level_billed`, `last_level_closed`, `last_stmt_date`, `stmt_count`,
      `provider_id`, `supervisor_id`, `invoice_refno`, `referral_source`, `billing_facility`) VALUES
    ('53','2017-7-29 14:15:00', 'Test Encounter', 'Your Clinic Name Here', '3','9','53', '0000-00-00 00:00:00', 'normal', 'NULL','4', '0', '0','NULL', '0', '1', '0', '', '', '3');
INSERT INTO `forms` (`id`, `date`, `encounter`, `form_name`, `form_id`, `pid`, `user`, `groupname`, `authorized`, `deleted`, `formdir`) VALUES
    ('53','2017-7-29 14:15:00','53', 'Patient Encounter', '53', '9', 'admin', 'Default', '1', '0', 'patient_encounter');
INSERT INTO `libreehr_postcalendar_events` 
        (`pc_catid`,`pc_multiple`,`pc_aid`,`pc_pid`,`pc_title`,`pc_time`,`pc_hometext`,`pc_comments`,`pc_counter`,`pc_topic`,`pc_informant`,`pc_eventDate`,
        `pc_endDate`,`pc_duration`,`pc_recurrtype`,`pc_recurrspec`,`pc_recurrfreq`,`pc_startTime`,`pc_endTime`,`pc_alldayevent`,`pc_location`,`pc_eventstatus`,
        `pc_sharing`,`pc_apptstatus`,`pc_prefcatid`,`pc_facility`,`pc_billing_location`)VALUES
        ( 1,52,'1','9','Office Visit','2017-7-29 14:15:00','Clinical Appointment',0,0,1,'1',
        '2017-7-29 14:15:00','0000-00-00',900,0,
        'a:6:{s:17:"event_repeat_freq";s:1:"0";s:22:"event_repeat_freq_type";s:1:"0";s:19:"event_repeat_on_num";s:1:"1";s:19:"event_repeat_on_day";s:1:"0";s:20:"event_repeat_on_freq";s:1:"0";s:6:"exdate";s:0:"";}',
        0,'14:15:00','14:30:00',0,
        'a:6:{s:14:"event_location";s:0:"";s:13:"event_street1";s:0:"";s:13:"event_street2";s:0:"";s:10:"event_city";s:0:"";s:11:"event_state";s:0:"";s:12:"event_postal";s:0:"";}',
        1,1,'-',0,1,1);
INSERT INTO `form_encounter` (`id`, `date`, `reason`, `facility`, `facility_id`, `pid`, `encounter`,
     `onset_date`, `sensitivity`, `billing_note`, `pc_catid`, `last_level_billed`, `last_level_closed`, `last_stmt_date`, `stmt_count`,
      `provider_id`, `supervisor_id`, `invoice_refno`, `referral_source`, `billing_facility`) VALUES
    ('54','2017-8-28 11:30:00', 'Test Encounter', 'Your Clinic Name Here', '3','9','54', '0000-00-00 00:00:00', 'normal', 'NULL','4', '0', '0','NULL', '0', '1', '0', '', '', '3');
INSERT INTO `forms` (`id`, `date`, `encounter`, `form_name`, `form_id`, `pid`, `user`, `groupname`, `authorized`, `deleted`, `formdir`) VALUES
    ('54','2017-8-28 11:30:00','54', 'Patient Encounter', '54', '9', 'admin', 'Default', '1', '0', 'patient_encounter');
INSERT INTO `libreehr_postcalendar_events` 
        (`pc_catid`,`pc_multiple`,`pc_aid`,`pc_pid`,`pc_title`,`pc_time`,`pc_hometext`,`pc_comments`,`pc_counter`,`pc_topic`,`pc_informant`,`pc_eventDate`,
        `pc_endDate`,`pc_duration`,`pc_recurrtype`,`pc_recurrspec`,`pc_recurrfreq`,`pc_startTime`,`pc_endTime`,`pc_alldayevent`,`pc_location`,`pc_eventstatus`,
        `pc_sharing`,`pc_apptstatus`,`pc_prefcatid`,`pc_facility`,`pc_billing_location`)VALUES
        ( 1,53,'1','9','Office Visit','2017-8-28 11:30:00','Clinical Appointment',0,0,1,'1',
        '2017-8-28 11:30:00','0000-00-00',900,0,
        'a:6:{s:17:"event_repeat_freq";s:1:"0";s:22:"event_repeat_freq_type";s:1:"0";s:19:"event_repeat_on_num";s:1:"1";s:19:"event_repeat_on_day";s:1:"0";s:20:"event_repeat_on_freq";s:1:"0";s:6:"exdate";s:0:"";}',
        0,'11:30:00','11:45:00',0,
        'a:6:{s:14:"event_location";s:0:"";s:13:"event_street1";s:0:"";s:13:"event_street2";s:0:"";s:10:"event_city";s:0:"";s:11:"event_state";s:0:"";s:12:"event_postal";s:0:"";}',
        1,1,'-',0,1,1);
INSERT INTO `form_encounter` (`id`, `date`, `reason`, `facility`, `facility_id`, `pid`, `encounter`,
     `onset_date`, `sensitivity`, `billing_note`, `pc_catid`, `last_level_billed`, `last_level_closed`, `last_stmt_date`, `stmt_count`,
      `provider_id`, `supervisor_id`, `invoice_refno`, `referral_source`, `billing_facility`) VALUES
    ('55','2017-9-27 12:30:00', 'Test Encounter', 'Your Clinic Name Here', '3','9','55', '0000-00-00 00:00:00', 'normal', 'NULL','4', '0', '0','NULL', '0', '1', '0', '', '', '3');
INSERT INTO `forms` (`id`, `date`, `encounter`, `form_name`, `form_id`, `pid`, `user`, `groupname`, `authorized`, `deleted`, `formdir`) VALUES
    ('55','2017-9-27 12:30:00','55', 'Patient Encounter', '55', '9', 'admin', 'Default', '1', '0', 'patient_encounter');
INSERT INTO `libreehr_postcalendar_events` 
        (`pc_catid`,`pc_multiple`,`pc_aid`,`pc_pid`,`pc_title`,`pc_time`,`pc_hometext`,`pc_comments`,`pc_counter`,`pc_topic`,`pc_informant`,`pc_eventDate`,
        `pc_endDate`,`pc_duration`,`pc_recurrtype`,`pc_recurrspec`,`pc_recurrfreq`,`pc_startTime`,`pc_endTime`,`pc_alldayevent`,`pc_location`,`pc_eventstatus`,
        `pc_sharing`,`pc_apptstatus`,`pc_prefcatid`,`pc_facility`,`pc_billing_location`)VALUES
        ( 1,54,'1','9','Office Visit','2017-9-27 12:30:00','Clinical Appointment',0,0,1,'1',
        '2017-9-27 12:30:00','0000-00-00',900,0,
        'a:6:{s:17:"event_repeat_freq";s:1:"0";s:22:"event_repeat_freq_type";s:1:"0";s:19:"event_repeat_on_num";s:1:"1";s:19:"event_repeat_on_day";s:1:"0";s:20:"event_repeat_on_freq";s:1:"0";s:6:"exdate";s:0:"";}',
        0,'12:30:00','12:45:00',0,
        'a:6:{s:14:"event_location";s:0:"";s:13:"event_street1";s:0:"";s:13:"event_street2";s:0:"";s:10:"event_city";s:0:"";s:11:"event_state";s:0:"";s:12:"event_postal";s:0:"";}',
        1,1,'-',0,1,1);
INSERT INTO `patient_data` (`title`, `language`, `financial`, `fname`, `lname`, `mname`, `DOB`,`street`, `postal_code`, `city`, `state`,  `drivers_license`, `ss`,`occupation`, `phone_home`, `phone_biz`, `phone_contact`, `phone_cell`,`status`, `contact_relationship`, `date`, `sex`, `referrer`, `referrerID`,`providerID`, `email`, `ethnoracial`, `interpretter`, `migrantseasonal`,`family_size`, `monthly_income`, `homeless`, `financial_review`, `pubpid`,`pid`, `genericname1`, `genericval1`, `genericname2`, `genericval2`) VALUES
 ('Ms.','English','','RUTH','NICHOLS','F.','1981-12-28','8284 PecanHwy','57150','Arlington','NH','467357025','7806109',' ','(816) 973-4782','(816) 973-4782','(816) 973-4782','(816) 973-4782','single','Friend','2003-11-17 12:06:00','Female','RICKY WILLIAMSON','1','1','RUTH@LibreEHR.org','Chinese',' ',' ','3','6265',' ','000-00-00 00:00:00','10','10',' ',' ',' ',' ');
INSERT INTO `insurance_data` (`id`, `type`, `provider`, `plan_name`, `policy_number`,`group_number`, `subscriber_lname`, `subscriber_mname`, `subscriber_fname`, `subscriber_relationship`, `subscriber_ss`,`subscriber_DOB`, `subscriber_street`, `subscriber_postal_code`, `subscriber_city`, `subscriber_state`, `subscriber_country`,`subscriber_phone`, `subscriber_employer`, `subscriber_employer_street`, `subscriber_employer_postal_code`,`subscriber_employer_state`, `subscriber_employer_country`, `subscriber_employer_city`, `copay`, `date`, `pid`,`subscriber_sex`, `accept_assignment`) VALUES('25','primary','7687','Green Assurance INC.','909188327','55445480','NICHOLS','F.','RUTH','self','7806109','1981-12-28','8284 PecanHwy','57150','Arlington','NH','Openemria','(816) 973-4782','OEMR.org','','','NH','Openemria','Arlington','','2011-10-10','10','Female','FALSE');
INSERT INTO `insurance_data` (`id`, `type`, `provider`, `plan_name`, `policy_number`,`group_number`, `subscriber_lname`, `subscriber_mname`, `subscriber_fname`, `subscriber_relationship`, `subscriber_ss`,`subscriber_DOB`, `subscriber_street`, `subscriber_postal_code`, `subscriber_city`, `subscriber_state`, `subscriber_country`,`subscriber_phone`, `subscriber_employer`, `subscriber_employer_street`, `subscriber_employer_postal_code`,`subscriber_employer_state`, `subscriber_employer_country`, `subscriber_employer_city`, `copay`, `date`, `pid`,`subscriber_sex`, `accept_assignment`) VALUES('26','secondary','6887','Impersonal Insurance HMO','779506459','768495630','NICHOLS','F.','RUTH','self','7806109','1981-12-28','8284 PecanHwy','57150','Arlington','NH','Openemria','(816) 973-4782','OEMR.org','','','NH','Openemria','Arlington','','2011-10-10','10','Female','TRUE');
INSERT INTO `insurance_data` (`id`, `type`, `provider`, `plan_name`, `policy_number`,`group_number`, `subscriber_lname`, `subscriber_mname`, `subscriber_fname`, `subscriber_relationship`, `subscriber_ss`,`subscriber_DOB`, `subscriber_street`, `subscriber_postal_code`, `subscriber_city`, `subscriber_state`, `subscriber_country`,`subscriber_phone`, `subscriber_employer`, `subscriber_employer_street`, `subscriber_employer_postal_code`,`subscriber_employer_state`, `subscriber_employer_country`, `subscriber_employer_city`, `copay`, `date`, `pid`,`subscriber_sex`, `accept_assignment`) VALUES('27','tertiary','6186','Green Mutual LTD','141869658','578422161','NICHOLS','F.','RUTH','self','7806109','1981-12-28','8284 PecanHwy','57150','Arlington','NH','Openemria','(816) 973-4782','OEMR.org','','','NH','Openemria','Arlington','','2011-10-10','10','Female','TRUE');
INSERT INTO `form_encounter` (`id`, `date`, `reason`, `facility`, `facility_id`, `pid`, `encounter`,
     `onset_date`, `sensitivity`, `billing_note`, `pc_catid`, `last_level_billed`, `last_level_closed`, `last_stmt_date`, `stmt_count`,
      `provider_id`, `supervisor_id`, `invoice_refno`, `referral_source`, `billing_facility`) VALUES
    ('56','2016-12-31 10:15:00', 'Test Encounter', 'Your Clinic Name Here', '3','10','56', '0000-00-00 00:00:00', 'normal', 'NULL','9', '0', '0','NULL', '0', '1', '0', '', '', '3');
INSERT INTO `forms` (`id`, `date`, `encounter`, `form_name`, `form_id`, `pid`, `user`, `groupname`, `authorized`, `deleted`, `formdir`) VALUES
    ('56','2016-12-31 10:15:00','56', 'Patient Encounter', '56', '10', 'admin', 'Default', '1', '0', 'patient_encounter');
INSERT INTO `libreehr_postcalendar_events` 
        (`pc_catid`,`pc_multiple`,`pc_aid`,`pc_pid`,`pc_title`,`pc_time`,`pc_hometext`,`pc_comments`,`pc_counter`,`pc_topic`,`pc_informant`,`pc_eventDate`,
        `pc_endDate`,`pc_duration`,`pc_recurrtype`,`pc_recurrspec`,`pc_recurrfreq`,`pc_startTime`,`pc_endTime`,`pc_alldayevent`,`pc_location`,`pc_eventstatus`,
        `pc_sharing`,`pc_apptstatus`,`pc_prefcatid`,`pc_facility`,`pc_billing_location`)VALUES
        ( 1,55,'1','10','Office Visit','2016-12-31 10:15:00','Clinical Appointment',0,0,1,'1',
        '2016-12-31 10:15:00','0000-00-00',900,0,
        'a:6:{s:17:"event_repeat_freq";s:1:"0";s:22:"event_repeat_freq_type";s:1:"0";s:19:"event_repeat_on_num";s:1:"1";s:19:"event_repeat_on_day";s:1:"0";s:20:"event_repeat_on_freq";s:1:"0";s:6:"exdate";s:0:"";}',
        0,'10:15:00','10:30:00',0,
        'a:6:{s:14:"event_location";s:0:"";s:13:"event_street1";s:0:"";s:13:"event_street2";s:0:"";s:10:"event_city";s:0:"";s:11:"event_state";s:0:"";s:12:"event_postal";s:0:"";}',
        1,1,'-',0,1,1);
INSERT INTO `form_encounter` (`id`, `date`, `reason`, `facility`, `facility_id`, `pid`, `encounter`,
     `onset_date`, `sensitivity`, `billing_note`, `pc_catid`, `last_level_billed`, `last_level_closed`, `last_stmt_date`, `stmt_count`,
      `provider_id`, `supervisor_id`, `invoice_refno`, `referral_source`, `billing_facility`) VALUES
    ('57','2017-1-30 10:30:00', 'Test Encounter', 'Your Clinic Name Here', '3','10','57', '0000-00-00 00:00:00', 'normal', 'NULL','9', '0', '0','NULL', '0', '1', '0', '', '', '3');
INSERT INTO `forms` (`id`, `date`, `encounter`, `form_name`, `form_id`, `pid`, `user`, `groupname`, `authorized`, `deleted`, `formdir`) VALUES
    ('57','2017-1-30 10:30:00','57', 'Patient Encounter', '57', '10', 'admin', 'Default', '1', '0', 'patient_encounter');
INSERT INTO `libreehr_postcalendar_events` 
        (`pc_catid`,`pc_multiple`,`pc_aid`,`pc_pid`,`pc_title`,`pc_time`,`pc_hometext`,`pc_comments`,`pc_counter`,`pc_topic`,`pc_informant`,`pc_eventDate`,
        `pc_endDate`,`pc_duration`,`pc_recurrtype`,`pc_recurrspec`,`pc_recurrfreq`,`pc_startTime`,`pc_endTime`,`pc_alldayevent`,`pc_location`,`pc_eventstatus`,
        `pc_sharing`,`pc_apptstatus`,`pc_prefcatid`,`pc_facility`,`pc_billing_location`)VALUES
        ( 1,56,'1','10','Office Visit','2017-1-30 10:30:00','Clinical Appointment',0,0,1,'1',
        '2017-1-30 10:30:00','0000-00-00',900,0,
        'a:6:{s:17:"event_repeat_freq";s:1:"0";s:22:"event_repeat_freq_type";s:1:"0";s:19:"event_repeat_on_num";s:1:"1";s:19:"event_repeat_on_day";s:1:"0";s:20:"event_repeat_on_freq";s:1:"0";s:6:"exdate";s:0:"";}',
        0,'10:30:00','10:45:00',0,
        'a:6:{s:14:"event_location";s:0:"";s:13:"event_street1";s:0:"";s:13:"event_street2";s:0:"";s:10:"event_city";s:0:"";s:11:"event_state";s:0:"";s:12:"event_postal";s:0:"";}',
        1,1,'-',0,1,1);
INSERT INTO `form_encounter` (`id`, `date`, `reason`, `facility`, `facility_id`, `pid`, `encounter`,
     `onset_date`, `sensitivity`, `billing_note`, `pc_catid`, `last_level_billed`, `last_level_closed`, `last_stmt_date`, `stmt_count`,
      `provider_id`, `supervisor_id`, `invoice_refno`, `referral_source`, `billing_facility`) VALUES
    ('58','2017-3-1 11:00:00', 'Test Encounter', 'Your Clinic Name Here', '3','10','58', '0000-00-00 00:00:00', 'normal', 'NULL','3', '0', '0','NULL', '0', '1', '0', '', '', '3');
INSERT INTO `forms` (`id`, `date`, `encounter`, `form_name`, `form_id`, `pid`, `user`, `groupname`, `authorized`, `deleted`, `formdir`) VALUES
    ('58','2017-3-1 11:00:00','58', 'Patient Encounter', '58', '10', 'admin', 'Default', '1', '0', 'patient_encounter');
INSERT INTO `libreehr_postcalendar_events` 
        (`pc_catid`,`pc_multiple`,`pc_aid`,`pc_pid`,`pc_title`,`pc_time`,`pc_hometext`,`pc_comments`,`pc_counter`,`pc_topic`,`pc_informant`,`pc_eventDate`,
        `pc_endDate`,`pc_duration`,`pc_recurrtype`,`pc_recurrspec`,`pc_recurrfreq`,`pc_startTime`,`pc_endTime`,`pc_alldayevent`,`pc_location`,`pc_eventstatus`,
        `pc_sharing`,`pc_apptstatus`,`pc_prefcatid`,`pc_facility`,`pc_billing_location`)VALUES
        ( 1,57,'1','10','Office Visit','2017-3-1 11:00:00','Clinical Appointment',0,0,1,'1',
        '2017-3-1 11:00:00','0000-00-00',900,0,
        'a:6:{s:17:"event_repeat_freq";s:1:"0";s:22:"event_repeat_freq_type";s:1:"0";s:19:"event_repeat_on_num";s:1:"1";s:19:"event_repeat_on_day";s:1:"0";s:20:"event_repeat_on_freq";s:1:"0";s:6:"exdate";s:0:"";}',
        0,'11:00:00','11:15:00',0,
        'a:6:{s:14:"event_location";s:0:"";s:13:"event_street1";s:0:"";s:13:"event_street2";s:0:"";s:10:"event_city";s:0:"";s:11:"event_state";s:0:"";s:12:"event_postal";s:0:"";}',
        1,1,'-',0,1,1);
INSERT INTO `form_encounter` (`id`, `date`, `reason`, `facility`, `facility_id`, `pid`, `encounter`,
     `onset_date`, `sensitivity`, `billing_note`, `pc_catid`, `last_level_billed`, `last_level_closed`, `last_stmt_date`, `stmt_count`,
      `provider_id`, `supervisor_id`, `invoice_refno`, `referral_source`, `billing_facility`) VALUES
    ('59','2017-3-31 13:30:00', 'Test Encounter', 'Your Clinic Name Here', '3','10','59', '0000-00-00 00:00:00', 'normal', 'NULL','5', '0', '0','NULL', '0', '1', '0', '', '', '3');
INSERT INTO `forms` (`id`, `date`, `encounter`, `form_name`, `form_id`, `pid`, `user`, `groupname`, `authorized`, `deleted`, `formdir`) VALUES
    ('59','2017-3-31 13:30:00','59', 'Patient Encounter', '59', '10', 'admin', 'Default', '1', '0', 'patient_encounter');
INSERT INTO `libreehr_postcalendar_events` 
        (`pc_catid`,`pc_multiple`,`pc_aid`,`pc_pid`,`pc_title`,`pc_time`,`pc_hometext`,`pc_comments`,`pc_counter`,`pc_topic`,`pc_informant`,`pc_eventDate`,
        `pc_endDate`,`pc_duration`,`pc_recurrtype`,`pc_recurrspec`,`pc_recurrfreq`,`pc_startTime`,`pc_endTime`,`pc_alldayevent`,`pc_location`,`pc_eventstatus`,
        `pc_sharing`,`pc_apptstatus`,`pc_prefcatid`,`pc_facility`,`pc_billing_location`)VALUES
        ( 1,58,'1','10','Office Visit','2017-3-31 13:30:00','Clinical Appointment',0,0,1,'1',
        '2017-3-31 13:30:00','0000-00-00',900,0,
        'a:6:{s:17:"event_repeat_freq";s:1:"0";s:22:"event_repeat_freq_type";s:1:"0";s:19:"event_repeat_on_num";s:1:"1";s:19:"event_repeat_on_day";s:1:"0";s:20:"event_repeat_on_freq";s:1:"0";s:6:"exdate";s:0:"";}',
        0,'13:30:00','13:45:00',0,
        'a:6:{s:14:"event_location";s:0:"";s:13:"event_street1";s:0:"";s:13:"event_street2";s:0:"";s:10:"event_city";s:0:"";s:11:"event_state";s:0:"";s:12:"event_postal";s:0:"";}',
        1,1,'-',0,1,1);
INSERT INTO `form_encounter` (`id`, `date`, `reason`, `facility`, `facility_id`, `pid`, `encounter`,
     `onset_date`, `sensitivity`, `billing_note`, `pc_catid`, `last_level_billed`, `last_level_closed`, `last_stmt_date`, `stmt_count`,
      `provider_id`, `supervisor_id`, `invoice_refno`, `referral_source`, `billing_facility`) VALUES
    ('60','2017-4-30 11:00:00', 'Test Encounter', 'Your Clinic Name Here', '3','10','60', '0000-00-00 00:00:00', 'normal', 'NULL','1', '0', '0','NULL', '0', '1', '0', '', '', '3');
INSERT INTO `forms` (`id`, `date`, `encounter`, `form_name`, `form_id`, `pid`, `user`, `groupname`, `authorized`, `deleted`, `formdir`) VALUES
    ('60','2017-4-30 11:00:00','60', 'Patient Encounter', '60', '10', 'admin', 'Default', '1', '0', 'patient_encounter');
INSERT INTO `libreehr_postcalendar_events` 
        (`pc_catid`,`pc_multiple`,`pc_aid`,`pc_pid`,`pc_title`,`pc_time`,`pc_hometext`,`pc_comments`,`pc_counter`,`pc_topic`,`pc_informant`,`pc_eventDate`,
        `pc_endDate`,`pc_duration`,`pc_recurrtype`,`pc_recurrspec`,`pc_recurrfreq`,`pc_startTime`,`pc_endTime`,`pc_alldayevent`,`pc_location`,`pc_eventstatus`,
        `pc_sharing`,`pc_apptstatus`,`pc_prefcatid`,`pc_facility`,`pc_billing_location`)VALUES
        ( 1,59,'1','10','Office Visit','2017-4-30 11:00:00','Clinical Appointment',0,0,1,'1',
        '2017-4-30 11:00:00','0000-00-00',900,0,
        'a:6:{s:17:"event_repeat_freq";s:1:"0";s:22:"event_repeat_freq_type";s:1:"0";s:19:"event_repeat_on_num";s:1:"1";s:19:"event_repeat_on_day";s:1:"0";s:20:"event_repeat_on_freq";s:1:"0";s:6:"exdate";s:0:"";}',
        0,'11:00:00','11:15:00',0,
        'a:6:{s:14:"event_location";s:0:"";s:13:"event_street1";s:0:"";s:13:"event_street2";s:0:"";s:10:"event_city";s:0:"";s:11:"event_state";s:0:"";s:12:"event_postal";s:0:"";}',
        1,1,'-',0,1,1);
INSERT INTO `form_encounter` (`id`, `date`, `reason`, `facility`, `facility_id`, `pid`, `encounter`,
     `onset_date`, `sensitivity`, `billing_note`, `pc_catid`, `last_level_billed`, `last_level_closed`, `last_stmt_date`, `stmt_count`,
      `provider_id`, `supervisor_id`, `invoice_refno`, `referral_source`, `billing_facility`) VALUES
    ('61','2017-5-30 12:30:00', 'Test Encounter', 'Your Clinic Name Here', '3','10','61', '0000-00-00 00:00:00', 'normal', 'NULL','8', '0', '0','NULL', '0', '1', '0', '', '', '3');
INSERT INTO `forms` (`id`, `date`, `encounter`, `form_name`, `form_id`, `pid`, `user`, `groupname`, `authorized`, `deleted`, `formdir`) VALUES
    ('61','2017-5-30 12:30:00','61', 'Patient Encounter', '61', '10', 'admin', 'Default', '1', '0', 'patient_encounter');
INSERT INTO `libreehr_postcalendar_events` 
        (`pc_catid`,`pc_multiple`,`pc_aid`,`pc_pid`,`pc_title`,`pc_time`,`pc_hometext`,`pc_comments`,`pc_counter`,`pc_topic`,`pc_informant`,`pc_eventDate`,
        `pc_endDate`,`pc_duration`,`pc_recurrtype`,`pc_recurrspec`,`pc_recurrfreq`,`pc_startTime`,`pc_endTime`,`pc_alldayevent`,`pc_location`,`pc_eventstatus`,
        `pc_sharing`,`pc_apptstatus`,`pc_prefcatid`,`pc_facility`,`pc_billing_location`)VALUES
        ( 1,60,'1','10','Office Visit','2017-5-30 12:30:00','Clinical Appointment',0,0,1,'1',
        '2017-5-30 12:30:00','0000-00-00',900,0,
        'a:6:{s:17:"event_repeat_freq";s:1:"0";s:22:"event_repeat_freq_type";s:1:"0";s:19:"event_repeat_on_num";s:1:"1";s:19:"event_repeat_on_day";s:1:"0";s:20:"event_repeat_on_freq";s:1:"0";s:6:"exdate";s:0:"";}',
        0,'12:30:00','12:45:00',0,
        'a:6:{s:14:"event_location";s:0:"";s:13:"event_street1";s:0:"";s:13:"event_street2";s:0:"";s:10:"event_city";s:0:"";s:11:"event_state";s:0:"";s:12:"event_postal";s:0:"";}',
        1,1,'-',0,1,1);
INSERT INTO `form_encounter` (`id`, `date`, `reason`, `facility`, `facility_id`, `pid`, `encounter`,
     `onset_date`, `sensitivity`, `billing_note`, `pc_catid`, `last_level_billed`, `last_level_closed`, `last_stmt_date`, `stmt_count`,
      `provider_id`, `supervisor_id`, `invoice_refno`, `referral_source`, `billing_facility`) VALUES
    ('62','2017-6-29 15:15:00', 'Test Encounter', 'Your Clinic Name Here', '3','10','62', '0000-00-00 00:00:00', 'normal', 'NULL','8', '0', '0','NULL', '0', '1', '0', '', '', '3');
INSERT INTO `forms` (`id`, `date`, `encounter`, `form_name`, `form_id`, `pid`, `user`, `groupname`, `authorized`, `deleted`, `formdir`) VALUES
    ('62','2017-6-29 15:15:00','62', 'Patient Encounter', '62', '10', 'admin', 'Default', '1', '0', 'patient_encounter');
INSERT INTO `libreehr_postcalendar_events` 
        (`pc_catid`,`pc_multiple`,`pc_aid`,`pc_pid`,`pc_title`,`pc_time`,`pc_hometext`,`pc_comments`,`pc_counter`,`pc_topic`,`pc_informant`,`pc_eventDate`,
        `pc_endDate`,`pc_duration`,`pc_recurrtype`,`pc_recurrspec`,`pc_recurrfreq`,`pc_startTime`,`pc_endTime`,`pc_alldayevent`,`pc_location`,`pc_eventstatus`,
        `pc_sharing`,`pc_apptstatus`,`pc_prefcatid`,`pc_facility`,`pc_billing_location`)VALUES
        ( 1,61,'1','10','Office Visit','2017-6-29 15:15:00','Clinical Appointment',0,0,1,'1',
        '2017-6-29 15:15:00','0000-00-00',900,0,
        'a:6:{s:17:"event_repeat_freq";s:1:"0";s:22:"event_repeat_freq_type";s:1:"0";s:19:"event_repeat_on_num";s:1:"1";s:19:"event_repeat_on_day";s:1:"0";s:20:"event_repeat_on_freq";s:1:"0";s:6:"exdate";s:0:"";}',
        0,'15:15:00','15:30:00',0,
        'a:6:{s:14:"event_location";s:0:"";s:13:"event_street1";s:0:"";s:13:"event_street2";s:0:"";s:10:"event_city";s:0:"";s:11:"event_state";s:0:"";s:12:"event_postal";s:0:"";}',
        1,1,'-',0,1,1);
INSERT INTO `form_encounter` (`id`, `date`, `reason`, `facility`, `facility_id`, `pid`, `encounter`,
     `onset_date`, `sensitivity`, `billing_note`, `pc_catid`, `last_level_billed`, `last_level_closed`, `last_stmt_date`, `stmt_count`,
      `provider_id`, `supervisor_id`, `invoice_refno`, `referral_source`, `billing_facility`) VALUES
    ('63','2017-7-29 17:00:00', 'Test Encounter', 'Your Clinic Name Here', '3','10','63', '0000-00-00 00:00:00', 'normal', 'NULL','5', '0', '0','NULL', '0', '1', '0', '', '', '3');
INSERT INTO `forms` (`id`, `date`, `encounter`, `form_name`, `form_id`, `pid`, `user`, `groupname`, `authorized`, `deleted`, `formdir`) VALUES
    ('63','2017-7-29 17:00:00','63', 'Patient Encounter', '63', '10', 'admin', 'Default', '1', '0', 'patient_encounter');
INSERT INTO `libreehr_postcalendar_events` 
        (`pc_catid`,`pc_multiple`,`pc_aid`,`pc_pid`,`pc_title`,`pc_time`,`pc_hometext`,`pc_comments`,`pc_counter`,`pc_topic`,`pc_informant`,`pc_eventDate`,
        `pc_endDate`,`pc_duration`,`pc_recurrtype`,`pc_recurrspec`,`pc_recurrfreq`,`pc_startTime`,`pc_endTime`,`pc_alldayevent`,`pc_location`,`pc_eventstatus`,
        `pc_sharing`,`pc_apptstatus`,`pc_prefcatid`,`pc_facility`,`pc_billing_location`)VALUES
        ( 1,62,'1','10','Office Visit','2017-7-29 17:00:00','Clinical Appointment',0,0,1,'1',
        '2017-7-29 17:00:00','0000-00-00',900,0,
        'a:6:{s:17:"event_repeat_freq";s:1:"0";s:22:"event_repeat_freq_type";s:1:"0";s:19:"event_repeat_on_num";s:1:"1";s:19:"event_repeat_on_day";s:1:"0";s:20:"event_repeat_on_freq";s:1:"0";s:6:"exdate";s:0:"";}',
        0,'17:00:00','17:15:00',0,
        'a:6:{s:14:"event_location";s:0:"";s:13:"event_street1";s:0:"";s:13:"event_street2";s:0:"";s:10:"event_city";s:0:"";s:11:"event_state";s:0:"";s:12:"event_postal";s:0:"";}',
        1,1,'-',0,1,1);
INSERT INTO `form_encounter` (`id`, `date`, `reason`, `facility`, `facility_id`, `pid`, `encounter`,
     `onset_date`, `sensitivity`, `billing_note`, `pc_catid`, `last_level_billed`, `last_level_closed`, `last_stmt_date`, `stmt_count`,
      `provider_id`, `supervisor_id`, `invoice_refno`, `referral_source`, `billing_facility`) VALUES
    ('64','2017-8-28 10:00:00', 'Test Encounter', 'Your Clinic Name Here', '3','10','64', '0000-00-00 00:00:00', 'normal', 'NULL','2', '0', '0','NULL', '0', '1', '0', '', '', '3');
INSERT INTO `forms` (`id`, `date`, `encounter`, `form_name`, `form_id`, `pid`, `user`, `groupname`, `authorized`, `deleted`, `formdir`) VALUES
    ('64','2017-8-28 10:00:00','64', 'Patient Encounter', '64', '10', 'admin', 'Default', '1', '0', 'patient_encounter');
INSERT INTO `libreehr_postcalendar_events` 
        (`pc_catid`,`pc_multiple`,`pc_aid`,`pc_pid`,`pc_title`,`pc_time`,`pc_hometext`,`pc_comments`,`pc_counter`,`pc_topic`,`pc_informant`,`pc_eventDate`,
        `pc_endDate`,`pc_duration`,`pc_recurrtype`,`pc_recurrspec`,`pc_recurrfreq`,`pc_startTime`,`pc_endTime`,`pc_alldayevent`,`pc_location`,`pc_eventstatus`,
        `pc_sharing`,`pc_apptstatus`,`pc_prefcatid`,`pc_facility`,`pc_billing_location`)VALUES
        ( 1,63,'1','10','Office Visit','2017-8-28 10:00:00','Clinical Appointment',0,0,1,'1',
        '2017-8-28 10:00:00','0000-00-00',900,0,
        'a:6:{s:17:"event_repeat_freq";s:1:"0";s:22:"event_repeat_freq_type";s:1:"0";s:19:"event_repeat_on_num";s:1:"1";s:19:"event_repeat_on_day";s:1:"0";s:20:"event_repeat_on_freq";s:1:"0";s:6:"exdate";s:0:"";}',
        0,'10:00:00','10:15:00',0,
        'a:6:{s:14:"event_location";s:0:"";s:13:"event_street1";s:0:"";s:13:"event_street2";s:0:"";s:10:"event_city";s:0:"";s:11:"event_state";s:0:"";s:12:"event_postal";s:0:"";}',
        1,1,'-',0,1,1);
INSERT INTO `form_encounter` (`id`, `date`, `reason`, `facility`, `facility_id`, `pid`, `encounter`,
     `onset_date`, `sensitivity`, `billing_note`, `pc_catid`, `last_level_billed`, `last_level_closed`, `last_stmt_date`, `stmt_count`,
      `provider_id`, `supervisor_id`, `invoice_refno`, `referral_source`, `billing_facility`) VALUES
    ('65','2017-9-27 13:15:00', 'Test Encounter', 'Your Clinic Name Here', '3','10','65', '0000-00-00 00:00:00', 'normal', 'NULL','6', '0', '0','NULL', '0', '1', '0', '', '', '3');
INSERT INTO `forms` (`id`, `date`, `encounter`, `form_name`, `form_id`, `pid`, `user`, `groupname`, `authorized`, `deleted`, `formdir`) VALUES
    ('65','2017-9-27 13:15:00','65', 'Patient Encounter', '65', '10', 'admin', 'Default', '1', '0', 'patient_encounter');
INSERT INTO `libreehr_postcalendar_events` 
        (`pc_catid`,`pc_multiple`,`pc_aid`,`pc_pid`,`pc_title`,`pc_time`,`pc_hometext`,`pc_comments`,`pc_counter`,`pc_topic`,`pc_informant`,`pc_eventDate`,
        `pc_endDate`,`pc_duration`,`pc_recurrtype`,`pc_recurrspec`,`pc_recurrfreq`,`pc_startTime`,`pc_endTime`,`pc_alldayevent`,`pc_location`,`pc_eventstatus`,
        `pc_sharing`,`pc_apptstatus`,`pc_prefcatid`,`pc_facility`,`pc_billing_location`)VALUES
        ( 1,64,'1','10','Office Visit','2017-9-27 13:15:00','Clinical Appointment',0,0,1,'1',
        '2017-9-27 13:15:00','0000-00-00',900,0,
        'a:6:{s:17:"event_repeat_freq";s:1:"0";s:22:"event_repeat_freq_type";s:1:"0";s:19:"event_repeat_on_num";s:1:"1";s:19:"event_repeat_on_day";s:1:"0";s:20:"event_repeat_on_freq";s:1:"0";s:6:"exdate";s:0:"";}',
        0,'13:15:00','13:30:00',0,
        'a:6:{s:14:"event_location";s:0:"";s:13:"event_street1";s:0:"";s:13:"event_street2";s:0:"";s:10:"event_city";s:0:"";s:11:"event_state";s:0:"";s:12:"event_postal";s:0:"";}',
        1,1,'-',0,1,1);
INSERT INTO `patient_data` (`title`, `language`, `financial`, `fname`, `lname`, `mname`, `DOB`,`street`, `postal_code`, `city`, `state`,  `drivers_license`, `ss`,`occupation`, `phone_home`, `phone_biz`, `phone_contact`, `phone_cell`,`status`, `contact_relationship`, `date`, `sex`, `referrer`, `referrerID`,`providerID`, `email`, `ethnoracial`, `interpretter`, `migrantseasonal`,`family_size`, `monthly_income`, `homeless`, `financial_review`, `pubpid`,`pid`, `genericname1`, `genericval1`, `genericname2`, `genericval2`) VALUES
 ('Mr.','English','','RAFAEL','RIVERA','L.','1932-11-26','5180 OakBLVD','19255','Milford','OR','226578867','48404752',' ','(903) 891-5163','(903) 891-5163','(903) 891-5163','(903) 891-5163','married','Friend','2003-11-17 12:06:00','Male','TROY PETERSON','1','1','RAFAEL@LibreEHR.org','Chinese',' ',' ','6','4596',' ','000-00-00 00:00:00','11','11',' ',' ',' ',' ');
INSERT INTO `insurance_data` (`id`, `type`, `provider`, `plan_name`, `policy_number`,`group_number`, `subscriber_lname`, `subscriber_mname`, `subscriber_fname`, `subscriber_relationship`, `subscriber_ss`,`subscriber_DOB`, `subscriber_street`, `subscriber_postal_code`, `subscriber_city`, `subscriber_state`, `subscriber_country`,`subscriber_phone`, `subscriber_employer`, `subscriber_employer_street`, `subscriber_employer_postal_code`,`subscriber_employer_state`, `subscriber_employer_country`, `subscriber_employer_city`, `copay`, `date`, `pid`,`subscriber_sex`, `accept_assignment`) VALUES('28','primary','2651','Puce Mutual HMO','40193974','560382303','RIVERA','L.','RAFAEL','self','48404752','1932-11-26','5180 OakBLVD','19255','Milford','OR','Openemria','(903) 891-5163','OEMR.org','','','OR','Openemria','Milford','','2011-10-10','11','Male','FALSE');
INSERT INTO `insurance_data` (`id`, `type`, `provider`, `plan_name`, `policy_number`,`group_number`, `subscriber_lname`, `subscriber_mname`, `subscriber_fname`, `subscriber_relationship`, `subscriber_ss`,`subscriber_DOB`, `subscriber_street`, `subscriber_postal_code`, `subscriber_city`, `subscriber_state`, `subscriber_country`,`subscriber_phone`, `subscriber_employer`, `subscriber_employer_street`, `subscriber_employer_postal_code`,`subscriber_employer_state`, `subscriber_employer_country`, `subscriber_employer_city`, `copay`, `date`, `pid`,`subscriber_sex`, `accept_assignment`) VALUES('29','secondary','6843','Pink Provider Very LTD.','439616302','513917463','RIVERA','L.','RAFAEL','self','48404752','1932-11-26','5180 OakBLVD','19255','Milford','OR','Openemria','(903) 891-5163','OEMR.org','','','OR','Openemria','Milford','','2011-10-10','11','Male','FALSE');
INSERT INTO `insurance_data` (`id`, `type`, `provider`, `plan_name`, `policy_number`,`group_number`, `subscriber_lname`, `subscriber_mname`, `subscriber_fname`, `subscriber_relationship`, `subscriber_ss`,`subscriber_DOB`, `subscriber_street`, `subscriber_postal_code`, `subscriber_city`, `subscriber_state`, `subscriber_country`,`subscriber_phone`, `subscriber_employer`, `subscriber_employer_street`, `subscriber_employer_postal_code`,`subscriber_employer_state`, `subscriber_employer_country`, `subscriber_employer_city`, `copay`, `date`, `pid`,`subscriber_sex`, `accept_assignment`) VALUES('30','tertiary','8435','Backstreet Helpful Company','428517052','158089862','RIVERA','L.','RAFAEL','self','48404752','1932-11-26','5180 OakBLVD','19255','Milford','OR','Openemria','(903) 891-5163','OEMR.org','','','OR','Openemria','Milford','','2011-10-10','11','Male','FALSE');
INSERT INTO `form_encounter` (`id`, `date`, `reason`, `facility`, `facility_id`, `pid`, `encounter`,
     `onset_date`, `sensitivity`, `billing_note`, `pc_catid`, `last_level_billed`, `last_level_closed`, `last_stmt_date`, `stmt_count`,
      `provider_id`, `supervisor_id`, `invoice_refno`, `referral_source`, `billing_facility`) VALUES
    ('66','2017-5-30 15:15:00', 'Test Encounter', 'Your Clinic Name Here', '3','11','66', '0000-00-00 00:00:00', 'normal', 'NULL','10', '0', '0','NULL', '0', '1', '0', '', '', '3');
INSERT INTO `forms` (`id`, `date`, `encounter`, `form_name`, `form_id`, `pid`, `user`, `groupname`, `authorized`, `deleted`, `formdir`) VALUES
    ('66','2017-5-30 15:15:00','66', 'Patient Encounter', '66', '11', 'admin', 'Default', '1', '0', 'patient_encounter');
INSERT INTO `libreehr_postcalendar_events` 
        (`pc_catid`,`pc_multiple`,`pc_aid`,`pc_pid`,`pc_title`,`pc_time`,`pc_hometext`,`pc_comments`,`pc_counter`,`pc_topic`,`pc_informant`,`pc_eventDate`,
        `pc_endDate`,`pc_duration`,`pc_recurrtype`,`pc_recurrspec`,`pc_recurrfreq`,`pc_startTime`,`pc_endTime`,`pc_alldayevent`,`pc_location`,`pc_eventstatus`,
        `pc_sharing`,`pc_apptstatus`,`pc_prefcatid`,`pc_facility`,`pc_billing_location`)VALUES
        ( 1,65,'1','11','Office Visit','2017-5-30 15:15:00','Clinical Appointment',0,0,1,'1',
        '2017-5-30 15:15:00','0000-00-00',900,0,
        'a:6:{s:17:"event_repeat_freq";s:1:"0";s:22:"event_repeat_freq_type";s:1:"0";s:19:"event_repeat_on_num";s:1:"1";s:19:"event_repeat_on_day";s:1:"0";s:20:"event_repeat_on_freq";s:1:"0";s:6:"exdate";s:0:"";}',
        0,'15:15:00','15:30:00',0,
        'a:6:{s:14:"event_location";s:0:"";s:13:"event_street1";s:0:"";s:13:"event_street2";s:0:"";s:10:"event_city";s:0:"";s:11:"event_state";s:0:"";s:12:"event_postal";s:0:"";}',
        1,1,'-',0,1,1);
INSERT INTO `form_encounter` (`id`, `date`, `reason`, `facility`, `facility_id`, `pid`, `encounter`,
     `onset_date`, `sensitivity`, `billing_note`, `pc_catid`, `last_level_billed`, `last_level_closed`, `last_stmt_date`, `stmt_count`,
      `provider_id`, `supervisor_id`, `invoice_refno`, `referral_source`, `billing_facility`) VALUES
    ('67','2017-6-29 10:15:00', 'Test Encounter', 'Your Clinic Name Here', '3','11','67', '0000-00-00 00:00:00', 'normal', 'NULL','3', '0', '0','NULL', '0', '1', '0', '', '', '3');
INSERT INTO `forms` (`id`, `date`, `encounter`, `form_name`, `form_id`, `pid`, `user`, `groupname`, `authorized`, `deleted`, `formdir`) VALUES
    ('67','2017-6-29 10:15:00','67', 'Patient Encounter', '67', '11', 'admin', 'Default', '1', '0', 'patient_encounter');
INSERT INTO `libreehr_postcalendar_events` 
        (`pc_catid`,`pc_multiple`,`pc_aid`,`pc_pid`,`pc_title`,`pc_time`,`pc_hometext`,`pc_comments`,`pc_counter`,`pc_topic`,`pc_informant`,`pc_eventDate`,
        `pc_endDate`,`pc_duration`,`pc_recurrtype`,`pc_recurrspec`,`pc_recurrfreq`,`pc_startTime`,`pc_endTime`,`pc_alldayevent`,`pc_location`,`pc_eventstatus`,
        `pc_sharing`,`pc_apptstatus`,`pc_prefcatid`,`pc_facility`,`pc_billing_location`)VALUES
        ( 1,66,'1','11','Office Visit','2017-6-29 10:15:00','Clinical Appointment',0,0,1,'1',
        '2017-6-29 10:15:00','0000-00-00',900,0,
        'a:6:{s:17:"event_repeat_freq";s:1:"0";s:22:"event_repeat_freq_type";s:1:"0";s:19:"event_repeat_on_num";s:1:"1";s:19:"event_repeat_on_day";s:1:"0";s:20:"event_repeat_on_freq";s:1:"0";s:6:"exdate";s:0:"";}',
        0,'10:15:00','10:30:00',0,
        'a:6:{s:14:"event_location";s:0:"";s:13:"event_street1";s:0:"";s:13:"event_street2";s:0:"";s:10:"event_city";s:0:"";s:11:"event_state";s:0:"";s:12:"event_postal";s:0:"";}',
        1,1,'-',0,1,1);
INSERT INTO `form_encounter` (`id`, `date`, `reason`, `facility`, `facility_id`, `pid`, `encounter`,
     `onset_date`, `sensitivity`, `billing_note`, `pc_catid`, `last_level_billed`, `last_level_closed`, `last_stmt_date`, `stmt_count`,
      `provider_id`, `supervisor_id`, `invoice_refno`, `referral_source`, `billing_facility`) VALUES
    ('68','2017-7-29 15:15:00', 'Test Encounter', 'Your Clinic Name Here', '3','11','68', '0000-00-00 00:00:00', 'normal', 'NULL','4', '0', '0','NULL', '0', '1', '0', '', '', '3');
INSERT INTO `forms` (`id`, `date`, `encounter`, `form_name`, `form_id`, `pid`, `user`, `groupname`, `authorized`, `deleted`, `formdir`) VALUES
    ('68','2017-7-29 15:15:00','68', 'Patient Encounter', '68', '11', 'admin', 'Default', '1', '0', 'patient_encounter');
INSERT INTO `libreehr_postcalendar_events` 
        (`pc_catid`,`pc_multiple`,`pc_aid`,`pc_pid`,`pc_title`,`pc_time`,`pc_hometext`,`pc_comments`,`pc_counter`,`pc_topic`,`pc_informant`,`pc_eventDate`,
        `pc_endDate`,`pc_duration`,`pc_recurrtype`,`pc_recurrspec`,`pc_recurrfreq`,`pc_startTime`,`pc_endTime`,`pc_alldayevent`,`pc_location`,`pc_eventstatus`,
        `pc_sharing`,`pc_apptstatus`,`pc_prefcatid`,`pc_facility`,`pc_billing_location`)VALUES
        ( 1,67,'1','11','Office Visit','2017-7-29 15:15:00','Clinical Appointment',0,0,1,'1',
        '2017-7-29 15:15:00','0000-00-00',900,0,
        'a:6:{s:17:"event_repeat_freq";s:1:"0";s:22:"event_repeat_freq_type";s:1:"0";s:19:"event_repeat_on_num";s:1:"1";s:19:"event_repeat_on_day";s:1:"0";s:20:"event_repeat_on_freq";s:1:"0";s:6:"exdate";s:0:"";}',
        0,'15:15:00','15:30:00',0,
        'a:6:{s:14:"event_location";s:0:"";s:13:"event_street1";s:0:"";s:13:"event_street2";s:0:"";s:10:"event_city";s:0:"";s:11:"event_state";s:0:"";s:12:"event_postal";s:0:"";}',
        1,1,'-',0,1,1);
INSERT INTO `form_encounter` (`id`, `date`, `reason`, `facility`, `facility_id`, `pid`, `encounter`,
     `onset_date`, `sensitivity`, `billing_note`, `pc_catid`, `last_level_billed`, `last_level_closed`, `last_stmt_date`, `stmt_count`,
      `provider_id`, `supervisor_id`, `invoice_refno`, `referral_source`, `billing_facility`) VALUES
    ('69','2017-8-28 13:00:00', 'Test Encounter', 'Your Clinic Name Here', '3','11','69', '0000-00-00 00:00:00', 'normal', 'NULL','8', '0', '0','NULL', '0', '1', '0', '', '', '3');
INSERT INTO `forms` (`id`, `date`, `encounter`, `form_name`, `form_id`, `pid`, `user`, `groupname`, `authorized`, `deleted`, `formdir`) VALUES
    ('69','2017-8-28 13:00:00','69', 'Patient Encounter', '69', '11', 'admin', 'Default', '1', '0', 'patient_encounter');
INSERT INTO `libreehr_postcalendar_events` 
        (`pc_catid`,`pc_multiple`,`pc_aid`,`pc_pid`,`pc_title`,`pc_time`,`pc_hometext`,`pc_comments`,`pc_counter`,`pc_topic`,`pc_informant`,`pc_eventDate`,
        `pc_endDate`,`pc_duration`,`pc_recurrtype`,`pc_recurrspec`,`pc_recurrfreq`,`pc_startTime`,`pc_endTime`,`pc_alldayevent`,`pc_location`,`pc_eventstatus`,
        `pc_sharing`,`pc_apptstatus`,`pc_prefcatid`,`pc_facility`,`pc_billing_location`)VALUES
        ( 1,68,'1','11','Office Visit','2017-8-28 13:00:00','Clinical Appointment',0,0,1,'1',
        '2017-8-28 13:00:00','0000-00-00',900,0,
        'a:6:{s:17:"event_repeat_freq";s:1:"0";s:22:"event_repeat_freq_type";s:1:"0";s:19:"event_repeat_on_num";s:1:"1";s:19:"event_repeat_on_day";s:1:"0";s:20:"event_repeat_on_freq";s:1:"0";s:6:"exdate";s:0:"";}',
        0,'13:00:00','13:15:00',0,
        'a:6:{s:14:"event_location";s:0:"";s:13:"event_street1";s:0:"";s:13:"event_street2";s:0:"";s:10:"event_city";s:0:"";s:11:"event_state";s:0:"";s:12:"event_postal";s:0:"";}',
        1,1,'-',0,1,1);
INSERT INTO `form_encounter` (`id`, `date`, `reason`, `facility`, `facility_id`, `pid`, `encounter`,
     `onset_date`, `sensitivity`, `billing_note`, `pc_catid`, `last_level_billed`, `last_level_closed`, `last_stmt_date`, `stmt_count`,
      `provider_id`, `supervisor_id`, `invoice_refno`, `referral_source`, `billing_facility`) VALUES
    ('70','2017-9-27 12:00:00', 'Test Encounter', 'Your Clinic Name Here', '3','11','70', '0000-00-00 00:00:00', 'normal', 'NULL','7', '0', '0','NULL', '0', '1', '0', '', '', '3');
INSERT INTO `forms` (`id`, `date`, `encounter`, `form_name`, `form_id`, `pid`, `user`, `groupname`, `authorized`, `deleted`, `formdir`) VALUES
    ('70','2017-9-27 12:00:00','70', 'Patient Encounter', '70', '11', 'admin', 'Default', '1', '0', 'patient_encounter');
INSERT INTO `libreehr_postcalendar_events` 
        (`pc_catid`,`pc_multiple`,`pc_aid`,`pc_pid`,`pc_title`,`pc_time`,`pc_hometext`,`pc_comments`,`pc_counter`,`pc_topic`,`pc_informant`,`pc_eventDate`,
        `pc_endDate`,`pc_duration`,`pc_recurrtype`,`pc_recurrspec`,`pc_recurrfreq`,`pc_startTime`,`pc_endTime`,`pc_alldayevent`,`pc_location`,`pc_eventstatus`,
        `pc_sharing`,`pc_apptstatus`,`pc_prefcatid`,`pc_facility`,`pc_billing_location`)VALUES
        ( 1,69,'1','11','Office Visit','2017-9-27 12:00:00','Clinical Appointment',0,0,1,'1',
        '2017-9-27 12:00:00','0000-00-00',900,0,
        'a:6:{s:17:"event_repeat_freq";s:1:"0";s:22:"event_repeat_freq_type";s:1:"0";s:19:"event_repeat_on_num";s:1:"1";s:19:"event_repeat_on_day";s:1:"0";s:20:"event_repeat_on_freq";s:1:"0";s:6:"exdate";s:0:"";}',
        0,'12:00:00','12:15:00',0,
        'a:6:{s:14:"event_location";s:0:"";s:13:"event_street1";s:0:"";s:13:"event_street2";s:0:"";s:10:"event_city";s:0:"";s:11:"event_state";s:0:"";s:12:"event_postal";s:0:"";}',
        1,1,'-',0,1,1);
INSERT INTO `patient_data` (`title`, `language`, `financial`, `fname`, `lname`, `mname`, `DOB`,`street`, `postal_code`, `city`, `state`,  `drivers_license`, `ss`,`occupation`, `phone_home`, `phone_biz`, `phone_contact`, `phone_cell`,`status`, `contact_relationship`, `date`, `sex`, `referrer`, `referrerID`,`providerID`, `email`, `ethnoracial`, `interpretter`, `migrantseasonal`,`family_size`, `monthly_income`, `homeless`, `financial_review`, `pubpid`,`pid`, `genericname1`, `genericval1`, `genericname2`, `genericval2`) VALUES
 ('Mr.','English','','ADRIAN','SANCHEZ','O.','1932-2-4','9833 AppleSt.','15494','Fairview','NV','288081419','575467648',' ','(175) 116-4434','(175) 116-4434','(175) 116-4434','(175) 116-4434','single','Friend','2003-11-17 12:06:00','Male','LEO PRICE','1','1','ADRIAN@LibreEHR.org','Yankee',' ',' ','4','7252',' ','000-00-00 00:00:00','12','12',' ',' ',' ',' ');
INSERT INTO `insurance_data` (`id`, `type`, `provider`, `plan_name`, `policy_number`,`group_number`, `subscriber_lname`, `subscriber_mname`, `subscriber_fname`, `subscriber_relationship`, `subscriber_ss`,`subscriber_DOB`, `subscriber_street`, `subscriber_postal_code`, `subscriber_city`, `subscriber_state`, `subscriber_country`,`subscriber_phone`, `subscriber_employer`, `subscriber_employer_street`, `subscriber_employer_postal_code`,`subscriber_employer_state`, `subscriber_employer_country`, `subscriber_employer_city`, `copay`, `date`, `pid`,`subscriber_sex`, `accept_assignment`) VALUES('31','primary','7687','Green Assurance INC.','482278904','403488799','SANCHEZ','O.','ADRIAN','self','575467648','1932-2-4','9833 AppleSt.','15494','Fairview','NV','Openemria','(175) 116-4434','OEMR.org','','','NV','Openemria','Fairview','','2011-10-10','12','Male','FALSE');
INSERT INTO `insurance_data` (`id`, `type`, `provider`, `plan_name`, `policy_number`,`group_number`, `subscriber_lname`, `subscriber_mname`, `subscriber_fname`, `subscriber_relationship`, `subscriber_ss`,`subscriber_DOB`, `subscriber_street`, `subscriber_postal_code`, `subscriber_city`, `subscriber_state`, `subscriber_country`,`subscriber_phone`, `subscriber_employer`, `subscriber_employer_street`, `subscriber_employer_postal_code`,`subscriber_employer_state`, `subscriber_employer_country`, `subscriber_employer_city`, `copay`, `date`, `pid`,`subscriber_sex`, `accept_assignment`) VALUES('32','secondary','6887','Impersonal Insurance HMO','425785099','902062588','SANCHEZ','O.','ADRIAN','self','575467648','1932-2-4','9833 AppleSt.','15494','Fairview','NV','Openemria','(175) 116-4434','OEMR.org','','','NV','Openemria','Fairview','','2011-10-10','12','Male','FALSE');
INSERT INTO `insurance_data` (`id`, `type`, `provider`, `plan_name`, `policy_number`,`group_number`, `subscriber_lname`, `subscriber_mname`, `subscriber_fname`, `subscriber_relationship`, `subscriber_ss`,`subscriber_DOB`, `subscriber_street`, `subscriber_postal_code`, `subscriber_city`, `subscriber_state`, `subscriber_country`,`subscriber_phone`, `subscriber_employer`, `subscriber_employer_street`, `subscriber_employer_postal_code`,`subscriber_employer_state`, `subscriber_employer_country`, `subscriber_employer_city`, `copay`, `date`, `pid`,`subscriber_sex`, `accept_assignment`) VALUES('33','tertiary','6186','Green Mutual LTD','298959993','181736107','SANCHEZ','O.','ADRIAN','self','575467648','1932-2-4','9833 AppleSt.','15494','Fairview','NV','Openemria','(175) 116-4434','OEMR.org','','','NV','Openemria','Fairview','','2011-10-10','12','Male','FALSE');
INSERT INTO `form_encounter` (`id`, `date`, `reason`, `facility`, `facility_id`, `pid`, `encounter`,
     `onset_date`, `sensitivity`, `billing_note`, `pc_catid`, `last_level_billed`, `last_level_closed`, `last_stmt_date`, `stmt_count`,
      `provider_id`, `supervisor_id`, `invoice_refno`, `referral_source`, `billing_facility`) VALUES
    ('71','2017-6-29 15:00:00', 'Test Encounter', 'Your Clinic Name Here', '3','12','71', '0000-00-00 00:00:00', 'normal', 'NULL','8', '0', '0','NULL', '0', '1', '0', '', '', '3');
INSERT INTO `forms` (`id`, `date`, `encounter`, `form_name`, `form_id`, `pid`, `user`, `groupname`, `authorized`, `deleted`, `formdir`) VALUES
    ('71','2017-6-29 15:00:00','71', 'Patient Encounter', '71', '12', 'admin', 'Default', '1', '0', 'patient_encounter');
INSERT INTO `libreehr_postcalendar_events` 
        (`pc_catid`,`pc_multiple`,`pc_aid`,`pc_pid`,`pc_title`,`pc_time`,`pc_hometext`,`pc_comments`,`pc_counter`,`pc_topic`,`pc_informant`,`pc_eventDate`,
        `pc_endDate`,`pc_duration`,`pc_recurrtype`,`pc_recurrspec`,`pc_recurrfreq`,`pc_startTime`,`pc_endTime`,`pc_alldayevent`,`pc_location`,`pc_eventstatus`,
        `pc_sharing`,`pc_apptstatus`,`pc_prefcatid`,`pc_facility`,`pc_billing_location`)VALUES
        ( 1,70,'1','12','Office Visit','2017-6-29 15:00:00','Clinical Appointment',0,0,1,'1',
        '2017-6-29 15:00:00','0000-00-00',900,0,
        'a:6:{s:17:"event_repeat_freq";s:1:"0";s:22:"event_repeat_freq_type";s:1:"0";s:19:"event_repeat_on_num";s:1:"1";s:19:"event_repeat_on_day";s:1:"0";s:20:"event_repeat_on_freq";s:1:"0";s:6:"exdate";s:0:"";}',
        0,'15:00:00','15:15:00',0,
        'a:6:{s:14:"event_location";s:0:"";s:13:"event_street1";s:0:"";s:13:"event_street2";s:0:"";s:10:"event_city";s:0:"";s:11:"event_state";s:0:"";s:12:"event_postal";s:0:"";}',
        1,1,'-',0,1,1);
INSERT INTO `form_encounter` (`id`, `date`, `reason`, `facility`, `facility_id`, `pid`, `encounter`,
     `onset_date`, `sensitivity`, `billing_note`, `pc_catid`, `last_level_billed`, `last_level_closed`, `last_stmt_date`, `stmt_count`,
      `provider_id`, `supervisor_id`, `invoice_refno`, `referral_source`, `billing_facility`) VALUES
    ('72','2017-7-29 10:15:00', 'Test Encounter', 'Your Clinic Name Here', '3','12','72', '0000-00-00 00:00:00', 'normal', 'NULL','4', '0', '0','NULL', '0', '1', '0', '', '', '3');
INSERT INTO `forms` (`id`, `date`, `encounter`, `form_name`, `form_id`, `pid`, `user`, `groupname`, `authorized`, `deleted`, `formdir`) VALUES
    ('72','2017-7-29 10:15:00','72', 'Patient Encounter', '72', '12', 'admin', 'Default', '1', '0', 'patient_encounter');
INSERT INTO `libreehr_postcalendar_events` 
        (`pc_catid`,`pc_multiple`,`pc_aid`,`pc_pid`,`pc_title`,`pc_time`,`pc_hometext`,`pc_comments`,`pc_counter`,`pc_topic`,`pc_informant`,`pc_eventDate`,
        `pc_endDate`,`pc_duration`,`pc_recurrtype`,`pc_recurrspec`,`pc_recurrfreq`,`pc_startTime`,`pc_endTime`,`pc_alldayevent`,`pc_location`,`pc_eventstatus`,
        `pc_sharing`,`pc_apptstatus`,`pc_prefcatid`,`pc_facility`,`pc_billing_location`)VALUES
        ( 1,71,'1','12','Office Visit','2017-7-29 10:15:00','Clinical Appointment',0,0,1,'1',
        '2017-7-29 10:15:00','0000-00-00',900,0,
        'a:6:{s:17:"event_repeat_freq";s:1:"0";s:22:"event_repeat_freq_type";s:1:"0";s:19:"event_repeat_on_num";s:1:"1";s:19:"event_repeat_on_day";s:1:"0";s:20:"event_repeat_on_freq";s:1:"0";s:6:"exdate";s:0:"";}',
        0,'10:15:00','10:30:00',0,
        'a:6:{s:14:"event_location";s:0:"";s:13:"event_street1";s:0:"";s:13:"event_street2";s:0:"";s:10:"event_city";s:0:"";s:11:"event_state";s:0:"";s:12:"event_postal";s:0:"";}',
        1,1,'-',0,1,1);
INSERT INTO `form_encounter` (`id`, `date`, `reason`, `facility`, `facility_id`, `pid`, `encounter`,
     `onset_date`, `sensitivity`, `billing_note`, `pc_catid`, `last_level_billed`, `last_level_closed`, `last_stmt_date`, `stmt_count`,
      `provider_id`, `supervisor_id`, `invoice_refno`, `referral_source`, `billing_facility`) VALUES
    ('73','2017-8-28 16:15:00', 'Test Encounter', 'Your Clinic Name Here', '3','12','73', '0000-00-00 00:00:00', 'normal', 'NULL','6', '0', '0','NULL', '0', '1', '0', '', '', '3');
INSERT INTO `forms` (`id`, `date`, `encounter`, `form_name`, `form_id`, `pid`, `user`, `groupname`, `authorized`, `deleted`, `formdir`) VALUES
    ('73','2017-8-28 16:15:00','73', 'Patient Encounter', '73', '12', 'admin', 'Default', '1', '0', 'patient_encounter');
INSERT INTO `libreehr_postcalendar_events` 
        (`pc_catid`,`pc_multiple`,`pc_aid`,`pc_pid`,`pc_title`,`pc_time`,`pc_hometext`,`pc_comments`,`pc_counter`,`pc_topic`,`pc_informant`,`pc_eventDate`,
        `pc_endDate`,`pc_duration`,`pc_recurrtype`,`pc_recurrspec`,`pc_recurrfreq`,`pc_startTime`,`pc_endTime`,`pc_alldayevent`,`pc_location`,`pc_eventstatus`,
        `pc_sharing`,`pc_apptstatus`,`pc_prefcatid`,`pc_facility`,`pc_billing_location`)VALUES
        ( 1,72,'1','12','Office Visit','2017-8-28 16:15:00','Clinical Appointment',0,0,1,'1',
        '2017-8-28 16:15:00','0000-00-00',900,0,
        'a:6:{s:17:"event_repeat_freq";s:1:"0";s:22:"event_repeat_freq_type";s:1:"0";s:19:"event_repeat_on_num";s:1:"1";s:19:"event_repeat_on_day";s:1:"0";s:20:"event_repeat_on_freq";s:1:"0";s:6:"exdate";s:0:"";}',
        0,'16:15:00','16:30:00',0,
        'a:6:{s:14:"event_location";s:0:"";s:13:"event_street1";s:0:"";s:13:"event_street2";s:0:"";s:10:"event_city";s:0:"";s:11:"event_state";s:0:"";s:12:"event_postal";s:0:"";}',
        1,1,'-',0,1,1);
INSERT INTO `form_encounter` (`id`, `date`, `reason`, `facility`, `facility_id`, `pid`, `encounter`,
     `onset_date`, `sensitivity`, `billing_note`, `pc_catid`, `last_level_billed`, `last_level_closed`, `last_stmt_date`, `stmt_count`,
      `provider_id`, `supervisor_id`, `invoice_refno`, `referral_source`, `billing_facility`) VALUES
    ('74','2017-9-27 11:15:00', 'Test Encounter', 'Your Clinic Name Here', '3','12','74', '0000-00-00 00:00:00', 'normal', 'NULL','3', '0', '0','NULL', '0', '1', '0', '', '', '3');
INSERT INTO `forms` (`id`, `date`, `encounter`, `form_name`, `form_id`, `pid`, `user`, `groupname`, `authorized`, `deleted`, `formdir`) VALUES
    ('74','2017-9-27 11:15:00','74', 'Patient Encounter', '74', '12', 'admin', 'Default', '1', '0', 'patient_encounter');
INSERT INTO `libreehr_postcalendar_events` 
        (`pc_catid`,`pc_multiple`,`pc_aid`,`pc_pid`,`pc_title`,`pc_time`,`pc_hometext`,`pc_comments`,`pc_counter`,`pc_topic`,`pc_informant`,`pc_eventDate`,
        `pc_endDate`,`pc_duration`,`pc_recurrtype`,`pc_recurrspec`,`pc_recurrfreq`,`pc_startTime`,`pc_endTime`,`pc_alldayevent`,`pc_location`,`pc_eventstatus`,
        `pc_sharing`,`pc_apptstatus`,`pc_prefcatid`,`pc_facility`,`pc_billing_location`)VALUES
        ( 1,73,'1','12','Office Visit','2017-9-27 11:15:00','Clinical Appointment',0,0,1,'1',
        '2017-9-27 11:15:00','0000-00-00',900,0,
        'a:6:{s:17:"event_repeat_freq";s:1:"0";s:22:"event_repeat_freq_type";s:1:"0";s:19:"event_repeat_on_num";s:1:"1";s:19:"event_repeat_on_day";s:1:"0";s:20:"event_repeat_on_freq";s:1:"0";s:6:"exdate";s:0:"";}',
        0,'11:15:00','11:30:00',0,
        'a:6:{s:14:"event_location";s:0:"";s:13:"event_street1";s:0:"";s:13:"event_street2";s:0:"";s:10:"event_city";s:0:"";s:11:"event_state";s:0:"";s:12:"event_postal";s:0:"";}',
        1,1,'-',0,1,1);
INSERT INTO `patient_data` (`title`, `language`, `financial`, `fname`, `lname`, `mname`, `DOB`,`street`, `postal_code`, `city`, `state`,  `drivers_license`, `ss`,`occupation`, `phone_home`, `phone_biz`, `phone_contact`, `phone_cell`,`status`, `contact_relationship`, `date`, `sex`, `referrer`, `referrerID`,`providerID`, `email`, `ethnoracial`, `interpretter`, `migrantseasonal`,`family_size`, `monthly_income`, `homeless`, `financial_review`, `pubpid`,`pid`, `genericname1`, `genericval1`, `genericname2`, `genericval2`) VALUES
 ('Mr.','English','','JAIME','BARNES','P.','1980-2-21','8894 CherryHwy','3149','Washington','NE','41092953','173274920',' ','(227) 444-3991','(227) 444-3991','(227) 444-3991','(227) 444-3991','married','Friend','2003-11-17 12:06:00','Male','DUANE WRIGHT','1','1','JAIME@LibreEHR.org','Vietnamese',' ',' ','0','580',' ','000-00-00 00:00:00','13','13',' ',' ',' ',' ');
INSERT INTO `insurance_data` (`id`, `type`, `provider`, `plan_name`, `policy_number`,`group_number`, `subscriber_lname`, `subscriber_mname`, `subscriber_fname`, `subscriber_relationship`, `subscriber_ss`,`subscriber_DOB`, `subscriber_street`, `subscriber_postal_code`, `subscriber_city`, `subscriber_state`, `subscriber_country`,`subscriber_phone`, `subscriber_employer`, `subscriber_employer_street`, `subscriber_employer_postal_code`,`subscriber_employer_state`, `subscriber_employer_country`, `subscriber_employer_city`, `copay`, `date`, `pid`,`subscriber_sex`, `accept_assignment`) VALUES('34','primary','8435','Backstreet Helpful Company','869781258','311418788','BARNES','P.','JAIME','self','173274920','1980-2-21','8894 CherryHwy','3149','Washington','NE','Openemria','(227) 444-3991','OEMR.org','','','NE','Openemria','Washington','','2011-10-10','13','Male','TRUE');
INSERT INTO `insurance_data` (`id`, `type`, `provider`, `plan_name`, `policy_number`,`group_number`, `subscriber_lname`, `subscriber_mname`, `subscriber_fname`, `subscriber_relationship`, `subscriber_ss`,`subscriber_DOB`, `subscriber_street`, `subscriber_postal_code`, `subscriber_city`, `subscriber_state`, `subscriber_country`,`subscriber_phone`, `subscriber_employer`, `subscriber_employer_street`, `subscriber_employer_postal_code`,`subscriber_employer_state`, `subscriber_employer_country`, `subscriber_employer_city`, `copay`, `date`, `pid`,`subscriber_sex`, `accept_assignment`) VALUES('35','secondary','5612','Violet Group HMO','854662356','897309707','BARNES','P.','JAIME','self','173274920','1980-2-21','8894 CherryHwy','3149','Washington','NE','Openemria','(227) 444-3991','OEMR.org','','','NE','Openemria','Washington','','2011-10-10','13','Male','TRUE');
INSERT INTO `insurance_data` (`id`, `type`, `provider`, `plan_name`, `policy_number`,`group_number`, `subscriber_lname`, `subscriber_mname`, `subscriber_fname`, `subscriber_relationship`, `subscriber_ss`,`subscriber_DOB`, `subscriber_street`, `subscriber_postal_code`, `subscriber_city`, `subscriber_state`, `subscriber_country`,`subscriber_phone`, `subscriber_employer`, `subscriber_employer_street`, `subscriber_employer_postal_code`,`subscriber_employer_state`, `subscriber_employer_country`, `subscriber_employer_city`, `copay`, `date`, `pid`,`subscriber_sex`, `accept_assignment`) VALUES('36','tertiary','3362','Incompetent Provider Company','187779292','806434914','BARNES','P.','JAIME','self','173274920','1980-2-21','8894 CherryHwy','3149','Washington','NE','Openemria','(227) 444-3991','OEMR.org','','','NE','Openemria','Washington','','2011-10-10','13','Male','TRUE');
INSERT INTO `form_encounter` (`id`, `date`, `reason`, `facility`, `facility_id`, `pid`, `encounter`,
     `onset_date`, `sensitivity`, `billing_note`, `pc_catid`, `last_level_billed`, `last_level_closed`, `last_stmt_date`, `stmt_count`,
      `provider_id`, `supervisor_id`, `invoice_refno`, `referral_source`, `billing_facility`) VALUES
    ('75','2017-7-29 11:15:00', 'Test Encounter', 'Your Clinic Name Here', '3','13','75', '0000-00-00 00:00:00', 'normal', 'NULL','8', '0', '0','NULL', '0', '1', '0', '', '', '3');
INSERT INTO `forms` (`id`, `date`, `encounter`, `form_name`, `form_id`, `pid`, `user`, `groupname`, `authorized`, `deleted`, `formdir`) VALUES
    ('75','2017-7-29 11:15:00','75', 'Patient Encounter', '75', '13', 'admin', 'Default', '1', '0', 'patient_encounter');
INSERT INTO `libreehr_postcalendar_events` 
        (`pc_catid`,`pc_multiple`,`pc_aid`,`pc_pid`,`pc_title`,`pc_time`,`pc_hometext`,`pc_comments`,`pc_counter`,`pc_topic`,`pc_informant`,`pc_eventDate`,
        `pc_endDate`,`pc_duration`,`pc_recurrtype`,`pc_recurrspec`,`pc_recurrfreq`,`pc_startTime`,`pc_endTime`,`pc_alldayevent`,`pc_location`,`pc_eventstatus`,
        `pc_sharing`,`pc_apptstatus`,`pc_prefcatid`,`pc_facility`,`pc_billing_location`)VALUES
        ( 1,74,'1','13','Office Visit','2017-7-29 11:15:00','Clinical Appointment',0,0,1,'1',
        '2017-7-29 11:15:00','0000-00-00',900,0,
        'a:6:{s:17:"event_repeat_freq";s:1:"0";s:22:"event_repeat_freq_type";s:1:"0";s:19:"event_repeat_on_num";s:1:"1";s:19:"event_repeat_on_day";s:1:"0";s:20:"event_repeat_on_freq";s:1:"0";s:6:"exdate";s:0:"";}',
        0,'11:15:00','11:30:00',0,
        'a:6:{s:14:"event_location";s:0:"";s:13:"event_street1";s:0:"";s:13:"event_street2";s:0:"";s:10:"event_city";s:0:"";s:11:"event_state";s:0:"";s:12:"event_postal";s:0:"";}',
        1,1,'-',0,1,1);
INSERT INTO `form_encounter` (`id`, `date`, `reason`, `facility`, `facility_id`, `pid`, `encounter`,
     `onset_date`, `sensitivity`, `billing_note`, `pc_catid`, `last_level_billed`, `last_level_closed`, `last_stmt_date`, `stmt_count`,
      `provider_id`, `supervisor_id`, `invoice_refno`, `referral_source`, `billing_facility`) VALUES
    ('76','2017-8-28 10:15:00', 'Test Encounter', 'Your Clinic Name Here', '3','13','76', '0000-00-00 00:00:00', 'normal', 'NULL','9', '0', '0','NULL', '0', '1', '0', '', '', '3');
INSERT INTO `forms` (`id`, `date`, `encounter`, `form_name`, `form_id`, `pid`, `user`, `groupname`, `authorized`, `deleted`, `formdir`) VALUES
    ('76','2017-8-28 10:15:00','76', 'Patient Encounter', '76', '13', 'admin', 'Default', '1', '0', 'patient_encounter');
INSERT INTO `libreehr_postcalendar_events` 
        (`pc_catid`,`pc_multiple`,`pc_aid`,`pc_pid`,`pc_title`,`pc_time`,`pc_hometext`,`pc_comments`,`pc_counter`,`pc_topic`,`pc_informant`,`pc_eventDate`,
        `pc_endDate`,`pc_duration`,`pc_recurrtype`,`pc_recurrspec`,`pc_recurrfreq`,`pc_startTime`,`pc_endTime`,`pc_alldayevent`,`pc_location`,`pc_eventstatus`,
        `pc_sharing`,`pc_apptstatus`,`pc_prefcatid`,`pc_facility`,`pc_billing_location`)VALUES
        ( 1,75,'1','13','Office Visit','2017-8-28 10:15:00','Clinical Appointment',0,0,1,'1',
        '2017-8-28 10:15:00','0000-00-00',900,0,
        'a:6:{s:17:"event_repeat_freq";s:1:"0";s:22:"event_repeat_freq_type";s:1:"0";s:19:"event_repeat_on_num";s:1:"1";s:19:"event_repeat_on_day";s:1:"0";s:20:"event_repeat_on_freq";s:1:"0";s:6:"exdate";s:0:"";}',
        0,'10:15:00','10:30:00',0,
        'a:6:{s:14:"event_location";s:0:"";s:13:"event_street1";s:0:"";s:13:"event_street2";s:0:"";s:10:"event_city";s:0:"";s:11:"event_state";s:0:"";s:12:"event_postal";s:0:"";}',
        1,1,'-',0,1,1);
INSERT INTO `form_encounter` (`id`, `date`, `reason`, `facility`, `facility_id`, `pid`, `encounter`,
     `onset_date`, `sensitivity`, `billing_note`, `pc_catid`, `last_level_billed`, `last_level_closed`, `last_stmt_date`, `stmt_count`,
      `provider_id`, `supervisor_id`, `invoice_refno`, `referral_source`, `billing_facility`) VALUES
    ('77','2017-9-27 11:30:00', 'Test Encounter', 'Your Clinic Name Here', '3','13','77', '0000-00-00 00:00:00', 'normal', 'NULL','1', '0', '0','NULL', '0', '1', '0', '', '', '3');
INSERT INTO `forms` (`id`, `date`, `encounter`, `form_name`, `form_id`, `pid`, `user`, `groupname`, `authorized`, `deleted`, `formdir`) VALUES
    ('77','2017-9-27 11:30:00','77', 'Patient Encounter', '77', '13', 'admin', 'Default', '1', '0', 'patient_encounter');
INSERT INTO `libreehr_postcalendar_events` 
        (`pc_catid`,`pc_multiple`,`pc_aid`,`pc_pid`,`pc_title`,`pc_time`,`pc_hometext`,`pc_comments`,`pc_counter`,`pc_topic`,`pc_informant`,`pc_eventDate`,
        `pc_endDate`,`pc_duration`,`pc_recurrtype`,`pc_recurrspec`,`pc_recurrfreq`,`pc_startTime`,`pc_endTime`,`pc_alldayevent`,`pc_location`,`pc_eventstatus`,
        `pc_sharing`,`pc_apptstatus`,`pc_prefcatid`,`pc_facility`,`pc_billing_location`)VALUES
        ( 1,76,'1','13','Office Visit','2017-9-27 11:30:00','Clinical Appointment',0,0,1,'1',
        '2017-9-27 11:30:00','0000-00-00',900,0,
        'a:6:{s:17:"event_repeat_freq";s:1:"0";s:22:"event_repeat_freq_type";s:1:"0";s:19:"event_repeat_on_num";s:1:"1";s:19:"event_repeat_on_day";s:1:"0";s:20:"event_repeat_on_freq";s:1:"0";s:6:"exdate";s:0:"";}',
        0,'11:30:00','11:45:00',0,
        'a:6:{s:14:"event_location";s:0:"";s:13:"event_street1";s:0:"";s:13:"event_street2";s:0:"";s:10:"event_city";s:0:"";s:11:"event_state";s:0:"";s:12:"event_postal";s:0:"";}',
        1,1,'-',0,1,1);
INSERT INTO `patient_data` (`title`, `language`, `financial`, `fname`, `lname`, `mname`, `DOB`,`street`, `postal_code`, `city`, `state`,  `drivers_license`, `ss`,`occupation`, `phone_home`, `phone_biz`, `phone_contact`, `phone_cell`,`status`, `contact_relationship`, `date`, `sex`, `referrer`, `referrerID`,`providerID`, `email`, `ethnoracial`, `interpretter`, `migrantseasonal`,`family_size`, `monthly_income`, `homeless`, `financial_review`, `pubpid`,`pid`, `genericname1`, `genericval1`, `genericname2`, `genericval2`) VALUES
 ('Mr.','English','','HARRY','HALL','O.','1939-3-6','3293 PecanBLVD','6526','Lexington','PR','354894355','341596146',' ','(341) 256-5639','(341) 256-5639','(341) 256-5639','(341) 256-5639','single','Friend','2003-11-17 12:06:00','Male','MANUEL DAVIDSON','1','1','HARRY@LibreEHR.org','Chinese',' ',' ','9','4988',' ','000-00-00 00:00:00','14','14',' ',' ',' ',' ');
INSERT INTO `insurance_data` (`id`, `type`, `provider`, `plan_name`, `policy_number`,`group_number`, `subscriber_lname`, `subscriber_mname`, `subscriber_fname`, `subscriber_relationship`, `subscriber_ss`,`subscriber_DOB`, `subscriber_street`, `subscriber_postal_code`, `subscriber_city`, `subscriber_state`, `subscriber_country`,`subscriber_phone`, `subscriber_employer`, `subscriber_employer_street`, `subscriber_employer_postal_code`,`subscriber_employer_state`, `subscriber_employer_country`, `subscriber_employer_city`, `copay`, `date`, `pid`,`subscriber_sex`, `accept_assignment`) VALUES('37','primary','7687','Green Assurance INC.','304723924','601139990','HALL','O.','HARRY','self','341596146','1939-3-6','3293 PecanBLVD','6526','Lexington','PR','Openemria','(341) 256-5639','OEMR.org','','','PR','Openemria','Lexington','','2011-10-10','14','Male','FALSE');
INSERT INTO `insurance_data` (`id`, `type`, `provider`, `plan_name`, `policy_number`,`group_number`, `subscriber_lname`, `subscriber_mname`, `subscriber_fname`, `subscriber_relationship`, `subscriber_ss`,`subscriber_DOB`, `subscriber_street`, `subscriber_postal_code`, `subscriber_city`, `subscriber_state`, `subscriber_country`,`subscriber_phone`, `subscriber_employer`, `subscriber_employer_street`, `subscriber_employer_postal_code`,`subscriber_employer_state`, `subscriber_employer_country`, `subscriber_employer_city`, `copay`, `date`, `pid`,`subscriber_sex`, `accept_assignment`) VALUES('38','secondary','6887','Impersonal Insurance HMO','290957381','669124973','HALL','O.','HARRY','self','341596146','1939-3-6','3293 PecanBLVD','6526','Lexington','PR','Openemria','(341) 256-5639','OEMR.org','','','PR','Openemria','Lexington','','2011-10-10','14','Male','TRUE');
INSERT INTO `insurance_data` (`id`, `type`, `provider`, `plan_name`, `policy_number`,`group_number`, `subscriber_lname`, `subscriber_mname`, `subscriber_fname`, `subscriber_relationship`, `subscriber_ss`,`subscriber_DOB`, `subscriber_street`, `subscriber_postal_code`, `subscriber_city`, `subscriber_state`, `subscriber_country`,`subscriber_phone`, `subscriber_employer`, `subscriber_employer_street`, `subscriber_employer_postal_code`,`subscriber_employer_state`, `subscriber_employer_country`, `subscriber_employer_city`, `copay`, `date`, `pid`,`subscriber_sex`, `accept_assignment`) VALUES('39','tertiary','6186','Green Mutual LTD','859054511','249761790','HALL','O.','HARRY','self','341596146','1939-3-6','3293 PecanBLVD','6526','Lexington','PR','Openemria','(341) 256-5639','OEMR.org','','','PR','Openemria','Lexington','','2011-10-10','14','Male','TRUE');
INSERT INTO `form_encounter` (`id`, `date`, `reason`, `facility`, `facility_id`, `pid`, `encounter`,
     `onset_date`, `sensitivity`, `billing_note`, `pc_catid`, `last_level_billed`, `last_level_closed`, `last_stmt_date`, `stmt_count`,
      `provider_id`, `supervisor_id`, `invoice_refno`, `referral_source`, `billing_facility`) VALUES
    ('78','2017-4-30 16:00:00', 'Test Encounter', 'Your Clinic Name Here', '3','14','78', '0000-00-00 00:00:00', 'normal', 'NULL','3', '0', '0','NULL', '0', '1', '0', '', '', '3');
INSERT INTO `forms` (`id`, `date`, `encounter`, `form_name`, `form_id`, `pid`, `user`, `groupname`, `authorized`, `deleted`, `formdir`) VALUES
    ('78','2017-4-30 16:00:00','78', 'Patient Encounter', '78', '14', 'admin', 'Default', '1', '0', 'patient_encounter');
INSERT INTO `libreehr_postcalendar_events` 
        (`pc_catid`,`pc_multiple`,`pc_aid`,`pc_pid`,`pc_title`,`pc_time`,`pc_hometext`,`pc_comments`,`pc_counter`,`pc_topic`,`pc_informant`,`pc_eventDate`,
        `pc_endDate`,`pc_duration`,`pc_recurrtype`,`pc_recurrspec`,`pc_recurrfreq`,`pc_startTime`,`pc_endTime`,`pc_alldayevent`,`pc_location`,`pc_eventstatus`,
        `pc_sharing`,`pc_apptstatus`,`pc_prefcatid`,`pc_facility`,`pc_billing_location`)VALUES
        ( 1,77,'1','14','Office Visit','2017-4-30 16:00:00','Clinical Appointment',0,0,1,'1',
        '2017-4-30 16:00:00','0000-00-00',900,0,
        'a:6:{s:17:"event_repeat_freq";s:1:"0";s:22:"event_repeat_freq_type";s:1:"0";s:19:"event_repeat_on_num";s:1:"1";s:19:"event_repeat_on_day";s:1:"0";s:20:"event_repeat_on_freq";s:1:"0";s:6:"exdate";s:0:"";}',
        0,'16:00:00','16:15:00',0,
        'a:6:{s:14:"event_location";s:0:"";s:13:"event_street1";s:0:"";s:13:"event_street2";s:0:"";s:10:"event_city";s:0:"";s:11:"event_state";s:0:"";s:12:"event_postal";s:0:"";}',
        1,1,'-',0,1,1);
INSERT INTO `form_encounter` (`id`, `date`, `reason`, `facility`, `facility_id`, `pid`, `encounter`,
     `onset_date`, `sensitivity`, `billing_note`, `pc_catid`, `last_level_billed`, `last_level_closed`, `last_stmt_date`, `stmt_count`,
      `provider_id`, `supervisor_id`, `invoice_refno`, `referral_source`, `billing_facility`) VALUES
    ('79','2017-5-30 16:30:00', 'Test Encounter', 'Your Clinic Name Here', '3','14','79', '0000-00-00 00:00:00', 'normal', 'NULL','1', '0', '0','NULL', '0', '1', '0', '', '', '3');
INSERT INTO `forms` (`id`, `date`, `encounter`, `form_name`, `form_id`, `pid`, `user`, `groupname`, `authorized`, `deleted`, `formdir`) VALUES
    ('79','2017-5-30 16:30:00','79', 'Patient Encounter', '79', '14', 'admin', 'Default', '1', '0', 'patient_encounter');
INSERT INTO `libreehr_postcalendar_events` 
        (`pc_catid`,`pc_multiple`,`pc_aid`,`pc_pid`,`pc_title`,`pc_time`,`pc_hometext`,`pc_comments`,`pc_counter`,`pc_topic`,`pc_informant`,`pc_eventDate`,
        `pc_endDate`,`pc_duration`,`pc_recurrtype`,`pc_recurrspec`,`pc_recurrfreq`,`pc_startTime`,`pc_endTime`,`pc_alldayevent`,`pc_location`,`pc_eventstatus`,
        `pc_sharing`,`pc_apptstatus`,`pc_prefcatid`,`pc_facility`,`pc_billing_location`)VALUES
        ( 1,78,'1','14','Office Visit','2017-5-30 16:30:00','Clinical Appointment',0,0,1,'1',
        '2017-5-30 16:30:00','0000-00-00',900,0,
        'a:6:{s:17:"event_repeat_freq";s:1:"0";s:22:"event_repeat_freq_type";s:1:"0";s:19:"event_repeat_on_num";s:1:"1";s:19:"event_repeat_on_day";s:1:"0";s:20:"event_repeat_on_freq";s:1:"0";s:6:"exdate";s:0:"";}',
        0,'16:30:00','16:45:00',0,
        'a:6:{s:14:"event_location";s:0:"";s:13:"event_street1";s:0:"";s:13:"event_street2";s:0:"";s:10:"event_city";s:0:"";s:11:"event_state";s:0:"";s:12:"event_postal";s:0:"";}',
        1,1,'-',0,1,1);
INSERT INTO `form_encounter` (`id`, `date`, `reason`, `facility`, `facility_id`, `pid`, `encounter`,
     `onset_date`, `sensitivity`, `billing_note`, `pc_catid`, `last_level_billed`, `last_level_closed`, `last_stmt_date`, `stmt_count`,
      `provider_id`, `supervisor_id`, `invoice_refno`, `referral_source`, `billing_facility`) VALUES
    ('80','2017-6-29 16:00:00', 'Test Encounter', 'Your Clinic Name Here', '3','14','80', '0000-00-00 00:00:00', 'normal', 'NULL','8', '0', '0','NULL', '0', '1', '0', '', '', '3');
INSERT INTO `forms` (`id`, `date`, `encounter`, `form_name`, `form_id`, `pid`, `user`, `groupname`, `authorized`, `deleted`, `formdir`) VALUES
    ('80','2017-6-29 16:00:00','80', 'Patient Encounter', '80', '14', 'admin', 'Default', '1', '0', 'patient_encounter');
INSERT INTO `libreehr_postcalendar_events` 
        (`pc_catid`,`pc_multiple`,`pc_aid`,`pc_pid`,`pc_title`,`pc_time`,`pc_hometext`,`pc_comments`,`pc_counter`,`pc_topic`,`pc_informant`,`pc_eventDate`,
        `pc_endDate`,`pc_duration`,`pc_recurrtype`,`pc_recurrspec`,`pc_recurrfreq`,`pc_startTime`,`pc_endTime`,`pc_alldayevent`,`pc_location`,`pc_eventstatus`,
        `pc_sharing`,`pc_apptstatus`,`pc_prefcatid`,`pc_facility`,`pc_billing_location`)VALUES
        ( 1,79,'1','14','Office Visit','2017-6-29 16:00:00','Clinical Appointment',0,0,1,'1',
        '2017-6-29 16:00:00','0000-00-00',900,0,
        'a:6:{s:17:"event_repeat_freq";s:1:"0";s:22:"event_repeat_freq_type";s:1:"0";s:19:"event_repeat_on_num";s:1:"1";s:19:"event_repeat_on_day";s:1:"0";s:20:"event_repeat_on_freq";s:1:"0";s:6:"exdate";s:0:"";}',
        0,'16:00:00','16:15:00',0,
        'a:6:{s:14:"event_location";s:0:"";s:13:"event_street1";s:0:"";s:13:"event_street2";s:0:"";s:10:"event_city";s:0:"";s:11:"event_state";s:0:"";s:12:"event_postal";s:0:"";}',
        1,1,'-',0,1,1);
INSERT INTO `form_encounter` (`id`, `date`, `reason`, `facility`, `facility_id`, `pid`, `encounter`,
     `onset_date`, `sensitivity`, `billing_note`, `pc_catid`, `last_level_billed`, `last_level_closed`, `last_stmt_date`, `stmt_count`,
      `provider_id`, `supervisor_id`, `invoice_refno`, `referral_source`, `billing_facility`) VALUES
    ('81','2017-7-29 13:30:00', 'Test Encounter', 'Your Clinic Name Here', '3','14','81', '0000-00-00 00:00:00', 'normal', 'NULL','2', '0', '0','NULL', '0', '1', '0', '', '', '3');
INSERT INTO `forms` (`id`, `date`, `encounter`, `form_name`, `form_id`, `pid`, `user`, `groupname`, `authorized`, `deleted`, `formdir`) VALUES
    ('81','2017-7-29 13:30:00','81', 'Patient Encounter', '81', '14', 'admin', 'Default', '1', '0', 'patient_encounter');
INSERT INTO `libreehr_postcalendar_events` 
        (`pc_catid`,`pc_multiple`,`pc_aid`,`pc_pid`,`pc_title`,`pc_time`,`pc_hometext`,`pc_comments`,`pc_counter`,`pc_topic`,`pc_informant`,`pc_eventDate`,
        `pc_endDate`,`pc_duration`,`pc_recurrtype`,`pc_recurrspec`,`pc_recurrfreq`,`pc_startTime`,`pc_endTime`,`pc_alldayevent`,`pc_location`,`pc_eventstatus`,
        `pc_sharing`,`pc_apptstatus`,`pc_prefcatid`,`pc_facility`,`pc_billing_location`)VALUES
        ( 1,80,'1','14','Office Visit','2017-7-29 13:30:00','Clinical Appointment',0,0,1,'1',
        '2017-7-29 13:30:00','0000-00-00',900,0,
        'a:6:{s:17:"event_repeat_freq";s:1:"0";s:22:"event_repeat_freq_type";s:1:"0";s:19:"event_repeat_on_num";s:1:"1";s:19:"event_repeat_on_day";s:1:"0";s:20:"event_repeat_on_freq";s:1:"0";s:6:"exdate";s:0:"";}',
        0,'13:30:00','13:45:00',0,
        'a:6:{s:14:"event_location";s:0:"";s:13:"event_street1";s:0:"";s:13:"event_street2";s:0:"";s:10:"event_city";s:0:"";s:11:"event_state";s:0:"";s:12:"event_postal";s:0:"";}',
        1,1,'-',0,1,1);
INSERT INTO `form_encounter` (`id`, `date`, `reason`, `facility`, `facility_id`, `pid`, `encounter`,
     `onset_date`, `sensitivity`, `billing_note`, `pc_catid`, `last_level_billed`, `last_level_closed`, `last_stmt_date`, `stmt_count`,
      `provider_id`, `supervisor_id`, `invoice_refno`, `referral_source`, `billing_facility`) VALUES
    ('82','2017-8-28 11:15:00', 'Test Encounter', 'Your Clinic Name Here', '3','14','82', '0000-00-00 00:00:00', 'normal', 'NULL','6', '0', '0','NULL', '0', '1', '0', '', '', '3');
INSERT INTO `forms` (`id`, `date`, `encounter`, `form_name`, `form_id`, `pid`, `user`, `groupname`, `authorized`, `deleted`, `formdir`) VALUES
    ('82','2017-8-28 11:15:00','82', 'Patient Encounter', '82', '14', 'admin', 'Default', '1', '0', 'patient_encounter');
INSERT INTO `libreehr_postcalendar_events` 
        (`pc_catid`,`pc_multiple`,`pc_aid`,`pc_pid`,`pc_title`,`pc_time`,`pc_hometext`,`pc_comments`,`pc_counter`,`pc_topic`,`pc_informant`,`pc_eventDate`,
        `pc_endDate`,`pc_duration`,`pc_recurrtype`,`pc_recurrspec`,`pc_recurrfreq`,`pc_startTime`,`pc_endTime`,`pc_alldayevent`,`pc_location`,`pc_eventstatus`,
        `pc_sharing`,`pc_apptstatus`,`pc_prefcatid`,`pc_facility`,`pc_billing_location`)VALUES
        ( 1,81,'1','14','Office Visit','2017-8-28 11:15:00','Clinical Appointment',0,0,1,'1',
        '2017-8-28 11:15:00','0000-00-00',900,0,
        'a:6:{s:17:"event_repeat_freq";s:1:"0";s:22:"event_repeat_freq_type";s:1:"0";s:19:"event_repeat_on_num";s:1:"1";s:19:"event_repeat_on_day";s:1:"0";s:20:"event_repeat_on_freq";s:1:"0";s:6:"exdate";s:0:"";}',
        0,'11:15:00','11:30:00',0,
        'a:6:{s:14:"event_location";s:0:"";s:13:"event_street1";s:0:"";s:13:"event_street2";s:0:"";s:10:"event_city";s:0:"";s:11:"event_state";s:0:"";s:12:"event_postal";s:0:"";}',
        1,1,'-',0,1,1);
INSERT INTO `form_encounter` (`id`, `date`, `reason`, `facility`, `facility_id`, `pid`, `encounter`,
     `onset_date`, `sensitivity`, `billing_note`, `pc_catid`, `last_level_billed`, `last_level_closed`, `last_stmt_date`, `stmt_count`,
      `provider_id`, `supervisor_id`, `invoice_refno`, `referral_source`, `billing_facility`) VALUES
    ('83','2017-9-27 15:15:00', 'Test Encounter', 'Your Clinic Name Here', '3','14','83', '0000-00-00 00:00:00', 'normal', 'NULL','6', '0', '0','NULL', '0', '1', '0', '', '', '3');
INSERT INTO `forms` (`id`, `date`, `encounter`, `form_name`, `form_id`, `pid`, `user`, `groupname`, `authorized`, `deleted`, `formdir`) VALUES
    ('83','2017-9-27 15:15:00','83', 'Patient Encounter', '83', '14', 'admin', 'Default', '1', '0', 'patient_encounter');
INSERT INTO `libreehr_postcalendar_events` 
        (`pc_catid`,`pc_multiple`,`pc_aid`,`pc_pid`,`pc_title`,`pc_time`,`pc_hometext`,`pc_comments`,`pc_counter`,`pc_topic`,`pc_informant`,`pc_eventDate`,
        `pc_endDate`,`pc_duration`,`pc_recurrtype`,`pc_recurrspec`,`pc_recurrfreq`,`pc_startTime`,`pc_endTime`,`pc_alldayevent`,`pc_location`,`pc_eventstatus`,
        `pc_sharing`,`pc_apptstatus`,`pc_prefcatid`,`pc_facility`,`pc_billing_location`)VALUES
        ( 1,82,'1','14','Office Visit','2017-9-27 15:15:00','Clinical Appointment',0,0,1,'1',
        '2017-9-27 15:15:00','0000-00-00',900,0,
        'a:6:{s:17:"event_repeat_freq";s:1:"0";s:22:"event_repeat_freq_type";s:1:"0";s:19:"event_repeat_on_num";s:1:"1";s:19:"event_repeat_on_day";s:1:"0";s:20:"event_repeat_on_freq";s:1:"0";s:6:"exdate";s:0:"";}',
        0,'15:15:00','15:30:00',0,
        'a:6:{s:14:"event_location";s:0:"";s:13:"event_street1";s:0:"";s:13:"event_street2";s:0:"";s:10:"event_city";s:0:"";s:11:"event_state";s:0:"";s:12:"event_postal";s:0:"";}',
        1,1,'-',0,1,1);
INSERT INTO `patient_data` (`title`, `language`, `financial`, `fname`, `lname`, `mname`, `DOB`,`street`, `postal_code`, `city`, `state`,  `drivers_license`, `ss`,`occupation`, `phone_home`, `phone_biz`, `phone_contact`, `phone_cell`,`status`, `contact_relationship`, `date`, `sex`, `referrer`, `referrerID`,`providerID`, `email`, `ethnoracial`, `interpretter`, `migrantseasonal`,`family_size`, `monthly_income`, `homeless`, `financial_review`, `pubpid`,`pid`, `genericname1`, `genericval1`, `genericname2`, `genericval2`) VALUES
 ('Ms.','Spanish','','OLGA','GARZA','B.','1988-2-8','772 OakSt.','88212','Milton','MI','405068102','806868030',' ','(851) 278-8233','(851) 278-8233','(851) 278-8233','(851) 278-8233','single','Friend','2003-11-17 12:06:00','Female','TIMOTHY STANLEY','1','1','OLGA@LibreEHR.org','Americano',' ',' ','10','7600',' ','000-00-00 00:00:00','15','15',' ',' ',' ',' ');
INSERT INTO `insurance_data` (`id`, `type`, `provider`, `plan_name`, `policy_number`,`group_number`, `subscriber_lname`, `subscriber_mname`, `subscriber_fname`, `subscriber_relationship`, `subscriber_ss`,`subscriber_DOB`, `subscriber_street`, `subscriber_postal_code`, `subscriber_city`, `subscriber_state`, `subscriber_country`,`subscriber_phone`, `subscriber_employer`, `subscriber_employer_street`, `subscriber_employer_postal_code`,`subscriber_employer_state`, `subscriber_employer_country`, `subscriber_employer_city`, `copay`, `date`, `pid`,`subscriber_sex`, `accept_assignment`) VALUES('40','primary','8435','Backstreet Helpful Company','829114042','110253744','GARZA','B.','OLGA','self','806868030','1988-2-8','772 OakSt.','88212','Milton','MI','Openemria','(851) 278-8233','OEMR.org','','','MI','Openemria','Milton','','2011-10-10','15','Female','FALSE');
INSERT INTO `insurance_data` (`id`, `type`, `provider`, `plan_name`, `policy_number`,`group_number`, `subscriber_lname`, `subscriber_mname`, `subscriber_fname`, `subscriber_relationship`, `subscriber_ss`,`subscriber_DOB`, `subscriber_street`, `subscriber_postal_code`, `subscriber_city`, `subscriber_state`, `subscriber_country`,`subscriber_phone`, `subscriber_employer`, `subscriber_employer_street`, `subscriber_employer_postal_code`,`subscriber_employer_state`, `subscriber_employer_country`, `subscriber_employer_city`, `copay`, `date`, `pid`,`subscriber_sex`, `accept_assignment`) VALUES('41','secondary','5612','Violet Group HMO','640631198','631248711','GARZA','B.','OLGA','self','806868030','1988-2-8','772 OakSt.','88212','Milton','MI','Openemria','(851) 278-8233','OEMR.org','','','MI','Openemria','Milton','','2011-10-10','15','Female','TRUE');
INSERT INTO `insurance_data` (`id`, `type`, `provider`, `plan_name`, `policy_number`,`group_number`, `subscriber_lname`, `subscriber_mname`, `subscriber_fname`, `subscriber_relationship`, `subscriber_ss`,`subscriber_DOB`, `subscriber_street`, `subscriber_postal_code`, `subscriber_city`, `subscriber_state`, `subscriber_country`,`subscriber_phone`, `subscriber_employer`, `subscriber_employer_street`, `subscriber_employer_postal_code`,`subscriber_employer_state`, `subscriber_employer_country`, `subscriber_employer_city`, `copay`, `date`, `pid`,`subscriber_sex`, `accept_assignment`) VALUES('42','tertiary','3362','Incompetent Provider Company','558865048','263068089','GARZA','B.','OLGA','self','806868030','1988-2-8','772 OakSt.','88212','Milton','MI','Openemria','(851) 278-8233','OEMR.org','','','MI','Openemria','Milton','','2011-10-10','15','Female','FALSE');
INSERT INTO `form_encounter` (`id`, `date`, `reason`, `facility`, `facility_id`, `pid`, `encounter`,
     `onset_date`, `sensitivity`, `billing_note`, `pc_catid`, `last_level_billed`, `last_level_closed`, `last_stmt_date`, `stmt_count`,
      `provider_id`, `supervisor_id`, `invoice_refno`, `referral_source`, `billing_facility`) VALUES
    ('84','2017-5-30 10:30:00', 'Test Encounter', 'Your Clinic Name Here', '3','15','84', '0000-00-00 00:00:00', 'normal', 'NULL','7', '0', '0','NULL', '0', '1', '0', '', '', '3');
INSERT INTO `forms` (`id`, `date`, `encounter`, `form_name`, `form_id`, `pid`, `user`, `groupname`, `authorized`, `deleted`, `formdir`) VALUES
    ('84','2017-5-30 10:30:00','84', 'Patient Encounter', '84', '15', 'admin', 'Default', '1', '0', 'patient_encounter');
INSERT INTO `libreehr_postcalendar_events` 
        (`pc_catid`,`pc_multiple`,`pc_aid`,`pc_pid`,`pc_title`,`pc_time`,`pc_hometext`,`pc_comments`,`pc_counter`,`pc_topic`,`pc_informant`,`pc_eventDate`,
        `pc_endDate`,`pc_duration`,`pc_recurrtype`,`pc_recurrspec`,`pc_recurrfreq`,`pc_startTime`,`pc_endTime`,`pc_alldayevent`,`pc_location`,`pc_eventstatus`,
        `pc_sharing`,`pc_apptstatus`,`pc_prefcatid`,`pc_facility`,`pc_billing_location`)VALUES
        ( 1,83,'1','15','Office Visit','2017-5-30 10:30:00','Clinical Appointment',0,0,1,'1',
        '2017-5-30 10:30:00','0000-00-00',900,0,
        'a:6:{s:17:"event_repeat_freq";s:1:"0";s:22:"event_repeat_freq_type";s:1:"0";s:19:"event_repeat_on_num";s:1:"1";s:19:"event_repeat_on_day";s:1:"0";s:20:"event_repeat_on_freq";s:1:"0";s:6:"exdate";s:0:"";}',
        0,'10:30:00','10:45:00',0,
        'a:6:{s:14:"event_location";s:0:"";s:13:"event_street1";s:0:"";s:13:"event_street2";s:0:"";s:10:"event_city";s:0:"";s:11:"event_state";s:0:"";s:12:"event_postal";s:0:"";}',
        1,1,'-',0,1,1);
INSERT INTO `form_encounter` (`id`, `date`, `reason`, `facility`, `facility_id`, `pid`, `encounter`,
     `onset_date`, `sensitivity`, `billing_note`, `pc_catid`, `last_level_billed`, `last_level_closed`, `last_stmt_date`, `stmt_count`,
      `provider_id`, `supervisor_id`, `invoice_refno`, `referral_source`, `billing_facility`) VALUES
    ('85','2017-6-29 15:30:00', 'Test Encounter', 'Your Clinic Name Here', '3','15','85', '0000-00-00 00:00:00', 'normal', 'NULL','7', '0', '0','NULL', '0', '1', '0', '', '', '3');
INSERT INTO `forms` (`id`, `date`, `encounter`, `form_name`, `form_id`, `pid`, `user`, `groupname`, `authorized`, `deleted`, `formdir`) VALUES
    ('85','2017-6-29 15:30:00','85', 'Patient Encounter', '85', '15', 'admin', 'Default', '1', '0', 'patient_encounter');
INSERT INTO `libreehr_postcalendar_events` 
        (`pc_catid`,`pc_multiple`,`pc_aid`,`pc_pid`,`pc_title`,`pc_time`,`pc_hometext`,`pc_comments`,`pc_counter`,`pc_topic`,`pc_informant`,`pc_eventDate`,
        `pc_endDate`,`pc_duration`,`pc_recurrtype`,`pc_recurrspec`,`pc_recurrfreq`,`pc_startTime`,`pc_endTime`,`pc_alldayevent`,`pc_location`,`pc_eventstatus`,
        `pc_sharing`,`pc_apptstatus`,`pc_prefcatid`,`pc_facility`,`pc_billing_location`)VALUES
        ( 1,84,'1','15','Office Visit','2017-6-29 15:30:00','Clinical Appointment',0,0,1,'1',
        '2017-6-29 15:30:00','0000-00-00',900,0,
        'a:6:{s:17:"event_repeat_freq";s:1:"0";s:22:"event_repeat_freq_type";s:1:"0";s:19:"event_repeat_on_num";s:1:"1";s:19:"event_repeat_on_day";s:1:"0";s:20:"event_repeat_on_freq";s:1:"0";s:6:"exdate";s:0:"";}',
        0,'15:30:00','15:45:00',0,
        'a:6:{s:14:"event_location";s:0:"";s:13:"event_street1";s:0:"";s:13:"event_street2";s:0:"";s:10:"event_city";s:0:"";s:11:"event_state";s:0:"";s:12:"event_postal";s:0:"";}',
        1,1,'-',0,1,1);
INSERT INTO `form_encounter` (`id`, `date`, `reason`, `facility`, `facility_id`, `pid`, `encounter`,
     `onset_date`, `sensitivity`, `billing_note`, `pc_catid`, `last_level_billed`, `last_level_closed`, `last_stmt_date`, `stmt_count`,
      `provider_id`, `supervisor_id`, `invoice_refno`, `referral_source`, `billing_facility`) VALUES
    ('86','2017-7-29 16:00:00', 'Test Encounter', 'Your Clinic Name Here', '3','15','86', '0000-00-00 00:00:00', 'normal', 'NULL','8', '0', '0','NULL', '0', '1', '0', '', '', '3');
INSERT INTO `forms` (`id`, `date`, `encounter`, `form_name`, `form_id`, `pid`, `user`, `groupname`, `authorized`, `deleted`, `formdir`) VALUES
    ('86','2017-7-29 16:00:00','86', 'Patient Encounter', '86', '15', 'admin', 'Default', '1', '0', 'patient_encounter');
INSERT INTO `libreehr_postcalendar_events` 
        (`pc_catid`,`pc_multiple`,`pc_aid`,`pc_pid`,`pc_title`,`pc_time`,`pc_hometext`,`pc_comments`,`pc_counter`,`pc_topic`,`pc_informant`,`pc_eventDate`,
        `pc_endDate`,`pc_duration`,`pc_recurrtype`,`pc_recurrspec`,`pc_recurrfreq`,`pc_startTime`,`pc_endTime`,`pc_alldayevent`,`pc_location`,`pc_eventstatus`,
        `pc_sharing`,`pc_apptstatus`,`pc_prefcatid`,`pc_facility`,`pc_billing_location`)VALUES
        ( 1,85,'1','15','Office Visit','2017-7-29 16:00:00','Clinical Appointment',0,0,1,'1',
        '2017-7-29 16:00:00','0000-00-00',900,0,
        'a:6:{s:17:"event_repeat_freq";s:1:"0";s:22:"event_repeat_freq_type";s:1:"0";s:19:"event_repeat_on_num";s:1:"1";s:19:"event_repeat_on_day";s:1:"0";s:20:"event_repeat_on_freq";s:1:"0";s:6:"exdate";s:0:"";}',
        0,'16:00:00','16:15:00',0,
        'a:6:{s:14:"event_location";s:0:"";s:13:"event_street1";s:0:"";s:13:"event_street2";s:0:"";s:10:"event_city";s:0:"";s:11:"event_state";s:0:"";s:12:"event_postal";s:0:"";}',
        1,1,'-',0,1,1);
INSERT INTO `form_encounter` (`id`, `date`, `reason`, `facility`, `facility_id`, `pid`, `encounter`,
     `onset_date`, `sensitivity`, `billing_note`, `pc_catid`, `last_level_billed`, `last_level_closed`, `last_stmt_date`, `stmt_count`,
      `provider_id`, `supervisor_id`, `invoice_refno`, `referral_source`, `billing_facility`) VALUES
    ('87','2017-8-28 12:00:00', 'Test Encounter', 'Your Clinic Name Here', '3','15','87', '0000-00-00 00:00:00', 'normal', 'NULL','6', '0', '0','NULL', '0', '1', '0', '', '', '3');
INSERT INTO `forms` (`id`, `date`, `encounter`, `form_name`, `form_id`, `pid`, `user`, `groupname`, `authorized`, `deleted`, `formdir`) VALUES
    ('87','2017-8-28 12:00:00','87', 'Patient Encounter', '87', '15', 'admin', 'Default', '1', '0', 'patient_encounter');
INSERT INTO `libreehr_postcalendar_events` 
        (`pc_catid`,`pc_multiple`,`pc_aid`,`pc_pid`,`pc_title`,`pc_time`,`pc_hometext`,`pc_comments`,`pc_counter`,`pc_topic`,`pc_informant`,`pc_eventDate`,
        `pc_endDate`,`pc_duration`,`pc_recurrtype`,`pc_recurrspec`,`pc_recurrfreq`,`pc_startTime`,`pc_endTime`,`pc_alldayevent`,`pc_location`,`pc_eventstatus`,
        `pc_sharing`,`pc_apptstatus`,`pc_prefcatid`,`pc_facility`,`pc_billing_location`)VALUES
        ( 1,86,'1','15','Office Visit','2017-8-28 12:00:00','Clinical Appointment',0,0,1,'1',
        '2017-8-28 12:00:00','0000-00-00',900,0,
        'a:6:{s:17:"event_repeat_freq";s:1:"0";s:22:"event_repeat_freq_type";s:1:"0";s:19:"event_repeat_on_num";s:1:"1";s:19:"event_repeat_on_day";s:1:"0";s:20:"event_repeat_on_freq";s:1:"0";s:6:"exdate";s:0:"";}',
        0,'12:00:00','12:15:00',0,
        'a:6:{s:14:"event_location";s:0:"";s:13:"event_street1";s:0:"";s:13:"event_street2";s:0:"";s:10:"event_city";s:0:"";s:11:"event_state";s:0:"";s:12:"event_postal";s:0:"";}',
        1,1,'-',0,1,1);
INSERT INTO `form_encounter` (`id`, `date`, `reason`, `facility`, `facility_id`, `pid`, `encounter`,
     `onset_date`, `sensitivity`, `billing_note`, `pc_catid`, `last_level_billed`, `last_level_closed`, `last_stmt_date`, `stmt_count`,
      `provider_id`, `supervisor_id`, `invoice_refno`, `referral_source`, `billing_facility`) VALUES
    ('88','2017-9-27 12:15:00', 'Test Encounter', 'Your Clinic Name Here', '3','15','88', '0000-00-00 00:00:00', 'normal', 'NULL','9', '0', '0','NULL', '0', '1', '0', '', '', '3');
INSERT INTO `forms` (`id`, `date`, `encounter`, `form_name`, `form_id`, `pid`, `user`, `groupname`, `authorized`, `deleted`, `formdir`) VALUES
    ('88','2017-9-27 12:15:00','88', 'Patient Encounter', '88', '15', 'admin', 'Default', '1', '0', 'patient_encounter');
INSERT INTO `libreehr_postcalendar_events` 
        (`pc_catid`,`pc_multiple`,`pc_aid`,`pc_pid`,`pc_title`,`pc_time`,`pc_hometext`,`pc_comments`,`pc_counter`,`pc_topic`,`pc_informant`,`pc_eventDate`,
        `pc_endDate`,`pc_duration`,`pc_recurrtype`,`pc_recurrspec`,`pc_recurrfreq`,`pc_startTime`,`pc_endTime`,`pc_alldayevent`,`pc_location`,`pc_eventstatus`,
        `pc_sharing`,`pc_apptstatus`,`pc_prefcatid`,`pc_facility`,`pc_billing_location`)VALUES
        ( 1,87,'1','15','Office Visit','2017-9-27 12:15:00','Clinical Appointment',0,0,1,'1',
        '2017-9-27 12:15:00','0000-00-00',900,0,
        'a:6:{s:17:"event_repeat_freq";s:1:"0";s:22:"event_repeat_freq_type";s:1:"0";s:19:"event_repeat_on_num";s:1:"1";s:19:"event_repeat_on_day";s:1:"0";s:20:"event_repeat_on_freq";s:1:"0";s:6:"exdate";s:0:"";}',
        0,'12:15:00','12:30:00',0,
        'a:6:{s:14:"event_location";s:0:"";s:13:"event_street1";s:0:"";s:13:"event_street2";s:0:"";s:10:"event_city";s:0:"";s:11:"event_state";s:0:"";s:12:"event_postal";s:0:"";}',
        1,1,'-',0,1,1);
INSERT INTO `patient_data` (`title`, `language`, `financial`, `fname`, `lname`, `mname`, `DOB`,`street`, `postal_code`, `city`, `state`,  `drivers_license`, `ss`,`occupation`, `phone_home`, `phone_biz`, `phone_contact`, `phone_cell`,`status`, `contact_relationship`, `date`, `sex`, `referrer`, `referrerID`,`providerID`, `email`, `ethnoracial`, `interpretter`, `migrantseasonal`,`family_size`, `monthly_income`, `homeless`, `financial_review`, `pubpid`,`pid`, `genericname1`, `genericval1`, `genericname2`, `genericval2`) VALUES
 ('Mr.','English','','JEFF','HUNT','N.','1967-11-1','4957 PeachAve.','67961','Springfield','NC','393285913','718975877',' ','(433) 136-177','(433) 136-177','(433) 136-177','(433) 136-177','married','Friend','2003-11-17 12:06:00','Male','DOUGLAS ROBERTSON','1','1','JEFF@LibreEHR.org','Tejano',' ',' ','3','6331',' ','000-00-00 00:00:00','16','16',' ',' ',' ',' ');
INSERT INTO `insurance_data` (`id`, `type`, `provider`, `plan_name`, `policy_number`,`group_number`, `subscriber_lname`, `subscriber_mname`, `subscriber_fname`, `subscriber_relationship`, `subscriber_ss`,`subscriber_DOB`, `subscriber_street`, `subscriber_postal_code`, `subscriber_city`, `subscriber_state`, `subscriber_country`,`subscriber_phone`, `subscriber_employer`, `subscriber_employer_street`, `subscriber_employer_postal_code`,`subscriber_employer_state`, `subscriber_employer_country`, `subscriber_employer_city`, `copay`, `date`, `pid`,`subscriber_sex`, `accept_assignment`) VALUES('43','primary','6843','Pink Provider Very LTD.','184860634','322270511','HUNT','N.','JEFF','self','718975877','1967-11-1','4957 PeachAve.','67961','Springfield','NC','Openemria','(433) 136-177','OEMR.org','','','NC','Openemria','Springfield','','2011-10-10','16','Male','TRUE');
INSERT INTO `insurance_data` (`id`, `type`, `provider`, `plan_name`, `policy_number`,`group_number`, `subscriber_lname`, `subscriber_mname`, `subscriber_fname`, `subscriber_relationship`, `subscriber_ss`,`subscriber_DOB`, `subscriber_street`, `subscriber_postal_code`, `subscriber_city`, `subscriber_state`, `subscriber_country`,`subscriber_phone`, `subscriber_employer`, `subscriber_employer_street`, `subscriber_employer_postal_code`,`subscriber_employer_state`, `subscriber_employer_country`, `subscriber_employer_city`, `copay`, `date`, `pid`,`subscriber_sex`, `accept_assignment`) VALUES('44','secondary','8435','Backstreet Helpful Company','748499','569850007','HUNT','N.','JEFF','self','718975877','1967-11-1','4957 PeachAve.','67961','Springfield','NC','Openemria','(433) 136-177','OEMR.org','','','NC','Openemria','Springfield','','2011-10-10','16','Male','FALSE');
INSERT INTO `insurance_data` (`id`, `type`, `provider`, `plan_name`, `policy_number`,`group_number`, `subscriber_lname`, `subscriber_mname`, `subscriber_fname`, `subscriber_relationship`, `subscriber_ss`,`subscriber_DOB`, `subscriber_street`, `subscriber_postal_code`, `subscriber_city`, `subscriber_state`, `subscriber_country`,`subscriber_phone`, `subscriber_employer`, `subscriber_employer_street`, `subscriber_employer_postal_code`,`subscriber_employer_state`, `subscriber_employer_country`, `subscriber_employer_city`, `copay`, `date`, `pid`,`subscriber_sex`, `accept_assignment`) VALUES('45','tertiary','5612','Violet Group HMO','363113667','728543171','HUNT','N.','JEFF','self','718975877','1967-11-1','4957 PeachAve.','67961','Springfield','NC','Openemria','(433) 136-177','OEMR.org','','','NC','Openemria','Springfield','','2011-10-10','16','Male','TRUE');
INSERT INTO `form_encounter` (`id`, `date`, `reason`, `facility`, `facility_id`, `pid`, `encounter`,
     `onset_date`, `sensitivity`, `billing_note`, `pc_catid`, `last_level_billed`, `last_level_closed`, `last_stmt_date`, `stmt_count`,
      `provider_id`, `supervisor_id`, `invoice_refno`, `referral_source`, `billing_facility`) VALUES
    ('89','2017-8-28 17:15:00', 'Test Encounter', 'Your Clinic Name Here', '3','16','89', '0000-00-00 00:00:00', 'normal', 'NULL','5', '0', '0','NULL', '0', '1', '0', '', '', '3');
INSERT INTO `forms` (`id`, `date`, `encounter`, `form_name`, `form_id`, `pid`, `user`, `groupname`, `authorized`, `deleted`, `formdir`) VALUES
    ('89','2017-8-28 17:15:00','89', 'Patient Encounter', '89', '16', 'admin', 'Default', '1', '0', 'patient_encounter');
INSERT INTO `libreehr_postcalendar_events` 
        (`pc_catid`,`pc_multiple`,`pc_aid`,`pc_pid`,`pc_title`,`pc_time`,`pc_hometext`,`pc_comments`,`pc_counter`,`pc_topic`,`pc_informant`,`pc_eventDate`,
        `pc_endDate`,`pc_duration`,`pc_recurrtype`,`pc_recurrspec`,`pc_recurrfreq`,`pc_startTime`,`pc_endTime`,`pc_alldayevent`,`pc_location`,`pc_eventstatus`,
        `pc_sharing`,`pc_apptstatus`,`pc_prefcatid`,`pc_facility`,`pc_billing_location`)VALUES
        ( 1,88,'1','16','Office Visit','2017-8-28 17:15:00','Clinical Appointment',0,0,1,'1',
        '2017-8-28 17:15:00','0000-00-00',900,0,
        'a:6:{s:17:"event_repeat_freq";s:1:"0";s:22:"event_repeat_freq_type";s:1:"0";s:19:"event_repeat_on_num";s:1:"1";s:19:"event_repeat_on_day";s:1:"0";s:20:"event_repeat_on_freq";s:1:"0";s:6:"exdate";s:0:"";}',
        0,'17:15:00','17:30:00',0,
        'a:6:{s:14:"event_location";s:0:"";s:13:"event_street1";s:0:"";s:13:"event_street2";s:0:"";s:10:"event_city";s:0:"";s:11:"event_state";s:0:"";s:12:"event_postal";s:0:"";}',
        1,1,'-',0,1,1);
INSERT INTO `form_encounter` (`id`, `date`, `reason`, `facility`, `facility_id`, `pid`, `encounter`,
     `onset_date`, `sensitivity`, `billing_note`, `pc_catid`, `last_level_billed`, `last_level_closed`, `last_stmt_date`, `stmt_count`,
      `provider_id`, `supervisor_id`, `invoice_refno`, `referral_source`, `billing_facility`) VALUES
    ('90','2017-9-27 12:00:00', 'Test Encounter', 'Your Clinic Name Here', '3','16','90', '0000-00-00 00:00:00', 'normal', 'NULL','3', '0', '0','NULL', '0', '1', '0', '', '', '3');
INSERT INTO `forms` (`id`, `date`, `encounter`, `form_name`, `form_id`, `pid`, `user`, `groupname`, `authorized`, `deleted`, `formdir`) VALUES
    ('90','2017-9-27 12:00:00','90', 'Patient Encounter', '90', '16', 'admin', 'Default', '1', '0', 'patient_encounter');
INSERT INTO `libreehr_postcalendar_events` 
        (`pc_catid`,`pc_multiple`,`pc_aid`,`pc_pid`,`pc_title`,`pc_time`,`pc_hometext`,`pc_comments`,`pc_counter`,`pc_topic`,`pc_informant`,`pc_eventDate`,
        `pc_endDate`,`pc_duration`,`pc_recurrtype`,`pc_recurrspec`,`pc_recurrfreq`,`pc_startTime`,`pc_endTime`,`pc_alldayevent`,`pc_location`,`pc_eventstatus`,
        `pc_sharing`,`pc_apptstatus`,`pc_prefcatid`,`pc_facility`,`pc_billing_location`)VALUES
        ( 1,89,'1','16','Office Visit','2017-9-27 12:00:00','Clinical Appointment',0,0,1,'1',
        '2017-9-27 12:00:00','0000-00-00',900,0,
        'a:6:{s:17:"event_repeat_freq";s:1:"0";s:22:"event_repeat_freq_type";s:1:"0";s:19:"event_repeat_on_num";s:1:"1";s:19:"event_repeat_on_day";s:1:"0";s:20:"event_repeat_on_freq";s:1:"0";s:6:"exdate";s:0:"";}',
        0,'12:00:00','12:15:00',0,
        'a:6:{s:14:"event_location";s:0:"";s:13:"event_street1";s:0:"";s:13:"event_street2";s:0:"";s:10:"event_city";s:0:"";s:11:"event_state";s:0:"";s:12:"event_postal";s:0:"";}',
        1,1,'-',0,1,1);
INSERT INTO `patient_data` (`title`, `language`, `financial`, `fname`, `lname`, `mname`, `DOB`,`street`, `postal_code`, `city`, `state`,  `drivers_license`, `ss`,`occupation`, `phone_home`, `phone_biz`, `phone_contact`, `phone_cell`,`status`, `contact_relationship`, `date`, `sex`, `referrer`, `referrerID`,`providerID`, `email`, `ethnoracial`, `interpretter`, `migrantseasonal`,`family_size`, `monthly_income`, `homeless`, `financial_review`, `pubpid`,`pid`, `genericname1`, `genericval1`, `genericname2`, `genericval2`) VALUES
 ('Mr.','English','','WALLACE','GUTIERREZ','M.','1967-1-27','9511 AppleBLVD','27170','Kingston','NY','485335167','745572845',' ','(396) 836-3942','(396) 836-3942','(396) 836-3942','(396) 836-3942','married','Friend','2003-11-17 12:06:00','Male','ALFREDO STONE','1','1','WALLACE@LibreEHR.org','Americano',' ',' ','9','3976',' ','000-00-00 00:00:00','17','17',' ',' ',' ',' ');
INSERT INTO `insurance_data` (`id`, `type`, `provider`, `plan_name`, `policy_number`,`group_number`, `subscriber_lname`, `subscriber_mname`, `subscriber_fname`, `subscriber_relationship`, `subscriber_ss`,`subscriber_DOB`, `subscriber_street`, `subscriber_postal_code`, `subscriber_city`, `subscriber_state`, `subscriber_country`,`subscriber_phone`, `subscriber_employer`, `subscriber_employer_street`, `subscriber_employer_postal_code`,`subscriber_employer_state`, `subscriber_employer_country`, `subscriber_employer_city`, `copay`, `date`, `pid`,`subscriber_sex`, `accept_assignment`) VALUES('46','primary','6186','Green Mutual LTD','581401359','971739113','GUTIERREZ','M.','WALLACE','self','745572845','1967-1-27','9511 AppleBLVD','27170','Kingston','NY','Openemria','(396) 836-3942','OEMR.org','','','NY','Openemria','Kingston','','2011-10-10','17','Male','TRUE');
INSERT INTO `insurance_data` (`id`, `type`, `provider`, `plan_name`, `policy_number`,`group_number`, `subscriber_lname`, `subscriber_mname`, `subscriber_fname`, `subscriber_relationship`, `subscriber_ss`,`subscriber_DOB`, `subscriber_street`, `subscriber_postal_code`, `subscriber_city`, `subscriber_state`, `subscriber_country`,`subscriber_phone`, `subscriber_employer`, `subscriber_employer_street`, `subscriber_employer_postal_code`,`subscriber_employer_state`, `subscriber_employer_country`, `subscriber_employer_city`, `copay`, `date`, `pid`,`subscriber_sex`, `accept_assignment`) VALUES('47','secondary','7519','Litigeous Heartless LTD','281034530','343513317','GUTIERREZ','M.','WALLACE','self','745572845','1967-1-27','9511 AppleBLVD','27170','Kingston','NY','Openemria','(396) 836-3942','OEMR.org','','','NY','Openemria','Kingston','','2011-10-10','17','Male','FALSE');
INSERT INTO `insurance_data` (`id`, `type`, `provider`, `plan_name`, `policy_number`,`group_number`, `subscriber_lname`, `subscriber_mname`, `subscriber_fname`, `subscriber_relationship`, `subscriber_ss`,`subscriber_DOB`, `subscriber_street`, `subscriber_postal_code`, `subscriber_city`, `subscriber_state`, `subscriber_country`,`subscriber_phone`, `subscriber_employer`, `subscriber_employer_street`, `subscriber_employer_postal_code`,`subscriber_employer_state`, `subscriber_employer_country`, `subscriber_employer_city`, `copay`, `date`, `pid`,`subscriber_sex`, `accept_assignment`) VALUES('48','tertiary','2651','Puce Mutual HMO','231637242','676721111','GUTIERREZ','M.','WALLACE','self','745572845','1967-1-27','9511 AppleBLVD','27170','Kingston','NY','Openemria','(396) 836-3942','OEMR.org','','','NY','Openemria','Kingston','','2011-10-10','17','Male','FALSE');
INSERT INTO `form_encounter` (`id`, `date`, `reason`, `facility`, `facility_id`, `pid`, `encounter`,
     `onset_date`, `sensitivity`, `billing_note`, `pc_catid`, `last_level_billed`, `last_level_closed`, `last_stmt_date`, `stmt_count`,
      `provider_id`, `supervisor_id`, `invoice_refno`, `referral_source`, `billing_facility`) VALUES
    ('91','2017-6-29 15:15:00', 'Test Encounter', 'Your Clinic Name Here', '3','17','91', '0000-00-00 00:00:00', 'normal', 'NULL','9', '0', '0','NULL', '0', '1', '0', '', '', '3');
INSERT INTO `forms` (`id`, `date`, `encounter`, `form_name`, `form_id`, `pid`, `user`, `groupname`, `authorized`, `deleted`, `formdir`) VALUES
    ('91','2017-6-29 15:15:00','91', 'Patient Encounter', '91', '17', 'admin', 'Default', '1', '0', 'patient_encounter');
INSERT INTO `libreehr_postcalendar_events` 
        (`pc_catid`,`pc_multiple`,`pc_aid`,`pc_pid`,`pc_title`,`pc_time`,`pc_hometext`,`pc_comments`,`pc_counter`,`pc_topic`,`pc_informant`,`pc_eventDate`,
        `pc_endDate`,`pc_duration`,`pc_recurrtype`,`pc_recurrspec`,`pc_recurrfreq`,`pc_startTime`,`pc_endTime`,`pc_alldayevent`,`pc_location`,`pc_eventstatus`,
        `pc_sharing`,`pc_apptstatus`,`pc_prefcatid`,`pc_facility`,`pc_billing_location`)VALUES
        ( 1,90,'1','17','Office Visit','2017-6-29 15:15:00','Clinical Appointment',0,0,1,'1',
        '2017-6-29 15:15:00','0000-00-00',900,0,
        'a:6:{s:17:"event_repeat_freq";s:1:"0";s:22:"event_repeat_freq_type";s:1:"0";s:19:"event_repeat_on_num";s:1:"1";s:19:"event_repeat_on_day";s:1:"0";s:20:"event_repeat_on_freq";s:1:"0";s:6:"exdate";s:0:"";}',
        0,'15:15:00','15:30:00',0,
        'a:6:{s:14:"event_location";s:0:"";s:13:"event_street1";s:0:"";s:13:"event_street2";s:0:"";s:10:"event_city";s:0:"";s:11:"event_state";s:0:"";s:12:"event_postal";s:0:"";}',
        1,1,'-',0,1,1);
INSERT INTO `form_encounter` (`id`, `date`, `reason`, `facility`, `facility_id`, `pid`, `encounter`,
     `onset_date`, `sensitivity`, `billing_note`, `pc_catid`, `last_level_billed`, `last_level_closed`, `last_stmt_date`, `stmt_count`,
      `provider_id`, `supervisor_id`, `invoice_refno`, `referral_source`, `billing_facility`) VALUES
    ('92','2017-7-29 14:15:00', 'Test Encounter', 'Your Clinic Name Here', '3','17','92', '0000-00-00 00:00:00', 'normal', 'NULL','6', '0', '0','NULL', '0', '1', '0', '', '', '3');
INSERT INTO `forms` (`id`, `date`, `encounter`, `form_name`, `form_id`, `pid`, `user`, `groupname`, `authorized`, `deleted`, `formdir`) VALUES
    ('92','2017-7-29 14:15:00','92', 'Patient Encounter', '92', '17', 'admin', 'Default', '1', '0', 'patient_encounter');
INSERT INTO `libreehr_postcalendar_events` 
        (`pc_catid`,`pc_multiple`,`pc_aid`,`pc_pid`,`pc_title`,`pc_time`,`pc_hometext`,`pc_comments`,`pc_counter`,`pc_topic`,`pc_informant`,`pc_eventDate`,
        `pc_endDate`,`pc_duration`,`pc_recurrtype`,`pc_recurrspec`,`pc_recurrfreq`,`pc_startTime`,`pc_endTime`,`pc_alldayevent`,`pc_location`,`pc_eventstatus`,
        `pc_sharing`,`pc_apptstatus`,`pc_prefcatid`,`pc_facility`,`pc_billing_location`)VALUES
        ( 1,91,'1','17','Office Visit','2017-7-29 14:15:00','Clinical Appointment',0,0,1,'1',
        '2017-7-29 14:15:00','0000-00-00',900,0,
        'a:6:{s:17:"event_repeat_freq";s:1:"0";s:22:"event_repeat_freq_type";s:1:"0";s:19:"event_repeat_on_num";s:1:"1";s:19:"event_repeat_on_day";s:1:"0";s:20:"event_repeat_on_freq";s:1:"0";s:6:"exdate";s:0:"";}',
        0,'14:15:00','14:30:00',0,
        'a:6:{s:14:"event_location";s:0:"";s:13:"event_street1";s:0:"";s:13:"event_street2";s:0:"";s:10:"event_city";s:0:"";s:11:"event_state";s:0:"";s:12:"event_postal";s:0:"";}',
        1,1,'-',0,1,1);
INSERT INTO `form_encounter` (`id`, `date`, `reason`, `facility`, `facility_id`, `pid`, `encounter`,
     `onset_date`, `sensitivity`, `billing_note`, `pc_catid`, `last_level_billed`, `last_level_closed`, `last_stmt_date`, `stmt_count`,
      `provider_id`, `supervisor_id`, `invoice_refno`, `referral_source`, `billing_facility`) VALUES
    ('93','2017-8-28 17:30:00', 'Test Encounter', 'Your Clinic Name Here', '3','17','93', '0000-00-00 00:00:00', 'normal', 'NULL','10', '0', '0','NULL', '0', '1', '0', '', '', '3');
INSERT INTO `forms` (`id`, `date`, `encounter`, `form_name`, `form_id`, `pid`, `user`, `groupname`, `authorized`, `deleted`, `formdir`) VALUES
    ('93','2017-8-28 17:30:00','93', 'Patient Encounter', '93', '17', 'admin', 'Default', '1', '0', 'patient_encounter');
INSERT INTO `libreehr_postcalendar_events` 
        (`pc_catid`,`pc_multiple`,`pc_aid`,`pc_pid`,`pc_title`,`pc_time`,`pc_hometext`,`pc_comments`,`pc_counter`,`pc_topic`,`pc_informant`,`pc_eventDate`,
        `pc_endDate`,`pc_duration`,`pc_recurrtype`,`pc_recurrspec`,`pc_recurrfreq`,`pc_startTime`,`pc_endTime`,`pc_alldayevent`,`pc_location`,`pc_eventstatus`,
        `pc_sharing`,`pc_apptstatus`,`pc_prefcatid`,`pc_facility`,`pc_billing_location`)VALUES
        ( 1,92,'1','17','Office Visit','2017-8-28 17:30:00','Clinical Appointment',0,0,1,'1',
        '2017-8-28 17:30:00','0000-00-00',900,0,
        'a:6:{s:17:"event_repeat_freq";s:1:"0";s:22:"event_repeat_freq_type";s:1:"0";s:19:"event_repeat_on_num";s:1:"1";s:19:"event_repeat_on_day";s:1:"0";s:20:"event_repeat_on_freq";s:1:"0";s:6:"exdate";s:0:"";}',
        0,'17:30:00','17:45:00',0,
        'a:6:{s:14:"event_location";s:0:"";s:13:"event_street1";s:0:"";s:13:"event_street2";s:0:"";s:10:"event_city";s:0:"";s:11:"event_state";s:0:"";s:12:"event_postal";s:0:"";}',
        1,1,'-',0,1,1);
INSERT INTO `form_encounter` (`id`, `date`, `reason`, `facility`, `facility_id`, `pid`, `encounter`,
     `onset_date`, `sensitivity`, `billing_note`, `pc_catid`, `last_level_billed`, `last_level_closed`, `last_stmt_date`, `stmt_count`,
      `provider_id`, `supervisor_id`, `invoice_refno`, `referral_source`, `billing_facility`) VALUES
    ('94','2017-9-27 15:15:00', 'Test Encounter', 'Your Clinic Name Here', '3','17','94', '0000-00-00 00:00:00', 'normal', 'NULL','4', '0', '0','NULL', '0', '1', '0', '', '', '3');
INSERT INTO `forms` (`id`, `date`, `encounter`, `form_name`, `form_id`, `pid`, `user`, `groupname`, `authorized`, `deleted`, `formdir`) VALUES
    ('94','2017-9-27 15:15:00','94', 'Patient Encounter', '94', '17', 'admin', 'Default', '1', '0', 'patient_encounter');
INSERT INTO `libreehr_postcalendar_events` 
        (`pc_catid`,`pc_multiple`,`pc_aid`,`pc_pid`,`pc_title`,`pc_time`,`pc_hometext`,`pc_comments`,`pc_counter`,`pc_topic`,`pc_informant`,`pc_eventDate`,
        `pc_endDate`,`pc_duration`,`pc_recurrtype`,`pc_recurrspec`,`pc_recurrfreq`,`pc_startTime`,`pc_endTime`,`pc_alldayevent`,`pc_location`,`pc_eventstatus`,
        `pc_sharing`,`pc_apptstatus`,`pc_prefcatid`,`pc_facility`,`pc_billing_location`)VALUES
        ( 1,93,'1','17','Office Visit','2017-9-27 15:15:00','Clinical Appointment',0,0,1,'1',
        '2017-9-27 15:15:00','0000-00-00',900,0,
        'a:6:{s:17:"event_repeat_freq";s:1:"0";s:22:"event_repeat_freq_type";s:1:"0";s:19:"event_repeat_on_num";s:1:"1";s:19:"event_repeat_on_day";s:1:"0";s:20:"event_repeat_on_freq";s:1:"0";s:6:"exdate";s:0:"";}',
        0,'15:15:00','15:30:00',0,
        'a:6:{s:14:"event_location";s:0:"";s:13:"event_street1";s:0:"";s:13:"event_street2";s:0:"";s:10:"event_city";s:0:"";s:11:"event_state";s:0:"";s:12:"event_postal";s:0:"";}',
        1,1,'-',0,1,1);
INSERT INTO `patient_data` (`title`, `language`, `financial`, `fname`, `lname`, `mname`, `DOB`,`street`, `postal_code`, `city`, `state`,  `drivers_license`, `ss`,`occupation`, `phone_home`, `phone_biz`, `phone_contact`, `phone_cell`,`status`, `contact_relationship`, `date`, `sex`, `referrer`, `referrerID`,`providerID`, `email`, `ethnoracial`, `interpretter`, `migrantseasonal`,`family_size`, `monthly_income`, `homeless`, `financial_review`, `pubpid`,`pid`, `genericname1`, `genericval1`, `genericname2`, `genericval2`) VALUES
 ('Ms.','Spanish','','NICOLE','WEST','N.','1962-2-19','3896 FlowerAve.','89244','Hudson','WY','895511235','794026561',' ','(376) 668-9677','(376) 668-9677','(376) 668-9677','(376) 668-9677','single','Friend','2003-11-17 12:06:00','Female','RONALD COLEMAN','1','1','NICOLE@LibreEHR.org','Vietnamese',' ',' ','6','7378',' ','000-00-00 00:00:00','18','18',' ',' ',' ',' ');
INSERT INTO `insurance_data` (`id`, `type`, `provider`, `plan_name`, `policy_number`,`group_number`, `subscriber_lname`, `subscriber_mname`, `subscriber_fname`, `subscriber_relationship`, `subscriber_ss`,`subscriber_DOB`, `subscriber_street`, `subscriber_postal_code`, `subscriber_city`, `subscriber_state`, `subscriber_country`,`subscriber_phone`, `subscriber_employer`, `subscriber_employer_street`, `subscriber_employer_postal_code`,`subscriber_employer_state`, `subscriber_employer_country`, `subscriber_employer_city`, `copay`, `date`, `pid`,`subscriber_sex`, `accept_assignment`) VALUES('49','primary','5612','Violet Group HMO','3104690','212556620','WEST','N.','NICOLE','self','794026561','1962-2-19','3896 FlowerAve.','89244','Hudson','WY','Openemria','(376) 668-9677','OEMR.org','','','WY','Openemria','Hudson','','2011-10-10','18','Female','TRUE');
INSERT INTO `insurance_data` (`id`, `type`, `provider`, `plan_name`, `policy_number`,`group_number`, `subscriber_lname`, `subscriber_mname`, `subscriber_fname`, `subscriber_relationship`, `subscriber_ss`,`subscriber_DOB`, `subscriber_street`, `subscriber_postal_code`, `subscriber_city`, `subscriber_state`, `subscriber_country`,`subscriber_phone`, `subscriber_employer`, `subscriber_employer_street`, `subscriber_employer_postal_code`,`subscriber_employer_state`, `subscriber_employer_country`, `subscriber_employer_city`, `copay`, `date`, `pid`,`subscriber_sex`, `accept_assignment`) VALUES('50','secondary','3362','Incompetent Provider Company','323253179','125904686','WEST','N.','NICOLE','self','794026561','1962-2-19','3896 FlowerAve.','89244','Hudson','WY','Openemria','(376) 668-9677','OEMR.org','','','WY','Openemria','Hudson','','2011-10-10','18','Female','TRUE');
INSERT INTO `insurance_data` (`id`, `type`, `provider`, `plan_name`, `policy_number`,`group_number`, `subscriber_lname`, `subscriber_mname`, `subscriber_fname`, `subscriber_relationship`, `subscriber_ss`,`subscriber_DOB`, `subscriber_street`, `subscriber_postal_code`, `subscriber_city`, `subscriber_state`, `subscriber_country`,`subscriber_phone`, `subscriber_employer`, `subscriber_employer_street`, `subscriber_employer_postal_code`,`subscriber_employer_state`, `subscriber_employer_country`, `subscriber_employer_city`, `copay`, `date`, `pid`,`subscriber_sex`, `accept_assignment`) VALUES('51','tertiary','0','0','698612740','135289685','WEST','N.','NICOLE','self','794026561','1962-2-19','3896 FlowerAve.','89244','Hudson','WY','Openemria','(376) 668-9677','OEMR.org','','','WY','Openemria','Hudson','','2011-10-10','18','Female','TRUE');
INSERT INTO `form_encounter` (`id`, `date`, `reason`, `facility`, `facility_id`, `pid`, `encounter`,
     `onset_date`, `sensitivity`, `billing_note`, `pc_catid`, `last_level_billed`, `last_level_closed`, `last_stmt_date`, `stmt_count`,
      `provider_id`, `supervisor_id`, `invoice_refno`, `referral_source`, `billing_facility`) VALUES
    ('95','2017-7-29 11:00:00', 'Test Encounter', 'Your Clinic Name Here', '3','18','95', '0000-00-00 00:00:00', 'normal', 'NULL','6', '0', '0','NULL', '0', '1', '0', '', '', '3');
INSERT INTO `forms` (`id`, `date`, `encounter`, `form_name`, `form_id`, `pid`, `user`, `groupname`, `authorized`, `deleted`, `formdir`) VALUES
    ('95','2017-7-29 11:00:00','95', 'Patient Encounter', '95', '18', 'admin', 'Default', '1', '0', 'patient_encounter');
INSERT INTO `libreehr_postcalendar_events` 
        (`pc_catid`,`pc_multiple`,`pc_aid`,`pc_pid`,`pc_title`,`pc_time`,`pc_hometext`,`pc_comments`,`pc_counter`,`pc_topic`,`pc_informant`,`pc_eventDate`,
        `pc_endDate`,`pc_duration`,`pc_recurrtype`,`pc_recurrspec`,`pc_recurrfreq`,`pc_startTime`,`pc_endTime`,`pc_alldayevent`,`pc_location`,`pc_eventstatus`,
        `pc_sharing`,`pc_apptstatus`,`pc_prefcatid`,`pc_facility`,`pc_billing_location`)VALUES
        ( 1,94,'1','18','Office Visit','2017-7-29 11:00:00','Clinical Appointment',0,0,1,'1',
        '2017-7-29 11:00:00','0000-00-00',900,0,
        'a:6:{s:17:"event_repeat_freq";s:1:"0";s:22:"event_repeat_freq_type";s:1:"0";s:19:"event_repeat_on_num";s:1:"1";s:19:"event_repeat_on_day";s:1:"0";s:20:"event_repeat_on_freq";s:1:"0";s:6:"exdate";s:0:"";}',
        0,'11:00:00','11:15:00',0,
        'a:6:{s:14:"event_location";s:0:"";s:13:"event_street1";s:0:"";s:13:"event_street2";s:0:"";s:10:"event_city";s:0:"";s:11:"event_state";s:0:"";s:12:"event_postal";s:0:"";}',
        1,1,'-',0,1,1);
INSERT INTO `form_encounter` (`id`, `date`, `reason`, `facility`, `facility_id`, `pid`, `encounter`,
     `onset_date`, `sensitivity`, `billing_note`, `pc_catid`, `last_level_billed`, `last_level_closed`, `last_stmt_date`, `stmt_count`,
      `provider_id`, `supervisor_id`, `invoice_refno`, `referral_source`, `billing_facility`) VALUES
    ('96','2017-8-28 13:00:00', 'Test Encounter', 'Your Clinic Name Here', '3','18','96', '0000-00-00 00:00:00', 'normal', 'NULL','9', '0', '0','NULL', '0', '1', '0', '', '', '3');
INSERT INTO `forms` (`id`, `date`, `encounter`, `form_name`, `form_id`, `pid`, `user`, `groupname`, `authorized`, `deleted`, `formdir`) VALUES
    ('96','2017-8-28 13:00:00','96', 'Patient Encounter', '96', '18', 'admin', 'Default', '1', '0', 'patient_encounter');
INSERT INTO `libreehr_postcalendar_events` 
        (`pc_catid`,`pc_multiple`,`pc_aid`,`pc_pid`,`pc_title`,`pc_time`,`pc_hometext`,`pc_comments`,`pc_counter`,`pc_topic`,`pc_informant`,`pc_eventDate`,
        `pc_endDate`,`pc_duration`,`pc_recurrtype`,`pc_recurrspec`,`pc_recurrfreq`,`pc_startTime`,`pc_endTime`,`pc_alldayevent`,`pc_location`,`pc_eventstatus`,
        `pc_sharing`,`pc_apptstatus`,`pc_prefcatid`,`pc_facility`,`pc_billing_location`)VALUES
        ( 1,95,'1','18','Office Visit','2017-8-28 13:00:00','Clinical Appointment',0,0,1,'1',
        '2017-8-28 13:00:00','0000-00-00',900,0,
        'a:6:{s:17:"event_repeat_freq";s:1:"0";s:22:"event_repeat_freq_type";s:1:"0";s:19:"event_repeat_on_num";s:1:"1";s:19:"event_repeat_on_day";s:1:"0";s:20:"event_repeat_on_freq";s:1:"0";s:6:"exdate";s:0:"";}',
        0,'13:00:00','13:15:00',0,
        'a:6:{s:14:"event_location";s:0:"";s:13:"event_street1";s:0:"";s:13:"event_street2";s:0:"";s:10:"event_city";s:0:"";s:11:"event_state";s:0:"";s:12:"event_postal";s:0:"";}',
        1,1,'-',0,1,1);
INSERT INTO `form_encounter` (`id`, `date`, `reason`, `facility`, `facility_id`, `pid`, `encounter`,
     `onset_date`, `sensitivity`, `billing_note`, `pc_catid`, `last_level_billed`, `last_level_closed`, `last_stmt_date`, `stmt_count`,
      `provider_id`, `supervisor_id`, `invoice_refno`, `referral_source`, `billing_facility`) VALUES
    ('97','2017-9-27 11:00:00', 'Test Encounter', 'Your Clinic Name Here', '3','18','97', '0000-00-00 00:00:00', 'normal', 'NULL','9', '0', '0','NULL', '0', '1', '0', '', '', '3');
INSERT INTO `forms` (`id`, `date`, `encounter`, `form_name`, `form_id`, `pid`, `user`, `groupname`, `authorized`, `deleted`, `formdir`) VALUES
    ('97','2017-9-27 11:00:00','97', 'Patient Encounter', '97', '18', 'admin', 'Default', '1', '0', 'patient_encounter');
INSERT INTO `libreehr_postcalendar_events` 
        (`pc_catid`,`pc_multiple`,`pc_aid`,`pc_pid`,`pc_title`,`pc_time`,`pc_hometext`,`pc_comments`,`pc_counter`,`pc_topic`,`pc_informant`,`pc_eventDate`,
        `pc_endDate`,`pc_duration`,`pc_recurrtype`,`pc_recurrspec`,`pc_recurrfreq`,`pc_startTime`,`pc_endTime`,`pc_alldayevent`,`pc_location`,`pc_eventstatus`,
        `pc_sharing`,`pc_apptstatus`,`pc_prefcatid`,`pc_facility`,`pc_billing_location`)VALUES
        ( 1,96,'1','18','Office Visit','2017-9-27 11:00:00','Clinical Appointment',0,0,1,'1',
        '2017-9-27 11:00:00','0000-00-00',900,0,
        'a:6:{s:17:"event_repeat_freq";s:1:"0";s:22:"event_repeat_freq_type";s:1:"0";s:19:"event_repeat_on_num";s:1:"1";s:19:"event_repeat_on_day";s:1:"0";s:20:"event_repeat_on_freq";s:1:"0";s:6:"exdate";s:0:"";}',
        0,'11:00:00','11:15:00',0,
        'a:6:{s:14:"event_location";s:0:"";s:13:"event_street1";s:0:"";s:13:"event_street2";s:0:"";s:10:"event_city";s:0:"";s:11:"event_state";s:0:"";s:12:"event_postal";s:0:"";}',
        1,1,'-',0,1,1);
INSERT INTO `patient_data` (`title`, `language`, `financial`, `fname`, `lname`, `mname`, `DOB`,`street`, `postal_code`, `city`, `state`,  `drivers_license`, `ss`,`occupation`, `phone_home`, `phone_biz`, `phone_contact`, `phone_cell`,`status`, `contact_relationship`, `date`, `sex`, `referrer`, `referrerID`,`providerID`, `email`, `ethnoracial`, `interpretter`, `migrantseasonal`,`family_size`, `monthly_income`, `homeless`, `financial_review`, `pubpid`,`pid`, `genericname1`, `genericval1`, `genericname2`, `genericval2`) VALUES
 ('Mrs.','English','','CAROLYN','BURKE','L.','1996-11-12','7006 MapleSt.','50626','Dover','AL','882945912','244795291',' ','(486) 700-2348','(486) 700-2348','(486) 700-2348','(486) 700-2348','single','Friend','2003-11-17 12:06:00','Female','JARED GUTIERREZ','1','1','CAROLYN@LibreEHR.org','Puerto Rican',' ',' ','4','2392',' ','000-00-00 00:00:00','19','19',' ',' ',' ',' ');
INSERT INTO `insurance_data` (`id`, `type`, `provider`, `plan_name`, `policy_number`,`group_number`, `subscriber_lname`, `subscriber_mname`, `subscriber_fname`, `subscriber_relationship`, `subscriber_ss`,`subscriber_DOB`, `subscriber_street`, `subscriber_postal_code`, `subscriber_city`, `subscriber_state`, `subscriber_country`,`subscriber_phone`, `subscriber_employer`, `subscriber_employer_street`, `subscriber_employer_postal_code`,`subscriber_employer_state`, `subscriber_employer_country`, `subscriber_employer_city`, `copay`, `date`, `pid`,`subscriber_sex`, `accept_assignment`) VALUES('52','primary','5612','Violet Group HMO','786342580','592827357','BURKE','L.','CAROLYN','self','244795291','1996-11-12','7006 MapleSt.','50626','Dover','AL','Openemria','(486) 700-2348','OEMR.org','','','AL','Openemria','Dover','','2011-10-10','19','Female','TRUE');
INSERT INTO `insurance_data` (`id`, `type`, `provider`, `plan_name`, `policy_number`,`group_number`, `subscriber_lname`, `subscriber_mname`, `subscriber_fname`, `subscriber_relationship`, `subscriber_ss`,`subscriber_DOB`, `subscriber_street`, `subscriber_postal_code`, `subscriber_city`, `subscriber_state`, `subscriber_country`,`subscriber_phone`, `subscriber_employer`, `subscriber_employer_street`, `subscriber_employer_postal_code`,`subscriber_employer_state`, `subscriber_employer_country`, `subscriber_employer_city`, `copay`, `date`, `pid`,`subscriber_sex`, `accept_assignment`) VALUES('53','secondary','3362','Incompetent Provider Company','807035186','419721737','BURKE','L.','CAROLYN','self','244795291','1996-11-12','7006 MapleSt.','50626','Dover','AL','Openemria','(486) 700-2348','OEMR.org','','','AL','Openemria','Dover','','2011-10-10','19','Female','TRUE');
INSERT INTO `insurance_data` (`id`, `type`, `provider`, `plan_name`, `policy_number`,`group_number`, `subscriber_lname`, `subscriber_mname`, `subscriber_fname`, `subscriber_relationship`, `subscriber_ss`,`subscriber_DOB`, `subscriber_street`, `subscriber_postal_code`, `subscriber_city`, `subscriber_state`, `subscriber_country`,`subscriber_phone`, `subscriber_employer`, `subscriber_employer_street`, `subscriber_employer_postal_code`,`subscriber_employer_state`, `subscriber_employer_country`, `subscriber_employer_city`, `copay`, `date`, `pid`,`subscriber_sex`, `accept_assignment`) VALUES('54','tertiary','0','0','908042202','139075808','BURKE','L.','CAROLYN','self','244795291','1996-11-12','7006 MapleSt.','50626','Dover','AL','Openemria','(486) 700-2348','OEMR.org','','','AL','Openemria','Dover','','2011-10-10','19','Female','TRUE');
INSERT INTO `form_encounter` (`id`, `date`, `reason`, `facility`, `facility_id`, `pid`, `encounter`,
     `onset_date`, `sensitivity`, `billing_note`, `pc_catid`, `last_level_billed`, `last_level_closed`, `last_stmt_date`, `stmt_count`,
      `provider_id`, `supervisor_id`, `invoice_refno`, `referral_source`, `billing_facility`) VALUES
    ('98','2017-5-30 16:30:00', 'Test Encounter', 'Your Clinic Name Here', '3','19','98', '0000-00-00 00:00:00', 'normal', 'NULL','6', '0', '0','NULL', '0', '1', '0', '', '', '3');
INSERT INTO `forms` (`id`, `date`, `encounter`, `form_name`, `form_id`, `pid`, `user`, `groupname`, `authorized`, `deleted`, `formdir`) VALUES
    ('98','2017-5-30 16:30:00','98', 'Patient Encounter', '98', '19', 'admin', 'Default', '1', '0', 'patient_encounter');
INSERT INTO `libreehr_postcalendar_events` 
        (`pc_catid`,`pc_multiple`,`pc_aid`,`pc_pid`,`pc_title`,`pc_time`,`pc_hometext`,`pc_comments`,`pc_counter`,`pc_topic`,`pc_informant`,`pc_eventDate`,
        `pc_endDate`,`pc_duration`,`pc_recurrtype`,`pc_recurrspec`,`pc_recurrfreq`,`pc_startTime`,`pc_endTime`,`pc_alldayevent`,`pc_location`,`pc_eventstatus`,
        `pc_sharing`,`pc_apptstatus`,`pc_prefcatid`,`pc_facility`,`pc_billing_location`)VALUES
        ( 1,97,'1','19','Office Visit','2017-5-30 16:30:00','Clinical Appointment',0,0,1,'1',
        '2017-5-30 16:30:00','0000-00-00',900,0,
        'a:6:{s:17:"event_repeat_freq";s:1:"0";s:22:"event_repeat_freq_type";s:1:"0";s:19:"event_repeat_on_num";s:1:"1";s:19:"event_repeat_on_day";s:1:"0";s:20:"event_repeat_on_freq";s:1:"0";s:6:"exdate";s:0:"";}',
        0,'16:30:00','16:45:00',0,
        'a:6:{s:14:"event_location";s:0:"";s:13:"event_street1";s:0:"";s:13:"event_street2";s:0:"";s:10:"event_city";s:0:"";s:11:"event_state";s:0:"";s:12:"event_postal";s:0:"";}',
        1,1,'-',0,1,1);
INSERT INTO `form_encounter` (`id`, `date`, `reason`, `facility`, `facility_id`, `pid`, `encounter`,
     `onset_date`, `sensitivity`, `billing_note`, `pc_catid`, `last_level_billed`, `last_level_closed`, `last_stmt_date`, `stmt_count`,
      `provider_id`, `supervisor_id`, `invoice_refno`, `referral_source`, `billing_facility`) VALUES
    ('99','2017-6-29 10:15:00', 'Test Encounter', 'Your Clinic Name Here', '3','19','99', '0000-00-00 00:00:00', 'normal', 'NULL','5', '0', '0','NULL', '0', '1', '0', '', '', '3');
INSERT INTO `forms` (`id`, `date`, `encounter`, `form_name`, `form_id`, `pid`, `user`, `groupname`, `authorized`, `deleted`, `formdir`) VALUES
    ('99','2017-6-29 10:15:00','99', 'Patient Encounter', '99', '19', 'admin', 'Default', '1', '0', 'patient_encounter');
INSERT INTO `libreehr_postcalendar_events` 
        (`pc_catid`,`pc_multiple`,`pc_aid`,`pc_pid`,`pc_title`,`pc_time`,`pc_hometext`,`pc_comments`,`pc_counter`,`pc_topic`,`pc_informant`,`pc_eventDate`,
        `pc_endDate`,`pc_duration`,`pc_recurrtype`,`pc_recurrspec`,`pc_recurrfreq`,`pc_startTime`,`pc_endTime`,`pc_alldayevent`,`pc_location`,`pc_eventstatus`,
        `pc_sharing`,`pc_apptstatus`,`pc_prefcatid`,`pc_facility`,`pc_billing_location`)VALUES
        ( 1,98,'1','19','Office Visit','2017-6-29 10:15:00','Clinical Appointment',0,0,1,'1',
        '2017-6-29 10:15:00','0000-00-00',900,0,
        'a:6:{s:17:"event_repeat_freq";s:1:"0";s:22:"event_repeat_freq_type";s:1:"0";s:19:"event_repeat_on_num";s:1:"1";s:19:"event_repeat_on_day";s:1:"0";s:20:"event_repeat_on_freq";s:1:"0";s:6:"exdate";s:0:"";}',
        0,'10:15:00','10:30:00',0,
        'a:6:{s:14:"event_location";s:0:"";s:13:"event_street1";s:0:"";s:13:"event_street2";s:0:"";s:10:"event_city";s:0:"";s:11:"event_state";s:0:"";s:12:"event_postal";s:0:"";}',
        1,1,'-',0,1,1);
INSERT INTO `form_encounter` (`id`, `date`, `reason`, `facility`, `facility_id`, `pid`, `encounter`,
     `onset_date`, `sensitivity`, `billing_note`, `pc_catid`, `last_level_billed`, `last_level_closed`, `last_stmt_date`, `stmt_count`,
      `provider_id`, `supervisor_id`, `invoice_refno`, `referral_source`, `billing_facility`) VALUES
    ('100','2017-7-29 10:15:00', 'Test Encounter', 'Your Clinic Name Here', '3','19','100', '0000-00-00 00:00:00', 'normal', 'NULL','10', '0', '0','NULL', '0', '1', '0', '', '', '3');
INSERT INTO `forms` (`id`, `date`, `encounter`, `form_name`, `form_id`, `pid`, `user`, `groupname`, `authorized`, `deleted`, `formdir`) VALUES
    ('100','2017-7-29 10:15:00','100', 'Patient Encounter', '100', '19', 'admin', 'Default', '1', '0', 'patient_encounter');
INSERT INTO `libreehr_postcalendar_events` 
        (`pc_catid`,`pc_multiple`,`pc_aid`,`pc_pid`,`pc_title`,`pc_time`,`pc_hometext`,`pc_comments`,`pc_counter`,`pc_topic`,`pc_informant`,`pc_eventDate`,
        `pc_endDate`,`pc_duration`,`pc_recurrtype`,`pc_recurrspec`,`pc_recurrfreq`,`pc_startTime`,`pc_endTime`,`pc_alldayevent`,`pc_location`,`pc_eventstatus`,
        `pc_sharing`,`pc_apptstatus`,`pc_prefcatid`,`pc_facility`,`pc_billing_location`)VALUES
        ( 1,99,'1','19','Office Visit','2017-7-29 10:15:00','Clinical Appointment',0,0,1,'1',
        '2017-7-29 10:15:00','0000-00-00',900,0,
        'a:6:{s:17:"event_repeat_freq";s:1:"0";s:22:"event_repeat_freq_type";s:1:"0";s:19:"event_repeat_on_num";s:1:"1";s:19:"event_repeat_on_day";s:1:"0";s:20:"event_repeat_on_freq";s:1:"0";s:6:"exdate";s:0:"";}',
        0,'10:15:00','10:30:00',0,
        'a:6:{s:14:"event_location";s:0:"";s:13:"event_street1";s:0:"";s:13:"event_street2";s:0:"";s:10:"event_city";s:0:"";s:11:"event_state";s:0:"";s:12:"event_postal";s:0:"";}',
        1,1,'-',0,1,1);
INSERT INTO `form_encounter` (`id`, `date`, `reason`, `facility`, `facility_id`, `pid`, `encounter`,
     `onset_date`, `sensitivity`, `billing_note`, `pc_catid`, `last_level_billed`, `last_level_closed`, `last_stmt_date`, `stmt_count`,
      `provider_id`, `supervisor_id`, `invoice_refno`, `referral_source`, `billing_facility`) VALUES
    ('101','2017-8-28 13:30:00', 'Test Encounter', 'Your Clinic Name Here', '3','19','101', '0000-00-00 00:00:00', 'normal', 'NULL','10', '0', '0','NULL', '0', '1', '0', '', '', '3');
INSERT INTO `forms` (`id`, `date`, `encounter`, `form_name`, `form_id`, `pid`, `user`, `groupname`, `authorized`, `deleted`, `formdir`) VALUES
    ('101','2017-8-28 13:30:00','101', 'Patient Encounter', '101', '19', 'admin', 'Default', '1', '0', 'patient_encounter');
INSERT INTO `libreehr_postcalendar_events` 
        (`pc_catid`,`pc_multiple`,`pc_aid`,`pc_pid`,`pc_title`,`pc_time`,`pc_hometext`,`pc_comments`,`pc_counter`,`pc_topic`,`pc_informant`,`pc_eventDate`,
        `pc_endDate`,`pc_duration`,`pc_recurrtype`,`pc_recurrspec`,`pc_recurrfreq`,`pc_startTime`,`pc_endTime`,`pc_alldayevent`,`pc_location`,`pc_eventstatus`,
        `pc_sharing`,`pc_apptstatus`,`pc_prefcatid`,`pc_facility`,`pc_billing_location`)VALUES
        ( 1,100,'1','19','Office Visit','2017-8-28 13:30:00','Clinical Appointment',0,0,1,'1',
        '2017-8-28 13:30:00','0000-00-00',900,0,
        'a:6:{s:17:"event_repeat_freq";s:1:"0";s:22:"event_repeat_freq_type";s:1:"0";s:19:"event_repeat_on_num";s:1:"1";s:19:"event_repeat_on_day";s:1:"0";s:20:"event_repeat_on_freq";s:1:"0";s:6:"exdate";s:0:"";}',
        0,'13:30:00','13:45:00',0,
        'a:6:{s:14:"event_location";s:0:"";s:13:"event_street1";s:0:"";s:13:"event_street2";s:0:"";s:10:"event_city";s:0:"";s:11:"event_state";s:0:"";s:12:"event_postal";s:0:"";}',
        1,1,'-',0,1,1);
INSERT INTO `form_encounter` (`id`, `date`, `reason`, `facility`, `facility_id`, `pid`, `encounter`,
     `onset_date`, `sensitivity`, `billing_note`, `pc_catid`, `last_level_billed`, `last_level_closed`, `last_stmt_date`, `stmt_count`,
      `provider_id`, `supervisor_id`, `invoice_refno`, `referral_source`, `billing_facility`) VALUES
    ('102','2017-9-27 14:15:00', 'Test Encounter', 'Your Clinic Name Here', '3','19','102', '0000-00-00 00:00:00', 'normal', 'NULL','9', '0', '0','NULL', '0', '1', '0', '', '', '3');
INSERT INTO `forms` (`id`, `date`, `encounter`, `form_name`, `form_id`, `pid`, `user`, `groupname`, `authorized`, `deleted`, `formdir`) VALUES
    ('102','2017-9-27 14:15:00','102', 'Patient Encounter', '102', '19', 'admin', 'Default', '1', '0', 'patient_encounter');
INSERT INTO `libreehr_postcalendar_events` 
        (`pc_catid`,`pc_multiple`,`pc_aid`,`pc_pid`,`pc_title`,`pc_time`,`pc_hometext`,`pc_comments`,`pc_counter`,`pc_topic`,`pc_informant`,`pc_eventDate`,
        `pc_endDate`,`pc_duration`,`pc_recurrtype`,`pc_recurrspec`,`pc_recurrfreq`,`pc_startTime`,`pc_endTime`,`pc_alldayevent`,`pc_location`,`pc_eventstatus`,
        `pc_sharing`,`pc_apptstatus`,`pc_prefcatid`,`pc_facility`,`pc_billing_location`)VALUES
        ( 1,101,'1','19','Office Visit','2017-9-27 14:15:00','Clinical Appointment',0,0,1,'1',
        '2017-9-27 14:15:00','0000-00-00',900,0,
        'a:6:{s:17:"event_repeat_freq";s:1:"0";s:22:"event_repeat_freq_type";s:1:"0";s:19:"event_repeat_on_num";s:1:"1";s:19:"event_repeat_on_day";s:1:"0";s:20:"event_repeat_on_freq";s:1:"0";s:6:"exdate";s:0:"";}',
        0,'14:15:00','14:30:00',0,
        'a:6:{s:14:"event_location";s:0:"";s:13:"event_street1";s:0:"";s:13:"event_street2";s:0:"";s:10:"event_city";s:0:"";s:11:"event_state";s:0:"";s:12:"event_postal";s:0:"";}',
        1,1,'-',0,1,1);
INSERT INTO `patient_data` (`title`, `language`, `financial`, `fname`, `lname`, `mname`, `DOB`,`street`, `postal_code`, `city`, `state`,  `drivers_license`, `ss`,`occupation`, `phone_home`, `phone_biz`, `phone_contact`, `phone_cell`,`status`, `contact_relationship`, `date`, `sex`, `referrer`, `referrerID`,`providerID`, `email`, `ethnoracial`, `interpretter`, `migrantseasonal`,`family_size`, `monthly_income`, `homeless`, `financial_review`, `pubpid`,`pid`, `genericname1`, `genericval1`, `genericname2`, `genericval2`) VALUES
 ('Mrs.','English','','GEORGIA','GARCIA','F.','1937-1-6','7838 MapleWay','70469','Ashland','IN','198212740','307529082',' ','(149) 343-252','(149) 343-252','(149) 343-252','(149) 343-252','married','Friend','2003-11-17 12:06:00','Female','ARTHUR LUCAS','1','1','GEORGIA@LibreEHR.org','Cubano',' ',' ','0','8588',' ','000-00-00 00:00:00','20','20',' ',' ',' ',' ');
INSERT INTO `insurance_data` (`id`, `type`, `provider`, `plan_name`, `policy_number`,`group_number`, `subscriber_lname`, `subscriber_mname`, `subscriber_fname`, `subscriber_relationship`, `subscriber_ss`,`subscriber_DOB`, `subscriber_street`, `subscriber_postal_code`, `subscriber_city`, `subscriber_state`, `subscriber_country`,`subscriber_phone`, `subscriber_employer`, `subscriber_employer_street`, `subscriber_employer_postal_code`,`subscriber_employer_state`, `subscriber_employer_country`, `subscriber_employer_city`, `copay`, `date`, `pid`,`subscriber_sex`, `accept_assignment`) VALUES('55','primary','2651','Puce Mutual HMO','143035533','360901965','GARCIA','F.','GEORGIA','self','307529082','1937-1-6','7838 MapleWay','70469','Ashland','IN','Openemria','(149) 343-252','OEMR.org','','','IN','Openemria','Ashland','','2011-10-10','20','Female','FALSE');
INSERT INTO `insurance_data` (`id`, `type`, `provider`, `plan_name`, `policy_number`,`group_number`, `subscriber_lname`, `subscriber_mname`, `subscriber_fname`, `subscriber_relationship`, `subscriber_ss`,`subscriber_DOB`, `subscriber_street`, `subscriber_postal_code`, `subscriber_city`, `subscriber_state`, `subscriber_country`,`subscriber_phone`, `subscriber_employer`, `subscriber_employer_street`, `subscriber_employer_postal_code`,`subscriber_employer_state`, `subscriber_employer_country`, `subscriber_employer_city`, `copay`, `date`, `pid`,`subscriber_sex`, `accept_assignment`) VALUES('56','secondary','6843','Pink Provider Very LTD.','401257752','776391023','GARCIA','F.','GEORGIA','self','307529082','1937-1-6','7838 MapleWay','70469','Ashland','IN','Openemria','(149) 343-252','OEMR.org','','','IN','Openemria','Ashland','','2011-10-10','20','Female','TRUE');
INSERT INTO `insurance_data` (`id`, `type`, `provider`, `plan_name`, `policy_number`,`group_number`, `subscriber_lname`, `subscriber_mname`, `subscriber_fname`, `subscriber_relationship`, `subscriber_ss`,`subscriber_DOB`, `subscriber_street`, `subscriber_postal_code`, `subscriber_city`, `subscriber_state`, `subscriber_country`,`subscriber_phone`, `subscriber_employer`, `subscriber_employer_street`, `subscriber_employer_postal_code`,`subscriber_employer_state`, `subscriber_employer_country`, `subscriber_employer_city`, `copay`, `date`, `pid`,`subscriber_sex`, `accept_assignment`) VALUES('57','tertiary','8435','Backstreet Helpful Company','585751633','637951874','GARCIA','F.','GEORGIA','self','307529082','1937-1-6','7838 MapleWay','70469','Ashland','IN','Openemria','(149) 343-252','OEMR.org','','','IN','Openemria','Ashland','','2011-10-10','20','Female','FALSE');
INSERT INTO `form_encounter` (`id`, `date`, `reason`, `facility`, `facility_id`, `pid`, `encounter`,
     `onset_date`, `sensitivity`, `billing_note`, `pc_catid`, `last_level_billed`, `last_level_closed`, `last_stmt_date`, `stmt_count`,
      `provider_id`, `supervisor_id`, `invoice_refno`, `referral_source`, `billing_facility`) VALUES
    ('103','2017-8-28 13:15:00', 'Test Encounter', 'Your Clinic Name Here', '3','20','103', '0000-00-00 00:00:00', 'normal', 'NULL','9', '0', '0','NULL', '0', '1', '0', '', '', '3');
INSERT INTO `forms` (`id`, `date`, `encounter`, `form_name`, `form_id`, `pid`, `user`, `groupname`, `authorized`, `deleted`, `formdir`) VALUES
    ('103','2017-8-28 13:15:00','103', 'Patient Encounter', '103', '20', 'admin', 'Default', '1', '0', 'patient_encounter');
INSERT INTO `libreehr_postcalendar_events` 
        (`pc_catid`,`pc_multiple`,`pc_aid`,`pc_pid`,`pc_title`,`pc_time`,`pc_hometext`,`pc_comments`,`pc_counter`,`pc_topic`,`pc_informant`,`pc_eventDate`,
        `pc_endDate`,`pc_duration`,`pc_recurrtype`,`pc_recurrspec`,`pc_recurrfreq`,`pc_startTime`,`pc_endTime`,`pc_alldayevent`,`pc_location`,`pc_eventstatus`,
        `pc_sharing`,`pc_apptstatus`,`pc_prefcatid`,`pc_facility`,`pc_billing_location`)VALUES
        ( 1,102,'1','20','Office Visit','2017-8-28 13:15:00','Clinical Appointment',0,0,1,'1',
        '2017-8-28 13:15:00','0000-00-00',900,0,
        'a:6:{s:17:"event_repeat_freq";s:1:"0";s:22:"event_repeat_freq_type";s:1:"0";s:19:"event_repeat_on_num";s:1:"1";s:19:"event_repeat_on_day";s:1:"0";s:20:"event_repeat_on_freq";s:1:"0";s:6:"exdate";s:0:"";}',
        0,'13:15:00','13:30:00',0,
        'a:6:{s:14:"event_location";s:0:"";s:13:"event_street1";s:0:"";s:13:"event_street2";s:0:"";s:10:"event_city";s:0:"";s:11:"event_state";s:0:"";s:12:"event_postal";s:0:"";}',
        1,1,'-',0,1,1);
INSERT INTO `form_encounter` (`id`, `date`, `reason`, `facility`, `facility_id`, `pid`, `encounter`,
     `onset_date`, `sensitivity`, `billing_note`, `pc_catid`, `last_level_billed`, `last_level_closed`, `last_stmt_date`, `stmt_count`,
      `provider_id`, `supervisor_id`, `invoice_refno`, `referral_source`, `billing_facility`) VALUES
    ('104','2017-9-27 10:15:00', 'Test Encounter', 'Your Clinic Name Here', '3','20','104', '0000-00-00 00:00:00', 'normal', 'NULL','6', '0', '0','NULL', '0', '1', '0', '', '', '3');
INSERT INTO `forms` (`id`, `date`, `encounter`, `form_name`, `form_id`, `pid`, `user`, `groupname`, `authorized`, `deleted`, `formdir`) VALUES
    ('104','2017-9-27 10:15:00','104', 'Patient Encounter', '104', '20', 'admin', 'Default', '1', '0', 'patient_encounter');
INSERT INTO `libreehr_postcalendar_events` 
        (`pc_catid`,`pc_multiple`,`pc_aid`,`pc_pid`,`pc_title`,`pc_time`,`pc_hometext`,`pc_comments`,`pc_counter`,`pc_topic`,`pc_informant`,`pc_eventDate`,
        `pc_endDate`,`pc_duration`,`pc_recurrtype`,`pc_recurrspec`,`pc_recurrfreq`,`pc_startTime`,`pc_endTime`,`pc_alldayevent`,`pc_location`,`pc_eventstatus`,
        `pc_sharing`,`pc_apptstatus`,`pc_prefcatid`,`pc_facility`,`pc_billing_location`)VALUES
        ( 1,103,'1','20','Office Visit','2017-9-27 10:15:00','Clinical Appointment',0,0,1,'1',
        '2017-9-27 10:15:00','0000-00-00',900,0,
        'a:6:{s:17:"event_repeat_freq";s:1:"0";s:22:"event_repeat_freq_type";s:1:"0";s:19:"event_repeat_on_num";s:1:"1";s:19:"event_repeat_on_day";s:1:"0";s:20:"event_repeat_on_freq";s:1:"0";s:6:"exdate";s:0:"";}',
        0,'10:15:00','10:30:00',0,
        'a:6:{s:14:"event_location";s:0:"";s:13:"event_street1";s:0:"";s:13:"event_street2";s:0:"";s:10:"event_city";s:0:"";s:11:"event_state";s:0:"";s:12:"event_postal";s:0:"";}',
        1,1,'-',0,1,1);
INSERT INTO `patient_data` (`title`, `language`, `financial`, `fname`, `lname`, `mname`, `DOB`,`street`, `postal_code`, `city`, `state`,  `drivers_license`, `ss`,`occupation`, `phone_home`, `phone_biz`, `phone_contact`, `phone_cell`,`status`, `contact_relationship`, `date`, `sex`, `referrer`, `referrerID`,`providerID`, `email`, `ethnoracial`, `interpretter`, `migrantseasonal`,`family_size`, `monthly_income`, `homeless`, `financial_review`, `pubpid`,`pid`, `genericname1`, `genericval1`, `genericname2`, `genericval2`) VALUES
 ('Mrs.','Spanish','','DANIELLE','COOPER','O.','1970-5-3','7598 HappyAve.','43302','Cleveland','OK','979907031','790491081',' ','(121) 410-5150','(121) 410-5150','(121) 410-5150','(121) 410-5150','single','Friend','2003-11-17 12:06:00','Female','BRETT KELLEY','1','1','DANIELLE@LibreEHR.org','Americano',' ',' ','0','1858',' ','000-00-00 00:00:00','21','21',' ',' ',' ',' ');
INSERT INTO `insurance_data` (`id`, `type`, `provider`, `plan_name`, `policy_number`,`group_number`, `subscriber_lname`, `subscriber_mname`, `subscriber_fname`, `subscriber_relationship`, `subscriber_ss`,`subscriber_DOB`, `subscriber_street`, `subscriber_postal_code`, `subscriber_city`, `subscriber_state`, `subscriber_country`,`subscriber_phone`, `subscriber_employer`, `subscriber_employer_street`, `subscriber_employer_postal_code`,`subscriber_employer_state`, `subscriber_employer_country`, `subscriber_employer_city`, `copay`, `date`, `pid`,`subscriber_sex`, `accept_assignment`) VALUES('58','primary','6186','Green Mutual LTD','935176625','47236278','COOPER','O.','DANIELLE','self','790491081','1970-5-3','7598 HappyAve.','43302','Cleveland','OK','Openemria','(121) 410-5150','OEMR.org','','','OK','Openemria','Cleveland','','2011-10-10','21','Female','FALSE');
INSERT INTO `insurance_data` (`id`, `type`, `provider`, `plan_name`, `policy_number`,`group_number`, `subscriber_lname`, `subscriber_mname`, `subscriber_fname`, `subscriber_relationship`, `subscriber_ss`,`subscriber_DOB`, `subscriber_street`, `subscriber_postal_code`, `subscriber_city`, `subscriber_state`, `subscriber_country`,`subscriber_phone`, `subscriber_employer`, `subscriber_employer_street`, `subscriber_employer_postal_code`,`subscriber_employer_state`, `subscriber_employer_country`, `subscriber_employer_city`, `copay`, `date`, `pid`,`subscriber_sex`, `accept_assignment`) VALUES('59','secondary','7519','Litigeous Heartless LTD','93987904','208296827','COOPER','O.','DANIELLE','self','790491081','1970-5-3','7598 HappyAve.','43302','Cleveland','OK','Openemria','(121) 410-5150','OEMR.org','','','OK','Openemria','Cleveland','','2011-10-10','21','Female','TRUE');
INSERT INTO `insurance_data` (`id`, `type`, `provider`, `plan_name`, `policy_number`,`group_number`, `subscriber_lname`, `subscriber_mname`, `subscriber_fname`, `subscriber_relationship`, `subscriber_ss`,`subscriber_DOB`, `subscriber_street`, `subscriber_postal_code`, `subscriber_city`, `subscriber_state`, `subscriber_country`,`subscriber_phone`, `subscriber_employer`, `subscriber_employer_street`, `subscriber_employer_postal_code`,`subscriber_employer_state`, `subscriber_employer_country`, `subscriber_employer_city`, `copay`, `date`, `pid`,`subscriber_sex`, `accept_assignment`) VALUES('60','tertiary','2651','Puce Mutual HMO','412359804','883927794','COOPER','O.','DANIELLE','self','790491081','1970-5-3','7598 HappyAve.','43302','Cleveland','OK','Openemria','(121) 410-5150','OEMR.org','','','OK','Openemria','Cleveland','','2011-10-10','21','Female','TRUE');
INSERT INTO `form_encounter` (`id`, `date`, `reason`, `facility`, `facility_id`, `pid`, `encounter`,
     `onset_date`, `sensitivity`, `billing_note`, `pc_catid`, `last_level_billed`, `last_level_closed`, `last_stmt_date`, `stmt_count`,
      `provider_id`, `supervisor_id`, `invoice_refno`, `referral_source`, `billing_facility`) VALUES
    ('105','2016-12-31 16:30:00', 'Test Encounter', 'Your Clinic Name Here', '3','21','105', '0000-00-00 00:00:00', 'normal', 'NULL','7', '0', '0','NULL', '0', '1', '0', '', '', '3');
INSERT INTO `forms` (`id`, `date`, `encounter`, `form_name`, `form_id`, `pid`, `user`, `groupname`, `authorized`, `deleted`, `formdir`) VALUES
    ('105','2016-12-31 16:30:00','105', 'Patient Encounter', '105', '21', 'admin', 'Default', '1', '0', 'patient_encounter');
INSERT INTO `libreehr_postcalendar_events` 
        (`pc_catid`,`pc_multiple`,`pc_aid`,`pc_pid`,`pc_title`,`pc_time`,`pc_hometext`,`pc_comments`,`pc_counter`,`pc_topic`,`pc_informant`,`pc_eventDate`,
        `pc_endDate`,`pc_duration`,`pc_recurrtype`,`pc_recurrspec`,`pc_recurrfreq`,`pc_startTime`,`pc_endTime`,`pc_alldayevent`,`pc_location`,`pc_eventstatus`,
        `pc_sharing`,`pc_apptstatus`,`pc_prefcatid`,`pc_facility`,`pc_billing_location`)VALUES
        ( 1,104,'1','21','Office Visit','2016-12-31 16:30:00','Clinical Appointment',0,0,1,'1',
        '2016-12-31 16:30:00','0000-00-00',900,0,
        'a:6:{s:17:"event_repeat_freq";s:1:"0";s:22:"event_repeat_freq_type";s:1:"0";s:19:"event_repeat_on_num";s:1:"1";s:19:"event_repeat_on_day";s:1:"0";s:20:"event_repeat_on_freq";s:1:"0";s:6:"exdate";s:0:"";}',
        0,'16:30:00','16:45:00',0,
        'a:6:{s:14:"event_location";s:0:"";s:13:"event_street1";s:0:"";s:13:"event_street2";s:0:"";s:10:"event_city";s:0:"";s:11:"event_state";s:0:"";s:12:"event_postal";s:0:"";}',
        1,1,'-',0,1,1);
INSERT INTO `form_encounter` (`id`, `date`, `reason`, `facility`, `facility_id`, `pid`, `encounter`,
     `onset_date`, `sensitivity`, `billing_note`, `pc_catid`, `last_level_billed`, `last_level_closed`, `last_stmt_date`, `stmt_count`,
      `provider_id`, `supervisor_id`, `invoice_refno`, `referral_source`, `billing_facility`) VALUES
    ('106','2017-1-30 13:30:00', 'Test Encounter', 'Your Clinic Name Here', '3','21','106', '0000-00-00 00:00:00', 'normal', 'NULL','9', '0', '0','NULL', '0', '1', '0', '', '', '3');
INSERT INTO `forms` (`id`, `date`, `encounter`, `form_name`, `form_id`, `pid`, `user`, `groupname`, `authorized`, `deleted`, `formdir`) VALUES
    ('106','2017-1-30 13:30:00','106', 'Patient Encounter', '106', '21', 'admin', 'Default', '1', '0', 'patient_encounter');
INSERT INTO `libreehr_postcalendar_events` 
        (`pc_catid`,`pc_multiple`,`pc_aid`,`pc_pid`,`pc_title`,`pc_time`,`pc_hometext`,`pc_comments`,`pc_counter`,`pc_topic`,`pc_informant`,`pc_eventDate`,
        `pc_endDate`,`pc_duration`,`pc_recurrtype`,`pc_recurrspec`,`pc_recurrfreq`,`pc_startTime`,`pc_endTime`,`pc_alldayevent`,`pc_location`,`pc_eventstatus`,
        `pc_sharing`,`pc_apptstatus`,`pc_prefcatid`,`pc_facility`,`pc_billing_location`)VALUES
        ( 1,105,'1','21','Office Visit','2017-1-30 13:30:00','Clinical Appointment',0,0,1,'1',
        '2017-1-30 13:30:00','0000-00-00',900,0,
        'a:6:{s:17:"event_repeat_freq";s:1:"0";s:22:"event_repeat_freq_type";s:1:"0";s:19:"event_repeat_on_num";s:1:"1";s:19:"event_repeat_on_day";s:1:"0";s:20:"event_repeat_on_freq";s:1:"0";s:6:"exdate";s:0:"";}',
        0,'13:30:00','13:45:00',0,
        'a:6:{s:14:"event_location";s:0:"";s:13:"event_street1";s:0:"";s:13:"event_street2";s:0:"";s:10:"event_city";s:0:"";s:11:"event_state";s:0:"";s:12:"event_postal";s:0:"";}',
        1,1,'-',0,1,1);
INSERT INTO `form_encounter` (`id`, `date`, `reason`, `facility`, `facility_id`, `pid`, `encounter`,
     `onset_date`, `sensitivity`, `billing_note`, `pc_catid`, `last_level_billed`, `last_level_closed`, `last_stmt_date`, `stmt_count`,
      `provider_id`, `supervisor_id`, `invoice_refno`, `referral_source`, `billing_facility`) VALUES
    ('107','2017-3-1 13:30:00', 'Test Encounter', 'Your Clinic Name Here', '3','21','107', '0000-00-00 00:00:00', 'normal', 'NULL','4', '0', '0','NULL', '0', '1', '0', '', '', '3');
INSERT INTO `forms` (`id`, `date`, `encounter`, `form_name`, `form_id`, `pid`, `user`, `groupname`, `authorized`, `deleted`, `formdir`) VALUES
    ('107','2017-3-1 13:30:00','107', 'Patient Encounter', '107', '21', 'admin', 'Default', '1', '0', 'patient_encounter');
INSERT INTO `libreehr_postcalendar_events` 
        (`pc_catid`,`pc_multiple`,`pc_aid`,`pc_pid`,`pc_title`,`pc_time`,`pc_hometext`,`pc_comments`,`pc_counter`,`pc_topic`,`pc_informant`,`pc_eventDate`,
        `pc_endDate`,`pc_duration`,`pc_recurrtype`,`pc_recurrspec`,`pc_recurrfreq`,`pc_startTime`,`pc_endTime`,`pc_alldayevent`,`pc_location`,`pc_eventstatus`,
        `pc_sharing`,`pc_apptstatus`,`pc_prefcatid`,`pc_facility`,`pc_billing_location`)VALUES
        ( 1,106,'1','21','Office Visit','2017-3-1 13:30:00','Clinical Appointment',0,0,1,'1',
        '2017-3-1 13:30:00','0000-00-00',900,0,
        'a:6:{s:17:"event_repeat_freq";s:1:"0";s:22:"event_repeat_freq_type";s:1:"0";s:19:"event_repeat_on_num";s:1:"1";s:19:"event_repeat_on_day";s:1:"0";s:20:"event_repeat_on_freq";s:1:"0";s:6:"exdate";s:0:"";}',
        0,'13:30:00','13:45:00',0,
        'a:6:{s:14:"event_location";s:0:"";s:13:"event_street1";s:0:"";s:13:"event_street2";s:0:"";s:10:"event_city";s:0:"";s:11:"event_state";s:0:"";s:12:"event_postal";s:0:"";}',
        1,1,'-',0,1,1);
INSERT INTO `form_encounter` (`id`, `date`, `reason`, `facility`, `facility_id`, `pid`, `encounter`,
     `onset_date`, `sensitivity`, `billing_note`, `pc_catid`, `last_level_billed`, `last_level_closed`, `last_stmt_date`, `stmt_count`,
      `provider_id`, `supervisor_id`, `invoice_refno`, `referral_source`, `billing_facility`) VALUES
    ('108','2017-3-31 16:15:00', 'Test Encounter', 'Your Clinic Name Here', '3','21','108', '0000-00-00 00:00:00', 'normal', 'NULL','9', '0', '0','NULL', '0', '1', '0', '', '', '3');
INSERT INTO `forms` (`id`, `date`, `encounter`, `form_name`, `form_id`, `pid`, `user`, `groupname`, `authorized`, `deleted`, `formdir`) VALUES
    ('108','2017-3-31 16:15:00','108', 'Patient Encounter', '108', '21', 'admin', 'Default', '1', '0', 'patient_encounter');
INSERT INTO `libreehr_postcalendar_events` 
        (`pc_catid`,`pc_multiple`,`pc_aid`,`pc_pid`,`pc_title`,`pc_time`,`pc_hometext`,`pc_comments`,`pc_counter`,`pc_topic`,`pc_informant`,`pc_eventDate`,
        `pc_endDate`,`pc_duration`,`pc_recurrtype`,`pc_recurrspec`,`pc_recurrfreq`,`pc_startTime`,`pc_endTime`,`pc_alldayevent`,`pc_location`,`pc_eventstatus`,
        `pc_sharing`,`pc_apptstatus`,`pc_prefcatid`,`pc_facility`,`pc_billing_location`)VALUES
        ( 1,107,'1','21','Office Visit','2017-3-31 16:15:00','Clinical Appointment',0,0,1,'1',
        '2017-3-31 16:15:00','0000-00-00',900,0,
        'a:6:{s:17:"event_repeat_freq";s:1:"0";s:22:"event_repeat_freq_type";s:1:"0";s:19:"event_repeat_on_num";s:1:"1";s:19:"event_repeat_on_day";s:1:"0";s:20:"event_repeat_on_freq";s:1:"0";s:6:"exdate";s:0:"";}',
        0,'16:15:00','16:30:00',0,
        'a:6:{s:14:"event_location";s:0:"";s:13:"event_street1";s:0:"";s:13:"event_street2";s:0:"";s:10:"event_city";s:0:"";s:11:"event_state";s:0:"";s:12:"event_postal";s:0:"";}',
        1,1,'-',0,1,1);
INSERT INTO `form_encounter` (`id`, `date`, `reason`, `facility`, `facility_id`, `pid`, `encounter`,
     `onset_date`, `sensitivity`, `billing_note`, `pc_catid`, `last_level_billed`, `last_level_closed`, `last_stmt_date`, `stmt_count`,
      `provider_id`, `supervisor_id`, `invoice_refno`, `referral_source`, `billing_facility`) VALUES
    ('109','2017-4-30 11:15:00', 'Test Encounter', 'Your Clinic Name Here', '3','21','109', '0000-00-00 00:00:00', 'normal', 'NULL','10', '0', '0','NULL', '0', '1', '0', '', '', '3');
INSERT INTO `forms` (`id`, `date`, `encounter`, `form_name`, `form_id`, `pid`, `user`, `groupname`, `authorized`, `deleted`, `formdir`) VALUES
    ('109','2017-4-30 11:15:00','109', 'Patient Encounter', '109', '21', 'admin', 'Default', '1', '0', 'patient_encounter');
INSERT INTO `libreehr_postcalendar_events` 
        (`pc_catid`,`pc_multiple`,`pc_aid`,`pc_pid`,`pc_title`,`pc_time`,`pc_hometext`,`pc_comments`,`pc_counter`,`pc_topic`,`pc_informant`,`pc_eventDate`,
        `pc_endDate`,`pc_duration`,`pc_recurrtype`,`pc_recurrspec`,`pc_recurrfreq`,`pc_startTime`,`pc_endTime`,`pc_alldayevent`,`pc_location`,`pc_eventstatus`,
        `pc_sharing`,`pc_apptstatus`,`pc_prefcatid`,`pc_facility`,`pc_billing_location`)VALUES
        ( 1,108,'1','21','Office Visit','2017-4-30 11:15:00','Clinical Appointment',0,0,1,'1',
        '2017-4-30 11:15:00','0000-00-00',900,0,
        'a:6:{s:17:"event_repeat_freq";s:1:"0";s:22:"event_repeat_freq_type";s:1:"0";s:19:"event_repeat_on_num";s:1:"1";s:19:"event_repeat_on_day";s:1:"0";s:20:"event_repeat_on_freq";s:1:"0";s:6:"exdate";s:0:"";}',
        0,'11:15:00','11:30:00',0,
        'a:6:{s:14:"event_location";s:0:"";s:13:"event_street1";s:0:"";s:13:"event_street2";s:0:"";s:10:"event_city";s:0:"";s:11:"event_state";s:0:"";s:12:"event_postal";s:0:"";}',
        1,1,'-',0,1,1);
INSERT INTO `form_encounter` (`id`, `date`, `reason`, `facility`, `facility_id`, `pid`, `encounter`,
     `onset_date`, `sensitivity`, `billing_note`, `pc_catid`, `last_level_billed`, `last_level_closed`, `last_stmt_date`, `stmt_count`,
      `provider_id`, `supervisor_id`, `invoice_refno`, `referral_source`, `billing_facility`) VALUES
    ('110','2017-5-30 16:30:00', 'Test Encounter', 'Your Clinic Name Here', '3','21','110', '0000-00-00 00:00:00', 'normal', 'NULL','8', '0', '0','NULL', '0', '1', '0', '', '', '3');
INSERT INTO `forms` (`id`, `date`, `encounter`, `form_name`, `form_id`, `pid`, `user`, `groupname`, `authorized`, `deleted`, `formdir`) VALUES
    ('110','2017-5-30 16:30:00','110', 'Patient Encounter', '110', '21', 'admin', 'Default', '1', '0', 'patient_encounter');
INSERT INTO `libreehr_postcalendar_events` 
        (`pc_catid`,`pc_multiple`,`pc_aid`,`pc_pid`,`pc_title`,`pc_time`,`pc_hometext`,`pc_comments`,`pc_counter`,`pc_topic`,`pc_informant`,`pc_eventDate`,
        `pc_endDate`,`pc_duration`,`pc_recurrtype`,`pc_recurrspec`,`pc_recurrfreq`,`pc_startTime`,`pc_endTime`,`pc_alldayevent`,`pc_location`,`pc_eventstatus`,
        `pc_sharing`,`pc_apptstatus`,`pc_prefcatid`,`pc_facility`,`pc_billing_location`)VALUES
        ( 1,109,'1','21','Office Visit','2017-5-30 16:30:00','Clinical Appointment',0,0,1,'1',
        '2017-5-30 16:30:00','0000-00-00',900,0,
        'a:6:{s:17:"event_repeat_freq";s:1:"0";s:22:"event_repeat_freq_type";s:1:"0";s:19:"event_repeat_on_num";s:1:"1";s:19:"event_repeat_on_day";s:1:"0";s:20:"event_repeat_on_freq";s:1:"0";s:6:"exdate";s:0:"";}',
        0,'16:30:00','16:45:00',0,
        'a:6:{s:14:"event_location";s:0:"";s:13:"event_street1";s:0:"";s:13:"event_street2";s:0:"";s:10:"event_city";s:0:"";s:11:"event_state";s:0:"";s:12:"event_postal";s:0:"";}',
        1,1,'-',0,1,1);
INSERT INTO `form_encounter` (`id`, `date`, `reason`, `facility`, `facility_id`, `pid`, `encounter`,
     `onset_date`, `sensitivity`, `billing_note`, `pc_catid`, `last_level_billed`, `last_level_closed`, `last_stmt_date`, `stmt_count`,
      `provider_id`, `supervisor_id`, `invoice_refno`, `referral_source`, `billing_facility`) VALUES
    ('111','2017-6-29 14:30:00', 'Test Encounter', 'Your Clinic Name Here', '3','21','111', '0000-00-00 00:00:00', 'normal', 'NULL','2', '0', '0','NULL', '0', '1', '0', '', '', '3');
INSERT INTO `forms` (`id`, `date`, `encounter`, `form_name`, `form_id`, `pid`, `user`, `groupname`, `authorized`, `deleted`, `formdir`) VALUES
    ('111','2017-6-29 14:30:00','111', 'Patient Encounter', '111', '21', 'admin', 'Default', '1', '0', 'patient_encounter');
INSERT INTO `libreehr_postcalendar_events` 
        (`pc_catid`,`pc_multiple`,`pc_aid`,`pc_pid`,`pc_title`,`pc_time`,`pc_hometext`,`pc_comments`,`pc_counter`,`pc_topic`,`pc_informant`,`pc_eventDate`,
        `pc_endDate`,`pc_duration`,`pc_recurrtype`,`pc_recurrspec`,`pc_recurrfreq`,`pc_startTime`,`pc_endTime`,`pc_alldayevent`,`pc_location`,`pc_eventstatus`,
        `pc_sharing`,`pc_apptstatus`,`pc_prefcatid`,`pc_facility`,`pc_billing_location`)VALUES
        ( 1,110,'1','21','Office Visit','2017-6-29 14:30:00','Clinical Appointment',0,0,1,'1',
        '2017-6-29 14:30:00','0000-00-00',900,0,
        'a:6:{s:17:"event_repeat_freq";s:1:"0";s:22:"event_repeat_freq_type";s:1:"0";s:19:"event_repeat_on_num";s:1:"1";s:19:"event_repeat_on_day";s:1:"0";s:20:"event_repeat_on_freq";s:1:"0";s:6:"exdate";s:0:"";}',
        0,'14:30:00','14:45:00',0,
        'a:6:{s:14:"event_location";s:0:"";s:13:"event_street1";s:0:"";s:13:"event_street2";s:0:"";s:10:"event_city";s:0:"";s:11:"event_state";s:0:"";s:12:"event_postal";s:0:"";}',
        1,1,'-',0,1,1);
INSERT INTO `form_encounter` (`id`, `date`, `reason`, `facility`, `facility_id`, `pid`, `encounter`,
     `onset_date`, `sensitivity`, `billing_note`, `pc_catid`, `last_level_billed`, `last_level_closed`, `last_stmt_date`, `stmt_count`,
      `provider_id`, `supervisor_id`, `invoice_refno`, `referral_source`, `billing_facility`) VALUES
    ('112','2017-7-29 10:30:00', 'Test Encounter', 'Your Clinic Name Here', '3','21','112', '0000-00-00 00:00:00', 'normal', 'NULL','8', '0', '0','NULL', '0', '1', '0', '', '', '3');
INSERT INTO `forms` (`id`, `date`, `encounter`, `form_name`, `form_id`, `pid`, `user`, `groupname`, `authorized`, `deleted`, `formdir`) VALUES
    ('112','2017-7-29 10:30:00','112', 'Patient Encounter', '112', '21', 'admin', 'Default', '1', '0', 'patient_encounter');
INSERT INTO `libreehr_postcalendar_events` 
        (`pc_catid`,`pc_multiple`,`pc_aid`,`pc_pid`,`pc_title`,`pc_time`,`pc_hometext`,`pc_comments`,`pc_counter`,`pc_topic`,`pc_informant`,`pc_eventDate`,
        `pc_endDate`,`pc_duration`,`pc_recurrtype`,`pc_recurrspec`,`pc_recurrfreq`,`pc_startTime`,`pc_endTime`,`pc_alldayevent`,`pc_location`,`pc_eventstatus`,
        `pc_sharing`,`pc_apptstatus`,`pc_prefcatid`,`pc_facility`,`pc_billing_location`)VALUES
        ( 1,111,'1','21','Office Visit','2017-7-29 10:30:00','Clinical Appointment',0,0,1,'1',
        '2017-7-29 10:30:00','0000-00-00',900,0,
        'a:6:{s:17:"event_repeat_freq";s:1:"0";s:22:"event_repeat_freq_type";s:1:"0";s:19:"event_repeat_on_num";s:1:"1";s:19:"event_repeat_on_day";s:1:"0";s:20:"event_repeat_on_freq";s:1:"0";s:6:"exdate";s:0:"";}',
        0,'10:30:00','10:45:00',0,
        'a:6:{s:14:"event_location";s:0:"";s:13:"event_street1";s:0:"";s:13:"event_street2";s:0:"";s:10:"event_city";s:0:"";s:11:"event_state";s:0:"";s:12:"event_postal";s:0:"";}',
        1,1,'-',0,1,1);
INSERT INTO `form_encounter` (`id`, `date`, `reason`, `facility`, `facility_id`, `pid`, `encounter`,
     `onset_date`, `sensitivity`, `billing_note`, `pc_catid`, `last_level_billed`, `last_level_closed`, `last_stmt_date`, `stmt_count`,
      `provider_id`, `supervisor_id`, `invoice_refno`, `referral_source`, `billing_facility`) VALUES
    ('113','2017-8-28 10:00:00', 'Test Encounter', 'Your Clinic Name Here', '3','21','113', '0000-00-00 00:00:00', 'normal', 'NULL','4', '0', '0','NULL', '0', '1', '0', '', '', '3');
INSERT INTO `forms` (`id`, `date`, `encounter`, `form_name`, `form_id`, `pid`, `user`, `groupname`, `authorized`, `deleted`, `formdir`) VALUES
    ('113','2017-8-28 10:00:00','113', 'Patient Encounter', '113', '21', 'admin', 'Default', '1', '0', 'patient_encounter');
INSERT INTO `libreehr_postcalendar_events` 
        (`pc_catid`,`pc_multiple`,`pc_aid`,`pc_pid`,`pc_title`,`pc_time`,`pc_hometext`,`pc_comments`,`pc_counter`,`pc_topic`,`pc_informant`,`pc_eventDate`,
        `pc_endDate`,`pc_duration`,`pc_recurrtype`,`pc_recurrspec`,`pc_recurrfreq`,`pc_startTime`,`pc_endTime`,`pc_alldayevent`,`pc_location`,`pc_eventstatus`,
        `pc_sharing`,`pc_apptstatus`,`pc_prefcatid`,`pc_facility`,`pc_billing_location`)VALUES
        ( 1,112,'1','21','Office Visit','2017-8-28 10:00:00','Clinical Appointment',0,0,1,'1',
        '2017-8-28 10:00:00','0000-00-00',900,0,
        'a:6:{s:17:"event_repeat_freq";s:1:"0";s:22:"event_repeat_freq_type";s:1:"0";s:19:"event_repeat_on_num";s:1:"1";s:19:"event_repeat_on_day";s:1:"0";s:20:"event_repeat_on_freq";s:1:"0";s:6:"exdate";s:0:"";}',
        0,'10:00:00','10:15:00',0,
        'a:6:{s:14:"event_location";s:0:"";s:13:"event_street1";s:0:"";s:13:"event_street2";s:0:"";s:10:"event_city";s:0:"";s:11:"event_state";s:0:"";s:12:"event_postal";s:0:"";}',
        1,1,'-',0,1,1);
INSERT INTO `form_encounter` (`id`, `date`, `reason`, `facility`, `facility_id`, `pid`, `encounter`,
     `onset_date`, `sensitivity`, `billing_note`, `pc_catid`, `last_level_billed`, `last_level_closed`, `last_stmt_date`, `stmt_count`,
      `provider_id`, `supervisor_id`, `invoice_refno`, `referral_source`, `billing_facility`) VALUES
    ('114','2017-9-27 12:00:00', 'Test Encounter', 'Your Clinic Name Here', '3','21','114', '0000-00-00 00:00:00', 'normal', 'NULL','4', '0', '0','NULL', '0', '1', '0', '', '', '3');
INSERT INTO `forms` (`id`, `date`, `encounter`, `form_name`, `form_id`, `pid`, `user`, `groupname`, `authorized`, `deleted`, `formdir`) VALUES
    ('114','2017-9-27 12:00:00','114', 'Patient Encounter', '114', '21', 'admin', 'Default', '1', '0', 'patient_encounter');
INSERT INTO `libreehr_postcalendar_events` 
        (`pc_catid`,`pc_multiple`,`pc_aid`,`pc_pid`,`pc_title`,`pc_time`,`pc_hometext`,`pc_comments`,`pc_counter`,`pc_topic`,`pc_informant`,`pc_eventDate`,
        `pc_endDate`,`pc_duration`,`pc_recurrtype`,`pc_recurrspec`,`pc_recurrfreq`,`pc_startTime`,`pc_endTime`,`pc_alldayevent`,`pc_location`,`pc_eventstatus`,
        `pc_sharing`,`pc_apptstatus`,`pc_prefcatid`,`pc_facility`,`pc_billing_location`)VALUES
        ( 1,113,'1','21','Office Visit','2017-9-27 12:00:00','Clinical Appointment',0,0,1,'1',
        '2017-9-27 12:00:00','0000-00-00',900,0,
        'a:6:{s:17:"event_repeat_freq";s:1:"0";s:22:"event_repeat_freq_type";s:1:"0";s:19:"event_repeat_on_num";s:1:"1";s:19:"event_repeat_on_day";s:1:"0";s:20:"event_repeat_on_freq";s:1:"0";s:6:"exdate";s:0:"";}',
        0,'12:00:00','12:15:00',0,
        'a:6:{s:14:"event_location";s:0:"";s:13:"event_street1";s:0:"";s:13:"event_street2";s:0:"";s:10:"event_city";s:0:"";s:11:"event_state";s:0:"";s:12:"event_postal";s:0:"";}',
        1,1,'-',0,1,1);
INSERT INTO `patient_data` (`title`, `language`, `financial`, `fname`, `lname`, `mname`, `DOB`,`street`, `postal_code`, `city`, `state`,  `drivers_license`, `ss`,`occupation`, `phone_home`, `phone_biz`, `phone_contact`, `phone_cell`,`status`, `contact_relationship`, `date`, `sex`, `referrer`, `referrerID`,`providerID`, `email`, `ethnoracial`, `interpretter`, `migrantseasonal`,`family_size`, `monthly_income`, `homeless`, `financial_review`, `pubpid`,`pid`, `genericname1`, `genericval1`, `genericname2`, `genericval2`) VALUES
 ('Mrs.','Spanish','','ETHEL','JONES','I.','1975-9-7','4623 MainSt.','18461','Jackson','IN','536733122','954694131',' ','(755) 215-5305','(755) 215-5305','(755) 215-5305','(755) 215-5305','married','Friend','2003-11-17 12:06:00','Female','HECTOR HAMILTON','1','1','ETHEL@LibreEHR.org','Yankee',' ',' ','10','5750',' ','000-00-00 00:00:00','22','22',' ',' ',' ',' ');
INSERT INTO `insurance_data` (`id`, `type`, `provider`, `plan_name`, `policy_number`,`group_number`, `subscriber_lname`, `subscriber_mname`, `subscriber_fname`, `subscriber_relationship`, `subscriber_ss`,`subscriber_DOB`, `subscriber_street`, `subscriber_postal_code`, `subscriber_city`, `subscriber_state`, `subscriber_country`,`subscriber_phone`, `subscriber_employer`, `subscriber_employer_street`, `subscriber_employer_postal_code`,`subscriber_employer_state`, `subscriber_employer_country`, `subscriber_employer_city`, `copay`, `date`, `pid`,`subscriber_sex`, `accept_assignment`) VALUES('61','primary','7519','Litigeous Heartless LTD','917840755','33058109','JONES','I.','ETHEL','self','954694131','1975-9-7','4623 MainSt.','18461','Jackson','IN','Openemria','(755) 215-5305','OEMR.org','','','IN','Openemria','Jackson','','2011-10-10','22','Female','FALSE');
INSERT INTO `insurance_data` (`id`, `type`, `provider`, `plan_name`, `policy_number`,`group_number`, `subscriber_lname`, `subscriber_mname`, `subscriber_fname`, `subscriber_relationship`, `subscriber_ss`,`subscriber_DOB`, `subscriber_street`, `subscriber_postal_code`, `subscriber_city`, `subscriber_state`, `subscriber_country`,`subscriber_phone`, `subscriber_employer`, `subscriber_employer_street`, `subscriber_employer_postal_code`,`subscriber_employer_state`, `subscriber_employer_country`, `subscriber_employer_city`, `copay`, `date`, `pid`,`subscriber_sex`, `accept_assignment`) VALUES('62','secondary','2651','Puce Mutual HMO','264006870','618109790','JONES','I.','ETHEL','self','954694131','1975-9-7','4623 MainSt.','18461','Jackson','IN','Openemria','(755) 215-5305','OEMR.org','','','IN','Openemria','Jackson','','2011-10-10','22','Female','FALSE');
INSERT INTO `insurance_data` (`id`, `type`, `provider`, `plan_name`, `policy_number`,`group_number`, `subscriber_lname`, `subscriber_mname`, `subscriber_fname`, `subscriber_relationship`, `subscriber_ss`,`subscriber_DOB`, `subscriber_street`, `subscriber_postal_code`, `subscriber_city`, `subscriber_state`, `subscriber_country`,`subscriber_phone`, `subscriber_employer`, `subscriber_employer_street`, `subscriber_employer_postal_code`,`subscriber_employer_state`, `subscriber_employer_country`, `subscriber_employer_city`, `copay`, `date`, `pid`,`subscriber_sex`, `accept_assignment`) VALUES('63','tertiary','6843','Pink Provider Very LTD.','70348307','272425872','JONES','I.','ETHEL','self','954694131','1975-9-7','4623 MainSt.','18461','Jackson','IN','Openemria','(755) 215-5305','OEMR.org','','','IN','Openemria','Jackson','','2011-10-10','22','Female','FALSE');
INSERT INTO `form_encounter` (`id`, `date`, `reason`, `facility`, `facility_id`, `pid`, `encounter`,
     `onset_date`, `sensitivity`, `billing_note`, `pc_catid`, `last_level_billed`, `last_level_closed`, `last_stmt_date`, `stmt_count`,
      `provider_id`, `supervisor_id`, `invoice_refno`, `referral_source`, `billing_facility`) VALUES
    ('115','2016-12-31 16:00:00', 'Test Encounter', 'Your Clinic Name Here', '3','22','115', '0000-00-00 00:00:00', 'normal', 'NULL','2', '0', '0','NULL', '0', '1', '0', '', '', '3');
INSERT INTO `forms` (`id`, `date`, `encounter`, `form_name`, `form_id`, `pid`, `user`, `groupname`, `authorized`, `deleted`, `formdir`) VALUES
    ('115','2016-12-31 16:00:00','115', 'Patient Encounter', '115', '22', 'admin', 'Default', '1', '0', 'patient_encounter');
INSERT INTO `libreehr_postcalendar_events` 
        (`pc_catid`,`pc_multiple`,`pc_aid`,`pc_pid`,`pc_title`,`pc_time`,`pc_hometext`,`pc_comments`,`pc_counter`,`pc_topic`,`pc_informant`,`pc_eventDate`,
        `pc_endDate`,`pc_duration`,`pc_recurrtype`,`pc_recurrspec`,`pc_recurrfreq`,`pc_startTime`,`pc_endTime`,`pc_alldayevent`,`pc_location`,`pc_eventstatus`,
        `pc_sharing`,`pc_apptstatus`,`pc_prefcatid`,`pc_facility`,`pc_billing_location`)VALUES
        ( 1,114,'1','22','Office Visit','2016-12-31 16:00:00','Clinical Appointment',0,0,1,'1',
        '2016-12-31 16:00:00','0000-00-00',900,0,
        'a:6:{s:17:"event_repeat_freq";s:1:"0";s:22:"event_repeat_freq_type";s:1:"0";s:19:"event_repeat_on_num";s:1:"1";s:19:"event_repeat_on_day";s:1:"0";s:20:"event_repeat_on_freq";s:1:"0";s:6:"exdate";s:0:"";}',
        0,'16:00:00','16:15:00',0,
        'a:6:{s:14:"event_location";s:0:"";s:13:"event_street1";s:0:"";s:13:"event_street2";s:0:"";s:10:"event_city";s:0:"";s:11:"event_state";s:0:"";s:12:"event_postal";s:0:"";}',
        1,1,'-',0,1,1);
INSERT INTO `form_encounter` (`id`, `date`, `reason`, `facility`, `facility_id`, `pid`, `encounter`,
     `onset_date`, `sensitivity`, `billing_note`, `pc_catid`, `last_level_billed`, `last_level_closed`, `last_stmt_date`, `stmt_count`,
      `provider_id`, `supervisor_id`, `invoice_refno`, `referral_source`, `billing_facility`) VALUES
    ('116','2017-1-30 13:30:00', 'Test Encounter', 'Your Clinic Name Here', '3','22','116', '0000-00-00 00:00:00', 'normal', 'NULL','4', '0', '0','NULL', '0', '1', '0', '', '', '3');
INSERT INTO `forms` (`id`, `date`, `encounter`, `form_name`, `form_id`, `pid`, `user`, `groupname`, `authorized`, `deleted`, `formdir`) VALUES
    ('116','2017-1-30 13:30:00','116', 'Patient Encounter', '116', '22', 'admin', 'Default', '1', '0', 'patient_encounter');
INSERT INTO `libreehr_postcalendar_events` 
        (`pc_catid`,`pc_multiple`,`pc_aid`,`pc_pid`,`pc_title`,`pc_time`,`pc_hometext`,`pc_comments`,`pc_counter`,`pc_topic`,`pc_informant`,`pc_eventDate`,
        `pc_endDate`,`pc_duration`,`pc_recurrtype`,`pc_recurrspec`,`pc_recurrfreq`,`pc_startTime`,`pc_endTime`,`pc_alldayevent`,`pc_location`,`pc_eventstatus`,
        `pc_sharing`,`pc_apptstatus`,`pc_prefcatid`,`pc_facility`,`pc_billing_location`)VALUES
        ( 1,115,'1','22','Office Visit','2017-1-30 13:30:00','Clinical Appointment',0,0,1,'1',
        '2017-1-30 13:30:00','0000-00-00',900,0,
        'a:6:{s:17:"event_repeat_freq";s:1:"0";s:22:"event_repeat_freq_type";s:1:"0";s:19:"event_repeat_on_num";s:1:"1";s:19:"event_repeat_on_day";s:1:"0";s:20:"event_repeat_on_freq";s:1:"0";s:6:"exdate";s:0:"";}',
        0,'13:30:00','13:45:00',0,
        'a:6:{s:14:"event_location";s:0:"";s:13:"event_street1";s:0:"";s:13:"event_street2";s:0:"";s:10:"event_city";s:0:"";s:11:"event_state";s:0:"";s:12:"event_postal";s:0:"";}',
        1,1,'-',0,1,1);
INSERT INTO `form_encounter` (`id`, `date`, `reason`, `facility`, `facility_id`, `pid`, `encounter`,
     `onset_date`, `sensitivity`, `billing_note`, `pc_catid`, `last_level_billed`, `last_level_closed`, `last_stmt_date`, `stmt_count`,
      `provider_id`, `supervisor_id`, `invoice_refno`, `referral_source`, `billing_facility`) VALUES
    ('117','2017-3-1 11:15:00', 'Test Encounter', 'Your Clinic Name Here', '3','22','117', '0000-00-00 00:00:00', 'normal', 'NULL','5', '0', '0','NULL', '0', '1', '0', '', '', '3');
INSERT INTO `forms` (`id`, `date`, `encounter`, `form_name`, `form_id`, `pid`, `user`, `groupname`, `authorized`, `deleted`, `formdir`) VALUES
    ('117','2017-3-1 11:15:00','117', 'Patient Encounter', '117', '22', 'admin', 'Default', '1', '0', 'patient_encounter');
INSERT INTO `libreehr_postcalendar_events` 
        (`pc_catid`,`pc_multiple`,`pc_aid`,`pc_pid`,`pc_title`,`pc_time`,`pc_hometext`,`pc_comments`,`pc_counter`,`pc_topic`,`pc_informant`,`pc_eventDate`,
        `pc_endDate`,`pc_duration`,`pc_recurrtype`,`pc_recurrspec`,`pc_recurrfreq`,`pc_startTime`,`pc_endTime`,`pc_alldayevent`,`pc_location`,`pc_eventstatus`,
        `pc_sharing`,`pc_apptstatus`,`pc_prefcatid`,`pc_facility`,`pc_billing_location`)VALUES
        ( 1,116,'1','22','Office Visit','2017-3-1 11:15:00','Clinical Appointment',0,0,1,'1',
        '2017-3-1 11:15:00','0000-00-00',900,0,
        'a:6:{s:17:"event_repeat_freq";s:1:"0";s:22:"event_repeat_freq_type";s:1:"0";s:19:"event_repeat_on_num";s:1:"1";s:19:"event_repeat_on_day";s:1:"0";s:20:"event_repeat_on_freq";s:1:"0";s:6:"exdate";s:0:"";}',
        0,'11:15:00','11:30:00',0,
        'a:6:{s:14:"event_location";s:0:"";s:13:"event_street1";s:0:"";s:13:"event_street2";s:0:"";s:10:"event_city";s:0:"";s:11:"event_state";s:0:"";s:12:"event_postal";s:0:"";}',
        1,1,'-',0,1,1);
INSERT INTO `form_encounter` (`id`, `date`, `reason`, `facility`, `facility_id`, `pid`, `encounter`,
     `onset_date`, `sensitivity`, `billing_note`, `pc_catid`, `last_level_billed`, `last_level_closed`, `last_stmt_date`, `stmt_count`,
      `provider_id`, `supervisor_id`, `invoice_refno`, `referral_source`, `billing_facility`) VALUES
    ('118','2017-3-31 15:00:00', 'Test Encounter', 'Your Clinic Name Here', '3','22','118', '0000-00-00 00:00:00', 'normal', 'NULL','1', '0', '0','NULL', '0', '1', '0', '', '', '3');
INSERT INTO `forms` (`id`, `date`, `encounter`, `form_name`, `form_id`, `pid`, `user`, `groupname`, `authorized`, `deleted`, `formdir`) VALUES
    ('118','2017-3-31 15:00:00','118', 'Patient Encounter', '118', '22', 'admin', 'Default', '1', '0', 'patient_encounter');
INSERT INTO `libreehr_postcalendar_events` 
        (`pc_catid`,`pc_multiple`,`pc_aid`,`pc_pid`,`pc_title`,`pc_time`,`pc_hometext`,`pc_comments`,`pc_counter`,`pc_topic`,`pc_informant`,`pc_eventDate`,
        `pc_endDate`,`pc_duration`,`pc_recurrtype`,`pc_recurrspec`,`pc_recurrfreq`,`pc_startTime`,`pc_endTime`,`pc_alldayevent`,`pc_location`,`pc_eventstatus`,
        `pc_sharing`,`pc_apptstatus`,`pc_prefcatid`,`pc_facility`,`pc_billing_location`)VALUES
        ( 1,117,'1','22','Office Visit','2017-3-31 15:00:00','Clinical Appointment',0,0,1,'1',
        '2017-3-31 15:00:00','0000-00-00',900,0,
        'a:6:{s:17:"event_repeat_freq";s:1:"0";s:22:"event_repeat_freq_type";s:1:"0";s:19:"event_repeat_on_num";s:1:"1";s:19:"event_repeat_on_day";s:1:"0";s:20:"event_repeat_on_freq";s:1:"0";s:6:"exdate";s:0:"";}',
        0,'15:00:00','15:15:00',0,
        'a:6:{s:14:"event_location";s:0:"";s:13:"event_street1";s:0:"";s:13:"event_street2";s:0:"";s:10:"event_city";s:0:"";s:11:"event_state";s:0:"";s:12:"event_postal";s:0:"";}',
        1,1,'-',0,1,1);
INSERT INTO `form_encounter` (`id`, `date`, `reason`, `facility`, `facility_id`, `pid`, `encounter`,
     `onset_date`, `sensitivity`, `billing_note`, `pc_catid`, `last_level_billed`, `last_level_closed`, `last_stmt_date`, `stmt_count`,
      `provider_id`, `supervisor_id`, `invoice_refno`, `referral_source`, `billing_facility`) VALUES
    ('119','2017-4-30 17:30:00', 'Test Encounter', 'Your Clinic Name Here', '3','22','119', '0000-00-00 00:00:00', 'normal', 'NULL','1', '0', '0','NULL', '0', '1', '0', '', '', '3');
INSERT INTO `forms` (`id`, `date`, `encounter`, `form_name`, `form_id`, `pid`, `user`, `groupname`, `authorized`, `deleted`, `formdir`) VALUES
    ('119','2017-4-30 17:30:00','119', 'Patient Encounter', '119', '22', 'admin', 'Default', '1', '0', 'patient_encounter');
INSERT INTO `libreehr_postcalendar_events` 
        (`pc_catid`,`pc_multiple`,`pc_aid`,`pc_pid`,`pc_title`,`pc_time`,`pc_hometext`,`pc_comments`,`pc_counter`,`pc_topic`,`pc_informant`,`pc_eventDate`,
        `pc_endDate`,`pc_duration`,`pc_recurrtype`,`pc_recurrspec`,`pc_recurrfreq`,`pc_startTime`,`pc_endTime`,`pc_alldayevent`,`pc_location`,`pc_eventstatus`,
        `pc_sharing`,`pc_apptstatus`,`pc_prefcatid`,`pc_facility`,`pc_billing_location`)VALUES
        ( 1,118,'1','22','Office Visit','2017-4-30 17:30:00','Clinical Appointment',0,0,1,'1',
        '2017-4-30 17:30:00','0000-00-00',900,0,
        'a:6:{s:17:"event_repeat_freq";s:1:"0";s:22:"event_repeat_freq_type";s:1:"0";s:19:"event_repeat_on_num";s:1:"1";s:19:"event_repeat_on_day";s:1:"0";s:20:"event_repeat_on_freq";s:1:"0";s:6:"exdate";s:0:"";}',
        0,'17:30:00','17:45:00',0,
        'a:6:{s:14:"event_location";s:0:"";s:13:"event_street1";s:0:"";s:13:"event_street2";s:0:"";s:10:"event_city";s:0:"";s:11:"event_state";s:0:"";s:12:"event_postal";s:0:"";}',
        1,1,'-',0,1,1);
INSERT INTO `form_encounter` (`id`, `date`, `reason`, `facility`, `facility_id`, `pid`, `encounter`,
     `onset_date`, `sensitivity`, `billing_note`, `pc_catid`, `last_level_billed`, `last_level_closed`, `last_stmt_date`, `stmt_count`,
      `provider_id`, `supervisor_id`, `invoice_refno`, `referral_source`, `billing_facility`) VALUES
    ('120','2017-5-30 10:15:00', 'Test Encounter', 'Your Clinic Name Here', '3','22','120', '0000-00-00 00:00:00', 'normal', 'NULL','6', '0', '0','NULL', '0', '1', '0', '', '', '3');
INSERT INTO `forms` (`id`, `date`, `encounter`, `form_name`, `form_id`, `pid`, `user`, `groupname`, `authorized`, `deleted`, `formdir`) VALUES
    ('120','2017-5-30 10:15:00','120', 'Patient Encounter', '120', '22', 'admin', 'Default', '1', '0', 'patient_encounter');
INSERT INTO `libreehr_postcalendar_events` 
        (`pc_catid`,`pc_multiple`,`pc_aid`,`pc_pid`,`pc_title`,`pc_time`,`pc_hometext`,`pc_comments`,`pc_counter`,`pc_topic`,`pc_informant`,`pc_eventDate`,
        `pc_endDate`,`pc_duration`,`pc_recurrtype`,`pc_recurrspec`,`pc_recurrfreq`,`pc_startTime`,`pc_endTime`,`pc_alldayevent`,`pc_location`,`pc_eventstatus`,
        `pc_sharing`,`pc_apptstatus`,`pc_prefcatid`,`pc_facility`,`pc_billing_location`)VALUES
        ( 1,119,'1','22','Office Visit','2017-5-30 10:15:00','Clinical Appointment',0,0,1,'1',
        '2017-5-30 10:15:00','0000-00-00',900,0,
        'a:6:{s:17:"event_repeat_freq";s:1:"0";s:22:"event_repeat_freq_type";s:1:"0";s:19:"event_repeat_on_num";s:1:"1";s:19:"event_repeat_on_day";s:1:"0";s:20:"event_repeat_on_freq";s:1:"0";s:6:"exdate";s:0:"";}',
        0,'10:15:00','10:30:00',0,
        'a:6:{s:14:"event_location";s:0:"";s:13:"event_street1";s:0:"";s:13:"event_street2";s:0:"";s:10:"event_city";s:0:"";s:11:"event_state";s:0:"";s:12:"event_postal";s:0:"";}',
        1,1,'-',0,1,1);
INSERT INTO `form_encounter` (`id`, `date`, `reason`, `facility`, `facility_id`, `pid`, `encounter`,
     `onset_date`, `sensitivity`, `billing_note`, `pc_catid`, `last_level_billed`, `last_level_closed`, `last_stmt_date`, `stmt_count`,
      `provider_id`, `supervisor_id`, `invoice_refno`, `referral_source`, `billing_facility`) VALUES
    ('121','2017-6-29 14:00:00', 'Test Encounter', 'Your Clinic Name Here', '3','22','121', '0000-00-00 00:00:00', 'normal', 'NULL','5', '0', '0','NULL', '0', '1', '0', '', '', '3');
INSERT INTO `forms` (`id`, `date`, `encounter`, `form_name`, `form_id`, `pid`, `user`, `groupname`, `authorized`, `deleted`, `formdir`) VALUES
    ('121','2017-6-29 14:00:00','121', 'Patient Encounter', '121', '22', 'admin', 'Default', '1', '0', 'patient_encounter');
INSERT INTO `libreehr_postcalendar_events` 
        (`pc_catid`,`pc_multiple`,`pc_aid`,`pc_pid`,`pc_title`,`pc_time`,`pc_hometext`,`pc_comments`,`pc_counter`,`pc_topic`,`pc_informant`,`pc_eventDate`,
        `pc_endDate`,`pc_duration`,`pc_recurrtype`,`pc_recurrspec`,`pc_recurrfreq`,`pc_startTime`,`pc_endTime`,`pc_alldayevent`,`pc_location`,`pc_eventstatus`,
        `pc_sharing`,`pc_apptstatus`,`pc_prefcatid`,`pc_facility`,`pc_billing_location`)VALUES
        ( 1,120,'1','22','Office Visit','2017-6-29 14:00:00','Clinical Appointment',0,0,1,'1',
        '2017-6-29 14:00:00','0000-00-00',900,0,
        'a:6:{s:17:"event_repeat_freq";s:1:"0";s:22:"event_repeat_freq_type";s:1:"0";s:19:"event_repeat_on_num";s:1:"1";s:19:"event_repeat_on_day";s:1:"0";s:20:"event_repeat_on_freq";s:1:"0";s:6:"exdate";s:0:"";}',
        0,'14:00:00','14:15:00',0,
        'a:6:{s:14:"event_location";s:0:"";s:13:"event_street1";s:0:"";s:13:"event_street2";s:0:"";s:10:"event_city";s:0:"";s:11:"event_state";s:0:"";s:12:"event_postal";s:0:"";}',
        1,1,'-',0,1,1);
INSERT INTO `form_encounter` (`id`, `date`, `reason`, `facility`, `facility_id`, `pid`, `encounter`,
     `onset_date`, `sensitivity`, `billing_note`, `pc_catid`, `last_level_billed`, `last_level_closed`, `last_stmt_date`, `stmt_count`,
      `provider_id`, `supervisor_id`, `invoice_refno`, `referral_source`, `billing_facility`) VALUES
    ('122','2017-7-29 16:15:00', 'Test Encounter', 'Your Clinic Name Here', '3','22','122', '0000-00-00 00:00:00', 'normal', 'NULL','1', '0', '0','NULL', '0', '1', '0', '', '', '3');
INSERT INTO `forms` (`id`, `date`, `encounter`, `form_name`, `form_id`, `pid`, `user`, `groupname`, `authorized`, `deleted`, `formdir`) VALUES
    ('122','2017-7-29 16:15:00','122', 'Patient Encounter', '122', '22', 'admin', 'Default', '1', '0', 'patient_encounter');
INSERT INTO `libreehr_postcalendar_events` 
        (`pc_catid`,`pc_multiple`,`pc_aid`,`pc_pid`,`pc_title`,`pc_time`,`pc_hometext`,`pc_comments`,`pc_counter`,`pc_topic`,`pc_informant`,`pc_eventDate`,
        `pc_endDate`,`pc_duration`,`pc_recurrtype`,`pc_recurrspec`,`pc_recurrfreq`,`pc_startTime`,`pc_endTime`,`pc_alldayevent`,`pc_location`,`pc_eventstatus`,
        `pc_sharing`,`pc_apptstatus`,`pc_prefcatid`,`pc_facility`,`pc_billing_location`)VALUES
        ( 1,121,'1','22','Office Visit','2017-7-29 16:15:00','Clinical Appointment',0,0,1,'1',
        '2017-7-29 16:15:00','0000-00-00',900,0,
        'a:6:{s:17:"event_repeat_freq";s:1:"0";s:22:"event_repeat_freq_type";s:1:"0";s:19:"event_repeat_on_num";s:1:"1";s:19:"event_repeat_on_day";s:1:"0";s:20:"event_repeat_on_freq";s:1:"0";s:6:"exdate";s:0:"";}',
        0,'16:15:00','16:30:00',0,
        'a:6:{s:14:"event_location";s:0:"";s:13:"event_street1";s:0:"";s:13:"event_street2";s:0:"";s:10:"event_city";s:0:"";s:11:"event_state";s:0:"";s:12:"event_postal";s:0:"";}',
        1,1,'-',0,1,1);
INSERT INTO `form_encounter` (`id`, `date`, `reason`, `facility`, `facility_id`, `pid`, `encounter`,
     `onset_date`, `sensitivity`, `billing_note`, `pc_catid`, `last_level_billed`, `last_level_closed`, `last_stmt_date`, `stmt_count`,
      `provider_id`, `supervisor_id`, `invoice_refno`, `referral_source`, `billing_facility`) VALUES
    ('123','2017-8-28 12:30:00', 'Test Encounter', 'Your Clinic Name Here', '3','22','123', '0000-00-00 00:00:00', 'normal', 'NULL','1', '0', '0','NULL', '0', '1', '0', '', '', '3');
INSERT INTO `forms` (`id`, `date`, `encounter`, `form_name`, `form_id`, `pid`, `user`, `groupname`, `authorized`, `deleted`, `formdir`) VALUES
    ('123','2017-8-28 12:30:00','123', 'Patient Encounter', '123', '22', 'admin', 'Default', '1', '0', 'patient_encounter');
INSERT INTO `libreehr_postcalendar_events` 
        (`pc_catid`,`pc_multiple`,`pc_aid`,`pc_pid`,`pc_title`,`pc_time`,`pc_hometext`,`pc_comments`,`pc_counter`,`pc_topic`,`pc_informant`,`pc_eventDate`,
        `pc_endDate`,`pc_duration`,`pc_recurrtype`,`pc_recurrspec`,`pc_recurrfreq`,`pc_startTime`,`pc_endTime`,`pc_alldayevent`,`pc_location`,`pc_eventstatus`,
        `pc_sharing`,`pc_apptstatus`,`pc_prefcatid`,`pc_facility`,`pc_billing_location`)VALUES
        ( 1,122,'1','22','Office Visit','2017-8-28 12:30:00','Clinical Appointment',0,0,1,'1',
        '2017-8-28 12:30:00','0000-00-00',900,0,
        'a:6:{s:17:"event_repeat_freq";s:1:"0";s:22:"event_repeat_freq_type";s:1:"0";s:19:"event_repeat_on_num";s:1:"1";s:19:"event_repeat_on_day";s:1:"0";s:20:"event_repeat_on_freq";s:1:"0";s:6:"exdate";s:0:"";}',
        0,'12:30:00','12:45:00',0,
        'a:6:{s:14:"event_location";s:0:"";s:13:"event_street1";s:0:"";s:13:"event_street2";s:0:"";s:10:"event_city";s:0:"";s:11:"event_state";s:0:"";s:12:"event_postal";s:0:"";}',
        1,1,'-',0,1,1);
INSERT INTO `form_encounter` (`id`, `date`, `reason`, `facility`, `facility_id`, `pid`, `encounter`,
     `onset_date`, `sensitivity`, `billing_note`, `pc_catid`, `last_level_billed`, `last_level_closed`, `last_stmt_date`, `stmt_count`,
      `provider_id`, `supervisor_id`, `invoice_refno`, `referral_source`, `billing_facility`) VALUES
    ('124','2017-9-27 11:00:00', 'Test Encounter', 'Your Clinic Name Here', '3','22','124', '0000-00-00 00:00:00', 'normal', 'NULL','3', '0', '0','NULL', '0', '1', '0', '', '', '3');
INSERT INTO `forms` (`id`, `date`, `encounter`, `form_name`, `form_id`, `pid`, `user`, `groupname`, `authorized`, `deleted`, `formdir`) VALUES
    ('124','2017-9-27 11:00:00','124', 'Patient Encounter', '124', '22', 'admin', 'Default', '1', '0', 'patient_encounter');
INSERT INTO `libreehr_postcalendar_events` 
        (`pc_catid`,`pc_multiple`,`pc_aid`,`pc_pid`,`pc_title`,`pc_time`,`pc_hometext`,`pc_comments`,`pc_counter`,`pc_topic`,`pc_informant`,`pc_eventDate`,
        `pc_endDate`,`pc_duration`,`pc_recurrtype`,`pc_recurrspec`,`pc_recurrfreq`,`pc_startTime`,`pc_endTime`,`pc_alldayevent`,`pc_location`,`pc_eventstatus`,
        `pc_sharing`,`pc_apptstatus`,`pc_prefcatid`,`pc_facility`,`pc_billing_location`)VALUES
        ( 1,123,'1','22','Office Visit','2017-9-27 11:00:00','Clinical Appointment',0,0,1,'1',
        '2017-9-27 11:00:00','0000-00-00',900,0,
        'a:6:{s:17:"event_repeat_freq";s:1:"0";s:22:"event_repeat_freq_type";s:1:"0";s:19:"event_repeat_on_num";s:1:"1";s:19:"event_repeat_on_day";s:1:"0";s:20:"event_repeat_on_freq";s:1:"0";s:6:"exdate";s:0:"";}',
        0,'11:00:00','11:15:00',0,
        'a:6:{s:14:"event_location";s:0:"";s:13:"event_street1";s:0:"";s:13:"event_street2";s:0:"";s:10:"event_city";s:0:"";s:11:"event_state";s:0:"";s:12:"event_postal";s:0:"";}',
        1,1,'-',0,1,1);
INSERT INTO `patient_data` (`title`, `language`, `financial`, `fname`, `lname`, `mname`, `DOB`,`street`, `postal_code`, `city`, `state`,  `drivers_license`, `ss`,`occupation`, `phone_home`, `phone_biz`, `phone_contact`, `phone_cell`,`status`, `contact_relationship`, `date`, `sex`, `referrer`, `referrerID`,`providerID`, `email`, `ethnoracial`, `interpretter`, `migrantseasonal`,`family_size`, `monthly_income`, `homeless`, `financial_review`, `pubpid`,`pid`, `genericname1`, `genericval1`, `genericname2`, `genericval2`) VALUES
 ('Mrs.','English','','DOROTHY','FERGUSON','G.','1988-5-10','5853 PecanBLVD','35515','Greenville','WA','320960008','91365632',' ','(445) 339-7474','(445) 339-7474','(445) 339-7474','(445) 339-7474','married','Friend','2003-11-17 12:06:00','Female','CARL YOUNG','1','1','DOROTHY@LibreEHR.org','Martian',' ',' ','1','6292',' ','000-00-00 00:00:00','23','23',' ',' ',' ',' ');
INSERT INTO `insurance_data` (`id`, `type`, `provider`, `plan_name`, `policy_number`,`group_number`, `subscriber_lname`, `subscriber_mname`, `subscriber_fname`, `subscriber_relationship`, `subscriber_ss`,`subscriber_DOB`, `subscriber_street`, `subscriber_postal_code`, `subscriber_city`, `subscriber_state`, `subscriber_country`,`subscriber_phone`, `subscriber_employer`, `subscriber_employer_street`, `subscriber_employer_postal_code`,`subscriber_employer_state`, `subscriber_employer_country`, `subscriber_employer_city`, `copay`, `date`, `pid`,`subscriber_sex`, `accept_assignment`) VALUES('64','primary','6186','Green Mutual LTD','115112377','241102582','FERGUSON','G.','DOROTHY','self','91365632','1988-5-10','5853 PecanBLVD','35515','Greenville','WA','Openemria','(445) 339-7474','OEMR.org','','','WA','Openemria','Greenville','','2011-10-10','23','Female','FALSE');
INSERT INTO `insurance_data` (`id`, `type`, `provider`, `plan_name`, `policy_number`,`group_number`, `subscriber_lname`, `subscriber_mname`, `subscriber_fname`, `subscriber_relationship`, `subscriber_ss`,`subscriber_DOB`, `subscriber_street`, `subscriber_postal_code`, `subscriber_city`, `subscriber_state`, `subscriber_country`,`subscriber_phone`, `subscriber_employer`, `subscriber_employer_street`, `subscriber_employer_postal_code`,`subscriber_employer_state`, `subscriber_employer_country`, `subscriber_employer_city`, `copay`, `date`, `pid`,`subscriber_sex`, `accept_assignment`) VALUES('65','secondary','7519','Litigeous Heartless LTD','433225897','593945642','FERGUSON','G.','DOROTHY','self','91365632','1988-5-10','5853 PecanBLVD','35515','Greenville','WA','Openemria','(445) 339-7474','OEMR.org','','','WA','Openemria','Greenville','','2011-10-10','23','Female','FALSE');
INSERT INTO `insurance_data` (`id`, `type`, `provider`, `plan_name`, `policy_number`,`group_number`, `subscriber_lname`, `subscriber_mname`, `subscriber_fname`, `subscriber_relationship`, `subscriber_ss`,`subscriber_DOB`, `subscriber_street`, `subscriber_postal_code`, `subscriber_city`, `subscriber_state`, `subscriber_country`,`subscriber_phone`, `subscriber_employer`, `subscriber_employer_street`, `subscriber_employer_postal_code`,`subscriber_employer_state`, `subscriber_employer_country`, `subscriber_employer_city`, `copay`, `date`, `pid`,`subscriber_sex`, `accept_assignment`) VALUES('66','tertiary','2651','Puce Mutual HMO','426913155','641003557','FERGUSON','G.','DOROTHY','self','91365632','1988-5-10','5853 PecanBLVD','35515','Greenville','WA','Openemria','(445) 339-7474','OEMR.org','','','WA','Openemria','Greenville','','2011-10-10','23','Female','FALSE');
INSERT INTO `form_encounter` (`id`, `date`, `reason`, `facility`, `facility_id`, `pid`, `encounter`,
     `onset_date`, `sensitivity`, `billing_note`, `pc_catid`, `last_level_billed`, `last_level_closed`, `last_stmt_date`, `stmt_count`,
      `provider_id`, `supervisor_id`, `invoice_refno`, `referral_source`, `billing_facility`) VALUES
    ('125','2017-3-31 14:00:00', 'Test Encounter', 'Your Clinic Name Here', '3','23','125', '0000-00-00 00:00:00', 'normal', 'NULL','9', '0', '0','NULL', '0', '1', '0', '', '', '3');
INSERT INTO `forms` (`id`, `date`, `encounter`, `form_name`, `form_id`, `pid`, `user`, `groupname`, `authorized`, `deleted`, `formdir`) VALUES
    ('125','2017-3-31 14:00:00','125', 'Patient Encounter', '125', '23', 'admin', 'Default', '1', '0', 'patient_encounter');
INSERT INTO `libreehr_postcalendar_events` 
        (`pc_catid`,`pc_multiple`,`pc_aid`,`pc_pid`,`pc_title`,`pc_time`,`pc_hometext`,`pc_comments`,`pc_counter`,`pc_topic`,`pc_informant`,`pc_eventDate`,
        `pc_endDate`,`pc_duration`,`pc_recurrtype`,`pc_recurrspec`,`pc_recurrfreq`,`pc_startTime`,`pc_endTime`,`pc_alldayevent`,`pc_location`,`pc_eventstatus`,
        `pc_sharing`,`pc_apptstatus`,`pc_prefcatid`,`pc_facility`,`pc_billing_location`)VALUES
        ( 1,124,'1','23','Office Visit','2017-3-31 14:00:00','Clinical Appointment',0,0,1,'1',
        '2017-3-31 14:00:00','0000-00-00',900,0,
        'a:6:{s:17:"event_repeat_freq";s:1:"0";s:22:"event_repeat_freq_type";s:1:"0";s:19:"event_repeat_on_num";s:1:"1";s:19:"event_repeat_on_day";s:1:"0";s:20:"event_repeat_on_freq";s:1:"0";s:6:"exdate";s:0:"";}',
        0,'14:00:00','14:15:00',0,
        'a:6:{s:14:"event_location";s:0:"";s:13:"event_street1";s:0:"";s:13:"event_street2";s:0:"";s:10:"event_city";s:0:"";s:11:"event_state";s:0:"";s:12:"event_postal";s:0:"";}',
        1,1,'-',0,1,1);
INSERT INTO `form_encounter` (`id`, `date`, `reason`, `facility`, `facility_id`, `pid`, `encounter`,
     `onset_date`, `sensitivity`, `billing_note`, `pc_catid`, `last_level_billed`, `last_level_closed`, `last_stmt_date`, `stmt_count`,
      `provider_id`, `supervisor_id`, `invoice_refno`, `referral_source`, `billing_facility`) VALUES
    ('126','2017-4-30 16:30:00', 'Test Encounter', 'Your Clinic Name Here', '3','23','126', '0000-00-00 00:00:00', 'normal', 'NULL','6', '0', '0','NULL', '0', '1', '0', '', '', '3');
INSERT INTO `forms` (`id`, `date`, `encounter`, `form_name`, `form_id`, `pid`, `user`, `groupname`, `authorized`, `deleted`, `formdir`) VALUES
    ('126','2017-4-30 16:30:00','126', 'Patient Encounter', '126', '23', 'admin', 'Default', '1', '0', 'patient_encounter');
INSERT INTO `libreehr_postcalendar_events` 
        (`pc_catid`,`pc_multiple`,`pc_aid`,`pc_pid`,`pc_title`,`pc_time`,`pc_hometext`,`pc_comments`,`pc_counter`,`pc_topic`,`pc_informant`,`pc_eventDate`,
        `pc_endDate`,`pc_duration`,`pc_recurrtype`,`pc_recurrspec`,`pc_recurrfreq`,`pc_startTime`,`pc_endTime`,`pc_alldayevent`,`pc_location`,`pc_eventstatus`,
        `pc_sharing`,`pc_apptstatus`,`pc_prefcatid`,`pc_facility`,`pc_billing_location`)VALUES
        ( 1,125,'1','23','Office Visit','2017-4-30 16:30:00','Clinical Appointment',0,0,1,'1',
        '2017-4-30 16:30:00','0000-00-00',900,0,
        'a:6:{s:17:"event_repeat_freq";s:1:"0";s:22:"event_repeat_freq_type";s:1:"0";s:19:"event_repeat_on_num";s:1:"1";s:19:"event_repeat_on_day";s:1:"0";s:20:"event_repeat_on_freq";s:1:"0";s:6:"exdate";s:0:"";}',
        0,'16:30:00','16:45:00',0,
        'a:6:{s:14:"event_location";s:0:"";s:13:"event_street1";s:0:"";s:13:"event_street2";s:0:"";s:10:"event_city";s:0:"";s:11:"event_state";s:0:"";s:12:"event_postal";s:0:"";}',
        1,1,'-',0,1,1);
INSERT INTO `form_encounter` (`id`, `date`, `reason`, `facility`, `facility_id`, `pid`, `encounter`,
     `onset_date`, `sensitivity`, `billing_note`, `pc_catid`, `last_level_billed`, `last_level_closed`, `last_stmt_date`, `stmt_count`,
      `provider_id`, `supervisor_id`, `invoice_refno`, `referral_source`, `billing_facility`) VALUES
    ('127','2017-5-30 11:15:00', 'Test Encounter', 'Your Clinic Name Here', '3','23','127', '0000-00-00 00:00:00', 'normal', 'NULL','3', '0', '0','NULL', '0', '1', '0', '', '', '3');
INSERT INTO `forms` (`id`, `date`, `encounter`, `form_name`, `form_id`, `pid`, `user`, `groupname`, `authorized`, `deleted`, `formdir`) VALUES
    ('127','2017-5-30 11:15:00','127', 'Patient Encounter', '127', '23', 'admin', 'Default', '1', '0', 'patient_encounter');
INSERT INTO `libreehr_postcalendar_events` 
        (`pc_catid`,`pc_multiple`,`pc_aid`,`pc_pid`,`pc_title`,`pc_time`,`pc_hometext`,`pc_comments`,`pc_counter`,`pc_topic`,`pc_informant`,`pc_eventDate`,
        `pc_endDate`,`pc_duration`,`pc_recurrtype`,`pc_recurrspec`,`pc_recurrfreq`,`pc_startTime`,`pc_endTime`,`pc_alldayevent`,`pc_location`,`pc_eventstatus`,
        `pc_sharing`,`pc_apptstatus`,`pc_prefcatid`,`pc_facility`,`pc_billing_location`)VALUES
        ( 1,126,'1','23','Office Visit','2017-5-30 11:15:00','Clinical Appointment',0,0,1,'1',
        '2017-5-30 11:15:00','0000-00-00',900,0,
        'a:6:{s:17:"event_repeat_freq";s:1:"0";s:22:"event_repeat_freq_type";s:1:"0";s:19:"event_repeat_on_num";s:1:"1";s:19:"event_repeat_on_day";s:1:"0";s:20:"event_repeat_on_freq";s:1:"0";s:6:"exdate";s:0:"";}',
        0,'11:15:00','11:30:00',0,
        'a:6:{s:14:"event_location";s:0:"";s:13:"event_street1";s:0:"";s:13:"event_street2";s:0:"";s:10:"event_city";s:0:"";s:11:"event_state";s:0:"";s:12:"event_postal";s:0:"";}',
        1,1,'-',0,1,1);
INSERT INTO `form_encounter` (`id`, `date`, `reason`, `facility`, `facility_id`, `pid`, `encounter`,
     `onset_date`, `sensitivity`, `billing_note`, `pc_catid`, `last_level_billed`, `last_level_closed`, `last_stmt_date`, `stmt_count`,
      `provider_id`, `supervisor_id`, `invoice_refno`, `referral_source`, `billing_facility`) VALUES
    ('128','2017-6-29 10:00:00', 'Test Encounter', 'Your Clinic Name Here', '3','23','128', '0000-00-00 00:00:00', 'normal', 'NULL','6', '0', '0','NULL', '0', '1', '0', '', '', '3');
INSERT INTO `forms` (`id`, `date`, `encounter`, `form_name`, `form_id`, `pid`, `user`, `groupname`, `authorized`, `deleted`, `formdir`) VALUES
    ('128','2017-6-29 10:00:00','128', 'Patient Encounter', '128', '23', 'admin', 'Default', '1', '0', 'patient_encounter');
INSERT INTO `libreehr_postcalendar_events` 
        (`pc_catid`,`pc_multiple`,`pc_aid`,`pc_pid`,`pc_title`,`pc_time`,`pc_hometext`,`pc_comments`,`pc_counter`,`pc_topic`,`pc_informant`,`pc_eventDate`,
        `pc_endDate`,`pc_duration`,`pc_recurrtype`,`pc_recurrspec`,`pc_recurrfreq`,`pc_startTime`,`pc_endTime`,`pc_alldayevent`,`pc_location`,`pc_eventstatus`,
        `pc_sharing`,`pc_apptstatus`,`pc_prefcatid`,`pc_facility`,`pc_billing_location`)VALUES
        ( 1,127,'1','23','Office Visit','2017-6-29 10:00:00','Clinical Appointment',0,0,1,'1',
        '2017-6-29 10:00:00','0000-00-00',900,0,
        'a:6:{s:17:"event_repeat_freq";s:1:"0";s:22:"event_repeat_freq_type";s:1:"0";s:19:"event_repeat_on_num";s:1:"1";s:19:"event_repeat_on_day";s:1:"0";s:20:"event_repeat_on_freq";s:1:"0";s:6:"exdate";s:0:"";}',
        0,'10:00:00','10:15:00',0,
        'a:6:{s:14:"event_location";s:0:"";s:13:"event_street1";s:0:"";s:13:"event_street2";s:0:"";s:10:"event_city";s:0:"";s:11:"event_state";s:0:"";s:12:"event_postal";s:0:"";}',
        1,1,'-',0,1,1);
INSERT INTO `form_encounter` (`id`, `date`, `reason`, `facility`, `facility_id`, `pid`, `encounter`,
     `onset_date`, `sensitivity`, `billing_note`, `pc_catid`, `last_level_billed`, `last_level_closed`, `last_stmt_date`, `stmt_count`,
      `provider_id`, `supervisor_id`, `invoice_refno`, `referral_source`, `billing_facility`) VALUES
    ('129','2017-7-29 14:15:00', 'Test Encounter', 'Your Clinic Name Here', '3','23','129', '0000-00-00 00:00:00', 'normal', 'NULL','1', '0', '0','NULL', '0', '1', '0', '', '', '3');
INSERT INTO `forms` (`id`, `date`, `encounter`, `form_name`, `form_id`, `pid`, `user`, `groupname`, `authorized`, `deleted`, `formdir`) VALUES
    ('129','2017-7-29 14:15:00','129', 'Patient Encounter', '129', '23', 'admin', 'Default', '1', '0', 'patient_encounter');
INSERT INTO `libreehr_postcalendar_events` 
        (`pc_catid`,`pc_multiple`,`pc_aid`,`pc_pid`,`pc_title`,`pc_time`,`pc_hometext`,`pc_comments`,`pc_counter`,`pc_topic`,`pc_informant`,`pc_eventDate`,
        `pc_endDate`,`pc_duration`,`pc_recurrtype`,`pc_recurrspec`,`pc_recurrfreq`,`pc_startTime`,`pc_endTime`,`pc_alldayevent`,`pc_location`,`pc_eventstatus`,
        `pc_sharing`,`pc_apptstatus`,`pc_prefcatid`,`pc_facility`,`pc_billing_location`)VALUES
        ( 1,128,'1','23','Office Visit','2017-7-29 14:15:00','Clinical Appointment',0,0,1,'1',
        '2017-7-29 14:15:00','0000-00-00',900,0,
        'a:6:{s:17:"event_repeat_freq";s:1:"0";s:22:"event_repeat_freq_type";s:1:"0";s:19:"event_repeat_on_num";s:1:"1";s:19:"event_repeat_on_day";s:1:"0";s:20:"event_repeat_on_freq";s:1:"0";s:6:"exdate";s:0:"";}',
        0,'14:15:00','14:30:00',0,
        'a:6:{s:14:"event_location";s:0:"";s:13:"event_street1";s:0:"";s:13:"event_street2";s:0:"";s:10:"event_city";s:0:"";s:11:"event_state";s:0:"";s:12:"event_postal";s:0:"";}',
        1,1,'-',0,1,1);
INSERT INTO `form_encounter` (`id`, `date`, `reason`, `facility`, `facility_id`, `pid`, `encounter`,
     `onset_date`, `sensitivity`, `billing_note`, `pc_catid`, `last_level_billed`, `last_level_closed`, `last_stmt_date`, `stmt_count`,
      `provider_id`, `supervisor_id`, `invoice_refno`, `referral_source`, `billing_facility`) VALUES
    ('130','2017-8-28 11:15:00', 'Test Encounter', 'Your Clinic Name Here', '3','23','130', '0000-00-00 00:00:00', 'normal', 'NULL','1', '0', '0','NULL', '0', '1', '0', '', '', '3');
INSERT INTO `forms` (`id`, `date`, `encounter`, `form_name`, `form_id`, `pid`, `user`, `groupname`, `authorized`, `deleted`, `formdir`) VALUES
    ('130','2017-8-28 11:15:00','130', 'Patient Encounter', '130', '23', 'admin', 'Default', '1', '0', 'patient_encounter');
INSERT INTO `libreehr_postcalendar_events` 
        (`pc_catid`,`pc_multiple`,`pc_aid`,`pc_pid`,`pc_title`,`pc_time`,`pc_hometext`,`pc_comments`,`pc_counter`,`pc_topic`,`pc_informant`,`pc_eventDate`,
        `pc_endDate`,`pc_duration`,`pc_recurrtype`,`pc_recurrspec`,`pc_recurrfreq`,`pc_startTime`,`pc_endTime`,`pc_alldayevent`,`pc_location`,`pc_eventstatus`,
        `pc_sharing`,`pc_apptstatus`,`pc_prefcatid`,`pc_facility`,`pc_billing_location`)VALUES
        ( 1,129,'1','23','Office Visit','2017-8-28 11:15:00','Clinical Appointment',0,0,1,'1',
        '2017-8-28 11:15:00','0000-00-00',900,0,
        'a:6:{s:17:"event_repeat_freq";s:1:"0";s:22:"event_repeat_freq_type";s:1:"0";s:19:"event_repeat_on_num";s:1:"1";s:19:"event_repeat_on_day";s:1:"0";s:20:"event_repeat_on_freq";s:1:"0";s:6:"exdate";s:0:"";}',
        0,'11:15:00','11:30:00',0,
        'a:6:{s:14:"event_location";s:0:"";s:13:"event_street1";s:0:"";s:13:"event_street2";s:0:"";s:10:"event_city";s:0:"";s:11:"event_state";s:0:"";s:12:"event_postal";s:0:"";}',
        1,1,'-',0,1,1);
INSERT INTO `form_encounter` (`id`, `date`, `reason`, `facility`, `facility_id`, `pid`, `encounter`,
     `onset_date`, `sensitivity`, `billing_note`, `pc_catid`, `last_level_billed`, `last_level_closed`, `last_stmt_date`, `stmt_count`,
      `provider_id`, `supervisor_id`, `invoice_refno`, `referral_source`, `billing_facility`) VALUES
    ('131','2017-9-27 11:15:00', 'Test Encounter', 'Your Clinic Name Here', '3','23','131', '0000-00-00 00:00:00', 'normal', 'NULL','1', '0', '0','NULL', '0', '1', '0', '', '', '3');
INSERT INTO `forms` (`id`, `date`, `encounter`, `form_name`, `form_id`, `pid`, `user`, `groupname`, `authorized`, `deleted`, `formdir`) VALUES
    ('131','2017-9-27 11:15:00','131', 'Patient Encounter', '131', '23', 'admin', 'Default', '1', '0', 'patient_encounter');
INSERT INTO `libreehr_postcalendar_events` 
        (`pc_catid`,`pc_multiple`,`pc_aid`,`pc_pid`,`pc_title`,`pc_time`,`pc_hometext`,`pc_comments`,`pc_counter`,`pc_topic`,`pc_informant`,`pc_eventDate`,
        `pc_endDate`,`pc_duration`,`pc_recurrtype`,`pc_recurrspec`,`pc_recurrfreq`,`pc_startTime`,`pc_endTime`,`pc_alldayevent`,`pc_location`,`pc_eventstatus`,
        `pc_sharing`,`pc_apptstatus`,`pc_prefcatid`,`pc_facility`,`pc_billing_location`)VALUES
        ( 1,130,'1','23','Office Visit','2017-9-27 11:15:00','Clinical Appointment',0,0,1,'1',
        '2017-9-27 11:15:00','0000-00-00',900,0,
        'a:6:{s:17:"event_repeat_freq";s:1:"0";s:22:"event_repeat_freq_type";s:1:"0";s:19:"event_repeat_on_num";s:1:"1";s:19:"event_repeat_on_day";s:1:"0";s:20:"event_repeat_on_freq";s:1:"0";s:6:"exdate";s:0:"";}',
        0,'11:15:00','11:30:00',0,
        'a:6:{s:14:"event_location";s:0:"";s:13:"event_street1";s:0:"";s:13:"event_street2";s:0:"";s:10:"event_city";s:0:"";s:11:"event_state";s:0:"";s:12:"event_postal";s:0:"";}',
        1,1,'-',0,1,1);
INSERT INTO `patient_data` (`title`, `language`, `financial`, `fname`, `lname`, `mname`, `DOB`,`street`, `postal_code`, `city`, `state`,  `drivers_license`, `ss`,`occupation`, `phone_home`, `phone_biz`, `phone_contact`, `phone_cell`,`status`, `contact_relationship`, `date`, `sex`, `referrer`, `referrerID`,`providerID`, `email`, `ethnoracial`, `interpretter`, `migrantseasonal`,`family_size`, `monthly_income`, `homeless`, `financial_review`, `pubpid`,`pid`, `genericname1`, `genericval1`, `genericname2`, `genericval2`) VALUES
 ('Mr.','English','','BOBBY','TAYLOR','P.','1973-9-22','7069 CherryWay','84209','Dover','CO','566840369','670235193',' ','(51) 250-8099','(51) 250-8099','(51) 250-8099','(51) 250-8099','married','Friend','2003-11-17 12:06:00','Male','GLENN SCHULTZ','1','1','BOBBY@LibreEHR.org','Chinese',' ',' ','5','829',' ','000-00-00 00:00:00','24','24',' ',' ',' ',' ');
INSERT INTO `insurance_data` (`id`, `type`, `provider`, `plan_name`, `policy_number`,`group_number`, `subscriber_lname`, `subscriber_mname`, `subscriber_fname`, `subscriber_relationship`, `subscriber_ss`,`subscriber_DOB`, `subscriber_street`, `subscriber_postal_code`, `subscriber_city`, `subscriber_state`, `subscriber_country`,`subscriber_phone`, `subscriber_employer`, `subscriber_employer_street`, `subscriber_employer_postal_code`,`subscriber_employer_state`, `subscriber_employer_country`, `subscriber_employer_city`, `copay`, `date`, `pid`,`subscriber_sex`, `accept_assignment`) VALUES('67','primary','3362','Incompetent Provider Company','209444732','151244260','TAYLOR','P.','BOBBY','self','670235193','1973-9-22','7069 CherryWay','84209','Dover','CO','Openemria','(51) 250-8099','OEMR.org','','','CO','Openemria','Dover','','2011-10-10','24','Male','TRUE');
INSERT INTO `insurance_data` (`id`, `type`, `provider`, `plan_name`, `policy_number`,`group_number`, `subscriber_lname`, `subscriber_mname`, `subscriber_fname`, `subscriber_relationship`, `subscriber_ss`,`subscriber_DOB`, `subscriber_street`, `subscriber_postal_code`, `subscriber_city`, `subscriber_state`, `subscriber_country`,`subscriber_phone`, `subscriber_employer`, `subscriber_employer_street`, `subscriber_employer_postal_code`,`subscriber_employer_state`, `subscriber_employer_country`, `subscriber_employer_city`, `copay`, `date`, `pid`,`subscriber_sex`, `accept_assignment`) VALUES('68','secondary','0','0','552657398','210563347','TAYLOR','P.','BOBBY','self','670235193','1973-9-22','7069 CherryWay','84209','Dover','CO','Openemria','(51) 250-8099','OEMR.org','','','CO','Openemria','Dover','','2011-10-10','24','Male','TRUE');
INSERT INTO `insurance_data` (`id`, `type`, `provider`, `plan_name`, `policy_number`,`group_number`, `subscriber_lname`, `subscriber_mname`, `subscriber_fname`, `subscriber_relationship`, `subscriber_ss`,`subscriber_DOB`, `subscriber_street`, `subscriber_postal_code`, `subscriber_city`, `subscriber_state`, `subscriber_country`,`subscriber_phone`, `subscriber_employer`, `subscriber_employer_street`, `subscriber_employer_postal_code`,`subscriber_employer_state`, `subscriber_employer_country`, `subscriber_employer_city`, `copay`, `date`, `pid`,`subscriber_sex`, `accept_assignment`) VALUES('69','tertiary','3362','Incompetent Provider Company','552182255','383956244','TAYLOR','P.','BOBBY','self','670235193','1973-9-22','7069 CherryWay','84209','Dover','CO','Openemria','(51) 250-8099','OEMR.org','','','CO','Openemria','Dover','','2011-10-10','24','Male','TRUE');
INSERT INTO `form_encounter` (`id`, `date`, `reason`, `facility`, `facility_id`, `pid`, `encounter`,
     `onset_date`, `sensitivity`, `billing_note`, `pc_catid`, `last_level_billed`, `last_level_closed`, `last_stmt_date`, `stmt_count`,
      `provider_id`, `supervisor_id`, `invoice_refno`, `referral_source`, `billing_facility`) VALUES
    ('132','2017-3-31 11:00:00', 'Test Encounter', 'Your Clinic Name Here', '3','24','132', '0000-00-00 00:00:00', 'normal', 'NULL','4', '0', '0','NULL', '0', '1', '0', '', '', '3');
INSERT INTO `forms` (`id`, `date`, `encounter`, `form_name`, `form_id`, `pid`, `user`, `groupname`, `authorized`, `deleted`, `formdir`) VALUES
    ('132','2017-3-31 11:00:00','132', 'Patient Encounter', '132', '24', 'admin', 'Default', '1', '0', 'patient_encounter');
INSERT INTO `libreehr_postcalendar_events` 
        (`pc_catid`,`pc_multiple`,`pc_aid`,`pc_pid`,`pc_title`,`pc_time`,`pc_hometext`,`pc_comments`,`pc_counter`,`pc_topic`,`pc_informant`,`pc_eventDate`,
        `pc_endDate`,`pc_duration`,`pc_recurrtype`,`pc_recurrspec`,`pc_recurrfreq`,`pc_startTime`,`pc_endTime`,`pc_alldayevent`,`pc_location`,`pc_eventstatus`,
        `pc_sharing`,`pc_apptstatus`,`pc_prefcatid`,`pc_facility`,`pc_billing_location`)VALUES
        ( 1,131,'1','24','Office Visit','2017-3-31 11:00:00','Clinical Appointment',0,0,1,'1',
        '2017-3-31 11:00:00','0000-00-00',900,0,
        'a:6:{s:17:"event_repeat_freq";s:1:"0";s:22:"event_repeat_freq_type";s:1:"0";s:19:"event_repeat_on_num";s:1:"1";s:19:"event_repeat_on_day";s:1:"0";s:20:"event_repeat_on_freq";s:1:"0";s:6:"exdate";s:0:"";}',
        0,'11:00:00','11:15:00',0,
        'a:6:{s:14:"event_location";s:0:"";s:13:"event_street1";s:0:"";s:13:"event_street2";s:0:"";s:10:"event_city";s:0:"";s:11:"event_state";s:0:"";s:12:"event_postal";s:0:"";}',
        1,1,'-',0,1,1);
INSERT INTO `form_encounter` (`id`, `date`, `reason`, `facility`, `facility_id`, `pid`, `encounter`,
     `onset_date`, `sensitivity`, `billing_note`, `pc_catid`, `last_level_billed`, `last_level_closed`, `last_stmt_date`, `stmt_count`,
      `provider_id`, `supervisor_id`, `invoice_refno`, `referral_source`, `billing_facility`) VALUES
    ('133','2017-4-30 12:00:00', 'Test Encounter', 'Your Clinic Name Here', '3','24','133', '0000-00-00 00:00:00', 'normal', 'NULL','4', '0', '0','NULL', '0', '1', '0', '', '', '3');
INSERT INTO `forms` (`id`, `date`, `encounter`, `form_name`, `form_id`, `pid`, `user`, `groupname`, `authorized`, `deleted`, `formdir`) VALUES
    ('133','2017-4-30 12:00:00','133', 'Patient Encounter', '133', '24', 'admin', 'Default', '1', '0', 'patient_encounter');
INSERT INTO `libreehr_postcalendar_events` 
        (`pc_catid`,`pc_multiple`,`pc_aid`,`pc_pid`,`pc_title`,`pc_time`,`pc_hometext`,`pc_comments`,`pc_counter`,`pc_topic`,`pc_informant`,`pc_eventDate`,
        `pc_endDate`,`pc_duration`,`pc_recurrtype`,`pc_recurrspec`,`pc_recurrfreq`,`pc_startTime`,`pc_endTime`,`pc_alldayevent`,`pc_location`,`pc_eventstatus`,
        `pc_sharing`,`pc_apptstatus`,`pc_prefcatid`,`pc_facility`,`pc_billing_location`)VALUES
        ( 1,132,'1','24','Office Visit','2017-4-30 12:00:00','Clinical Appointment',0,0,1,'1',
        '2017-4-30 12:00:00','0000-00-00',900,0,
        'a:6:{s:17:"event_repeat_freq";s:1:"0";s:22:"event_repeat_freq_type";s:1:"0";s:19:"event_repeat_on_num";s:1:"1";s:19:"event_repeat_on_day";s:1:"0";s:20:"event_repeat_on_freq";s:1:"0";s:6:"exdate";s:0:"";}',
        0,'12:00:00','12:15:00',0,
        'a:6:{s:14:"event_location";s:0:"";s:13:"event_street1";s:0:"";s:13:"event_street2";s:0:"";s:10:"event_city";s:0:"";s:11:"event_state";s:0:"";s:12:"event_postal";s:0:"";}',
        1,1,'-',0,1,1);
INSERT INTO `form_encounter` (`id`, `date`, `reason`, `facility`, `facility_id`, `pid`, `encounter`,
     `onset_date`, `sensitivity`, `billing_note`, `pc_catid`, `last_level_billed`, `last_level_closed`, `last_stmt_date`, `stmt_count`,
      `provider_id`, `supervisor_id`, `invoice_refno`, `referral_source`, `billing_facility`) VALUES
    ('134','2017-5-30 11:15:00', 'Test Encounter', 'Your Clinic Name Here', '3','24','134', '0000-00-00 00:00:00', 'normal', 'NULL','10', '0', '0','NULL', '0', '1', '0', '', '', '3');
INSERT INTO `forms` (`id`, `date`, `encounter`, `form_name`, `form_id`, `pid`, `user`, `groupname`, `authorized`, `deleted`, `formdir`) VALUES
    ('134','2017-5-30 11:15:00','134', 'Patient Encounter', '134', '24', 'admin', 'Default', '1', '0', 'patient_encounter');
INSERT INTO `libreehr_postcalendar_events` 
        (`pc_catid`,`pc_multiple`,`pc_aid`,`pc_pid`,`pc_title`,`pc_time`,`pc_hometext`,`pc_comments`,`pc_counter`,`pc_topic`,`pc_informant`,`pc_eventDate`,
        `pc_endDate`,`pc_duration`,`pc_recurrtype`,`pc_recurrspec`,`pc_recurrfreq`,`pc_startTime`,`pc_endTime`,`pc_alldayevent`,`pc_location`,`pc_eventstatus`,
        `pc_sharing`,`pc_apptstatus`,`pc_prefcatid`,`pc_facility`,`pc_billing_location`)VALUES
        ( 1,133,'1','24','Office Visit','2017-5-30 11:15:00','Clinical Appointment',0,0,1,'1',
        '2017-5-30 11:15:00','0000-00-00',900,0,
        'a:6:{s:17:"event_repeat_freq";s:1:"0";s:22:"event_repeat_freq_type";s:1:"0";s:19:"event_repeat_on_num";s:1:"1";s:19:"event_repeat_on_day";s:1:"0";s:20:"event_repeat_on_freq";s:1:"0";s:6:"exdate";s:0:"";}',
        0,'11:15:00','11:30:00',0,
        'a:6:{s:14:"event_location";s:0:"";s:13:"event_street1";s:0:"";s:13:"event_street2";s:0:"";s:10:"event_city";s:0:"";s:11:"event_state";s:0:"";s:12:"event_postal";s:0:"";}',
        1,1,'-',0,1,1);
INSERT INTO `form_encounter` (`id`, `date`, `reason`, `facility`, `facility_id`, `pid`, `encounter`,
     `onset_date`, `sensitivity`, `billing_note`, `pc_catid`, `last_level_billed`, `last_level_closed`, `last_stmt_date`, `stmt_count`,
      `provider_id`, `supervisor_id`, `invoice_refno`, `referral_source`, `billing_facility`) VALUES
    ('135','2017-6-29 11:00:00', 'Test Encounter', 'Your Clinic Name Here', '3','24','135', '0000-00-00 00:00:00', 'normal', 'NULL','1', '0', '0','NULL', '0', '1', '0', '', '', '3');
INSERT INTO `forms` (`id`, `date`, `encounter`, `form_name`, `form_id`, `pid`, `user`, `groupname`, `authorized`, `deleted`, `formdir`) VALUES
    ('135','2017-6-29 11:00:00','135', 'Patient Encounter', '135', '24', 'admin', 'Default', '1', '0', 'patient_encounter');
INSERT INTO `libreehr_postcalendar_events` 
        (`pc_catid`,`pc_multiple`,`pc_aid`,`pc_pid`,`pc_title`,`pc_time`,`pc_hometext`,`pc_comments`,`pc_counter`,`pc_topic`,`pc_informant`,`pc_eventDate`,
        `pc_endDate`,`pc_duration`,`pc_recurrtype`,`pc_recurrspec`,`pc_recurrfreq`,`pc_startTime`,`pc_endTime`,`pc_alldayevent`,`pc_location`,`pc_eventstatus`,
        `pc_sharing`,`pc_apptstatus`,`pc_prefcatid`,`pc_facility`,`pc_billing_location`)VALUES
        ( 1,134,'1','24','Office Visit','2017-6-29 11:00:00','Clinical Appointment',0,0,1,'1',
        '2017-6-29 11:00:00','0000-00-00',900,0,
        'a:6:{s:17:"event_repeat_freq";s:1:"0";s:22:"event_repeat_freq_type";s:1:"0";s:19:"event_repeat_on_num";s:1:"1";s:19:"event_repeat_on_day";s:1:"0";s:20:"event_repeat_on_freq";s:1:"0";s:6:"exdate";s:0:"";}',
        0,'11:00:00','11:15:00',0,
        'a:6:{s:14:"event_location";s:0:"";s:13:"event_street1";s:0:"";s:13:"event_street2";s:0:"";s:10:"event_city";s:0:"";s:11:"event_state";s:0:"";s:12:"event_postal";s:0:"";}',
        1,1,'-',0,1,1);
INSERT INTO `form_encounter` (`id`, `date`, `reason`, `facility`, `facility_id`, `pid`, `encounter`,
     `onset_date`, `sensitivity`, `billing_note`, `pc_catid`, `last_level_billed`, `last_level_closed`, `last_stmt_date`, `stmt_count`,
      `provider_id`, `supervisor_id`, `invoice_refno`, `referral_source`, `billing_facility`) VALUES
    ('136','2017-7-29 17:00:00', 'Test Encounter', 'Your Clinic Name Here', '3','24','136', '0000-00-00 00:00:00', 'normal', 'NULL','10', '0', '0','NULL', '0', '1', '0', '', '', '3');
INSERT INTO `forms` (`id`, `date`, `encounter`, `form_name`, `form_id`, `pid`, `user`, `groupname`, `authorized`, `deleted`, `formdir`) VALUES
    ('136','2017-7-29 17:00:00','136', 'Patient Encounter', '136', '24', 'admin', 'Default', '1', '0', 'patient_encounter');
INSERT INTO `libreehr_postcalendar_events` 
        (`pc_catid`,`pc_multiple`,`pc_aid`,`pc_pid`,`pc_title`,`pc_time`,`pc_hometext`,`pc_comments`,`pc_counter`,`pc_topic`,`pc_informant`,`pc_eventDate`,
        `pc_endDate`,`pc_duration`,`pc_recurrtype`,`pc_recurrspec`,`pc_recurrfreq`,`pc_startTime`,`pc_endTime`,`pc_alldayevent`,`pc_location`,`pc_eventstatus`,
        `pc_sharing`,`pc_apptstatus`,`pc_prefcatid`,`pc_facility`,`pc_billing_location`)VALUES
        ( 1,135,'1','24','Office Visit','2017-7-29 17:00:00','Clinical Appointment',0,0,1,'1',
        '2017-7-29 17:00:00','0000-00-00',900,0,
        'a:6:{s:17:"event_repeat_freq";s:1:"0";s:22:"event_repeat_freq_type";s:1:"0";s:19:"event_repeat_on_num";s:1:"1";s:19:"event_repeat_on_day";s:1:"0";s:20:"event_repeat_on_freq";s:1:"0";s:6:"exdate";s:0:"";}',
        0,'17:00:00','17:15:00',0,
        'a:6:{s:14:"event_location";s:0:"";s:13:"event_street1";s:0:"";s:13:"event_street2";s:0:"";s:10:"event_city";s:0:"";s:11:"event_state";s:0:"";s:12:"event_postal";s:0:"";}',
        1,1,'-',0,1,1);
INSERT INTO `form_encounter` (`id`, `date`, `reason`, `facility`, `facility_id`, `pid`, `encounter`,
     `onset_date`, `sensitivity`, `billing_note`, `pc_catid`, `last_level_billed`, `last_level_closed`, `last_stmt_date`, `stmt_count`,
      `provider_id`, `supervisor_id`, `invoice_refno`, `referral_source`, `billing_facility`) VALUES
    ('137','2017-8-28 10:00:00', 'Test Encounter', 'Your Clinic Name Here', '3','24','137', '0000-00-00 00:00:00', 'normal', 'NULL','9', '0', '0','NULL', '0', '1', '0', '', '', '3');
INSERT INTO `forms` (`id`, `date`, `encounter`, `form_name`, `form_id`, `pid`, `user`, `groupname`, `authorized`, `deleted`, `formdir`) VALUES
    ('137','2017-8-28 10:00:00','137', 'Patient Encounter', '137', '24', 'admin', 'Default', '1', '0', 'patient_encounter');
INSERT INTO `libreehr_postcalendar_events` 
        (`pc_catid`,`pc_multiple`,`pc_aid`,`pc_pid`,`pc_title`,`pc_time`,`pc_hometext`,`pc_comments`,`pc_counter`,`pc_topic`,`pc_informant`,`pc_eventDate`,
        `pc_endDate`,`pc_duration`,`pc_recurrtype`,`pc_recurrspec`,`pc_recurrfreq`,`pc_startTime`,`pc_endTime`,`pc_alldayevent`,`pc_location`,`pc_eventstatus`,
        `pc_sharing`,`pc_apptstatus`,`pc_prefcatid`,`pc_facility`,`pc_billing_location`)VALUES
        ( 1,136,'1','24','Office Visit','2017-8-28 10:00:00','Clinical Appointment',0,0,1,'1',
        '2017-8-28 10:00:00','0000-00-00',900,0,
        'a:6:{s:17:"event_repeat_freq";s:1:"0";s:22:"event_repeat_freq_type";s:1:"0";s:19:"event_repeat_on_num";s:1:"1";s:19:"event_repeat_on_day";s:1:"0";s:20:"event_repeat_on_freq";s:1:"0";s:6:"exdate";s:0:"";}',
        0,'10:00:00','10:15:00',0,
        'a:6:{s:14:"event_location";s:0:"";s:13:"event_street1";s:0:"";s:13:"event_street2";s:0:"";s:10:"event_city";s:0:"";s:11:"event_state";s:0:"";s:12:"event_postal";s:0:"";}',
        1,1,'-',0,1,1);
INSERT INTO `form_encounter` (`id`, `date`, `reason`, `facility`, `facility_id`, `pid`, `encounter`,
     `onset_date`, `sensitivity`, `billing_note`, `pc_catid`, `last_level_billed`, `last_level_closed`, `last_stmt_date`, `stmt_count`,
      `provider_id`, `supervisor_id`, `invoice_refno`, `referral_source`, `billing_facility`) VALUES
    ('138','2017-9-27 12:00:00', 'Test Encounter', 'Your Clinic Name Here', '3','24','138', '0000-00-00 00:00:00', 'normal', 'NULL','9', '0', '0','NULL', '0', '1', '0', '', '', '3');
INSERT INTO `forms` (`id`, `date`, `encounter`, `form_name`, `form_id`, `pid`, `user`, `groupname`, `authorized`, `deleted`, `formdir`) VALUES
    ('138','2017-9-27 12:00:00','138', 'Patient Encounter', '138', '24', 'admin', 'Default', '1', '0', 'patient_encounter');
INSERT INTO `libreehr_postcalendar_events` 
        (`pc_catid`,`pc_multiple`,`pc_aid`,`pc_pid`,`pc_title`,`pc_time`,`pc_hometext`,`pc_comments`,`pc_counter`,`pc_topic`,`pc_informant`,`pc_eventDate`,
        `pc_endDate`,`pc_duration`,`pc_recurrtype`,`pc_recurrspec`,`pc_recurrfreq`,`pc_startTime`,`pc_endTime`,`pc_alldayevent`,`pc_location`,`pc_eventstatus`,
        `pc_sharing`,`pc_apptstatus`,`pc_prefcatid`,`pc_facility`,`pc_billing_location`)VALUES
        ( 1,137,'1','24','Office Visit','2017-9-27 12:00:00','Clinical Appointment',0,0,1,'1',
        '2017-9-27 12:00:00','0000-00-00',900,0,
        'a:6:{s:17:"event_repeat_freq";s:1:"0";s:22:"event_repeat_freq_type";s:1:"0";s:19:"event_repeat_on_num";s:1:"1";s:19:"event_repeat_on_day";s:1:"0";s:20:"event_repeat_on_freq";s:1:"0";s:6:"exdate";s:0:"";}',
        0,'12:00:00','12:15:00',0,
        'a:6:{s:14:"event_location";s:0:"";s:13:"event_street1";s:0:"";s:13:"event_street2";s:0:"";s:10:"event_city";s:0:"";s:11:"event_state";s:0:"";s:12:"event_postal";s:0:"";}',
        1,1,'-',0,1,1);
INSERT INTO `patient_data` (`title`, `language`, `financial`, `fname`, `lname`, `mname`, `DOB`,`street`, `postal_code`, `city`, `state`,  `drivers_license`, `ss`,`occupation`, `phone_home`, `phone_biz`, `phone_contact`, `phone_cell`,`status`, `contact_relationship`, `date`, `sex`, `referrer`, `referrerID`,`providerID`, `email`, `ethnoracial`, `interpretter`, `migrantseasonal`,`family_size`, `monthly_income`, `homeless`, `financial_review`, `pubpid`,`pid`, `genericname1`, `genericval1`, `genericname2`, `genericval2`) VALUES
 ('Mr.','English','','JESSE','GRAHAM','A.','1950-6-26','7976 FlowerHwy','77237','Burlington','NE','186778265','648571048',' ','(304) 664-8335','(304) 664-8335','(304) 664-8335','(304) 664-8335','single','Friend','2003-11-17 12:06:00','Male','FREDDIE RAMIREZ','1','1','JESSE@LibreEHR.org','Cubano',' ',' ','10','6133',' ','000-00-00 00:00:00','25','25',' ',' ',' ',' ');
INSERT INTO `insurance_data` (`id`, `type`, `provider`, `plan_name`, `policy_number`,`group_number`, `subscriber_lname`, `subscriber_mname`, `subscriber_fname`, `subscriber_relationship`, `subscriber_ss`,`subscriber_DOB`, `subscriber_street`, `subscriber_postal_code`, `subscriber_city`, `subscriber_state`, `subscriber_country`,`subscriber_phone`, `subscriber_employer`, `subscriber_employer_street`, `subscriber_employer_postal_code`,`subscriber_employer_state`, `subscriber_employer_country`, `subscriber_employer_city`, `copay`, `date`, `pid`,`subscriber_sex`, `accept_assignment`) VALUES('70','primary','5612','Violet Group HMO','195754461','753881600','GRAHAM','A.','JESSE','self','648571048','1950-6-26','7976 FlowerHwy','77237','Burlington','NE','Openemria','(304) 664-8335','OEMR.org','','','NE','Openemria','Burlington','','2011-10-10','25','Male','FALSE');
INSERT INTO `insurance_data` (`id`, `type`, `provider`, `plan_name`, `policy_number`,`group_number`, `subscriber_lname`, `subscriber_mname`, `subscriber_fname`, `subscriber_relationship`, `subscriber_ss`,`subscriber_DOB`, `subscriber_street`, `subscriber_postal_code`, `subscriber_city`, `subscriber_state`, `subscriber_country`,`subscriber_phone`, `subscriber_employer`, `subscriber_employer_street`, `subscriber_employer_postal_code`,`subscriber_employer_state`, `subscriber_employer_country`, `subscriber_employer_city`, `copay`, `date`, `pid`,`subscriber_sex`, `accept_assignment`) VALUES('71','secondary','3362','Incompetent Provider Company','361013975','78374579','GRAHAM','A.','JESSE','self','648571048','1950-6-26','7976 FlowerHwy','77237','Burlington','NE','Openemria','(304) 664-8335','OEMR.org','','','NE','Openemria','Burlington','','2011-10-10','25','Male','FALSE');
INSERT INTO `insurance_data` (`id`, `type`, `provider`, `plan_name`, `policy_number`,`group_number`, `subscriber_lname`, `subscriber_mname`, `subscriber_fname`, `subscriber_relationship`, `subscriber_ss`,`subscriber_DOB`, `subscriber_street`, `subscriber_postal_code`, `subscriber_city`, `subscriber_state`, `subscriber_country`,`subscriber_phone`, `subscriber_employer`, `subscriber_employer_street`, `subscriber_employer_postal_code`,`subscriber_employer_state`, `subscriber_employer_country`, `subscriber_employer_city`, `copay`, `date`, `pid`,`subscriber_sex`, `accept_assignment`) VALUES('72','tertiary','0','0','547415570','606341980','GRAHAM','A.','JESSE','self','648571048','1950-6-26','7976 FlowerHwy','77237','Burlington','NE','Openemria','(304) 664-8335','OEMR.org','','','NE','Openemria','Burlington','','2011-10-10','25','Male','TRUE');
INSERT INTO `form_encounter` (`id`, `date`, `reason`, `facility`, `facility_id`, `pid`, `encounter`,
     `onset_date`, `sensitivity`, `billing_note`, `pc_catid`, `last_level_billed`, `last_level_closed`, `last_stmt_date`, `stmt_count`,
      `provider_id`, `supervisor_id`, `invoice_refno`, `referral_source`, `billing_facility`) VALUES
    ('139','2017-1-30 13:15:00', 'Test Encounter', 'Your Clinic Name Here', '3','25','139', '0000-00-00 00:00:00', 'normal', 'NULL','1', '0', '0','NULL', '0', '1', '0', '', '', '3');
INSERT INTO `forms` (`id`, `date`, `encounter`, `form_name`, `form_id`, `pid`, `user`, `groupname`, `authorized`, `deleted`, `formdir`) VALUES
    ('139','2017-1-30 13:15:00','139', 'Patient Encounter', '139', '25', 'admin', 'Default', '1', '0', 'patient_encounter');
INSERT INTO `libreehr_postcalendar_events` 
        (`pc_catid`,`pc_multiple`,`pc_aid`,`pc_pid`,`pc_title`,`pc_time`,`pc_hometext`,`pc_comments`,`pc_counter`,`pc_topic`,`pc_informant`,`pc_eventDate`,
        `pc_endDate`,`pc_duration`,`pc_recurrtype`,`pc_recurrspec`,`pc_recurrfreq`,`pc_startTime`,`pc_endTime`,`pc_alldayevent`,`pc_location`,`pc_eventstatus`,
        `pc_sharing`,`pc_apptstatus`,`pc_prefcatid`,`pc_facility`,`pc_billing_location`)VALUES
        ( 1,138,'1','25','Office Visit','2017-1-30 13:15:00','Clinical Appointment',0,0,1,'1',
        '2017-1-30 13:15:00','0000-00-00',900,0,
        'a:6:{s:17:"event_repeat_freq";s:1:"0";s:22:"event_repeat_freq_type";s:1:"0";s:19:"event_repeat_on_num";s:1:"1";s:19:"event_repeat_on_day";s:1:"0";s:20:"event_repeat_on_freq";s:1:"0";s:6:"exdate";s:0:"";}',
        0,'13:15:00','13:30:00',0,
        'a:6:{s:14:"event_location";s:0:"";s:13:"event_street1";s:0:"";s:13:"event_street2";s:0:"";s:10:"event_city";s:0:"";s:11:"event_state";s:0:"";s:12:"event_postal";s:0:"";}',
        1,1,'-',0,1,1);
INSERT INTO `form_encounter` (`id`, `date`, `reason`, `facility`, `facility_id`, `pid`, `encounter`,
     `onset_date`, `sensitivity`, `billing_note`, `pc_catid`, `last_level_billed`, `last_level_closed`, `last_stmt_date`, `stmt_count`,
      `provider_id`, `supervisor_id`, `invoice_refno`, `referral_source`, `billing_facility`) VALUES
    ('140','2017-3-1 14:15:00', 'Test Encounter', 'Your Clinic Name Here', '3','25','140', '0000-00-00 00:00:00', 'normal', 'NULL','5', '0', '0','NULL', '0', '1', '0', '', '', '3');
INSERT INTO `forms` (`id`, `date`, `encounter`, `form_name`, `form_id`, `pid`, `user`, `groupname`, `authorized`, `deleted`, `formdir`) VALUES
    ('140','2017-3-1 14:15:00','140', 'Patient Encounter', '140', '25', 'admin', 'Default', '1', '0', 'patient_encounter');
INSERT INTO `libreehr_postcalendar_events` 
        (`pc_catid`,`pc_multiple`,`pc_aid`,`pc_pid`,`pc_title`,`pc_time`,`pc_hometext`,`pc_comments`,`pc_counter`,`pc_topic`,`pc_informant`,`pc_eventDate`,
        `pc_endDate`,`pc_duration`,`pc_recurrtype`,`pc_recurrspec`,`pc_recurrfreq`,`pc_startTime`,`pc_endTime`,`pc_alldayevent`,`pc_location`,`pc_eventstatus`,
        `pc_sharing`,`pc_apptstatus`,`pc_prefcatid`,`pc_facility`,`pc_billing_location`)VALUES
        ( 1,139,'1','25','Office Visit','2017-3-1 14:15:00','Clinical Appointment',0,0,1,'1',
        '2017-3-1 14:15:00','0000-00-00',900,0,
        'a:6:{s:17:"event_repeat_freq";s:1:"0";s:22:"event_repeat_freq_type";s:1:"0";s:19:"event_repeat_on_num";s:1:"1";s:19:"event_repeat_on_day";s:1:"0";s:20:"event_repeat_on_freq";s:1:"0";s:6:"exdate";s:0:"";}',
        0,'14:15:00','14:30:00',0,
        'a:6:{s:14:"event_location";s:0:"";s:13:"event_street1";s:0:"";s:13:"event_street2";s:0:"";s:10:"event_city";s:0:"";s:11:"event_state";s:0:"";s:12:"event_postal";s:0:"";}',
        1,1,'-',0,1,1);
INSERT INTO `form_encounter` (`id`, `date`, `reason`, `facility`, `facility_id`, `pid`, `encounter`,
     `onset_date`, `sensitivity`, `billing_note`, `pc_catid`, `last_level_billed`, `last_level_closed`, `last_stmt_date`, `stmt_count`,
      `provider_id`, `supervisor_id`, `invoice_refno`, `referral_source`, `billing_facility`) VALUES
    ('141','2017-3-31 16:00:00', 'Test Encounter', 'Your Clinic Name Here', '3','25','141', '0000-00-00 00:00:00', 'normal', 'NULL','5', '0', '0','NULL', '0', '1', '0', '', '', '3');
INSERT INTO `forms` (`id`, `date`, `encounter`, `form_name`, `form_id`, `pid`, `user`, `groupname`, `authorized`, `deleted`, `formdir`) VALUES
    ('141','2017-3-31 16:00:00','141', 'Patient Encounter', '141', '25', 'admin', 'Default', '1', '0', 'patient_encounter');
INSERT INTO `libreehr_postcalendar_events` 
        (`pc_catid`,`pc_multiple`,`pc_aid`,`pc_pid`,`pc_title`,`pc_time`,`pc_hometext`,`pc_comments`,`pc_counter`,`pc_topic`,`pc_informant`,`pc_eventDate`,
        `pc_endDate`,`pc_duration`,`pc_recurrtype`,`pc_recurrspec`,`pc_recurrfreq`,`pc_startTime`,`pc_endTime`,`pc_alldayevent`,`pc_location`,`pc_eventstatus`,
        `pc_sharing`,`pc_apptstatus`,`pc_prefcatid`,`pc_facility`,`pc_billing_location`)VALUES
        ( 1,140,'1','25','Office Visit','2017-3-31 16:00:00','Clinical Appointment',0,0,1,'1',
        '2017-3-31 16:00:00','0000-00-00',900,0,
        'a:6:{s:17:"event_repeat_freq";s:1:"0";s:22:"event_repeat_freq_type";s:1:"0";s:19:"event_repeat_on_num";s:1:"1";s:19:"event_repeat_on_day";s:1:"0";s:20:"event_repeat_on_freq";s:1:"0";s:6:"exdate";s:0:"";}',
        0,'16:00:00','16:15:00',0,
        'a:6:{s:14:"event_location";s:0:"";s:13:"event_street1";s:0:"";s:13:"event_street2";s:0:"";s:10:"event_city";s:0:"";s:11:"event_state";s:0:"";s:12:"event_postal";s:0:"";}',
        1,1,'-',0,1,1);
INSERT INTO `form_encounter` (`id`, `date`, `reason`, `facility`, `facility_id`, `pid`, `encounter`,
     `onset_date`, `sensitivity`, `billing_note`, `pc_catid`, `last_level_billed`, `last_level_closed`, `last_stmt_date`, `stmt_count`,
      `provider_id`, `supervisor_id`, `invoice_refno`, `referral_source`, `billing_facility`) VALUES
    ('142','2017-4-30 15:30:00', 'Test Encounter', 'Your Clinic Name Here', '3','25','142', '0000-00-00 00:00:00', 'normal', 'NULL','1', '0', '0','NULL', '0', '1', '0', '', '', '3');
INSERT INTO `forms` (`id`, `date`, `encounter`, `form_name`, `form_id`, `pid`, `user`, `groupname`, `authorized`, `deleted`, `formdir`) VALUES
    ('142','2017-4-30 15:30:00','142', 'Patient Encounter', '142', '25', 'admin', 'Default', '1', '0', 'patient_encounter');
INSERT INTO `libreehr_postcalendar_events` 
        (`pc_catid`,`pc_multiple`,`pc_aid`,`pc_pid`,`pc_title`,`pc_time`,`pc_hometext`,`pc_comments`,`pc_counter`,`pc_topic`,`pc_informant`,`pc_eventDate`,
        `pc_endDate`,`pc_duration`,`pc_recurrtype`,`pc_recurrspec`,`pc_recurrfreq`,`pc_startTime`,`pc_endTime`,`pc_alldayevent`,`pc_location`,`pc_eventstatus`,
        `pc_sharing`,`pc_apptstatus`,`pc_prefcatid`,`pc_facility`,`pc_billing_location`)VALUES
        ( 1,141,'1','25','Office Visit','2017-4-30 15:30:00','Clinical Appointment',0,0,1,'1',
        '2017-4-30 15:30:00','0000-00-00',900,0,
        'a:6:{s:17:"event_repeat_freq";s:1:"0";s:22:"event_repeat_freq_type";s:1:"0";s:19:"event_repeat_on_num";s:1:"1";s:19:"event_repeat_on_day";s:1:"0";s:20:"event_repeat_on_freq";s:1:"0";s:6:"exdate";s:0:"";}',
        0,'15:30:00','15:45:00',0,
        'a:6:{s:14:"event_location";s:0:"";s:13:"event_street1";s:0:"";s:13:"event_street2";s:0:"";s:10:"event_city";s:0:"";s:11:"event_state";s:0:"";s:12:"event_postal";s:0:"";}',
        1,1,'-',0,1,1);
INSERT INTO `form_encounter` (`id`, `date`, `reason`, `facility`, `facility_id`, `pid`, `encounter`,
     `onset_date`, `sensitivity`, `billing_note`, `pc_catid`, `last_level_billed`, `last_level_closed`, `last_stmt_date`, `stmt_count`,
      `provider_id`, `supervisor_id`, `invoice_refno`, `referral_source`, `billing_facility`) VALUES
    ('143','2017-5-30 12:15:00', 'Test Encounter', 'Your Clinic Name Here', '3','25','143', '0000-00-00 00:00:00', 'normal', 'NULL','9', '0', '0','NULL', '0', '1', '0', '', '', '3');
INSERT INTO `forms` (`id`, `date`, `encounter`, `form_name`, `form_id`, `pid`, `user`, `groupname`, `authorized`, `deleted`, `formdir`) VALUES
    ('143','2017-5-30 12:15:00','143', 'Patient Encounter', '143', '25', 'admin', 'Default', '1', '0', 'patient_encounter');
INSERT INTO `libreehr_postcalendar_events` 
        (`pc_catid`,`pc_multiple`,`pc_aid`,`pc_pid`,`pc_title`,`pc_time`,`pc_hometext`,`pc_comments`,`pc_counter`,`pc_topic`,`pc_informant`,`pc_eventDate`,
        `pc_endDate`,`pc_duration`,`pc_recurrtype`,`pc_recurrspec`,`pc_recurrfreq`,`pc_startTime`,`pc_endTime`,`pc_alldayevent`,`pc_location`,`pc_eventstatus`,
        `pc_sharing`,`pc_apptstatus`,`pc_prefcatid`,`pc_facility`,`pc_billing_location`)VALUES
        ( 1,142,'1','25','Office Visit','2017-5-30 12:15:00','Clinical Appointment',0,0,1,'1',
        '2017-5-30 12:15:00','0000-00-00',900,0,
        'a:6:{s:17:"event_repeat_freq";s:1:"0";s:22:"event_repeat_freq_type";s:1:"0";s:19:"event_repeat_on_num";s:1:"1";s:19:"event_repeat_on_day";s:1:"0";s:20:"event_repeat_on_freq";s:1:"0";s:6:"exdate";s:0:"";}',
        0,'12:15:00','12:30:00',0,
        'a:6:{s:14:"event_location";s:0:"";s:13:"event_street1";s:0:"";s:13:"event_street2";s:0:"";s:10:"event_city";s:0:"";s:11:"event_state";s:0:"";s:12:"event_postal";s:0:"";}',
        1,1,'-',0,1,1);
INSERT INTO `form_encounter` (`id`, `date`, `reason`, `facility`, `facility_id`, `pid`, `encounter`,
     `onset_date`, `sensitivity`, `billing_note`, `pc_catid`, `last_level_billed`, `last_level_closed`, `last_stmt_date`, `stmt_count`,
      `provider_id`, `supervisor_id`, `invoice_refno`, `referral_source`, `billing_facility`) VALUES
    ('144','2017-6-29 11:30:00', 'Test Encounter', 'Your Clinic Name Here', '3','25','144', '0000-00-00 00:00:00', 'normal', 'NULL','5', '0', '0','NULL', '0', '1', '0', '', '', '3');
INSERT INTO `forms` (`id`, `date`, `encounter`, `form_name`, `form_id`, `pid`, `user`, `groupname`, `authorized`, `deleted`, `formdir`) VALUES
    ('144','2017-6-29 11:30:00','144', 'Patient Encounter', '144', '25', 'admin', 'Default', '1', '0', 'patient_encounter');
INSERT INTO `libreehr_postcalendar_events` 
        (`pc_catid`,`pc_multiple`,`pc_aid`,`pc_pid`,`pc_title`,`pc_time`,`pc_hometext`,`pc_comments`,`pc_counter`,`pc_topic`,`pc_informant`,`pc_eventDate`,
        `pc_endDate`,`pc_duration`,`pc_recurrtype`,`pc_recurrspec`,`pc_recurrfreq`,`pc_startTime`,`pc_endTime`,`pc_alldayevent`,`pc_location`,`pc_eventstatus`,
        `pc_sharing`,`pc_apptstatus`,`pc_prefcatid`,`pc_facility`,`pc_billing_location`)VALUES
        ( 1,143,'1','25','Office Visit','2017-6-29 11:30:00','Clinical Appointment',0,0,1,'1',
        '2017-6-29 11:30:00','0000-00-00',900,0,
        'a:6:{s:17:"event_repeat_freq";s:1:"0";s:22:"event_repeat_freq_type";s:1:"0";s:19:"event_repeat_on_num";s:1:"1";s:19:"event_repeat_on_day";s:1:"0";s:20:"event_repeat_on_freq";s:1:"0";s:6:"exdate";s:0:"";}',
        0,'11:30:00','11:45:00',0,
        'a:6:{s:14:"event_location";s:0:"";s:13:"event_street1";s:0:"";s:13:"event_street2";s:0:"";s:10:"event_city";s:0:"";s:11:"event_state";s:0:"";s:12:"event_postal";s:0:"";}',
        1,1,'-',0,1,1);
INSERT INTO `form_encounter` (`id`, `date`, `reason`, `facility`, `facility_id`, `pid`, `encounter`,
     `onset_date`, `sensitivity`, `billing_note`, `pc_catid`, `last_level_billed`, `last_level_closed`, `last_stmt_date`, `stmt_count`,
      `provider_id`, `supervisor_id`, `invoice_refno`, `referral_source`, `billing_facility`) VALUES
    ('145','2017-7-29 14:15:00', 'Test Encounter', 'Your Clinic Name Here', '3','25','145', '0000-00-00 00:00:00', 'normal', 'NULL','8', '0', '0','NULL', '0', '1', '0', '', '', '3');
INSERT INTO `forms` (`id`, `date`, `encounter`, `form_name`, `form_id`, `pid`, `user`, `groupname`, `authorized`, `deleted`, `formdir`) VALUES
    ('145','2017-7-29 14:15:00','145', 'Patient Encounter', '145', '25', 'admin', 'Default', '1', '0', 'patient_encounter');
INSERT INTO `libreehr_postcalendar_events` 
        (`pc_catid`,`pc_multiple`,`pc_aid`,`pc_pid`,`pc_title`,`pc_time`,`pc_hometext`,`pc_comments`,`pc_counter`,`pc_topic`,`pc_informant`,`pc_eventDate`,
        `pc_endDate`,`pc_duration`,`pc_recurrtype`,`pc_recurrspec`,`pc_recurrfreq`,`pc_startTime`,`pc_endTime`,`pc_alldayevent`,`pc_location`,`pc_eventstatus`,
        `pc_sharing`,`pc_apptstatus`,`pc_prefcatid`,`pc_facility`,`pc_billing_location`)VALUES
        ( 1,144,'1','25','Office Visit','2017-7-29 14:15:00','Clinical Appointment',0,0,1,'1',
        '2017-7-29 14:15:00','0000-00-00',900,0,
        'a:6:{s:17:"event_repeat_freq";s:1:"0";s:22:"event_repeat_freq_type";s:1:"0";s:19:"event_repeat_on_num";s:1:"1";s:19:"event_repeat_on_day";s:1:"0";s:20:"event_repeat_on_freq";s:1:"0";s:6:"exdate";s:0:"";}',
        0,'14:15:00','14:30:00',0,
        'a:6:{s:14:"event_location";s:0:"";s:13:"event_street1";s:0:"";s:13:"event_street2";s:0:"";s:10:"event_city";s:0:"";s:11:"event_state";s:0:"";s:12:"event_postal";s:0:"";}',
        1,1,'-',0,1,1);
INSERT INTO `form_encounter` (`id`, `date`, `reason`, `facility`, `facility_id`, `pid`, `encounter`,
     `onset_date`, `sensitivity`, `billing_note`, `pc_catid`, `last_level_billed`, `last_level_closed`, `last_stmt_date`, `stmt_count`,
      `provider_id`, `supervisor_id`, `invoice_refno`, `referral_source`, `billing_facility`) VALUES
    ('146','2017-8-28 14:30:00', 'Test Encounter', 'Your Clinic Name Here', '3','25','146', '0000-00-00 00:00:00', 'normal', 'NULL','10', '0', '0','NULL', '0', '1', '0', '', '', '3');
INSERT INTO `forms` (`id`, `date`, `encounter`, `form_name`, `form_id`, `pid`, `user`, `groupname`, `authorized`, `deleted`, `formdir`) VALUES
    ('146','2017-8-28 14:30:00','146', 'Patient Encounter', '146', '25', 'admin', 'Default', '1', '0', 'patient_encounter');
INSERT INTO `libreehr_postcalendar_events` 
        (`pc_catid`,`pc_multiple`,`pc_aid`,`pc_pid`,`pc_title`,`pc_time`,`pc_hometext`,`pc_comments`,`pc_counter`,`pc_topic`,`pc_informant`,`pc_eventDate`,
        `pc_endDate`,`pc_duration`,`pc_recurrtype`,`pc_recurrspec`,`pc_recurrfreq`,`pc_startTime`,`pc_endTime`,`pc_alldayevent`,`pc_location`,`pc_eventstatus`,
        `pc_sharing`,`pc_apptstatus`,`pc_prefcatid`,`pc_facility`,`pc_billing_location`)VALUES
        ( 1,145,'1','25','Office Visit','2017-8-28 14:30:00','Clinical Appointment',0,0,1,'1',
        '2017-8-28 14:30:00','0000-00-00',900,0,
        'a:6:{s:17:"event_repeat_freq";s:1:"0";s:22:"event_repeat_freq_type";s:1:"0";s:19:"event_repeat_on_num";s:1:"1";s:19:"event_repeat_on_day";s:1:"0";s:20:"event_repeat_on_freq";s:1:"0";s:6:"exdate";s:0:"";}',
        0,'14:30:00','14:45:00',0,
        'a:6:{s:14:"event_location";s:0:"";s:13:"event_street1";s:0:"";s:13:"event_street2";s:0:"";s:10:"event_city";s:0:"";s:11:"event_state";s:0:"";s:12:"event_postal";s:0:"";}',
        1,1,'-',0,1,1);
INSERT INTO `form_encounter` (`id`, `date`, `reason`, `facility`, `facility_id`, `pid`, `encounter`,
     `onset_date`, `sensitivity`, `billing_note`, `pc_catid`, `last_level_billed`, `last_level_closed`, `last_stmt_date`, `stmt_count`,
      `provider_id`, `supervisor_id`, `invoice_refno`, `referral_source`, `billing_facility`) VALUES
    ('147','2017-9-27 13:15:00', 'Test Encounter', 'Your Clinic Name Here', '3','25','147', '0000-00-00 00:00:00', 'normal', 'NULL','8', '0', '0','NULL', '0', '1', '0', '', '', '3');
INSERT INTO `forms` (`id`, `date`, `encounter`, `form_name`, `form_id`, `pid`, `user`, `groupname`, `authorized`, `deleted`, `formdir`) VALUES
    ('147','2017-9-27 13:15:00','147', 'Patient Encounter', '147', '25', 'admin', 'Default', '1', '0', 'patient_encounter');
INSERT INTO `libreehr_postcalendar_events` 
        (`pc_catid`,`pc_multiple`,`pc_aid`,`pc_pid`,`pc_title`,`pc_time`,`pc_hometext`,`pc_comments`,`pc_counter`,`pc_topic`,`pc_informant`,`pc_eventDate`,
        `pc_endDate`,`pc_duration`,`pc_recurrtype`,`pc_recurrspec`,`pc_recurrfreq`,`pc_startTime`,`pc_endTime`,`pc_alldayevent`,`pc_location`,`pc_eventstatus`,
        `pc_sharing`,`pc_apptstatus`,`pc_prefcatid`,`pc_facility`,`pc_billing_location`)VALUES
        ( 1,146,'1','25','Office Visit','2017-9-27 13:15:00','Clinical Appointment',0,0,1,'1',
        '2017-9-27 13:15:00','0000-00-00',900,0,
        'a:6:{s:17:"event_repeat_freq";s:1:"0";s:22:"event_repeat_freq_type";s:1:"0";s:19:"event_repeat_on_num";s:1:"1";s:19:"event_repeat_on_day";s:1:"0";s:20:"event_repeat_on_freq";s:1:"0";s:6:"exdate";s:0:"";}',
        0,'13:15:00','13:30:00',0,
        'a:6:{s:14:"event_location";s:0:"";s:13:"event_street1";s:0:"";s:13:"event_street2";s:0:"";s:10:"event_city";s:0:"";s:11:"event_state";s:0:"";s:12:"event_postal";s:0:"";}',
        1,1,'-',0,1,1);
INSERT INTO `patient_data` (`title`, `language`, `financial`, `fname`, `lname`, `mname`, `DOB`,`street`, `postal_code`, `city`, `state`,  `drivers_license`, `ss`,`occupation`, `phone_home`, `phone_biz`, `phone_contact`, `phone_cell`,`status`, `contact_relationship`, `date`, `sex`, `referrer`, `referrerID`,`providerID`, `email`, `ethnoracial`, `interpretter`, `migrantseasonal`,`family_size`, `monthly_income`, `homeless`, `financial_review`, `pubpid`,`pid`, `genericname1`, `genericval1`, `genericname2`, `genericval2`) VALUES
 ('Mr.','Spanish','','PHILLIP','MATTHEWS','J.','1987-11-5','1116 MainSt.','50177','Centerville','IN','935263339','940785844',' ','(999) 725-1876','(999) 725-1876','(999) 725-1876','(999) 725-1876','married','Friend','2003-11-17 12:06:00','Male','RICK CHEN','1','1','PHILLIP@LibreEHR.org','Americano',' ',' ','0','2351',' ','000-00-00 00:00:00','26','26',' ',' ',' ',' ');
INSERT INTO `insurance_data` (`id`, `type`, `provider`, `plan_name`, `policy_number`,`group_number`, `subscriber_lname`, `subscriber_mname`, `subscriber_fname`, `subscriber_relationship`, `subscriber_ss`,`subscriber_DOB`, `subscriber_street`, `subscriber_postal_code`, `subscriber_city`, `subscriber_state`, `subscriber_country`,`subscriber_phone`, `subscriber_employer`, `subscriber_employer_street`, `subscriber_employer_postal_code`,`subscriber_employer_state`, `subscriber_employer_country`, `subscriber_employer_city`, `copay`, `date`, `pid`,`subscriber_sex`, `accept_assignment`) VALUES('73','primary','2651','Puce Mutual HMO','434396424','253472638','MATTHEWS','J.','PHILLIP','self','940785844','1987-11-5','1116 MainSt.','50177','Centerville','IN','Openemria','(999) 725-1876','OEMR.org','','','IN','Openemria','Centerville','','2011-10-10','26','Male','FALSE');
INSERT INTO `insurance_data` (`id`, `type`, `provider`, `plan_name`, `policy_number`,`group_number`, `subscriber_lname`, `subscriber_mname`, `subscriber_fname`, `subscriber_relationship`, `subscriber_ss`,`subscriber_DOB`, `subscriber_street`, `subscriber_postal_code`, `subscriber_city`, `subscriber_state`, `subscriber_country`,`subscriber_phone`, `subscriber_employer`, `subscriber_employer_street`, `subscriber_employer_postal_code`,`subscriber_employer_state`, `subscriber_employer_country`, `subscriber_employer_city`, `copay`, `date`, `pid`,`subscriber_sex`, `accept_assignment`) VALUES('74','secondary','6843','Pink Provider Very LTD.','685476195','576463878','MATTHEWS','J.','PHILLIP','self','940785844','1987-11-5','1116 MainSt.','50177','Centerville','IN','Openemria','(999) 725-1876','OEMR.org','','','IN','Openemria','Centerville','','2011-10-10','26','Male','FALSE');
INSERT INTO `insurance_data` (`id`, `type`, `provider`, `plan_name`, `policy_number`,`group_number`, `subscriber_lname`, `subscriber_mname`, `subscriber_fname`, `subscriber_relationship`, `subscriber_ss`,`subscriber_DOB`, `subscriber_street`, `subscriber_postal_code`, `subscriber_city`, `subscriber_state`, `subscriber_country`,`subscriber_phone`, `subscriber_employer`, `subscriber_employer_street`, `subscriber_employer_postal_code`,`subscriber_employer_state`, `subscriber_employer_country`, `subscriber_employer_city`, `copay`, `date`, `pid`,`subscriber_sex`, `accept_assignment`) VALUES('75','tertiary','8435','Backstreet Helpful Company','241682948','815578646','MATTHEWS','J.','PHILLIP','self','940785844','1987-11-5','1116 MainSt.','50177','Centerville','IN','Openemria','(999) 725-1876','OEMR.org','','','IN','Openemria','Centerville','','2011-10-10','26','Male','TRUE');
INSERT INTO `form_encounter` (`id`, `date`, `reason`, `facility`, `facility_id`, `pid`, `encounter`,
     `onset_date`, `sensitivity`, `billing_note`, `pc_catid`, `last_level_billed`, `last_level_closed`, `last_stmt_date`, `stmt_count`,
      `provider_id`, `supervisor_id`, `invoice_refno`, `referral_source`, `billing_facility`) VALUES
    ('148','2017-4-30 15:30:00', 'Test Encounter', 'Your Clinic Name Here', '3','26','148', '0000-00-00 00:00:00', 'normal', 'NULL','10', '0', '0','NULL', '0', '1', '0', '', '', '3');
INSERT INTO `forms` (`id`, `date`, `encounter`, `form_name`, `form_id`, `pid`, `user`, `groupname`, `authorized`, `deleted`, `formdir`) VALUES
    ('148','2017-4-30 15:30:00','148', 'Patient Encounter', '148', '26', 'admin', 'Default', '1', '0', 'patient_encounter');
INSERT INTO `libreehr_postcalendar_events` 
        (`pc_catid`,`pc_multiple`,`pc_aid`,`pc_pid`,`pc_title`,`pc_time`,`pc_hometext`,`pc_comments`,`pc_counter`,`pc_topic`,`pc_informant`,`pc_eventDate`,
        `pc_endDate`,`pc_duration`,`pc_recurrtype`,`pc_recurrspec`,`pc_recurrfreq`,`pc_startTime`,`pc_endTime`,`pc_alldayevent`,`pc_location`,`pc_eventstatus`,
        `pc_sharing`,`pc_apptstatus`,`pc_prefcatid`,`pc_facility`,`pc_billing_location`)VALUES
        ( 1,147,'1','26','Office Visit','2017-4-30 15:30:00','Clinical Appointment',0,0,1,'1',
        '2017-4-30 15:30:00','0000-00-00',900,0,
        'a:6:{s:17:"event_repeat_freq";s:1:"0";s:22:"event_repeat_freq_type";s:1:"0";s:19:"event_repeat_on_num";s:1:"1";s:19:"event_repeat_on_day";s:1:"0";s:20:"event_repeat_on_freq";s:1:"0";s:6:"exdate";s:0:"";}',
        0,'15:30:00','15:45:00',0,
        'a:6:{s:14:"event_location";s:0:"";s:13:"event_street1";s:0:"";s:13:"event_street2";s:0:"";s:10:"event_city";s:0:"";s:11:"event_state";s:0:"";s:12:"event_postal";s:0:"";}',
        1,1,'-',0,1,1);
INSERT INTO `form_encounter` (`id`, `date`, `reason`, `facility`, `facility_id`, `pid`, `encounter`,
     `onset_date`, `sensitivity`, `billing_note`, `pc_catid`, `last_level_billed`, `last_level_closed`, `last_stmt_date`, `stmt_count`,
      `provider_id`, `supervisor_id`, `invoice_refno`, `referral_source`, `billing_facility`) VALUES
    ('149','2017-5-30 16:30:00', 'Test Encounter', 'Your Clinic Name Here', '3','26','149', '0000-00-00 00:00:00', 'normal', 'NULL','5', '0', '0','NULL', '0', '1', '0', '', '', '3');
INSERT INTO `forms` (`id`, `date`, `encounter`, `form_name`, `form_id`, `pid`, `user`, `groupname`, `authorized`, `deleted`, `formdir`) VALUES
    ('149','2017-5-30 16:30:00','149', 'Patient Encounter', '149', '26', 'admin', 'Default', '1', '0', 'patient_encounter');
INSERT INTO `libreehr_postcalendar_events` 
        (`pc_catid`,`pc_multiple`,`pc_aid`,`pc_pid`,`pc_title`,`pc_time`,`pc_hometext`,`pc_comments`,`pc_counter`,`pc_topic`,`pc_informant`,`pc_eventDate`,
        `pc_endDate`,`pc_duration`,`pc_recurrtype`,`pc_recurrspec`,`pc_recurrfreq`,`pc_startTime`,`pc_endTime`,`pc_alldayevent`,`pc_location`,`pc_eventstatus`,
        `pc_sharing`,`pc_apptstatus`,`pc_prefcatid`,`pc_facility`,`pc_billing_location`)VALUES
        ( 1,148,'1','26','Office Visit','2017-5-30 16:30:00','Clinical Appointment',0,0,1,'1',
        '2017-5-30 16:30:00','0000-00-00',900,0,
        'a:6:{s:17:"event_repeat_freq";s:1:"0";s:22:"event_repeat_freq_type";s:1:"0";s:19:"event_repeat_on_num";s:1:"1";s:19:"event_repeat_on_day";s:1:"0";s:20:"event_repeat_on_freq";s:1:"0";s:6:"exdate";s:0:"";}',
        0,'16:30:00','16:45:00',0,
        'a:6:{s:14:"event_location";s:0:"";s:13:"event_street1";s:0:"";s:13:"event_street2";s:0:"";s:10:"event_city";s:0:"";s:11:"event_state";s:0:"";s:12:"event_postal";s:0:"";}',
        1,1,'-',0,1,1);
INSERT INTO `form_encounter` (`id`, `date`, `reason`, `facility`, `facility_id`, `pid`, `encounter`,
     `onset_date`, `sensitivity`, `billing_note`, `pc_catid`, `last_level_billed`, `last_level_closed`, `last_stmt_date`, `stmt_count`,
      `provider_id`, `supervisor_id`, `invoice_refno`, `referral_source`, `billing_facility`) VALUES
    ('150','2017-6-29 10:30:00', 'Test Encounter', 'Your Clinic Name Here', '3','26','150', '0000-00-00 00:00:00', 'normal', 'NULL','9', '0', '0','NULL', '0', '1', '0', '', '', '3');
INSERT INTO `forms` (`id`, `date`, `encounter`, `form_name`, `form_id`, `pid`, `user`, `groupname`, `authorized`, `deleted`, `formdir`) VALUES
    ('150','2017-6-29 10:30:00','150', 'Patient Encounter', '150', '26', 'admin', 'Default', '1', '0', 'patient_encounter');
INSERT INTO `libreehr_postcalendar_events` 
        (`pc_catid`,`pc_multiple`,`pc_aid`,`pc_pid`,`pc_title`,`pc_time`,`pc_hometext`,`pc_comments`,`pc_counter`,`pc_topic`,`pc_informant`,`pc_eventDate`,
        `pc_endDate`,`pc_duration`,`pc_recurrtype`,`pc_recurrspec`,`pc_recurrfreq`,`pc_startTime`,`pc_endTime`,`pc_alldayevent`,`pc_location`,`pc_eventstatus`,
        `pc_sharing`,`pc_apptstatus`,`pc_prefcatid`,`pc_facility`,`pc_billing_location`)VALUES
        ( 1,149,'1','26','Office Visit','2017-6-29 10:30:00','Clinical Appointment',0,0,1,'1',
        '2017-6-29 10:30:00','0000-00-00',900,0,
        'a:6:{s:17:"event_repeat_freq";s:1:"0";s:22:"event_repeat_freq_type";s:1:"0";s:19:"event_repeat_on_num";s:1:"1";s:19:"event_repeat_on_day";s:1:"0";s:20:"event_repeat_on_freq";s:1:"0";s:6:"exdate";s:0:"";}',
        0,'10:30:00','10:45:00',0,
        'a:6:{s:14:"event_location";s:0:"";s:13:"event_street1";s:0:"";s:13:"event_street2";s:0:"";s:10:"event_city";s:0:"";s:11:"event_state";s:0:"";s:12:"event_postal";s:0:"";}',
        1,1,'-',0,1,1);
INSERT INTO `form_encounter` (`id`, `date`, `reason`, `facility`, `facility_id`, `pid`, `encounter`,
     `onset_date`, `sensitivity`, `billing_note`, `pc_catid`, `last_level_billed`, `last_level_closed`, `last_stmt_date`, `stmt_count`,
      `provider_id`, `supervisor_id`, `invoice_refno`, `referral_source`, `billing_facility`) VALUES
    ('151','2017-7-29 11:30:00', 'Test Encounter', 'Your Clinic Name Here', '3','26','151', '0000-00-00 00:00:00', 'normal', 'NULL','1', '0', '0','NULL', '0', '1', '0', '', '', '3');
INSERT INTO `forms` (`id`, `date`, `encounter`, `form_name`, `form_id`, `pid`, `user`, `groupname`, `authorized`, `deleted`, `formdir`) VALUES
    ('151','2017-7-29 11:30:00','151', 'Patient Encounter', '151', '26', 'admin', 'Default', '1', '0', 'patient_encounter');
INSERT INTO `libreehr_postcalendar_events` 
        (`pc_catid`,`pc_multiple`,`pc_aid`,`pc_pid`,`pc_title`,`pc_time`,`pc_hometext`,`pc_comments`,`pc_counter`,`pc_topic`,`pc_informant`,`pc_eventDate`,
        `pc_endDate`,`pc_duration`,`pc_recurrtype`,`pc_recurrspec`,`pc_recurrfreq`,`pc_startTime`,`pc_endTime`,`pc_alldayevent`,`pc_location`,`pc_eventstatus`,
        `pc_sharing`,`pc_apptstatus`,`pc_prefcatid`,`pc_facility`,`pc_billing_location`)VALUES
        ( 1,150,'1','26','Office Visit','2017-7-29 11:30:00','Clinical Appointment',0,0,1,'1',
        '2017-7-29 11:30:00','0000-00-00',900,0,
        'a:6:{s:17:"event_repeat_freq";s:1:"0";s:22:"event_repeat_freq_type";s:1:"0";s:19:"event_repeat_on_num";s:1:"1";s:19:"event_repeat_on_day";s:1:"0";s:20:"event_repeat_on_freq";s:1:"0";s:6:"exdate";s:0:"";}',
        0,'11:30:00','11:45:00',0,
        'a:6:{s:14:"event_location";s:0:"";s:13:"event_street1";s:0:"";s:13:"event_street2";s:0:"";s:10:"event_city";s:0:"";s:11:"event_state";s:0:"";s:12:"event_postal";s:0:"";}',
        1,1,'-',0,1,1);
INSERT INTO `form_encounter` (`id`, `date`, `reason`, `facility`, `facility_id`, `pid`, `encounter`,
     `onset_date`, `sensitivity`, `billing_note`, `pc_catid`, `last_level_billed`, `last_level_closed`, `last_stmt_date`, `stmt_count`,
      `provider_id`, `supervisor_id`, `invoice_refno`, `referral_source`, `billing_facility`) VALUES
    ('152','2017-8-28 14:30:00', 'Test Encounter', 'Your Clinic Name Here', '3','26','152', '0000-00-00 00:00:00', 'normal', 'NULL','6', '0', '0','NULL', '0', '1', '0', '', '', '3');
INSERT INTO `forms` (`id`, `date`, `encounter`, `form_name`, `form_id`, `pid`, `user`, `groupname`, `authorized`, `deleted`, `formdir`) VALUES
    ('152','2017-8-28 14:30:00','152', 'Patient Encounter', '152', '26', 'admin', 'Default', '1', '0', 'patient_encounter');
INSERT INTO `libreehr_postcalendar_events` 
        (`pc_catid`,`pc_multiple`,`pc_aid`,`pc_pid`,`pc_title`,`pc_time`,`pc_hometext`,`pc_comments`,`pc_counter`,`pc_topic`,`pc_informant`,`pc_eventDate`,
        `pc_endDate`,`pc_duration`,`pc_recurrtype`,`pc_recurrspec`,`pc_recurrfreq`,`pc_startTime`,`pc_endTime`,`pc_alldayevent`,`pc_location`,`pc_eventstatus`,
        `pc_sharing`,`pc_apptstatus`,`pc_prefcatid`,`pc_facility`,`pc_billing_location`)VALUES
        ( 1,151,'1','26','Office Visit','2017-8-28 14:30:00','Clinical Appointment',0,0,1,'1',
        '2017-8-28 14:30:00','0000-00-00',900,0,
        'a:6:{s:17:"event_repeat_freq";s:1:"0";s:22:"event_repeat_freq_type";s:1:"0";s:19:"event_repeat_on_num";s:1:"1";s:19:"event_repeat_on_day";s:1:"0";s:20:"event_repeat_on_freq";s:1:"0";s:6:"exdate";s:0:"";}',
        0,'14:30:00','14:45:00',0,
        'a:6:{s:14:"event_location";s:0:"";s:13:"event_street1";s:0:"";s:13:"event_street2";s:0:"";s:10:"event_city";s:0:"";s:11:"event_state";s:0:"";s:12:"event_postal";s:0:"";}',
        1,1,'-',0,1,1);
INSERT INTO `form_encounter` (`id`, `date`, `reason`, `facility`, `facility_id`, `pid`, `encounter`,
     `onset_date`, `sensitivity`, `billing_note`, `pc_catid`, `last_level_billed`, `last_level_closed`, `last_stmt_date`, `stmt_count`,
      `provider_id`, `supervisor_id`, `invoice_refno`, `referral_source`, `billing_facility`) VALUES
    ('153','2017-9-27 17:15:00', 'Test Encounter', 'Your Clinic Name Here', '3','26','153', '0000-00-00 00:00:00', 'normal', 'NULL','3', '0', '0','NULL', '0', '1', '0', '', '', '3');
INSERT INTO `forms` (`id`, `date`, `encounter`, `form_name`, `form_id`, `pid`, `user`, `groupname`, `authorized`, `deleted`, `formdir`) VALUES
    ('153','2017-9-27 17:15:00','153', 'Patient Encounter', '153', '26', 'admin', 'Default', '1', '0', 'patient_encounter');
INSERT INTO `libreehr_postcalendar_events` 
        (`pc_catid`,`pc_multiple`,`pc_aid`,`pc_pid`,`pc_title`,`pc_time`,`pc_hometext`,`pc_comments`,`pc_counter`,`pc_topic`,`pc_informant`,`pc_eventDate`,
        `pc_endDate`,`pc_duration`,`pc_recurrtype`,`pc_recurrspec`,`pc_recurrfreq`,`pc_startTime`,`pc_endTime`,`pc_alldayevent`,`pc_location`,`pc_eventstatus`,
        `pc_sharing`,`pc_apptstatus`,`pc_prefcatid`,`pc_facility`,`pc_billing_location`)VALUES
        ( 1,152,'1','26','Office Visit','2017-9-27 17:15:00','Clinical Appointment',0,0,1,'1',
        '2017-9-27 17:15:00','0000-00-00',900,0,
        'a:6:{s:17:"event_repeat_freq";s:1:"0";s:22:"event_repeat_freq_type";s:1:"0";s:19:"event_repeat_on_num";s:1:"1";s:19:"event_repeat_on_day";s:1:"0";s:20:"event_repeat_on_freq";s:1:"0";s:6:"exdate";s:0:"";}',
        0,'17:15:00','17:30:00',0,
        'a:6:{s:14:"event_location";s:0:"";s:13:"event_street1";s:0:"";s:13:"event_street2";s:0:"";s:10:"event_city";s:0:"";s:11:"event_state";s:0:"";s:12:"event_postal";s:0:"";}',
        1,1,'-',0,1,1);
INSERT INTO `patient_data` (`title`, `language`, `financial`, `fname`, `lname`, `mname`, `DOB`,`street`, `postal_code`, `city`, `state`,  `drivers_license`, `ss`,`occupation`, `phone_home`, `phone_biz`, `phone_contact`, `phone_cell`,`status`, `contact_relationship`, `date`, `sex`, `referrer`, `referrerID`,`providerID`, `email`, `ethnoracial`, `interpretter`, `migrantseasonal`,`family_size`, `monthly_income`, `homeless`, `financial_review`, `pubpid`,`pid`, `genericname1`, `genericval1`, `genericname2`, `genericval2`) VALUES
 ('Mr.','Spanish','','STEVE','STANLEY','N.','1957-11-17','2948 AppleBLVD','4187','Mount','HI','712052206','999289533',' ','(249) 936-6679','(249) 936-6679','(249) 936-6679','(249) 936-6679','single','Friend','2003-11-17 12:06:00','Male','JUAN RICHARDS','1','1','STEVE@LibreEHR.org','Tejano',' ',' ','10','8560',' ','000-00-00 00:00:00','27','27',' ',' ',' ',' ');
INSERT INTO `insurance_data` (`id`, `type`, `provider`, `plan_name`, `policy_number`,`group_number`, `subscriber_lname`, `subscriber_mname`, `subscriber_fname`, `subscriber_relationship`, `subscriber_ss`,`subscriber_DOB`, `subscriber_street`, `subscriber_postal_code`, `subscriber_city`, `subscriber_state`, `subscriber_country`,`subscriber_phone`, `subscriber_employer`, `subscriber_employer_street`, `subscriber_employer_postal_code`,`subscriber_employer_state`, `subscriber_employer_country`, `subscriber_employer_city`, `copay`, `date`, `pid`,`subscriber_sex`, `accept_assignment`) VALUES('76','primary','7519','Litigeous Heartless LTD','807673197','764901543','STANLEY','N.','STEVE','self','999289533','1957-11-17','2948 AppleBLVD','4187','Mount','HI','Openemria','(249) 936-6679','OEMR.org','','','HI','Openemria','Mount','','2011-10-10','27','Male','TRUE');
INSERT INTO `insurance_data` (`id`, `type`, `provider`, `plan_name`, `policy_number`,`group_number`, `subscriber_lname`, `subscriber_mname`, `subscriber_fname`, `subscriber_relationship`, `subscriber_ss`,`subscriber_DOB`, `subscriber_street`, `subscriber_postal_code`, `subscriber_city`, `subscriber_state`, `subscriber_country`,`subscriber_phone`, `subscriber_employer`, `subscriber_employer_street`, `subscriber_employer_postal_code`,`subscriber_employer_state`, `subscriber_employer_country`, `subscriber_employer_city`, `copay`, `date`, `pid`,`subscriber_sex`, `accept_assignment`) VALUES('77','secondary','2651','Puce Mutual HMO','529359136','956049850','STANLEY','N.','STEVE','self','999289533','1957-11-17','2948 AppleBLVD','4187','Mount','HI','Openemria','(249) 936-6679','OEMR.org','','','HI','Openemria','Mount','','2011-10-10','27','Male','FALSE');
INSERT INTO `insurance_data` (`id`, `type`, `provider`, `plan_name`, `policy_number`,`group_number`, `subscriber_lname`, `subscriber_mname`, `subscriber_fname`, `subscriber_relationship`, `subscriber_ss`,`subscriber_DOB`, `subscriber_street`, `subscriber_postal_code`, `subscriber_city`, `subscriber_state`, `subscriber_country`,`subscriber_phone`, `subscriber_employer`, `subscriber_employer_street`, `subscriber_employer_postal_code`,`subscriber_employer_state`, `subscriber_employer_country`, `subscriber_employer_city`, `copay`, `date`, `pid`,`subscriber_sex`, `accept_assignment`) VALUES('78','tertiary','6843','Pink Provider Very LTD.','228421176','713305536','STANLEY','N.','STEVE','self','999289533','1957-11-17','2948 AppleBLVD','4187','Mount','HI','Openemria','(249) 936-6679','OEMR.org','','','HI','Openemria','Mount','','2011-10-10','27','Male','FALSE');
INSERT INTO `form_encounter` (`id`, `date`, `reason`, `facility`, `facility_id`, `pid`, `encounter`,
     `onset_date`, `sensitivity`, `billing_note`, `pc_catid`, `last_level_billed`, `last_level_closed`, `last_stmt_date`, `stmt_count`,
      `provider_id`, `supervisor_id`, `invoice_refno`, `referral_source`, `billing_facility`) VALUES
    ('154','2017-9-27 11:00:00', 'Test Encounter', 'Your Clinic Name Here', '3','27','154', '0000-00-00 00:00:00', 'normal', 'NULL','5', '0', '0','NULL', '0', '1', '0', '', '', '3');
INSERT INTO `forms` (`id`, `date`, `encounter`, `form_name`, `form_id`, `pid`, `user`, `groupname`, `authorized`, `deleted`, `formdir`) VALUES
    ('154','2017-9-27 11:00:00','154', 'Patient Encounter', '154', '27', 'admin', 'Default', '1', '0', 'patient_encounter');
INSERT INTO `libreehr_postcalendar_events` 
        (`pc_catid`,`pc_multiple`,`pc_aid`,`pc_pid`,`pc_title`,`pc_time`,`pc_hometext`,`pc_comments`,`pc_counter`,`pc_topic`,`pc_informant`,`pc_eventDate`,
        `pc_endDate`,`pc_duration`,`pc_recurrtype`,`pc_recurrspec`,`pc_recurrfreq`,`pc_startTime`,`pc_endTime`,`pc_alldayevent`,`pc_location`,`pc_eventstatus`,
        `pc_sharing`,`pc_apptstatus`,`pc_prefcatid`,`pc_facility`,`pc_billing_location`)VALUES
        ( 1,153,'1','27','Office Visit','2017-9-27 11:00:00','Clinical Appointment',0,0,1,'1',
        '2017-9-27 11:00:00','0000-00-00',900,0,
        'a:6:{s:17:"event_repeat_freq";s:1:"0";s:22:"event_repeat_freq_type";s:1:"0";s:19:"event_repeat_on_num";s:1:"1";s:19:"event_repeat_on_day";s:1:"0";s:20:"event_repeat_on_freq";s:1:"0";s:6:"exdate";s:0:"";}',
        0,'11:00:00','11:15:00',0,
        'a:6:{s:14:"event_location";s:0:"";s:13:"event_street1";s:0:"";s:13:"event_street2";s:0:"";s:10:"event_city";s:0:"";s:11:"event_state";s:0:"";s:12:"event_postal";s:0:"";}',
        1,1,'-',0,1,1);
INSERT INTO `patient_data` (`title`, `language`, `financial`, `fname`, `lname`, `mname`, `DOB`,`street`, `postal_code`, `city`, `state`,  `drivers_license`, `ss`,`occupation`, `phone_home`, `phone_biz`, `phone_contact`, `phone_cell`,`status`, `contact_relationship`, `date`, `sex`, `referrer`, `referrerID`,`providerID`, `email`, `ethnoracial`, `interpretter`, `migrantseasonal`,`family_size`, `monthly_income`, `homeless`, `financial_review`, `pubpid`,`pid`, `genericname1`, `genericval1`, `genericname2`, `genericval2`) VALUES
 ('Mrs.','English','','VIVIAN','MORRISON','J.','2007-12-28','9608 CherryAve.','81681','Mount','NM','133620660','186455812',' ','(723) 959-870','(723) 959-870','(723) 959-870','(723) 959-870','single','Friend','2003-11-17 12:06:00','Female','BRENT RUSSELL','1','1','VIVIAN@LibreEHR.org','Tejano',' ',' ','4','3724',' ','000-00-00 00:00:00','28','28',' ',' ',' ',' ');
INSERT INTO `insurance_data` (`id`, `type`, `provider`, `plan_name`, `policy_number`,`group_number`, `subscriber_lname`, `subscriber_mname`, `subscriber_fname`, `subscriber_relationship`, `subscriber_ss`,`subscriber_DOB`, `subscriber_street`, `subscriber_postal_code`, `subscriber_city`, `subscriber_state`, `subscriber_country`,`subscriber_phone`, `subscriber_employer`, `subscriber_employer_street`, `subscriber_employer_postal_code`,`subscriber_employer_state`, `subscriber_employer_country`, `subscriber_employer_city`, `copay`, `date`, `pid`,`subscriber_sex`, `accept_assignment`) VALUES('79','primary','5612','Violet Group HMO','853051522','477692143','MORRISON','J.','VIVIAN','self','186455812','2007-12-28','9608 CherryAve.','81681','Mount','NM','Openemria','(723) 959-870','OEMR.org','','','NM','Openemria','Mount','','2011-10-10','28','Female','FALSE');
INSERT INTO `insurance_data` (`id`, `type`, `provider`, `plan_name`, `policy_number`,`group_number`, `subscriber_lname`, `subscriber_mname`, `subscriber_fname`, `subscriber_relationship`, `subscriber_ss`,`subscriber_DOB`, `subscriber_street`, `subscriber_postal_code`, `subscriber_city`, `subscriber_state`, `subscriber_country`,`subscriber_phone`, `subscriber_employer`, `subscriber_employer_street`, `subscriber_employer_postal_code`,`subscriber_employer_state`, `subscriber_employer_country`, `subscriber_employer_city`, `copay`, `date`, `pid`,`subscriber_sex`, `accept_assignment`) VALUES('80','secondary','3362','Incompetent Provider Company','114775816','974020321','MORRISON','J.','VIVIAN','self','186455812','2007-12-28','9608 CherryAve.','81681','Mount','NM','Openemria','(723) 959-870','OEMR.org','','','NM','Openemria','Mount','','2011-10-10','28','Female','FALSE');
INSERT INTO `insurance_data` (`id`, `type`, `provider`, `plan_name`, `policy_number`,`group_number`, `subscriber_lname`, `subscriber_mname`, `subscriber_fname`, `subscriber_relationship`, `subscriber_ss`,`subscriber_DOB`, `subscriber_street`, `subscriber_postal_code`, `subscriber_city`, `subscriber_state`, `subscriber_country`,`subscriber_phone`, `subscriber_employer`, `subscriber_employer_street`, `subscriber_employer_postal_code`,`subscriber_employer_state`, `subscriber_employer_country`, `subscriber_employer_city`, `copay`, `date`, `pid`,`subscriber_sex`, `accept_assignment`) VALUES('81','tertiary','0','0','59927053','421171763','MORRISON','J.','VIVIAN','self','186455812','2007-12-28','9608 CherryAve.','81681','Mount','NM','Openemria','(723) 959-870','OEMR.org','','','NM','Openemria','Mount','','2011-10-10','28','Female','FALSE');
INSERT INTO `form_encounter` (`id`, `date`, `reason`, `facility`, `facility_id`, `pid`, `encounter`,
     `onset_date`, `sensitivity`, `billing_note`, `pc_catid`, `last_level_billed`, `last_level_closed`, `last_stmt_date`, `stmt_count`,
      `provider_id`, `supervisor_id`, `invoice_refno`, `referral_source`, `billing_facility`) VALUES
    ('155','2017-9-27 12:15:00', 'Test Encounter', 'Your Clinic Name Here', '3','28','155', '0000-00-00 00:00:00', 'normal', 'NULL','8', '0', '0','NULL', '0', '1', '0', '', '', '3');
INSERT INTO `forms` (`id`, `date`, `encounter`, `form_name`, `form_id`, `pid`, `user`, `groupname`, `authorized`, `deleted`, `formdir`) VALUES
    ('155','2017-9-27 12:15:00','155', 'Patient Encounter', '155', '28', 'admin', 'Default', '1', '0', 'patient_encounter');
INSERT INTO `libreehr_postcalendar_events` 
        (`pc_catid`,`pc_multiple`,`pc_aid`,`pc_pid`,`pc_title`,`pc_time`,`pc_hometext`,`pc_comments`,`pc_counter`,`pc_topic`,`pc_informant`,`pc_eventDate`,
        `pc_endDate`,`pc_duration`,`pc_recurrtype`,`pc_recurrspec`,`pc_recurrfreq`,`pc_startTime`,`pc_endTime`,`pc_alldayevent`,`pc_location`,`pc_eventstatus`,
        `pc_sharing`,`pc_apptstatus`,`pc_prefcatid`,`pc_facility`,`pc_billing_location`)VALUES
        ( 1,154,'1','28','Office Visit','2017-9-27 12:15:00','Clinical Appointment',0,0,1,'1',
        '2017-9-27 12:15:00','0000-00-00',900,0,
        'a:6:{s:17:"event_repeat_freq";s:1:"0";s:22:"event_repeat_freq_type";s:1:"0";s:19:"event_repeat_on_num";s:1:"1";s:19:"event_repeat_on_day";s:1:"0";s:20:"event_repeat_on_freq";s:1:"0";s:6:"exdate";s:0:"";}',
        0,'12:15:00','12:30:00',0,
        'a:6:{s:14:"event_location";s:0:"";s:13:"event_street1";s:0:"";s:13:"event_street2";s:0:"";s:10:"event_city";s:0:"";s:11:"event_state";s:0:"";s:12:"event_postal";s:0:"";}',
        1,1,'-',0,1,1);
INSERT INTO `patient_data` (`title`, `language`, `financial`, `fname`, `lname`, `mname`, `DOB`,`street`, `postal_code`, `city`, `state`,  `drivers_license`, `ss`,`occupation`, `phone_home`, `phone_biz`, `phone_contact`, `phone_cell`,`status`, `contact_relationship`, `date`, `sex`, `referrer`, `referrerID`,`providerID`, `email`, `ethnoracial`, `interpretter`, `migrantseasonal`,`family_size`, `monthly_income`, `homeless`, `financial_review`, `pubpid`,`pid`, `genericname1`, `genericval1`, `genericname2`, `genericval2`) VALUES
 ('Mrs.','English','','CLAIRE','JIMENEZ','C.','1990-8-23','6743 HappyWay','24791','Oakland','RI','438966156','677681813',' ','(335) 474-2749','(335) 474-2749','(335) 474-2749','(335) 474-2749','single','Friend','2003-11-17 12:06:00','Female','JEFFERY FRANKLIN','1','1','CLAIRE@LibreEHR.org','White',' ',' ','7','4583',' ','000-00-00 00:00:00','29','29',' ',' ',' ',' ');
INSERT INTO `insurance_data` (`id`, `type`, `provider`, `plan_name`, `policy_number`,`group_number`, `subscriber_lname`, `subscriber_mname`, `subscriber_fname`, `subscriber_relationship`, `subscriber_ss`,`subscriber_DOB`, `subscriber_street`, `subscriber_postal_code`, `subscriber_city`, `subscriber_state`, `subscriber_country`,`subscriber_phone`, `subscriber_employer`, `subscriber_employer_street`, `subscriber_employer_postal_code`,`subscriber_employer_state`, `subscriber_employer_country`, `subscriber_employer_city`, `copay`, `date`, `pid`,`subscriber_sex`, `accept_assignment`) VALUES('82','primary','6887','Impersonal Insurance HMO','133187569','953443712','JIMENEZ','C.','CLAIRE','self','677681813','1990-8-23','6743 HappyWay','24791','Oakland','RI','Openemria','(335) 474-2749','OEMR.org','','','RI','Openemria','Oakland','','2011-10-10','29','Female','FALSE');
INSERT INTO `insurance_data` (`id`, `type`, `provider`, `plan_name`, `policy_number`,`group_number`, `subscriber_lname`, `subscriber_mname`, `subscriber_fname`, `subscriber_relationship`, `subscriber_ss`,`subscriber_DOB`, `subscriber_street`, `subscriber_postal_code`, `subscriber_city`, `subscriber_state`, `subscriber_country`,`subscriber_phone`, `subscriber_employer`, `subscriber_employer_street`, `subscriber_employer_postal_code`,`subscriber_employer_state`, `subscriber_employer_country`, `subscriber_employer_city`, `copay`, `date`, `pid`,`subscriber_sex`, `accept_assignment`) VALUES('83','secondary','6186','Green Mutual LTD','920334920','176748323','JIMENEZ','C.','CLAIRE','self','677681813','1990-8-23','6743 HappyWay','24791','Oakland','RI','Openemria','(335) 474-2749','OEMR.org','','','RI','Openemria','Oakland','','2011-10-10','29','Female','FALSE');
INSERT INTO `insurance_data` (`id`, `type`, `provider`, `plan_name`, `policy_number`,`group_number`, `subscriber_lname`, `subscriber_mname`, `subscriber_fname`, `subscriber_relationship`, `subscriber_ss`,`subscriber_DOB`, `subscriber_street`, `subscriber_postal_code`, `subscriber_city`, `subscriber_state`, `subscriber_country`,`subscriber_phone`, `subscriber_employer`, `subscriber_employer_street`, `subscriber_employer_postal_code`,`subscriber_employer_state`, `subscriber_employer_country`, `subscriber_employer_city`, `copay`, `date`, `pid`,`subscriber_sex`, `accept_assignment`) VALUES('84','tertiary','7519','Litigeous Heartless LTD','650141706','115758135','JIMENEZ','C.','CLAIRE','self','677681813','1990-8-23','6743 HappyWay','24791','Oakland','RI','Openemria','(335) 474-2749','OEMR.org','','','RI','Openemria','Oakland','','2011-10-10','29','Female','FALSE');
INSERT INTO `form_encounter` (`id`, `date`, `reason`, `facility`, `facility_id`, `pid`, `encounter`,
     `onset_date`, `sensitivity`, `billing_note`, `pc_catid`, `last_level_billed`, `last_level_closed`, `last_stmt_date`, `stmt_count`,
      `provider_id`, `supervisor_id`, `invoice_refno`, `referral_source`, `billing_facility`) VALUES
    ('156','2017-5-30 11:00:00', 'Test Encounter', 'Your Clinic Name Here', '3','29','156', '0000-00-00 00:00:00', 'normal', 'NULL','2', '0', '0','NULL', '0', '1', '0', '', '', '3');
INSERT INTO `forms` (`id`, `date`, `encounter`, `form_name`, `form_id`, `pid`, `user`, `groupname`, `authorized`, `deleted`, `formdir`) VALUES
    ('156','2017-5-30 11:00:00','156', 'Patient Encounter', '156', '29', 'admin', 'Default', '1', '0', 'patient_encounter');
INSERT INTO `libreehr_postcalendar_events` 
        (`pc_catid`,`pc_multiple`,`pc_aid`,`pc_pid`,`pc_title`,`pc_time`,`pc_hometext`,`pc_comments`,`pc_counter`,`pc_topic`,`pc_informant`,`pc_eventDate`,
        `pc_endDate`,`pc_duration`,`pc_recurrtype`,`pc_recurrspec`,`pc_recurrfreq`,`pc_startTime`,`pc_endTime`,`pc_alldayevent`,`pc_location`,`pc_eventstatus`,
        `pc_sharing`,`pc_apptstatus`,`pc_prefcatid`,`pc_facility`,`pc_billing_location`)VALUES
        ( 1,155,'1','29','Office Visit','2017-5-30 11:00:00','Clinical Appointment',0,0,1,'1',
        '2017-5-30 11:00:00','0000-00-00',900,0,
        'a:6:{s:17:"event_repeat_freq";s:1:"0";s:22:"event_repeat_freq_type";s:1:"0";s:19:"event_repeat_on_num";s:1:"1";s:19:"event_repeat_on_day";s:1:"0";s:20:"event_repeat_on_freq";s:1:"0";s:6:"exdate";s:0:"";}',
        0,'11:00:00','11:15:00',0,
        'a:6:{s:14:"event_location";s:0:"";s:13:"event_street1";s:0:"";s:13:"event_street2";s:0:"";s:10:"event_city";s:0:"";s:11:"event_state";s:0:"";s:12:"event_postal";s:0:"";}',
        1,1,'-',0,1,1);
INSERT INTO `form_encounter` (`id`, `date`, `reason`, `facility`, `facility_id`, `pid`, `encounter`,
     `onset_date`, `sensitivity`, `billing_note`, `pc_catid`, `last_level_billed`, `last_level_closed`, `last_stmt_date`, `stmt_count`,
      `provider_id`, `supervisor_id`, `invoice_refno`, `referral_source`, `billing_facility`) VALUES
    ('157','2017-6-29 14:15:00', 'Test Encounter', 'Your Clinic Name Here', '3','29','157', '0000-00-00 00:00:00', 'normal', 'NULL','1', '0', '0','NULL', '0', '1', '0', '', '', '3');
INSERT INTO `forms` (`id`, `date`, `encounter`, `form_name`, `form_id`, `pid`, `user`, `groupname`, `authorized`, `deleted`, `formdir`) VALUES
    ('157','2017-6-29 14:15:00','157', 'Patient Encounter', '157', '29', 'admin', 'Default', '1', '0', 'patient_encounter');
INSERT INTO `libreehr_postcalendar_events` 
        (`pc_catid`,`pc_multiple`,`pc_aid`,`pc_pid`,`pc_title`,`pc_time`,`pc_hometext`,`pc_comments`,`pc_counter`,`pc_topic`,`pc_informant`,`pc_eventDate`,
        `pc_endDate`,`pc_duration`,`pc_recurrtype`,`pc_recurrspec`,`pc_recurrfreq`,`pc_startTime`,`pc_endTime`,`pc_alldayevent`,`pc_location`,`pc_eventstatus`,
        `pc_sharing`,`pc_apptstatus`,`pc_prefcatid`,`pc_facility`,`pc_billing_location`)VALUES
        ( 1,156,'1','29','Office Visit','2017-6-29 14:15:00','Clinical Appointment',0,0,1,'1',
        '2017-6-29 14:15:00','0000-00-00',900,0,
        'a:6:{s:17:"event_repeat_freq";s:1:"0";s:22:"event_repeat_freq_type";s:1:"0";s:19:"event_repeat_on_num";s:1:"1";s:19:"event_repeat_on_day";s:1:"0";s:20:"event_repeat_on_freq";s:1:"0";s:6:"exdate";s:0:"";}',
        0,'14:15:00','14:30:00',0,
        'a:6:{s:14:"event_location";s:0:"";s:13:"event_street1";s:0:"";s:13:"event_street2";s:0:"";s:10:"event_city";s:0:"";s:11:"event_state";s:0:"";s:12:"event_postal";s:0:"";}',
        1,1,'-',0,1,1);
INSERT INTO `form_encounter` (`id`, `date`, `reason`, `facility`, `facility_id`, `pid`, `encounter`,
     `onset_date`, `sensitivity`, `billing_note`, `pc_catid`, `last_level_billed`, `last_level_closed`, `last_stmt_date`, `stmt_count`,
      `provider_id`, `supervisor_id`, `invoice_refno`, `referral_source`, `billing_facility`) VALUES
    ('158','2017-7-29 12:15:00', 'Test Encounter', 'Your Clinic Name Here', '3','29','158', '0000-00-00 00:00:00', 'normal', 'NULL','8', '0', '0','NULL', '0', '1', '0', '', '', '3');
INSERT INTO `forms` (`id`, `date`, `encounter`, `form_name`, `form_id`, `pid`, `user`, `groupname`, `authorized`, `deleted`, `formdir`) VALUES
    ('158','2017-7-29 12:15:00','158', 'Patient Encounter', '158', '29', 'admin', 'Default', '1', '0', 'patient_encounter');
INSERT INTO `libreehr_postcalendar_events` 
        (`pc_catid`,`pc_multiple`,`pc_aid`,`pc_pid`,`pc_title`,`pc_time`,`pc_hometext`,`pc_comments`,`pc_counter`,`pc_topic`,`pc_informant`,`pc_eventDate`,
        `pc_endDate`,`pc_duration`,`pc_recurrtype`,`pc_recurrspec`,`pc_recurrfreq`,`pc_startTime`,`pc_endTime`,`pc_alldayevent`,`pc_location`,`pc_eventstatus`,
        `pc_sharing`,`pc_apptstatus`,`pc_prefcatid`,`pc_facility`,`pc_billing_location`)VALUES
        ( 1,157,'1','29','Office Visit','2017-7-29 12:15:00','Clinical Appointment',0,0,1,'1',
        '2017-7-29 12:15:00','0000-00-00',900,0,
        'a:6:{s:17:"event_repeat_freq";s:1:"0";s:22:"event_repeat_freq_type";s:1:"0";s:19:"event_repeat_on_num";s:1:"1";s:19:"event_repeat_on_day";s:1:"0";s:20:"event_repeat_on_freq";s:1:"0";s:6:"exdate";s:0:"";}',
        0,'12:15:00','12:30:00',0,
        'a:6:{s:14:"event_location";s:0:"";s:13:"event_street1";s:0:"";s:13:"event_street2";s:0:"";s:10:"event_city";s:0:"";s:11:"event_state";s:0:"";s:12:"event_postal";s:0:"";}',
        1,1,'-',0,1,1);
INSERT INTO `form_encounter` (`id`, `date`, `reason`, `facility`, `facility_id`, `pid`, `encounter`,
     `onset_date`, `sensitivity`, `billing_note`, `pc_catid`, `last_level_billed`, `last_level_closed`, `last_stmt_date`, `stmt_count`,
      `provider_id`, `supervisor_id`, `invoice_refno`, `referral_source`, `billing_facility`) VALUES
    ('159','2017-8-28 14:00:00', 'Test Encounter', 'Your Clinic Name Here', '3','29','159', '0000-00-00 00:00:00', 'normal', 'NULL','3', '0', '0','NULL', '0', '1', '0', '', '', '3');
INSERT INTO `forms` (`id`, `date`, `encounter`, `form_name`, `form_id`, `pid`, `user`, `groupname`, `authorized`, `deleted`, `formdir`) VALUES
    ('159','2017-8-28 14:00:00','159', 'Patient Encounter', '159', '29', 'admin', 'Default', '1', '0', 'patient_encounter');
INSERT INTO `libreehr_postcalendar_events` 
        (`pc_catid`,`pc_multiple`,`pc_aid`,`pc_pid`,`pc_title`,`pc_time`,`pc_hometext`,`pc_comments`,`pc_counter`,`pc_topic`,`pc_informant`,`pc_eventDate`,
        `pc_endDate`,`pc_duration`,`pc_recurrtype`,`pc_recurrspec`,`pc_recurrfreq`,`pc_startTime`,`pc_endTime`,`pc_alldayevent`,`pc_location`,`pc_eventstatus`,
        `pc_sharing`,`pc_apptstatus`,`pc_prefcatid`,`pc_facility`,`pc_billing_location`)VALUES
        ( 1,158,'1','29','Office Visit','2017-8-28 14:00:00','Clinical Appointment',0,0,1,'1',
        '2017-8-28 14:00:00','0000-00-00',900,0,
        'a:6:{s:17:"event_repeat_freq";s:1:"0";s:22:"event_repeat_freq_type";s:1:"0";s:19:"event_repeat_on_num";s:1:"1";s:19:"event_repeat_on_day";s:1:"0";s:20:"event_repeat_on_freq";s:1:"0";s:6:"exdate";s:0:"";}',
        0,'14:00:00','14:15:00',0,
        'a:6:{s:14:"event_location";s:0:"";s:13:"event_street1";s:0:"";s:13:"event_street2";s:0:"";s:10:"event_city";s:0:"";s:11:"event_state";s:0:"";s:12:"event_postal";s:0:"";}',
        1,1,'-',0,1,1);
INSERT INTO `form_encounter` (`id`, `date`, `reason`, `facility`, `facility_id`, `pid`, `encounter`,
     `onset_date`, `sensitivity`, `billing_note`, `pc_catid`, `last_level_billed`, `last_level_closed`, `last_stmt_date`, `stmt_count`,
      `provider_id`, `supervisor_id`, `invoice_refno`, `referral_source`, `billing_facility`) VALUES
    ('160','2017-9-27 15:15:00', 'Test Encounter', 'Your Clinic Name Here', '3','29','160', '0000-00-00 00:00:00', 'normal', 'NULL','7', '0', '0','NULL', '0', '1', '0', '', '', '3');
INSERT INTO `forms` (`id`, `date`, `encounter`, `form_name`, `form_id`, `pid`, `user`, `groupname`, `authorized`, `deleted`, `formdir`) VALUES
    ('160','2017-9-27 15:15:00','160', 'Patient Encounter', '160', '29', 'admin', 'Default', '1', '0', 'patient_encounter');
INSERT INTO `libreehr_postcalendar_events` 
        (`pc_catid`,`pc_multiple`,`pc_aid`,`pc_pid`,`pc_title`,`pc_time`,`pc_hometext`,`pc_comments`,`pc_counter`,`pc_topic`,`pc_informant`,`pc_eventDate`,
        `pc_endDate`,`pc_duration`,`pc_recurrtype`,`pc_recurrspec`,`pc_recurrfreq`,`pc_startTime`,`pc_endTime`,`pc_alldayevent`,`pc_location`,`pc_eventstatus`,
        `pc_sharing`,`pc_apptstatus`,`pc_prefcatid`,`pc_facility`,`pc_billing_location`)VALUES
        ( 1,159,'1','29','Office Visit','2017-9-27 15:15:00','Clinical Appointment',0,0,1,'1',
        '2017-9-27 15:15:00','0000-00-00',900,0,
        'a:6:{s:17:"event_repeat_freq";s:1:"0";s:22:"event_repeat_freq_type";s:1:"0";s:19:"event_repeat_on_num";s:1:"1";s:19:"event_repeat_on_day";s:1:"0";s:20:"event_repeat_on_freq";s:1:"0";s:6:"exdate";s:0:"";}',
        0,'15:15:00','15:30:00',0,
        'a:6:{s:14:"event_location";s:0:"";s:13:"event_street1";s:0:"";s:13:"event_street2";s:0:"";s:10:"event_city";s:0:"";s:11:"event_state";s:0:"";s:12:"event_postal";s:0:"";}',
        1,1,'-',0,1,1);
INSERT INTO `patient_data` (`title`, `language`, `financial`, `fname`, `lname`, `mname`, `DOB`,`street`, `postal_code`, `city`, `state`,  `drivers_license`, `ss`,`occupation`, `phone_home`, `phone_biz`, `phone_contact`, `phone_cell`,`status`, `contact_relationship`, `date`, `sex`, `referrer`, `referrerID`,`providerID`, `email`, `ethnoracial`, `interpretter`, `migrantseasonal`,`family_size`, `monthly_income`, `homeless`, `financial_review`, `pubpid`,`pid`, `genericname1`, `genericval1`, `genericname2`, `genericval2`) VALUES
 ('Mrs.','English','','PRISCILLA','WILLIS','L.','1972-1-27','6116 PineWay','22611','Washington','MI','91148790','397971318',' ','(979) 627-3448','(979) 627-3448','(979) 627-3448','(979) 627-3448','married','Friend','2003-11-17 12:06:00','Female','JULIAN MCDONALD','1','1','PRISCILLA@LibreEHR.org','Yankee',' ',' ','7','3688',' ','000-00-00 00:00:00','30','30',' ',' ',' ',' ');
INSERT INTO `insurance_data` (`id`, `type`, `provider`, `plan_name`, `policy_number`,`group_number`, `subscriber_lname`, `subscriber_mname`, `subscriber_fname`, `subscriber_relationship`, `subscriber_ss`,`subscriber_DOB`, `subscriber_street`, `subscriber_postal_code`, `subscriber_city`, `subscriber_state`, `subscriber_country`,`subscriber_phone`, `subscriber_employer`, `subscriber_employer_street`, `subscriber_employer_postal_code`,`subscriber_employer_state`, `subscriber_employer_country`, `subscriber_employer_city`, `copay`, `date`, `pid`,`subscriber_sex`, `accept_assignment`) VALUES('85','primary','0','0','458878861','659554297','WILLIS','L.','PRISCILLA','self','397971318','1972-1-27','6116 PineWay','22611','Washington','MI','Openemria','(979) 627-3448','OEMR.org','','','MI','Openemria','Washington','','2011-10-10','30','Female','FALSE');
INSERT INTO `insurance_data` (`id`, `type`, `provider`, `plan_name`, `policy_number`,`group_number`, `subscriber_lname`, `subscriber_mname`, `subscriber_fname`, `subscriber_relationship`, `subscriber_ss`,`subscriber_DOB`, `subscriber_street`, `subscriber_postal_code`, `subscriber_city`, `subscriber_state`, `subscriber_country`,`subscriber_phone`, `subscriber_employer`, `subscriber_employer_street`, `subscriber_employer_postal_code`,`subscriber_employer_state`, `subscriber_employer_country`, `subscriber_employer_city`, `copay`, `date`, `pid`,`subscriber_sex`, `accept_assignment`) VALUES('86','secondary','3362','Incompetent Provider Company','902827190','531082504','WILLIS','L.','PRISCILLA','self','397971318','1972-1-27','6116 PineWay','22611','Washington','MI','Openemria','(979) 627-3448','OEMR.org','','','MI','Openemria','Washington','','2011-10-10','30','Female','TRUE');
INSERT INTO `insurance_data` (`id`, `type`, `provider`, `plan_name`, `policy_number`,`group_number`, `subscriber_lname`, `subscriber_mname`, `subscriber_fname`, `subscriber_relationship`, `subscriber_ss`,`subscriber_DOB`, `subscriber_street`, `subscriber_postal_code`, `subscriber_city`, `subscriber_state`, `subscriber_country`,`subscriber_phone`, `subscriber_employer`, `subscriber_employer_street`, `subscriber_employer_postal_code`,`subscriber_employer_state`, `subscriber_employer_country`, `subscriber_employer_city`, `copay`, `date`, `pid`,`subscriber_sex`, `accept_assignment`) VALUES('87','tertiary','0','0','729823546','886699464','WILLIS','L.','PRISCILLA','self','397971318','1972-1-27','6116 PineWay','22611','Washington','MI','Openemria','(979) 627-3448','OEMR.org','','','MI','Openemria','Washington','','2011-10-10','30','Female','TRUE');
INSERT INTO `form_encounter` (`id`, `date`, `reason`, `facility`, `facility_id`, `pid`, `encounter`,
     `onset_date`, `sensitivity`, `billing_note`, `pc_catid`, `last_level_billed`, `last_level_closed`, `last_stmt_date`, `stmt_count`,
      `provider_id`, `supervisor_id`, `invoice_refno`, `referral_source`, `billing_facility`) VALUES
    ('161','2017-4-30 17:00:00', 'Test Encounter', 'Your Clinic Name Here', '3','30','161', '0000-00-00 00:00:00', 'normal', 'NULL','7', '0', '0','NULL', '0', '1', '0', '', '', '3');
INSERT INTO `forms` (`id`, `date`, `encounter`, `form_name`, `form_id`, `pid`, `user`, `groupname`, `authorized`, `deleted`, `formdir`) VALUES
    ('161','2017-4-30 17:00:00','161', 'Patient Encounter', '161', '30', 'admin', 'Default', '1', '0', 'patient_encounter');
INSERT INTO `libreehr_postcalendar_events` 
        (`pc_catid`,`pc_multiple`,`pc_aid`,`pc_pid`,`pc_title`,`pc_time`,`pc_hometext`,`pc_comments`,`pc_counter`,`pc_topic`,`pc_informant`,`pc_eventDate`,
        `pc_endDate`,`pc_duration`,`pc_recurrtype`,`pc_recurrspec`,`pc_recurrfreq`,`pc_startTime`,`pc_endTime`,`pc_alldayevent`,`pc_location`,`pc_eventstatus`,
        `pc_sharing`,`pc_apptstatus`,`pc_prefcatid`,`pc_facility`,`pc_billing_location`)VALUES
        ( 1,160,'1','30','Office Visit','2017-4-30 17:00:00','Clinical Appointment',0,0,1,'1',
        '2017-4-30 17:00:00','0000-00-00',900,0,
        'a:6:{s:17:"event_repeat_freq";s:1:"0";s:22:"event_repeat_freq_type";s:1:"0";s:19:"event_repeat_on_num";s:1:"1";s:19:"event_repeat_on_day";s:1:"0";s:20:"event_repeat_on_freq";s:1:"0";s:6:"exdate";s:0:"";}',
        0,'17:00:00','17:15:00',0,
        'a:6:{s:14:"event_location";s:0:"";s:13:"event_street1";s:0:"";s:13:"event_street2";s:0:"";s:10:"event_city";s:0:"";s:11:"event_state";s:0:"";s:12:"event_postal";s:0:"";}',
        1,1,'-',0,1,1);
INSERT INTO `form_encounter` (`id`, `date`, `reason`, `facility`, `facility_id`, `pid`, `encounter`,
     `onset_date`, `sensitivity`, `billing_note`, `pc_catid`, `last_level_billed`, `last_level_closed`, `last_stmt_date`, `stmt_count`,
      `provider_id`, `supervisor_id`, `invoice_refno`, `referral_source`, `billing_facility`) VALUES
    ('162','2017-5-30 11:30:00', 'Test Encounter', 'Your Clinic Name Here', '3','30','162', '0000-00-00 00:00:00', 'normal', 'NULL','9', '0', '0','NULL', '0', '1', '0', '', '', '3');
INSERT INTO `forms` (`id`, `date`, `encounter`, `form_name`, `form_id`, `pid`, `user`, `groupname`, `authorized`, `deleted`, `formdir`) VALUES
    ('162','2017-5-30 11:30:00','162', 'Patient Encounter', '162', '30', 'admin', 'Default', '1', '0', 'patient_encounter');
INSERT INTO `libreehr_postcalendar_events` 
        (`pc_catid`,`pc_multiple`,`pc_aid`,`pc_pid`,`pc_title`,`pc_time`,`pc_hometext`,`pc_comments`,`pc_counter`,`pc_topic`,`pc_informant`,`pc_eventDate`,
        `pc_endDate`,`pc_duration`,`pc_recurrtype`,`pc_recurrspec`,`pc_recurrfreq`,`pc_startTime`,`pc_endTime`,`pc_alldayevent`,`pc_location`,`pc_eventstatus`,
        `pc_sharing`,`pc_apptstatus`,`pc_prefcatid`,`pc_facility`,`pc_billing_location`)VALUES
        ( 1,161,'1','30','Office Visit','2017-5-30 11:30:00','Clinical Appointment',0,0,1,'1',
        '2017-5-30 11:30:00','0000-00-00',900,0,
        'a:6:{s:17:"event_repeat_freq";s:1:"0";s:22:"event_repeat_freq_type";s:1:"0";s:19:"event_repeat_on_num";s:1:"1";s:19:"event_repeat_on_day";s:1:"0";s:20:"event_repeat_on_freq";s:1:"0";s:6:"exdate";s:0:"";}',
        0,'11:30:00','11:45:00',0,
        'a:6:{s:14:"event_location";s:0:"";s:13:"event_street1";s:0:"";s:13:"event_street2";s:0:"";s:10:"event_city";s:0:"";s:11:"event_state";s:0:"";s:12:"event_postal";s:0:"";}',
        1,1,'-',0,1,1);
INSERT INTO `form_encounter` (`id`, `date`, `reason`, `facility`, `facility_id`, `pid`, `encounter`,
     `onset_date`, `sensitivity`, `billing_note`, `pc_catid`, `last_level_billed`, `last_level_closed`, `last_stmt_date`, `stmt_count`,
      `provider_id`, `supervisor_id`, `invoice_refno`, `referral_source`, `billing_facility`) VALUES
    ('163','2017-6-29 17:15:00', 'Test Encounter', 'Your Clinic Name Here', '3','30','163', '0000-00-00 00:00:00', 'normal', 'NULL','4', '0', '0','NULL', '0', '1', '0', '', '', '3');
INSERT INTO `forms` (`id`, `date`, `encounter`, `form_name`, `form_id`, `pid`, `user`, `groupname`, `authorized`, `deleted`, `formdir`) VALUES
    ('163','2017-6-29 17:15:00','163', 'Patient Encounter', '163', '30', 'admin', 'Default', '1', '0', 'patient_encounter');
INSERT INTO `libreehr_postcalendar_events` 
        (`pc_catid`,`pc_multiple`,`pc_aid`,`pc_pid`,`pc_title`,`pc_time`,`pc_hometext`,`pc_comments`,`pc_counter`,`pc_topic`,`pc_informant`,`pc_eventDate`,
        `pc_endDate`,`pc_duration`,`pc_recurrtype`,`pc_recurrspec`,`pc_recurrfreq`,`pc_startTime`,`pc_endTime`,`pc_alldayevent`,`pc_location`,`pc_eventstatus`,
        `pc_sharing`,`pc_apptstatus`,`pc_prefcatid`,`pc_facility`,`pc_billing_location`)VALUES
        ( 1,162,'1','30','Office Visit','2017-6-29 17:15:00','Clinical Appointment',0,0,1,'1',
        '2017-6-29 17:15:00','0000-00-00',900,0,
        'a:6:{s:17:"event_repeat_freq";s:1:"0";s:22:"event_repeat_freq_type";s:1:"0";s:19:"event_repeat_on_num";s:1:"1";s:19:"event_repeat_on_day";s:1:"0";s:20:"event_repeat_on_freq";s:1:"0";s:6:"exdate";s:0:"";}',
        0,'17:15:00','17:30:00',0,
        'a:6:{s:14:"event_location";s:0:"";s:13:"event_street1";s:0:"";s:13:"event_street2";s:0:"";s:10:"event_city";s:0:"";s:11:"event_state";s:0:"";s:12:"event_postal";s:0:"";}',
        1,1,'-',0,1,1);
INSERT INTO `form_encounter` (`id`, `date`, `reason`, `facility`, `facility_id`, `pid`, `encounter`,
     `onset_date`, `sensitivity`, `billing_note`, `pc_catid`, `last_level_billed`, `last_level_closed`, `last_stmt_date`, `stmt_count`,
      `provider_id`, `supervisor_id`, `invoice_refno`, `referral_source`, `billing_facility`) VALUES
    ('164','2017-7-29 16:00:00', 'Test Encounter', 'Your Clinic Name Here', '3','30','164', '0000-00-00 00:00:00', 'normal', 'NULL','7', '0', '0','NULL', '0', '1', '0', '', '', '3');
INSERT INTO `forms` (`id`, `date`, `encounter`, `form_name`, `form_id`, `pid`, `user`, `groupname`, `authorized`, `deleted`, `formdir`) VALUES
    ('164','2017-7-29 16:00:00','164', 'Patient Encounter', '164', '30', 'admin', 'Default', '1', '0', 'patient_encounter');
INSERT INTO `libreehr_postcalendar_events` 
        (`pc_catid`,`pc_multiple`,`pc_aid`,`pc_pid`,`pc_title`,`pc_time`,`pc_hometext`,`pc_comments`,`pc_counter`,`pc_topic`,`pc_informant`,`pc_eventDate`,
        `pc_endDate`,`pc_duration`,`pc_recurrtype`,`pc_recurrspec`,`pc_recurrfreq`,`pc_startTime`,`pc_endTime`,`pc_alldayevent`,`pc_location`,`pc_eventstatus`,
        `pc_sharing`,`pc_apptstatus`,`pc_prefcatid`,`pc_facility`,`pc_billing_location`)VALUES
        ( 1,163,'1','30','Office Visit','2017-7-29 16:00:00','Clinical Appointment',0,0,1,'1',
        '2017-7-29 16:00:00','0000-00-00',900,0,
        'a:6:{s:17:"event_repeat_freq";s:1:"0";s:22:"event_repeat_freq_type";s:1:"0";s:19:"event_repeat_on_num";s:1:"1";s:19:"event_repeat_on_day";s:1:"0";s:20:"event_repeat_on_freq";s:1:"0";s:6:"exdate";s:0:"";}',
        0,'16:00:00','16:15:00',0,
        'a:6:{s:14:"event_location";s:0:"";s:13:"event_street1";s:0:"";s:13:"event_street2";s:0:"";s:10:"event_city";s:0:"";s:11:"event_state";s:0:"";s:12:"event_postal";s:0:"";}',
        1,1,'-',0,1,1);
INSERT INTO `form_encounter` (`id`, `date`, `reason`, `facility`, `facility_id`, `pid`, `encounter`,
     `onset_date`, `sensitivity`, `billing_note`, `pc_catid`, `last_level_billed`, `last_level_closed`, `last_stmt_date`, `stmt_count`,
      `provider_id`, `supervisor_id`, `invoice_refno`, `referral_source`, `billing_facility`) VALUES
    ('165','2017-8-28 14:00:00', 'Test Encounter', 'Your Clinic Name Here', '3','30','165', '0000-00-00 00:00:00', 'normal', 'NULL','1', '0', '0','NULL', '0', '1', '0', '', '', '3');
INSERT INTO `forms` (`id`, `date`, `encounter`, `form_name`, `form_id`, `pid`, `user`, `groupname`, `authorized`, `deleted`, `formdir`) VALUES
    ('165','2017-8-28 14:00:00','165', 'Patient Encounter', '165', '30', 'admin', 'Default', '1', '0', 'patient_encounter');
INSERT INTO `libreehr_postcalendar_events` 
        (`pc_catid`,`pc_multiple`,`pc_aid`,`pc_pid`,`pc_title`,`pc_time`,`pc_hometext`,`pc_comments`,`pc_counter`,`pc_topic`,`pc_informant`,`pc_eventDate`,
        `pc_endDate`,`pc_duration`,`pc_recurrtype`,`pc_recurrspec`,`pc_recurrfreq`,`pc_startTime`,`pc_endTime`,`pc_alldayevent`,`pc_location`,`pc_eventstatus`,
        `pc_sharing`,`pc_apptstatus`,`pc_prefcatid`,`pc_facility`,`pc_billing_location`)VALUES
        ( 1,164,'1','30','Office Visit','2017-8-28 14:00:00','Clinical Appointment',0,0,1,'1',
        '2017-8-28 14:00:00','0000-00-00',900,0,
        'a:6:{s:17:"event_repeat_freq";s:1:"0";s:22:"event_repeat_freq_type";s:1:"0";s:19:"event_repeat_on_num";s:1:"1";s:19:"event_repeat_on_day";s:1:"0";s:20:"event_repeat_on_freq";s:1:"0";s:6:"exdate";s:0:"";}',
        0,'14:00:00','14:15:00',0,
        'a:6:{s:14:"event_location";s:0:"";s:13:"event_street1";s:0:"";s:13:"event_street2";s:0:"";s:10:"event_city";s:0:"";s:11:"event_state";s:0:"";s:12:"event_postal";s:0:"";}',
        1,1,'-',0,1,1);
INSERT INTO `form_encounter` (`id`, `date`, `reason`, `facility`, `facility_id`, `pid`, `encounter`,
     `onset_date`, `sensitivity`, `billing_note`, `pc_catid`, `last_level_billed`, `last_level_closed`, `last_stmt_date`, `stmt_count`,
      `provider_id`, `supervisor_id`, `invoice_refno`, `referral_source`, `billing_facility`) VALUES
    ('166','2017-9-27 13:30:00', 'Test Encounter', 'Your Clinic Name Here', '3','30','166', '0000-00-00 00:00:00', 'normal', 'NULL','9', '0', '0','NULL', '0', '1', '0', '', '', '3');
INSERT INTO `forms` (`id`, `date`, `encounter`, `form_name`, `form_id`, `pid`, `user`, `groupname`, `authorized`, `deleted`, `formdir`) VALUES
    ('166','2017-9-27 13:30:00','166', 'Patient Encounter', '166', '30', 'admin', 'Default', '1', '0', 'patient_encounter');
INSERT INTO `libreehr_postcalendar_events` 
        (`pc_catid`,`pc_multiple`,`pc_aid`,`pc_pid`,`pc_title`,`pc_time`,`pc_hometext`,`pc_comments`,`pc_counter`,`pc_topic`,`pc_informant`,`pc_eventDate`,
        `pc_endDate`,`pc_duration`,`pc_recurrtype`,`pc_recurrspec`,`pc_recurrfreq`,`pc_startTime`,`pc_endTime`,`pc_alldayevent`,`pc_location`,`pc_eventstatus`,
        `pc_sharing`,`pc_apptstatus`,`pc_prefcatid`,`pc_facility`,`pc_billing_location`)VALUES
        ( 1,165,'1','30','Office Visit','2017-9-27 13:30:00','Clinical Appointment',0,0,1,'1',
        '2017-9-27 13:30:00','0000-00-00',900,0,
        'a:6:{s:17:"event_repeat_freq";s:1:"0";s:22:"event_repeat_freq_type";s:1:"0";s:19:"event_repeat_on_num";s:1:"1";s:19:"event_repeat_on_day";s:1:"0";s:20:"event_repeat_on_freq";s:1:"0";s:6:"exdate";s:0:"";}',
        0,'13:30:00','13:45:00',0,
        'a:6:{s:14:"event_location";s:0:"";s:13:"event_street1";s:0:"";s:13:"event_street2";s:0:"";s:10:"event_city";s:0:"";s:11:"event_state";s:0:"";s:12:"event_postal";s:0:"";}',
        1,1,'-',0,1,1);
INSERT INTO `patient_data` (`title`, `language`, `financial`, `fname`, `lname`, `mname`, `DOB`,`street`, `postal_code`, `city`, `state`,  `drivers_license`, `ss`,`occupation`, `phone_home`, `phone_biz`, `phone_contact`, `phone_cell`,`status`, `contact_relationship`, `date`, `sex`, `referrer`, `referrerID`,`providerID`, `email`, `ethnoracial`, `interpretter`, `migrantseasonal`,`family_size`, `monthly_income`, `homeless`, `financial_review`, `pubpid`,`pid`, `genericname1`, `genericval1`, `genericname2`, `genericval2`) VALUES
 ('Ms.','English','','GWENDOLYN','BELL','J.','1965-5-19','1424 FirstHwy','86634','Georgetown','IL','737993045','723915080',' ','(554) 657-4329','(554) 657-4329','(554) 657-4329','(554) 657-4329','married','Friend','2003-11-17 12:06:00','Female','RENE RICE','1','1','GWENDOLYN@LibreEHR.org','Puerto Rican',' ',' ','1','2185',' ','000-00-00 00:00:00','31','31',' ',' ',' ',' ');
INSERT INTO `insurance_data` (`id`, `type`, `provider`, `plan_name`, `policy_number`,`group_number`, `subscriber_lname`, `subscriber_mname`, `subscriber_fname`, `subscriber_relationship`, `subscriber_ss`,`subscriber_DOB`, `subscriber_street`, `subscriber_postal_code`, `subscriber_city`, `subscriber_state`, `subscriber_country`,`subscriber_phone`, `subscriber_employer`, `subscriber_employer_street`, `subscriber_employer_postal_code`,`subscriber_employer_state`, `subscriber_employer_country`, `subscriber_employer_city`, `copay`, `date`, `pid`,`subscriber_sex`, `accept_assignment`) VALUES('88','primary','5612','Violet Group HMO','970257405','603976387','BELL','J.','GWENDOLYN','self','723915080','1965-5-19','1424 FirstHwy','86634','Georgetown','IL','Openemria','(554) 657-4329','OEMR.org','','','IL','Openemria','Georgetown','','2011-10-10','31','Female','FALSE');
INSERT INTO `insurance_data` (`id`, `type`, `provider`, `plan_name`, `policy_number`,`group_number`, `subscriber_lname`, `subscriber_mname`, `subscriber_fname`, `subscriber_relationship`, `subscriber_ss`,`subscriber_DOB`, `subscriber_street`, `subscriber_postal_code`, `subscriber_city`, `subscriber_state`, `subscriber_country`,`subscriber_phone`, `subscriber_employer`, `subscriber_employer_street`, `subscriber_employer_postal_code`,`subscriber_employer_state`, `subscriber_employer_country`, `subscriber_employer_city`, `copay`, `date`, `pid`,`subscriber_sex`, `accept_assignment`) VALUES('89','secondary','3362','Incompetent Provider Company','778519984','794077496','BELL','J.','GWENDOLYN','self','723915080','1965-5-19','1424 FirstHwy','86634','Georgetown','IL','Openemria','(554) 657-4329','OEMR.org','','','IL','Openemria','Georgetown','','2011-10-10','31','Female','TRUE');
INSERT INTO `insurance_data` (`id`, `type`, `provider`, `plan_name`, `policy_number`,`group_number`, `subscriber_lname`, `subscriber_mname`, `subscriber_fname`, `subscriber_relationship`, `subscriber_ss`,`subscriber_DOB`, `subscriber_street`, `subscriber_postal_code`, `subscriber_city`, `subscriber_state`, `subscriber_country`,`subscriber_phone`, `subscriber_employer`, `subscriber_employer_street`, `subscriber_employer_postal_code`,`subscriber_employer_state`, `subscriber_employer_country`, `subscriber_employer_city`, `copay`, `date`, `pid`,`subscriber_sex`, `accept_assignment`) VALUES('90','tertiary','0','0','615233768','300050086','BELL','J.','GWENDOLYN','self','723915080','1965-5-19','1424 FirstHwy','86634','Georgetown','IL','Openemria','(554) 657-4329','OEMR.org','','','IL','Openemria','Georgetown','','2011-10-10','31','Female','TRUE');
INSERT INTO `form_encounter` (`id`, `date`, `reason`, `facility`, `facility_id`, `pid`, `encounter`,
     `onset_date`, `sensitivity`, `billing_note`, `pc_catid`, `last_level_billed`, `last_level_closed`, `last_stmt_date`, `stmt_count`,
      `provider_id`, `supervisor_id`, `invoice_refno`, `referral_source`, `billing_facility`) VALUES
    ('167','2017-3-1 13:30:00', 'Test Encounter', 'Your Clinic Name Here', '3','31','167', '0000-00-00 00:00:00', 'normal', 'NULL','6', '0', '0','NULL', '0', '1', '0', '', '', '3');
INSERT INTO `forms` (`id`, `date`, `encounter`, `form_name`, `form_id`, `pid`, `user`, `groupname`, `authorized`, `deleted`, `formdir`) VALUES
    ('167','2017-3-1 13:30:00','167', 'Patient Encounter', '167', '31', 'admin', 'Default', '1', '0', 'patient_encounter');
INSERT INTO `libreehr_postcalendar_events` 
        (`pc_catid`,`pc_multiple`,`pc_aid`,`pc_pid`,`pc_title`,`pc_time`,`pc_hometext`,`pc_comments`,`pc_counter`,`pc_topic`,`pc_informant`,`pc_eventDate`,
        `pc_endDate`,`pc_duration`,`pc_recurrtype`,`pc_recurrspec`,`pc_recurrfreq`,`pc_startTime`,`pc_endTime`,`pc_alldayevent`,`pc_location`,`pc_eventstatus`,
        `pc_sharing`,`pc_apptstatus`,`pc_prefcatid`,`pc_facility`,`pc_billing_location`)VALUES
        ( 1,166,'1','31','Office Visit','2017-3-1 13:30:00','Clinical Appointment',0,0,1,'1',
        '2017-3-1 13:30:00','0000-00-00',900,0,
        'a:6:{s:17:"event_repeat_freq";s:1:"0";s:22:"event_repeat_freq_type";s:1:"0";s:19:"event_repeat_on_num";s:1:"1";s:19:"event_repeat_on_day";s:1:"0";s:20:"event_repeat_on_freq";s:1:"0";s:6:"exdate";s:0:"";}',
        0,'13:30:00','13:45:00',0,
        'a:6:{s:14:"event_location";s:0:"";s:13:"event_street1";s:0:"";s:13:"event_street2";s:0:"";s:10:"event_city";s:0:"";s:11:"event_state";s:0:"";s:12:"event_postal";s:0:"";}',
        1,1,'-',0,1,1);
INSERT INTO `form_encounter` (`id`, `date`, `reason`, `facility`, `facility_id`, `pid`, `encounter`,
     `onset_date`, `sensitivity`, `billing_note`, `pc_catid`, `last_level_billed`, `last_level_closed`, `last_stmt_date`, `stmt_count`,
      `provider_id`, `supervisor_id`, `invoice_refno`, `referral_source`, `billing_facility`) VALUES
    ('168','2017-3-31 12:30:00', 'Test Encounter', 'Your Clinic Name Here', '3','31','168', '0000-00-00 00:00:00', 'normal', 'NULL','8', '0', '0','NULL', '0', '1', '0', '', '', '3');
INSERT INTO `forms` (`id`, `date`, `encounter`, `form_name`, `form_id`, `pid`, `user`, `groupname`, `authorized`, `deleted`, `formdir`) VALUES
    ('168','2017-3-31 12:30:00','168', 'Patient Encounter', '168', '31', 'admin', 'Default', '1', '0', 'patient_encounter');
INSERT INTO `libreehr_postcalendar_events` 
        (`pc_catid`,`pc_multiple`,`pc_aid`,`pc_pid`,`pc_title`,`pc_time`,`pc_hometext`,`pc_comments`,`pc_counter`,`pc_topic`,`pc_informant`,`pc_eventDate`,
        `pc_endDate`,`pc_duration`,`pc_recurrtype`,`pc_recurrspec`,`pc_recurrfreq`,`pc_startTime`,`pc_endTime`,`pc_alldayevent`,`pc_location`,`pc_eventstatus`,
        `pc_sharing`,`pc_apptstatus`,`pc_prefcatid`,`pc_facility`,`pc_billing_location`)VALUES
        ( 1,167,'1','31','Office Visit','2017-3-31 12:30:00','Clinical Appointment',0,0,1,'1',
        '2017-3-31 12:30:00','0000-00-00',900,0,
        'a:6:{s:17:"event_repeat_freq";s:1:"0";s:22:"event_repeat_freq_type";s:1:"0";s:19:"event_repeat_on_num";s:1:"1";s:19:"event_repeat_on_day";s:1:"0";s:20:"event_repeat_on_freq";s:1:"0";s:6:"exdate";s:0:"";}',
        0,'12:30:00','12:45:00',0,
        'a:6:{s:14:"event_location";s:0:"";s:13:"event_street1";s:0:"";s:13:"event_street2";s:0:"";s:10:"event_city";s:0:"";s:11:"event_state";s:0:"";s:12:"event_postal";s:0:"";}',
        1,1,'-',0,1,1);
INSERT INTO `form_encounter` (`id`, `date`, `reason`, `facility`, `facility_id`, `pid`, `encounter`,
     `onset_date`, `sensitivity`, `billing_note`, `pc_catid`, `last_level_billed`, `last_level_closed`, `last_stmt_date`, `stmt_count`,
      `provider_id`, `supervisor_id`, `invoice_refno`, `referral_source`, `billing_facility`) VALUES
    ('169','2017-4-30 11:15:00', 'Test Encounter', 'Your Clinic Name Here', '3','31','169', '0000-00-00 00:00:00', 'normal', 'NULL','8', '0', '0','NULL', '0', '1', '0', '', '', '3');
INSERT INTO `forms` (`id`, `date`, `encounter`, `form_name`, `form_id`, `pid`, `user`, `groupname`, `authorized`, `deleted`, `formdir`) VALUES
    ('169','2017-4-30 11:15:00','169', 'Patient Encounter', '169', '31', 'admin', 'Default', '1', '0', 'patient_encounter');
INSERT INTO `libreehr_postcalendar_events` 
        (`pc_catid`,`pc_multiple`,`pc_aid`,`pc_pid`,`pc_title`,`pc_time`,`pc_hometext`,`pc_comments`,`pc_counter`,`pc_topic`,`pc_informant`,`pc_eventDate`,
        `pc_endDate`,`pc_duration`,`pc_recurrtype`,`pc_recurrspec`,`pc_recurrfreq`,`pc_startTime`,`pc_endTime`,`pc_alldayevent`,`pc_location`,`pc_eventstatus`,
        `pc_sharing`,`pc_apptstatus`,`pc_prefcatid`,`pc_facility`,`pc_billing_location`)VALUES
        ( 1,168,'1','31','Office Visit','2017-4-30 11:15:00','Clinical Appointment',0,0,1,'1',
        '2017-4-30 11:15:00','0000-00-00',900,0,
        'a:6:{s:17:"event_repeat_freq";s:1:"0";s:22:"event_repeat_freq_type";s:1:"0";s:19:"event_repeat_on_num";s:1:"1";s:19:"event_repeat_on_day";s:1:"0";s:20:"event_repeat_on_freq";s:1:"0";s:6:"exdate";s:0:"";}',
        0,'11:15:00','11:30:00',0,
        'a:6:{s:14:"event_location";s:0:"";s:13:"event_street1";s:0:"";s:13:"event_street2";s:0:"";s:10:"event_city";s:0:"";s:11:"event_state";s:0:"";s:12:"event_postal";s:0:"";}',
        1,1,'-',0,1,1);
INSERT INTO `form_encounter` (`id`, `date`, `reason`, `facility`, `facility_id`, `pid`, `encounter`,
     `onset_date`, `sensitivity`, `billing_note`, `pc_catid`, `last_level_billed`, `last_level_closed`, `last_stmt_date`, `stmt_count`,
      `provider_id`, `supervisor_id`, `invoice_refno`, `referral_source`, `billing_facility`) VALUES
    ('170','2017-5-30 17:00:00', 'Test Encounter', 'Your Clinic Name Here', '3','31','170', '0000-00-00 00:00:00', 'normal', 'NULL','7', '0', '0','NULL', '0', '1', '0', '', '', '3');
INSERT INTO `forms` (`id`, `date`, `encounter`, `form_name`, `form_id`, `pid`, `user`, `groupname`, `authorized`, `deleted`, `formdir`) VALUES
    ('170','2017-5-30 17:00:00','170', 'Patient Encounter', '170', '31', 'admin', 'Default', '1', '0', 'patient_encounter');
INSERT INTO `libreehr_postcalendar_events` 
        (`pc_catid`,`pc_multiple`,`pc_aid`,`pc_pid`,`pc_title`,`pc_time`,`pc_hometext`,`pc_comments`,`pc_counter`,`pc_topic`,`pc_informant`,`pc_eventDate`,
        `pc_endDate`,`pc_duration`,`pc_recurrtype`,`pc_recurrspec`,`pc_recurrfreq`,`pc_startTime`,`pc_endTime`,`pc_alldayevent`,`pc_location`,`pc_eventstatus`,
        `pc_sharing`,`pc_apptstatus`,`pc_prefcatid`,`pc_facility`,`pc_billing_location`)VALUES
        ( 1,169,'1','31','Office Visit','2017-5-30 17:00:00','Clinical Appointment',0,0,1,'1',
        '2017-5-30 17:00:00','0000-00-00',900,0,
        'a:6:{s:17:"event_repeat_freq";s:1:"0";s:22:"event_repeat_freq_type";s:1:"0";s:19:"event_repeat_on_num";s:1:"1";s:19:"event_repeat_on_day";s:1:"0";s:20:"event_repeat_on_freq";s:1:"0";s:6:"exdate";s:0:"";}',
        0,'17:00:00','17:15:00',0,
        'a:6:{s:14:"event_location";s:0:"";s:13:"event_street1";s:0:"";s:13:"event_street2";s:0:"";s:10:"event_city";s:0:"";s:11:"event_state";s:0:"";s:12:"event_postal";s:0:"";}',
        1,1,'-',0,1,1);
INSERT INTO `form_encounter` (`id`, `date`, `reason`, `facility`, `facility_id`, `pid`, `encounter`,
     `onset_date`, `sensitivity`, `billing_note`, `pc_catid`, `last_level_billed`, `last_level_closed`, `last_stmt_date`, `stmt_count`,
      `provider_id`, `supervisor_id`, `invoice_refno`, `referral_source`, `billing_facility`) VALUES
    ('171','2017-6-29 13:30:00', 'Test Encounter', 'Your Clinic Name Here', '3','31','171', '0000-00-00 00:00:00', 'normal', 'NULL','4', '0', '0','NULL', '0', '1', '0', '', '', '3');
INSERT INTO `forms` (`id`, `date`, `encounter`, `form_name`, `form_id`, `pid`, `user`, `groupname`, `authorized`, `deleted`, `formdir`) VALUES
    ('171','2017-6-29 13:30:00','171', 'Patient Encounter', '171', '31', 'admin', 'Default', '1', '0', 'patient_encounter');
INSERT INTO `libreehr_postcalendar_events` 
        (`pc_catid`,`pc_multiple`,`pc_aid`,`pc_pid`,`pc_title`,`pc_time`,`pc_hometext`,`pc_comments`,`pc_counter`,`pc_topic`,`pc_informant`,`pc_eventDate`,
        `pc_endDate`,`pc_duration`,`pc_recurrtype`,`pc_recurrspec`,`pc_recurrfreq`,`pc_startTime`,`pc_endTime`,`pc_alldayevent`,`pc_location`,`pc_eventstatus`,
        `pc_sharing`,`pc_apptstatus`,`pc_prefcatid`,`pc_facility`,`pc_billing_location`)VALUES
        ( 1,170,'1','31','Office Visit','2017-6-29 13:30:00','Clinical Appointment',0,0,1,'1',
        '2017-6-29 13:30:00','0000-00-00',900,0,
        'a:6:{s:17:"event_repeat_freq";s:1:"0";s:22:"event_repeat_freq_type";s:1:"0";s:19:"event_repeat_on_num";s:1:"1";s:19:"event_repeat_on_day";s:1:"0";s:20:"event_repeat_on_freq";s:1:"0";s:6:"exdate";s:0:"";}',
        0,'13:30:00','13:45:00',0,
        'a:6:{s:14:"event_location";s:0:"";s:13:"event_street1";s:0:"";s:13:"event_street2";s:0:"";s:10:"event_city";s:0:"";s:11:"event_state";s:0:"";s:12:"event_postal";s:0:"";}',
        1,1,'-',0,1,1);
INSERT INTO `form_encounter` (`id`, `date`, `reason`, `facility`, `facility_id`, `pid`, `encounter`,
     `onset_date`, `sensitivity`, `billing_note`, `pc_catid`, `last_level_billed`, `last_level_closed`, `last_stmt_date`, `stmt_count`,
      `provider_id`, `supervisor_id`, `invoice_refno`, `referral_source`, `billing_facility`) VALUES
    ('172','2017-7-29 10:30:00', 'Test Encounter', 'Your Clinic Name Here', '3','31','172', '0000-00-00 00:00:00', 'normal', 'NULL','7', '0', '0','NULL', '0', '1', '0', '', '', '3');
INSERT INTO `forms` (`id`, `date`, `encounter`, `form_name`, `form_id`, `pid`, `user`, `groupname`, `authorized`, `deleted`, `formdir`) VALUES
    ('172','2017-7-29 10:30:00','172', 'Patient Encounter', '172', '31', 'admin', 'Default', '1', '0', 'patient_encounter');
INSERT INTO `libreehr_postcalendar_events` 
        (`pc_catid`,`pc_multiple`,`pc_aid`,`pc_pid`,`pc_title`,`pc_time`,`pc_hometext`,`pc_comments`,`pc_counter`,`pc_topic`,`pc_informant`,`pc_eventDate`,
        `pc_endDate`,`pc_duration`,`pc_recurrtype`,`pc_recurrspec`,`pc_recurrfreq`,`pc_startTime`,`pc_endTime`,`pc_alldayevent`,`pc_location`,`pc_eventstatus`,
        `pc_sharing`,`pc_apptstatus`,`pc_prefcatid`,`pc_facility`,`pc_billing_location`)VALUES
        ( 1,171,'1','31','Office Visit','2017-7-29 10:30:00','Clinical Appointment',0,0,1,'1',
        '2017-7-29 10:30:00','0000-00-00',900,0,
        'a:6:{s:17:"event_repeat_freq";s:1:"0";s:22:"event_repeat_freq_type";s:1:"0";s:19:"event_repeat_on_num";s:1:"1";s:19:"event_repeat_on_day";s:1:"0";s:20:"event_repeat_on_freq";s:1:"0";s:6:"exdate";s:0:"";}',
        0,'10:30:00','10:45:00',0,
        'a:6:{s:14:"event_location";s:0:"";s:13:"event_street1";s:0:"";s:13:"event_street2";s:0:"";s:10:"event_city";s:0:"";s:11:"event_state";s:0:"";s:12:"event_postal";s:0:"";}',
        1,1,'-',0,1,1);
INSERT INTO `form_encounter` (`id`, `date`, `reason`, `facility`, `facility_id`, `pid`, `encounter`,
     `onset_date`, `sensitivity`, `billing_note`, `pc_catid`, `last_level_billed`, `last_level_closed`, `last_stmt_date`, `stmt_count`,
      `provider_id`, `supervisor_id`, `invoice_refno`, `referral_source`, `billing_facility`) VALUES
    ('173','2017-8-28 12:30:00', 'Test Encounter', 'Your Clinic Name Here', '3','31','173', '0000-00-00 00:00:00', 'normal', 'NULL','2', '0', '0','NULL', '0', '1', '0', '', '', '3');
INSERT INTO `forms` (`id`, `date`, `encounter`, `form_name`, `form_id`, `pid`, `user`, `groupname`, `authorized`, `deleted`, `formdir`) VALUES
    ('173','2017-8-28 12:30:00','173', 'Patient Encounter', '173', '31', 'admin', 'Default', '1', '0', 'patient_encounter');
INSERT INTO `libreehr_postcalendar_events` 
        (`pc_catid`,`pc_multiple`,`pc_aid`,`pc_pid`,`pc_title`,`pc_time`,`pc_hometext`,`pc_comments`,`pc_counter`,`pc_topic`,`pc_informant`,`pc_eventDate`,
        `pc_endDate`,`pc_duration`,`pc_recurrtype`,`pc_recurrspec`,`pc_recurrfreq`,`pc_startTime`,`pc_endTime`,`pc_alldayevent`,`pc_location`,`pc_eventstatus`,
        `pc_sharing`,`pc_apptstatus`,`pc_prefcatid`,`pc_facility`,`pc_billing_location`)VALUES
        ( 1,172,'1','31','Office Visit','2017-8-28 12:30:00','Clinical Appointment',0,0,1,'1',
        '2017-8-28 12:30:00','0000-00-00',900,0,
        'a:6:{s:17:"event_repeat_freq";s:1:"0";s:22:"event_repeat_freq_type";s:1:"0";s:19:"event_repeat_on_num";s:1:"1";s:19:"event_repeat_on_day";s:1:"0";s:20:"event_repeat_on_freq";s:1:"0";s:6:"exdate";s:0:"";}',
        0,'12:30:00','12:45:00',0,
        'a:6:{s:14:"event_location";s:0:"";s:13:"event_street1";s:0:"";s:13:"event_street2";s:0:"";s:10:"event_city";s:0:"";s:11:"event_state";s:0:"";s:12:"event_postal";s:0:"";}',
        1,1,'-',0,1,1);
INSERT INTO `form_encounter` (`id`, `date`, `reason`, `facility`, `facility_id`, `pid`, `encounter`,
     `onset_date`, `sensitivity`, `billing_note`, `pc_catid`, `last_level_billed`, `last_level_closed`, `last_stmt_date`, `stmt_count`,
      `provider_id`, `supervisor_id`, `invoice_refno`, `referral_source`, `billing_facility`) VALUES
    ('174','2017-9-27 10:15:00', 'Test Encounter', 'Your Clinic Name Here', '3','31','174', '0000-00-00 00:00:00', 'normal', 'NULL','3', '0', '0','NULL', '0', '1', '0', '', '', '3');
INSERT INTO `forms` (`id`, `date`, `encounter`, `form_name`, `form_id`, `pid`, `user`, `groupname`, `authorized`, `deleted`, `formdir`) VALUES
    ('174','2017-9-27 10:15:00','174', 'Patient Encounter', '174', '31', 'admin', 'Default', '1', '0', 'patient_encounter');
INSERT INTO `libreehr_postcalendar_events` 
        (`pc_catid`,`pc_multiple`,`pc_aid`,`pc_pid`,`pc_title`,`pc_time`,`pc_hometext`,`pc_comments`,`pc_counter`,`pc_topic`,`pc_informant`,`pc_eventDate`,
        `pc_endDate`,`pc_duration`,`pc_recurrtype`,`pc_recurrspec`,`pc_recurrfreq`,`pc_startTime`,`pc_endTime`,`pc_alldayevent`,`pc_location`,`pc_eventstatus`,
        `pc_sharing`,`pc_apptstatus`,`pc_prefcatid`,`pc_facility`,`pc_billing_location`)VALUES
        ( 1,173,'1','31','Office Visit','2017-9-27 10:15:00','Clinical Appointment',0,0,1,'1',
        '2017-9-27 10:15:00','0000-00-00',900,0,
        'a:6:{s:17:"event_repeat_freq";s:1:"0";s:22:"event_repeat_freq_type";s:1:"0";s:19:"event_repeat_on_num";s:1:"1";s:19:"event_repeat_on_day";s:1:"0";s:20:"event_repeat_on_freq";s:1:"0";s:6:"exdate";s:0:"";}',
        0,'10:15:00','10:30:00',0,
        'a:6:{s:14:"event_location";s:0:"";s:13:"event_street1";s:0:"";s:13:"event_street2";s:0:"";s:10:"event_city";s:0:"";s:11:"event_state";s:0:"";s:12:"event_postal";s:0:"";}',
        1,1,'-',0,1,1);
INSERT INTO `patient_data` (`title`, `language`, `financial`, `fname`, `lname`, `mname`, `DOB`,`street`, `postal_code`, `city`, `state`,  `drivers_license`, `ss`,`occupation`, `phone_home`, `phone_biz`, `phone_contact`, `phone_cell`,`status`, `contact_relationship`, `date`, `sex`, `referrer`, `referrerID`,`providerID`, `email`, `ethnoracial`, `interpretter`, `migrantseasonal`,`family_size`, `monthly_income`, `homeless`, `financial_review`, `pubpid`,`pid`, `genericname1`, `genericval1`, `genericname2`, `genericval2`) VALUES
 ('Mrs.','English','','ELLEN','GARCIA','M.','1935-11-26','2534 FlowerBLVD','65019','Marion','KY','405610018','54884105',' ','(964) 948-8611','(964) 948-8611','(964) 948-8611','(964) 948-8611','single','Friend','2003-11-17 12:06:00','Female','BRADLEY LYNCH','1','1','ELLEN@LibreEHR.org','Vietnamese',' ',' ','6','5563',' ','000-00-00 00:00:00','32','32',' ',' ',' ',' ');
INSERT INTO `insurance_data` (`id`, `type`, `provider`, `plan_name`, `policy_number`,`group_number`, `subscriber_lname`, `subscriber_mname`, `subscriber_fname`, `subscriber_relationship`, `subscriber_ss`,`subscriber_DOB`, `subscriber_street`, `subscriber_postal_code`, `subscriber_city`, `subscriber_state`, `subscriber_country`,`subscriber_phone`, `subscriber_employer`, `subscriber_employer_street`, `subscriber_employer_postal_code`,`subscriber_employer_state`, `subscriber_employer_country`, `subscriber_employer_city`, `copay`, `date`, `pid`,`subscriber_sex`, `accept_assignment`) VALUES('91','primary','8487','Yellow Colors Company','100371202','475281403','GARCIA','M.','ELLEN','self','54884105','1935-11-26','2534 FlowerBLVD','65019','Marion','KY','Openemria','(964) 948-8611','OEMR.org','','','KY','Openemria','Marion','','2011-10-10','32','Female','FALSE');
INSERT INTO `insurance_data` (`id`, `type`, `provider`, `plan_name`, `policy_number`,`group_number`, `subscriber_lname`, `subscriber_mname`, `subscriber_fname`, `subscriber_relationship`, `subscriber_ss`,`subscriber_DOB`, `subscriber_street`, `subscriber_postal_code`, `subscriber_city`, `subscriber_state`, `subscriber_country`,`subscriber_phone`, `subscriber_employer`, `subscriber_employer_street`, `subscriber_employer_postal_code`,`subscriber_employer_state`, `subscriber_employer_country`, `subscriber_employer_city`, `copay`, `date`, `pid`,`subscriber_sex`, `accept_assignment`) VALUES('92','secondary','7687','Green Assurance INC.','525192801','755675395','GARCIA','M.','ELLEN','self','54884105','1935-11-26','2534 FlowerBLVD','65019','Marion','KY','Openemria','(964) 948-8611','OEMR.org','','','KY','Openemria','Marion','','2011-10-10','32','Female','FALSE');
INSERT INTO `insurance_data` (`id`, `type`, `provider`, `plan_name`, `policy_number`,`group_number`, `subscriber_lname`, `subscriber_mname`, `subscriber_fname`, `subscriber_relationship`, `subscriber_ss`,`subscriber_DOB`, `subscriber_street`, `subscriber_postal_code`, `subscriber_city`, `subscriber_state`, `subscriber_country`,`subscriber_phone`, `subscriber_employer`, `subscriber_employer_street`, `subscriber_employer_postal_code`,`subscriber_employer_state`, `subscriber_employer_country`, `subscriber_employer_city`, `copay`, `date`, `pid`,`subscriber_sex`, `accept_assignment`) VALUES('93','tertiary','6887','Impersonal Insurance HMO','472633684','145085043','GARCIA','M.','ELLEN','self','54884105','1935-11-26','2534 FlowerBLVD','65019','Marion','KY','Openemria','(964) 948-8611','OEMR.org','','','KY','Openemria','Marion','','2011-10-10','32','Female','FALSE');
INSERT INTO `form_encounter` (`id`, `date`, `reason`, `facility`, `facility_id`, `pid`, `encounter`,
     `onset_date`, `sensitivity`, `billing_note`, `pc_catid`, `last_level_billed`, `last_level_closed`, `last_stmt_date`, `stmt_count`,
      `provider_id`, `supervisor_id`, `invoice_refno`, `referral_source`, `billing_facility`) VALUES
    ('175','2016-12-31 14:30:00', 'Test Encounter', 'Your Clinic Name Here', '3','32','175', '0000-00-00 00:00:00', 'normal', 'NULL','8', '0', '0','NULL', '0', '1', '0', '', '', '3');
INSERT INTO `forms` (`id`, `date`, `encounter`, `form_name`, `form_id`, `pid`, `user`, `groupname`, `authorized`, `deleted`, `formdir`) VALUES
    ('175','2016-12-31 14:30:00','175', 'Patient Encounter', '175', '32', 'admin', 'Default', '1', '0', 'patient_encounter');
INSERT INTO `libreehr_postcalendar_events` 
        (`pc_catid`,`pc_multiple`,`pc_aid`,`pc_pid`,`pc_title`,`pc_time`,`pc_hometext`,`pc_comments`,`pc_counter`,`pc_topic`,`pc_informant`,`pc_eventDate`,
        `pc_endDate`,`pc_duration`,`pc_recurrtype`,`pc_recurrspec`,`pc_recurrfreq`,`pc_startTime`,`pc_endTime`,`pc_alldayevent`,`pc_location`,`pc_eventstatus`,
        `pc_sharing`,`pc_apptstatus`,`pc_prefcatid`,`pc_facility`,`pc_billing_location`)VALUES
        ( 1,174,'1','32','Office Visit','2016-12-31 14:30:00','Clinical Appointment',0,0,1,'1',
        '2016-12-31 14:30:00','0000-00-00',900,0,
        'a:6:{s:17:"event_repeat_freq";s:1:"0";s:22:"event_repeat_freq_type";s:1:"0";s:19:"event_repeat_on_num";s:1:"1";s:19:"event_repeat_on_day";s:1:"0";s:20:"event_repeat_on_freq";s:1:"0";s:6:"exdate";s:0:"";}',
        0,'14:30:00','14:45:00',0,
        'a:6:{s:14:"event_location";s:0:"";s:13:"event_street1";s:0:"";s:13:"event_street2";s:0:"";s:10:"event_city";s:0:"";s:11:"event_state";s:0:"";s:12:"event_postal";s:0:"";}',
        1,1,'-',0,1,1);
INSERT INTO `form_encounter` (`id`, `date`, `reason`, `facility`, `facility_id`, `pid`, `encounter`,
     `onset_date`, `sensitivity`, `billing_note`, `pc_catid`, `last_level_billed`, `last_level_closed`, `last_stmt_date`, `stmt_count`,
      `provider_id`, `supervisor_id`, `invoice_refno`, `referral_source`, `billing_facility`) VALUES
    ('176','2017-1-30 12:00:00', 'Test Encounter', 'Your Clinic Name Here', '3','32','176', '0000-00-00 00:00:00', 'normal', 'NULL','4', '0', '0','NULL', '0', '1', '0', '', '', '3');
INSERT INTO `forms` (`id`, `date`, `encounter`, `form_name`, `form_id`, `pid`, `user`, `groupname`, `authorized`, `deleted`, `formdir`) VALUES
    ('176','2017-1-30 12:00:00','176', 'Patient Encounter', '176', '32', 'admin', 'Default', '1', '0', 'patient_encounter');
INSERT INTO `libreehr_postcalendar_events` 
        (`pc_catid`,`pc_multiple`,`pc_aid`,`pc_pid`,`pc_title`,`pc_time`,`pc_hometext`,`pc_comments`,`pc_counter`,`pc_topic`,`pc_informant`,`pc_eventDate`,
        `pc_endDate`,`pc_duration`,`pc_recurrtype`,`pc_recurrspec`,`pc_recurrfreq`,`pc_startTime`,`pc_endTime`,`pc_alldayevent`,`pc_location`,`pc_eventstatus`,
        `pc_sharing`,`pc_apptstatus`,`pc_prefcatid`,`pc_facility`,`pc_billing_location`)VALUES
        ( 1,175,'1','32','Office Visit','2017-1-30 12:00:00','Clinical Appointment',0,0,1,'1',
        '2017-1-30 12:00:00','0000-00-00',900,0,
        'a:6:{s:17:"event_repeat_freq";s:1:"0";s:22:"event_repeat_freq_type";s:1:"0";s:19:"event_repeat_on_num";s:1:"1";s:19:"event_repeat_on_day";s:1:"0";s:20:"event_repeat_on_freq";s:1:"0";s:6:"exdate";s:0:"";}',
        0,'12:00:00','12:15:00',0,
        'a:6:{s:14:"event_location";s:0:"";s:13:"event_street1";s:0:"";s:13:"event_street2";s:0:"";s:10:"event_city";s:0:"";s:11:"event_state";s:0:"";s:12:"event_postal";s:0:"";}',
        1,1,'-',0,1,1);
INSERT INTO `form_encounter` (`id`, `date`, `reason`, `facility`, `facility_id`, `pid`, `encounter`,
     `onset_date`, `sensitivity`, `billing_note`, `pc_catid`, `last_level_billed`, `last_level_closed`, `last_stmt_date`, `stmt_count`,
      `provider_id`, `supervisor_id`, `invoice_refno`, `referral_source`, `billing_facility`) VALUES
    ('177','2017-3-1 13:30:00', 'Test Encounter', 'Your Clinic Name Here', '3','32','177', '0000-00-00 00:00:00', 'normal', 'NULL','7', '0', '0','NULL', '0', '1', '0', '', '', '3');
INSERT INTO `forms` (`id`, `date`, `encounter`, `form_name`, `form_id`, `pid`, `user`, `groupname`, `authorized`, `deleted`, `formdir`) VALUES
    ('177','2017-3-1 13:30:00','177', 'Patient Encounter', '177', '32', 'admin', 'Default', '1', '0', 'patient_encounter');
INSERT INTO `libreehr_postcalendar_events` 
        (`pc_catid`,`pc_multiple`,`pc_aid`,`pc_pid`,`pc_title`,`pc_time`,`pc_hometext`,`pc_comments`,`pc_counter`,`pc_topic`,`pc_informant`,`pc_eventDate`,
        `pc_endDate`,`pc_duration`,`pc_recurrtype`,`pc_recurrspec`,`pc_recurrfreq`,`pc_startTime`,`pc_endTime`,`pc_alldayevent`,`pc_location`,`pc_eventstatus`,
        `pc_sharing`,`pc_apptstatus`,`pc_prefcatid`,`pc_facility`,`pc_billing_location`)VALUES
        ( 1,176,'1','32','Office Visit','2017-3-1 13:30:00','Clinical Appointment',0,0,1,'1',
        '2017-3-1 13:30:00','0000-00-00',900,0,
        'a:6:{s:17:"event_repeat_freq";s:1:"0";s:22:"event_repeat_freq_type";s:1:"0";s:19:"event_repeat_on_num";s:1:"1";s:19:"event_repeat_on_day";s:1:"0";s:20:"event_repeat_on_freq";s:1:"0";s:6:"exdate";s:0:"";}',
        0,'13:30:00','13:45:00',0,
        'a:6:{s:14:"event_location";s:0:"";s:13:"event_street1";s:0:"";s:13:"event_street2";s:0:"";s:10:"event_city";s:0:"";s:11:"event_state";s:0:"";s:12:"event_postal";s:0:"";}',
        1,1,'-',0,1,1);
INSERT INTO `form_encounter` (`id`, `date`, `reason`, `facility`, `facility_id`, `pid`, `encounter`,
     `onset_date`, `sensitivity`, `billing_note`, `pc_catid`, `last_level_billed`, `last_level_closed`, `last_stmt_date`, `stmt_count`,
      `provider_id`, `supervisor_id`, `invoice_refno`, `referral_source`, `billing_facility`) VALUES
    ('178','2017-3-31 14:30:00', 'Test Encounter', 'Your Clinic Name Here', '3','32','178', '0000-00-00 00:00:00', 'normal', 'NULL','9', '0', '0','NULL', '0', '1', '0', '', '', '3');
INSERT INTO `forms` (`id`, `date`, `encounter`, `form_name`, `form_id`, `pid`, `user`, `groupname`, `authorized`, `deleted`, `formdir`) VALUES
    ('178','2017-3-31 14:30:00','178', 'Patient Encounter', '178', '32', 'admin', 'Default', '1', '0', 'patient_encounter');
INSERT INTO `libreehr_postcalendar_events` 
        (`pc_catid`,`pc_multiple`,`pc_aid`,`pc_pid`,`pc_title`,`pc_time`,`pc_hometext`,`pc_comments`,`pc_counter`,`pc_topic`,`pc_informant`,`pc_eventDate`,
        `pc_endDate`,`pc_duration`,`pc_recurrtype`,`pc_recurrspec`,`pc_recurrfreq`,`pc_startTime`,`pc_endTime`,`pc_alldayevent`,`pc_location`,`pc_eventstatus`,
        `pc_sharing`,`pc_apptstatus`,`pc_prefcatid`,`pc_facility`,`pc_billing_location`)VALUES
        ( 1,177,'1','32','Office Visit','2017-3-31 14:30:00','Clinical Appointment',0,0,1,'1',
        '2017-3-31 14:30:00','0000-00-00',900,0,
        'a:6:{s:17:"event_repeat_freq";s:1:"0";s:22:"event_repeat_freq_type";s:1:"0";s:19:"event_repeat_on_num";s:1:"1";s:19:"event_repeat_on_day";s:1:"0";s:20:"event_repeat_on_freq";s:1:"0";s:6:"exdate";s:0:"";}',
        0,'14:30:00','14:45:00',0,
        'a:6:{s:14:"event_location";s:0:"";s:13:"event_street1";s:0:"";s:13:"event_street2";s:0:"";s:10:"event_city";s:0:"";s:11:"event_state";s:0:"";s:12:"event_postal";s:0:"";}',
        1,1,'-',0,1,1);
INSERT INTO `form_encounter` (`id`, `date`, `reason`, `facility`, `facility_id`, `pid`, `encounter`,
     `onset_date`, `sensitivity`, `billing_note`, `pc_catid`, `last_level_billed`, `last_level_closed`, `last_stmt_date`, `stmt_count`,
      `provider_id`, `supervisor_id`, `invoice_refno`, `referral_source`, `billing_facility`) VALUES
    ('179','2017-4-30 10:15:00', 'Test Encounter', 'Your Clinic Name Here', '3','32','179', '0000-00-00 00:00:00', 'normal', 'NULL','6', '0', '0','NULL', '0', '1', '0', '', '', '3');
INSERT INTO `forms` (`id`, `date`, `encounter`, `form_name`, `form_id`, `pid`, `user`, `groupname`, `authorized`, `deleted`, `formdir`) VALUES
    ('179','2017-4-30 10:15:00','179', 'Patient Encounter', '179', '32', 'admin', 'Default', '1', '0', 'patient_encounter');
INSERT INTO `libreehr_postcalendar_events` 
        (`pc_catid`,`pc_multiple`,`pc_aid`,`pc_pid`,`pc_title`,`pc_time`,`pc_hometext`,`pc_comments`,`pc_counter`,`pc_topic`,`pc_informant`,`pc_eventDate`,
        `pc_endDate`,`pc_duration`,`pc_recurrtype`,`pc_recurrspec`,`pc_recurrfreq`,`pc_startTime`,`pc_endTime`,`pc_alldayevent`,`pc_location`,`pc_eventstatus`,
        `pc_sharing`,`pc_apptstatus`,`pc_prefcatid`,`pc_facility`,`pc_billing_location`)VALUES
        ( 1,178,'1','32','Office Visit','2017-4-30 10:15:00','Clinical Appointment',0,0,1,'1',
        '2017-4-30 10:15:00','0000-00-00',900,0,
        'a:6:{s:17:"event_repeat_freq";s:1:"0";s:22:"event_repeat_freq_type";s:1:"0";s:19:"event_repeat_on_num";s:1:"1";s:19:"event_repeat_on_day";s:1:"0";s:20:"event_repeat_on_freq";s:1:"0";s:6:"exdate";s:0:"";}',
        0,'10:15:00','10:30:00',0,
        'a:6:{s:14:"event_location";s:0:"";s:13:"event_street1";s:0:"";s:13:"event_street2";s:0:"";s:10:"event_city";s:0:"";s:11:"event_state";s:0:"";s:12:"event_postal";s:0:"";}',
        1,1,'-',0,1,1);
INSERT INTO `form_encounter` (`id`, `date`, `reason`, `facility`, `facility_id`, `pid`, `encounter`,
     `onset_date`, `sensitivity`, `billing_note`, `pc_catid`, `last_level_billed`, `last_level_closed`, `last_stmt_date`, `stmt_count`,
      `provider_id`, `supervisor_id`, `invoice_refno`, `referral_source`, `billing_facility`) VALUES
    ('180','2017-5-30 16:30:00', 'Test Encounter', 'Your Clinic Name Here', '3','32','180', '0000-00-00 00:00:00', 'normal', 'NULL','7', '0', '0','NULL', '0', '1', '0', '', '', '3');
INSERT INTO `forms` (`id`, `date`, `encounter`, `form_name`, `form_id`, `pid`, `user`, `groupname`, `authorized`, `deleted`, `formdir`) VALUES
    ('180','2017-5-30 16:30:00','180', 'Patient Encounter', '180', '32', 'admin', 'Default', '1', '0', 'patient_encounter');
INSERT INTO `libreehr_postcalendar_events` 
        (`pc_catid`,`pc_multiple`,`pc_aid`,`pc_pid`,`pc_title`,`pc_time`,`pc_hometext`,`pc_comments`,`pc_counter`,`pc_topic`,`pc_informant`,`pc_eventDate`,
        `pc_endDate`,`pc_duration`,`pc_recurrtype`,`pc_recurrspec`,`pc_recurrfreq`,`pc_startTime`,`pc_endTime`,`pc_alldayevent`,`pc_location`,`pc_eventstatus`,
        `pc_sharing`,`pc_apptstatus`,`pc_prefcatid`,`pc_facility`,`pc_billing_location`)VALUES
        ( 1,179,'1','32','Office Visit','2017-5-30 16:30:00','Clinical Appointment',0,0,1,'1',
        '2017-5-30 16:30:00','0000-00-00',900,0,
        'a:6:{s:17:"event_repeat_freq";s:1:"0";s:22:"event_repeat_freq_type";s:1:"0";s:19:"event_repeat_on_num";s:1:"1";s:19:"event_repeat_on_day";s:1:"0";s:20:"event_repeat_on_freq";s:1:"0";s:6:"exdate";s:0:"";}',
        0,'16:30:00','16:45:00',0,
        'a:6:{s:14:"event_location";s:0:"";s:13:"event_street1";s:0:"";s:13:"event_street2";s:0:"";s:10:"event_city";s:0:"";s:11:"event_state";s:0:"";s:12:"event_postal";s:0:"";}',
        1,1,'-',0,1,1);
INSERT INTO `form_encounter` (`id`, `date`, `reason`, `facility`, `facility_id`, `pid`, `encounter`,
     `onset_date`, `sensitivity`, `billing_note`, `pc_catid`, `last_level_billed`, `last_level_closed`, `last_stmt_date`, `stmt_count`,
      `provider_id`, `supervisor_id`, `invoice_refno`, `referral_source`, `billing_facility`) VALUES
    ('181','2017-6-29 13:00:00', 'Test Encounter', 'Your Clinic Name Here', '3','32','181', '0000-00-00 00:00:00', 'normal', 'NULL','9', '0', '0','NULL', '0', '1', '0', '', '', '3');
INSERT INTO `forms` (`id`, `date`, `encounter`, `form_name`, `form_id`, `pid`, `user`, `groupname`, `authorized`, `deleted`, `formdir`) VALUES
    ('181','2017-6-29 13:00:00','181', 'Patient Encounter', '181', '32', 'admin', 'Default', '1', '0', 'patient_encounter');
INSERT INTO `libreehr_postcalendar_events` 
        (`pc_catid`,`pc_multiple`,`pc_aid`,`pc_pid`,`pc_title`,`pc_time`,`pc_hometext`,`pc_comments`,`pc_counter`,`pc_topic`,`pc_informant`,`pc_eventDate`,
        `pc_endDate`,`pc_duration`,`pc_recurrtype`,`pc_recurrspec`,`pc_recurrfreq`,`pc_startTime`,`pc_endTime`,`pc_alldayevent`,`pc_location`,`pc_eventstatus`,
        `pc_sharing`,`pc_apptstatus`,`pc_prefcatid`,`pc_facility`,`pc_billing_location`)VALUES
        ( 1,180,'1','32','Office Visit','2017-6-29 13:00:00','Clinical Appointment',0,0,1,'1',
        '2017-6-29 13:00:00','0000-00-00',900,0,
        'a:6:{s:17:"event_repeat_freq";s:1:"0";s:22:"event_repeat_freq_type";s:1:"0";s:19:"event_repeat_on_num";s:1:"1";s:19:"event_repeat_on_day";s:1:"0";s:20:"event_repeat_on_freq";s:1:"0";s:6:"exdate";s:0:"";}',
        0,'13:00:00','13:15:00',0,
        'a:6:{s:14:"event_location";s:0:"";s:13:"event_street1";s:0:"";s:13:"event_street2";s:0:"";s:10:"event_city";s:0:"";s:11:"event_state";s:0:"";s:12:"event_postal";s:0:"";}',
        1,1,'-',0,1,1);
INSERT INTO `form_encounter` (`id`, `date`, `reason`, `facility`, `facility_id`, `pid`, `encounter`,
     `onset_date`, `sensitivity`, `billing_note`, `pc_catid`, `last_level_billed`, `last_level_closed`, `last_stmt_date`, `stmt_count`,
      `provider_id`, `supervisor_id`, `invoice_refno`, `referral_source`, `billing_facility`) VALUES
    ('182','2017-7-29 11:15:00', 'Test Encounter', 'Your Clinic Name Here', '3','32','182', '0000-00-00 00:00:00', 'normal', 'NULL','9', '0', '0','NULL', '0', '1', '0', '', '', '3');
INSERT INTO `forms` (`id`, `date`, `encounter`, `form_name`, `form_id`, `pid`, `user`, `groupname`, `authorized`, `deleted`, `formdir`) VALUES
    ('182','2017-7-29 11:15:00','182', 'Patient Encounter', '182', '32', 'admin', 'Default', '1', '0', 'patient_encounter');
INSERT INTO `libreehr_postcalendar_events` 
        (`pc_catid`,`pc_multiple`,`pc_aid`,`pc_pid`,`pc_title`,`pc_time`,`pc_hometext`,`pc_comments`,`pc_counter`,`pc_topic`,`pc_informant`,`pc_eventDate`,
        `pc_endDate`,`pc_duration`,`pc_recurrtype`,`pc_recurrspec`,`pc_recurrfreq`,`pc_startTime`,`pc_endTime`,`pc_alldayevent`,`pc_location`,`pc_eventstatus`,
        `pc_sharing`,`pc_apptstatus`,`pc_prefcatid`,`pc_facility`,`pc_billing_location`)VALUES
        ( 1,181,'1','32','Office Visit','2017-7-29 11:15:00','Clinical Appointment',0,0,1,'1',
        '2017-7-29 11:15:00','0000-00-00',900,0,
        'a:6:{s:17:"event_repeat_freq";s:1:"0";s:22:"event_repeat_freq_type";s:1:"0";s:19:"event_repeat_on_num";s:1:"1";s:19:"event_repeat_on_day";s:1:"0";s:20:"event_repeat_on_freq";s:1:"0";s:6:"exdate";s:0:"";}',
        0,'11:15:00','11:30:00',0,
        'a:6:{s:14:"event_location";s:0:"";s:13:"event_street1";s:0:"";s:13:"event_street2";s:0:"";s:10:"event_city";s:0:"";s:11:"event_state";s:0:"";s:12:"event_postal";s:0:"";}',
        1,1,'-',0,1,1);
INSERT INTO `form_encounter` (`id`, `date`, `reason`, `facility`, `facility_id`, `pid`, `encounter`,
     `onset_date`, `sensitivity`, `billing_note`, `pc_catid`, `last_level_billed`, `last_level_closed`, `last_stmt_date`, `stmt_count`,
      `provider_id`, `supervisor_id`, `invoice_refno`, `referral_source`, `billing_facility`) VALUES
    ('183','2017-8-28 15:30:00', 'Test Encounter', 'Your Clinic Name Here', '3','32','183', '0000-00-00 00:00:00', 'normal', 'NULL','8', '0', '0','NULL', '0', '1', '0', '', '', '3');
INSERT INTO `forms` (`id`, `date`, `encounter`, `form_name`, `form_id`, `pid`, `user`, `groupname`, `authorized`, `deleted`, `formdir`) VALUES
    ('183','2017-8-28 15:30:00','183', 'Patient Encounter', '183', '32', 'admin', 'Default', '1', '0', 'patient_encounter');
INSERT INTO `libreehr_postcalendar_events` 
        (`pc_catid`,`pc_multiple`,`pc_aid`,`pc_pid`,`pc_title`,`pc_time`,`pc_hometext`,`pc_comments`,`pc_counter`,`pc_topic`,`pc_informant`,`pc_eventDate`,
        `pc_endDate`,`pc_duration`,`pc_recurrtype`,`pc_recurrspec`,`pc_recurrfreq`,`pc_startTime`,`pc_endTime`,`pc_alldayevent`,`pc_location`,`pc_eventstatus`,
        `pc_sharing`,`pc_apptstatus`,`pc_prefcatid`,`pc_facility`,`pc_billing_location`)VALUES
        ( 1,182,'1','32','Office Visit','2017-8-28 15:30:00','Clinical Appointment',0,0,1,'1',
        '2017-8-28 15:30:00','0000-00-00',900,0,
        'a:6:{s:17:"event_repeat_freq";s:1:"0";s:22:"event_repeat_freq_type";s:1:"0";s:19:"event_repeat_on_num";s:1:"1";s:19:"event_repeat_on_day";s:1:"0";s:20:"event_repeat_on_freq";s:1:"0";s:6:"exdate";s:0:"";}',
        0,'15:30:00','15:45:00',0,
        'a:6:{s:14:"event_location";s:0:"";s:13:"event_street1";s:0:"";s:13:"event_street2";s:0:"";s:10:"event_city";s:0:"";s:11:"event_state";s:0:"";s:12:"event_postal";s:0:"";}',
        1,1,'-',0,1,1);
INSERT INTO `form_encounter` (`id`, `date`, `reason`, `facility`, `facility_id`, `pid`, `encounter`,
     `onset_date`, `sensitivity`, `billing_note`, `pc_catid`, `last_level_billed`, `last_level_closed`, `last_stmt_date`, `stmt_count`,
      `provider_id`, `supervisor_id`, `invoice_refno`, `referral_source`, `billing_facility`) VALUES
    ('184','2017-9-27 12:15:00', 'Test Encounter', 'Your Clinic Name Here', '3','32','184', '0000-00-00 00:00:00', 'normal', 'NULL','4', '0', '0','NULL', '0', '1', '0', '', '', '3');
INSERT INTO `forms` (`id`, `date`, `encounter`, `form_name`, `form_id`, `pid`, `user`, `groupname`, `authorized`, `deleted`, `formdir`) VALUES
    ('184','2017-9-27 12:15:00','184', 'Patient Encounter', '184', '32', 'admin', 'Default', '1', '0', 'patient_encounter');
INSERT INTO `libreehr_postcalendar_events` 
        (`pc_catid`,`pc_multiple`,`pc_aid`,`pc_pid`,`pc_title`,`pc_time`,`pc_hometext`,`pc_comments`,`pc_counter`,`pc_topic`,`pc_informant`,`pc_eventDate`,
        `pc_endDate`,`pc_duration`,`pc_recurrtype`,`pc_recurrspec`,`pc_recurrfreq`,`pc_startTime`,`pc_endTime`,`pc_alldayevent`,`pc_location`,`pc_eventstatus`,
        `pc_sharing`,`pc_apptstatus`,`pc_prefcatid`,`pc_facility`,`pc_billing_location`)VALUES
        ( 1,183,'1','32','Office Visit','2017-9-27 12:15:00','Clinical Appointment',0,0,1,'1',
        '2017-9-27 12:15:00','0000-00-00',900,0,
        'a:6:{s:17:"event_repeat_freq";s:1:"0";s:22:"event_repeat_freq_type";s:1:"0";s:19:"event_repeat_on_num";s:1:"1";s:19:"event_repeat_on_day";s:1:"0";s:20:"event_repeat_on_freq";s:1:"0";s:6:"exdate";s:0:"";}',
        0,'12:15:00','12:30:00',0,
        'a:6:{s:14:"event_location";s:0:"";s:13:"event_street1";s:0:"";s:13:"event_street2";s:0:"";s:10:"event_city";s:0:"";s:11:"event_state";s:0:"";s:12:"event_postal";s:0:"";}',
        1,1,'-',0,1,1);
INSERT INTO `patient_data` (`title`, `language`, `financial`, `fname`, `lname`, `mname`, `DOB`,`street`, `postal_code`, `city`, `state`,  `drivers_license`, `ss`,`occupation`, `phone_home`, `phone_biz`, `phone_contact`, `phone_cell`,`status`, `contact_relationship`, `date`, `sex`, `referrer`, `referrerID`,`providerID`, `email`, `ethnoracial`, `interpretter`, `migrantseasonal`,`family_size`, `monthly_income`, `homeless`, `financial_review`, `pubpid`,`pid`, `genericname1`, `genericval1`, `genericname2`, `genericval2`) VALUES
 ('Mrs.','English','','LORETTA','SIMS','F.','1940-11-1','7032 22ndBLVD','9315','Kingston','DE','242793910','702136839',' ','(381) 306-8712','(381) 306-8712','(381) 306-8712','(381) 306-8712','married','Friend','2003-11-17 12:06:00','Female','JEFFERY DAVIDSON','1','1','LORETTA@LibreEHR.org','Puerto Rican',' ',' ','1','2612',' ','000-00-00 00:00:00','33','33',' ',' ',' ',' ');
INSERT INTO `insurance_data` (`id`, `type`, `provider`, `plan_name`, `policy_number`,`group_number`, `subscriber_lname`, `subscriber_mname`, `subscriber_fname`, `subscriber_relationship`, `subscriber_ss`,`subscriber_DOB`, `subscriber_street`, `subscriber_postal_code`, `subscriber_city`, `subscriber_state`, `subscriber_country`,`subscriber_phone`, `subscriber_employer`, `subscriber_employer_street`, `subscriber_employer_postal_code`,`subscriber_employer_state`, `subscriber_employer_country`, `subscriber_employer_city`, `copay`, `date`, `pid`,`subscriber_sex`, `accept_assignment`) VALUES('94','primary','6843','Pink Provider Very LTD.','111776535','495518173','SIMS','F.','LORETTA','self','702136839','1940-11-1','7032 22ndBLVD','9315','Kingston','DE','Openemria','(381) 306-8712','OEMR.org','','','DE','Openemria','Kingston','','2011-10-10','33','Female','FALSE');
INSERT INTO `insurance_data` (`id`, `type`, `provider`, `plan_name`, `policy_number`,`group_number`, `subscriber_lname`, `subscriber_mname`, `subscriber_fname`, `subscriber_relationship`, `subscriber_ss`,`subscriber_DOB`, `subscriber_street`, `subscriber_postal_code`, `subscriber_city`, `subscriber_state`, `subscriber_country`,`subscriber_phone`, `subscriber_employer`, `subscriber_employer_street`, `subscriber_employer_postal_code`,`subscriber_employer_state`, `subscriber_employer_country`, `subscriber_employer_city`, `copay`, `date`, `pid`,`subscriber_sex`, `accept_assignment`) VALUES('95','secondary','8435','Backstreet Helpful Company','630093924','873827059','SIMS','F.','LORETTA','self','702136839','1940-11-1','7032 22ndBLVD','9315','Kingston','DE','Openemria','(381) 306-8712','OEMR.org','','','DE','Openemria','Kingston','','2011-10-10','33','Female','TRUE');
INSERT INTO `insurance_data` (`id`, `type`, `provider`, `plan_name`, `policy_number`,`group_number`, `subscriber_lname`, `subscriber_mname`, `subscriber_fname`, `subscriber_relationship`, `subscriber_ss`,`subscriber_DOB`, `subscriber_street`, `subscriber_postal_code`, `subscriber_city`, `subscriber_state`, `subscriber_country`,`subscriber_phone`, `subscriber_employer`, `subscriber_employer_street`, `subscriber_employer_postal_code`,`subscriber_employer_state`, `subscriber_employer_country`, `subscriber_employer_city`, `copay`, `date`, `pid`,`subscriber_sex`, `accept_assignment`) VALUES('96','tertiary','5612','Violet Group HMO','918298067','627014706','SIMS','F.','LORETTA','self','702136839','1940-11-1','7032 22ndBLVD','9315','Kingston','DE','Openemria','(381) 306-8712','OEMR.org','','','DE','Openemria','Kingston','','2011-10-10','33','Female','FALSE');
INSERT INTO `form_encounter` (`id`, `date`, `reason`, `facility`, `facility_id`, `pid`, `encounter`,
     `onset_date`, `sensitivity`, `billing_note`, `pc_catid`, `last_level_billed`, `last_level_closed`, `last_stmt_date`, `stmt_count`,
      `provider_id`, `supervisor_id`, `invoice_refno`, `referral_source`, `billing_facility`) VALUES
    ('185','2016-12-31 16:00:00', 'Test Encounter', 'Your Clinic Name Here', '3','33','185', '0000-00-00 00:00:00', 'normal', 'NULL','1', '0', '0','NULL', '0', '1', '0', '', '', '3');
INSERT INTO `forms` (`id`, `date`, `encounter`, `form_name`, `form_id`, `pid`, `user`, `groupname`, `authorized`, `deleted`, `formdir`) VALUES
    ('185','2016-12-31 16:00:00','185', 'Patient Encounter', '185', '33', 'admin', 'Default', '1', '0', 'patient_encounter');
INSERT INTO `libreehr_postcalendar_events` 
        (`pc_catid`,`pc_multiple`,`pc_aid`,`pc_pid`,`pc_title`,`pc_time`,`pc_hometext`,`pc_comments`,`pc_counter`,`pc_topic`,`pc_informant`,`pc_eventDate`,
        `pc_endDate`,`pc_duration`,`pc_recurrtype`,`pc_recurrspec`,`pc_recurrfreq`,`pc_startTime`,`pc_endTime`,`pc_alldayevent`,`pc_location`,`pc_eventstatus`,
        `pc_sharing`,`pc_apptstatus`,`pc_prefcatid`,`pc_facility`,`pc_billing_location`)VALUES
        ( 1,184,'1','33','Office Visit','2016-12-31 16:00:00','Clinical Appointment',0,0,1,'1',
        '2016-12-31 16:00:00','0000-00-00',900,0,
        'a:6:{s:17:"event_repeat_freq";s:1:"0";s:22:"event_repeat_freq_type";s:1:"0";s:19:"event_repeat_on_num";s:1:"1";s:19:"event_repeat_on_day";s:1:"0";s:20:"event_repeat_on_freq";s:1:"0";s:6:"exdate";s:0:"";}',
        0,'16:00:00','16:15:00',0,
        'a:6:{s:14:"event_location";s:0:"";s:13:"event_street1";s:0:"";s:13:"event_street2";s:0:"";s:10:"event_city";s:0:"";s:11:"event_state";s:0:"";s:12:"event_postal";s:0:"";}',
        1,1,'-',0,1,1);
INSERT INTO `form_encounter` (`id`, `date`, `reason`, `facility`, `facility_id`, `pid`, `encounter`,
     `onset_date`, `sensitivity`, `billing_note`, `pc_catid`, `last_level_billed`, `last_level_closed`, `last_stmt_date`, `stmt_count`,
      `provider_id`, `supervisor_id`, `invoice_refno`, `referral_source`, `billing_facility`) VALUES
    ('186','2017-1-30 17:30:00', 'Test Encounter', 'Your Clinic Name Here', '3','33','186', '0000-00-00 00:00:00', 'normal', 'NULL','6', '0', '0','NULL', '0', '1', '0', '', '', '3');
INSERT INTO `forms` (`id`, `date`, `encounter`, `form_name`, `form_id`, `pid`, `user`, `groupname`, `authorized`, `deleted`, `formdir`) VALUES
    ('186','2017-1-30 17:30:00','186', 'Patient Encounter', '186', '33', 'admin', 'Default', '1', '0', 'patient_encounter');
INSERT INTO `libreehr_postcalendar_events` 
        (`pc_catid`,`pc_multiple`,`pc_aid`,`pc_pid`,`pc_title`,`pc_time`,`pc_hometext`,`pc_comments`,`pc_counter`,`pc_topic`,`pc_informant`,`pc_eventDate`,
        `pc_endDate`,`pc_duration`,`pc_recurrtype`,`pc_recurrspec`,`pc_recurrfreq`,`pc_startTime`,`pc_endTime`,`pc_alldayevent`,`pc_location`,`pc_eventstatus`,
        `pc_sharing`,`pc_apptstatus`,`pc_prefcatid`,`pc_facility`,`pc_billing_location`)VALUES
        ( 1,185,'1','33','Office Visit','2017-1-30 17:30:00','Clinical Appointment',0,0,1,'1',
        '2017-1-30 17:30:00','0000-00-00',900,0,
        'a:6:{s:17:"event_repeat_freq";s:1:"0";s:22:"event_repeat_freq_type";s:1:"0";s:19:"event_repeat_on_num";s:1:"1";s:19:"event_repeat_on_day";s:1:"0";s:20:"event_repeat_on_freq";s:1:"0";s:6:"exdate";s:0:"";}',
        0,'17:30:00','17:45:00',0,
        'a:6:{s:14:"event_location";s:0:"";s:13:"event_street1";s:0:"";s:13:"event_street2";s:0:"";s:10:"event_city";s:0:"";s:11:"event_state";s:0:"";s:12:"event_postal";s:0:"";}',
        1,1,'-',0,1,1);
INSERT INTO `form_encounter` (`id`, `date`, `reason`, `facility`, `facility_id`, `pid`, `encounter`,
     `onset_date`, `sensitivity`, `billing_note`, `pc_catid`, `last_level_billed`, `last_level_closed`, `last_stmt_date`, `stmt_count`,
      `provider_id`, `supervisor_id`, `invoice_refno`, `referral_source`, `billing_facility`) VALUES
    ('187','2017-3-1 12:30:00', 'Test Encounter', 'Your Clinic Name Here', '3','33','187', '0000-00-00 00:00:00', 'normal', 'NULL','2', '0', '0','NULL', '0', '1', '0', '', '', '3');
INSERT INTO `forms` (`id`, `date`, `encounter`, `form_name`, `form_id`, `pid`, `user`, `groupname`, `authorized`, `deleted`, `formdir`) VALUES
    ('187','2017-3-1 12:30:00','187', 'Patient Encounter', '187', '33', 'admin', 'Default', '1', '0', 'patient_encounter');
INSERT INTO `libreehr_postcalendar_events` 
        (`pc_catid`,`pc_multiple`,`pc_aid`,`pc_pid`,`pc_title`,`pc_time`,`pc_hometext`,`pc_comments`,`pc_counter`,`pc_topic`,`pc_informant`,`pc_eventDate`,
        `pc_endDate`,`pc_duration`,`pc_recurrtype`,`pc_recurrspec`,`pc_recurrfreq`,`pc_startTime`,`pc_endTime`,`pc_alldayevent`,`pc_location`,`pc_eventstatus`,
        `pc_sharing`,`pc_apptstatus`,`pc_prefcatid`,`pc_facility`,`pc_billing_location`)VALUES
        ( 1,186,'1','33','Office Visit','2017-3-1 12:30:00','Clinical Appointment',0,0,1,'1',
        '2017-3-1 12:30:00','0000-00-00',900,0,
        'a:6:{s:17:"event_repeat_freq";s:1:"0";s:22:"event_repeat_freq_type";s:1:"0";s:19:"event_repeat_on_num";s:1:"1";s:19:"event_repeat_on_day";s:1:"0";s:20:"event_repeat_on_freq";s:1:"0";s:6:"exdate";s:0:"";}',
        0,'12:30:00','12:45:00',0,
        'a:6:{s:14:"event_location";s:0:"";s:13:"event_street1";s:0:"";s:13:"event_street2";s:0:"";s:10:"event_city";s:0:"";s:11:"event_state";s:0:"";s:12:"event_postal";s:0:"";}',
        1,1,'-',0,1,1);
INSERT INTO `form_encounter` (`id`, `date`, `reason`, `facility`, `facility_id`, `pid`, `encounter`,
     `onset_date`, `sensitivity`, `billing_note`, `pc_catid`, `last_level_billed`, `last_level_closed`, `last_stmt_date`, `stmt_count`,
      `provider_id`, `supervisor_id`, `invoice_refno`, `referral_source`, `billing_facility`) VALUES
    ('188','2017-3-31 12:30:00', 'Test Encounter', 'Your Clinic Name Here', '3','33','188', '0000-00-00 00:00:00', 'normal', 'NULL','1', '0', '0','NULL', '0', '1', '0', '', '', '3');
INSERT INTO `forms` (`id`, `date`, `encounter`, `form_name`, `form_id`, `pid`, `user`, `groupname`, `authorized`, `deleted`, `formdir`) VALUES
    ('188','2017-3-31 12:30:00','188', 'Patient Encounter', '188', '33', 'admin', 'Default', '1', '0', 'patient_encounter');
INSERT INTO `libreehr_postcalendar_events` 
        (`pc_catid`,`pc_multiple`,`pc_aid`,`pc_pid`,`pc_title`,`pc_time`,`pc_hometext`,`pc_comments`,`pc_counter`,`pc_topic`,`pc_informant`,`pc_eventDate`,
        `pc_endDate`,`pc_duration`,`pc_recurrtype`,`pc_recurrspec`,`pc_recurrfreq`,`pc_startTime`,`pc_endTime`,`pc_alldayevent`,`pc_location`,`pc_eventstatus`,
        `pc_sharing`,`pc_apptstatus`,`pc_prefcatid`,`pc_facility`,`pc_billing_location`)VALUES
        ( 1,187,'1','33','Office Visit','2017-3-31 12:30:00','Clinical Appointment',0,0,1,'1',
        '2017-3-31 12:30:00','0000-00-00',900,0,
        'a:6:{s:17:"event_repeat_freq";s:1:"0";s:22:"event_repeat_freq_type";s:1:"0";s:19:"event_repeat_on_num";s:1:"1";s:19:"event_repeat_on_day";s:1:"0";s:20:"event_repeat_on_freq";s:1:"0";s:6:"exdate";s:0:"";}',
        0,'12:30:00','12:45:00',0,
        'a:6:{s:14:"event_location";s:0:"";s:13:"event_street1";s:0:"";s:13:"event_street2";s:0:"";s:10:"event_city";s:0:"";s:11:"event_state";s:0:"";s:12:"event_postal";s:0:"";}',
        1,1,'-',0,1,1);
INSERT INTO `form_encounter` (`id`, `date`, `reason`, `facility`, `facility_id`, `pid`, `encounter`,
     `onset_date`, `sensitivity`, `billing_note`, `pc_catid`, `last_level_billed`, `last_level_closed`, `last_stmt_date`, `stmt_count`,
      `provider_id`, `supervisor_id`, `invoice_refno`, `referral_source`, `billing_facility`) VALUES
    ('189','2017-4-30 12:30:00', 'Test Encounter', 'Your Clinic Name Here', '3','33','189', '0000-00-00 00:00:00', 'normal', 'NULL','10', '0', '0','NULL', '0', '1', '0', '', '', '3');
INSERT INTO `forms` (`id`, `date`, `encounter`, `form_name`, `form_id`, `pid`, `user`, `groupname`, `authorized`, `deleted`, `formdir`) VALUES
    ('189','2017-4-30 12:30:00','189', 'Patient Encounter', '189', '33', 'admin', 'Default', '1', '0', 'patient_encounter');
INSERT INTO `libreehr_postcalendar_events` 
        (`pc_catid`,`pc_multiple`,`pc_aid`,`pc_pid`,`pc_title`,`pc_time`,`pc_hometext`,`pc_comments`,`pc_counter`,`pc_topic`,`pc_informant`,`pc_eventDate`,
        `pc_endDate`,`pc_duration`,`pc_recurrtype`,`pc_recurrspec`,`pc_recurrfreq`,`pc_startTime`,`pc_endTime`,`pc_alldayevent`,`pc_location`,`pc_eventstatus`,
        `pc_sharing`,`pc_apptstatus`,`pc_prefcatid`,`pc_facility`,`pc_billing_location`)VALUES
        ( 1,188,'1','33','Office Visit','2017-4-30 12:30:00','Clinical Appointment',0,0,1,'1',
        '2017-4-30 12:30:00','0000-00-00',900,0,
        'a:6:{s:17:"event_repeat_freq";s:1:"0";s:22:"event_repeat_freq_type";s:1:"0";s:19:"event_repeat_on_num";s:1:"1";s:19:"event_repeat_on_day";s:1:"0";s:20:"event_repeat_on_freq";s:1:"0";s:6:"exdate";s:0:"";}',
        0,'12:30:00','12:45:00',0,
        'a:6:{s:14:"event_location";s:0:"";s:13:"event_street1";s:0:"";s:13:"event_street2";s:0:"";s:10:"event_city";s:0:"";s:11:"event_state";s:0:"";s:12:"event_postal";s:0:"";}',
        1,1,'-',0,1,1);
INSERT INTO `form_encounter` (`id`, `date`, `reason`, `facility`, `facility_id`, `pid`, `encounter`,
     `onset_date`, `sensitivity`, `billing_note`, `pc_catid`, `last_level_billed`, `last_level_closed`, `last_stmt_date`, `stmt_count`,
      `provider_id`, `supervisor_id`, `invoice_refno`, `referral_source`, `billing_facility`) VALUES
    ('190','2017-5-30 10:30:00', 'Test Encounter', 'Your Clinic Name Here', '3','33','190', '0000-00-00 00:00:00', 'normal', 'NULL','8', '0', '0','NULL', '0', '1', '0', '', '', '3');
INSERT INTO `forms` (`id`, `date`, `encounter`, `form_name`, `form_id`, `pid`, `user`, `groupname`, `authorized`, `deleted`, `formdir`) VALUES
    ('190','2017-5-30 10:30:00','190', 'Patient Encounter', '190', '33', 'admin', 'Default', '1', '0', 'patient_encounter');
INSERT INTO `libreehr_postcalendar_events` 
        (`pc_catid`,`pc_multiple`,`pc_aid`,`pc_pid`,`pc_title`,`pc_time`,`pc_hometext`,`pc_comments`,`pc_counter`,`pc_topic`,`pc_informant`,`pc_eventDate`,
        `pc_endDate`,`pc_duration`,`pc_recurrtype`,`pc_recurrspec`,`pc_recurrfreq`,`pc_startTime`,`pc_endTime`,`pc_alldayevent`,`pc_location`,`pc_eventstatus`,
        `pc_sharing`,`pc_apptstatus`,`pc_prefcatid`,`pc_facility`,`pc_billing_location`)VALUES
        ( 1,189,'1','33','Office Visit','2017-5-30 10:30:00','Clinical Appointment',0,0,1,'1',
        '2017-5-30 10:30:00','0000-00-00',900,0,
        'a:6:{s:17:"event_repeat_freq";s:1:"0";s:22:"event_repeat_freq_type";s:1:"0";s:19:"event_repeat_on_num";s:1:"1";s:19:"event_repeat_on_day";s:1:"0";s:20:"event_repeat_on_freq";s:1:"0";s:6:"exdate";s:0:"";}',
        0,'10:30:00','10:45:00',0,
        'a:6:{s:14:"event_location";s:0:"";s:13:"event_street1";s:0:"";s:13:"event_street2";s:0:"";s:10:"event_city";s:0:"";s:11:"event_state";s:0:"";s:12:"event_postal";s:0:"";}',
        1,1,'-',0,1,1);
INSERT INTO `form_encounter` (`id`, `date`, `reason`, `facility`, `facility_id`, `pid`, `encounter`,
     `onset_date`, `sensitivity`, `billing_note`, `pc_catid`, `last_level_billed`, `last_level_closed`, `last_stmt_date`, `stmt_count`,
      `provider_id`, `supervisor_id`, `invoice_refno`, `referral_source`, `billing_facility`) VALUES
    ('191','2017-6-29 17:15:00', 'Test Encounter', 'Your Clinic Name Here', '3','33','191', '0000-00-00 00:00:00', 'normal', 'NULL','5', '0', '0','NULL', '0', '1', '0', '', '', '3');
INSERT INTO `forms` (`id`, `date`, `encounter`, `form_name`, `form_id`, `pid`, `user`, `groupname`, `authorized`, `deleted`, `formdir`) VALUES
    ('191','2017-6-29 17:15:00','191', 'Patient Encounter', '191', '33', 'admin', 'Default', '1', '0', 'patient_encounter');
INSERT INTO `libreehr_postcalendar_events` 
        (`pc_catid`,`pc_multiple`,`pc_aid`,`pc_pid`,`pc_title`,`pc_time`,`pc_hometext`,`pc_comments`,`pc_counter`,`pc_topic`,`pc_informant`,`pc_eventDate`,
        `pc_endDate`,`pc_duration`,`pc_recurrtype`,`pc_recurrspec`,`pc_recurrfreq`,`pc_startTime`,`pc_endTime`,`pc_alldayevent`,`pc_location`,`pc_eventstatus`,
        `pc_sharing`,`pc_apptstatus`,`pc_prefcatid`,`pc_facility`,`pc_billing_location`)VALUES
        ( 1,190,'1','33','Office Visit','2017-6-29 17:15:00','Clinical Appointment',0,0,1,'1',
        '2017-6-29 17:15:00','0000-00-00',900,0,
        'a:6:{s:17:"event_repeat_freq";s:1:"0";s:22:"event_repeat_freq_type";s:1:"0";s:19:"event_repeat_on_num";s:1:"1";s:19:"event_repeat_on_day";s:1:"0";s:20:"event_repeat_on_freq";s:1:"0";s:6:"exdate";s:0:"";}',
        0,'17:15:00','17:30:00',0,
        'a:6:{s:14:"event_location";s:0:"";s:13:"event_street1";s:0:"";s:13:"event_street2";s:0:"";s:10:"event_city";s:0:"";s:11:"event_state";s:0:"";s:12:"event_postal";s:0:"";}',
        1,1,'-',0,1,1);
INSERT INTO `form_encounter` (`id`, `date`, `reason`, `facility`, `facility_id`, `pid`, `encounter`,
     `onset_date`, `sensitivity`, `billing_note`, `pc_catid`, `last_level_billed`, `last_level_closed`, `last_stmt_date`, `stmt_count`,
      `provider_id`, `supervisor_id`, `invoice_refno`, `referral_source`, `billing_facility`) VALUES
    ('192','2017-7-29 11:30:00', 'Test Encounter', 'Your Clinic Name Here', '3','33','192', '0000-00-00 00:00:00', 'normal', 'NULL','5', '0', '0','NULL', '0', '1', '0', '', '', '3');
INSERT INTO `forms` (`id`, `date`, `encounter`, `form_name`, `form_id`, `pid`, `user`, `groupname`, `authorized`, `deleted`, `formdir`) VALUES
    ('192','2017-7-29 11:30:00','192', 'Patient Encounter', '192', '33', 'admin', 'Default', '1', '0', 'patient_encounter');
INSERT INTO `libreehr_postcalendar_events` 
        (`pc_catid`,`pc_multiple`,`pc_aid`,`pc_pid`,`pc_title`,`pc_time`,`pc_hometext`,`pc_comments`,`pc_counter`,`pc_topic`,`pc_informant`,`pc_eventDate`,
        `pc_endDate`,`pc_duration`,`pc_recurrtype`,`pc_recurrspec`,`pc_recurrfreq`,`pc_startTime`,`pc_endTime`,`pc_alldayevent`,`pc_location`,`pc_eventstatus`,
        `pc_sharing`,`pc_apptstatus`,`pc_prefcatid`,`pc_facility`,`pc_billing_location`)VALUES
        ( 1,191,'1','33','Office Visit','2017-7-29 11:30:00','Clinical Appointment',0,0,1,'1',
        '2017-7-29 11:30:00','0000-00-00',900,0,
        'a:6:{s:17:"event_repeat_freq";s:1:"0";s:22:"event_repeat_freq_type";s:1:"0";s:19:"event_repeat_on_num";s:1:"1";s:19:"event_repeat_on_day";s:1:"0";s:20:"event_repeat_on_freq";s:1:"0";s:6:"exdate";s:0:"";}',
        0,'11:30:00','11:45:00',0,
        'a:6:{s:14:"event_location";s:0:"";s:13:"event_street1";s:0:"";s:13:"event_street2";s:0:"";s:10:"event_city";s:0:"";s:11:"event_state";s:0:"";s:12:"event_postal";s:0:"";}',
        1,1,'-',0,1,1);
INSERT INTO `form_encounter` (`id`, `date`, `reason`, `facility`, `facility_id`, `pid`, `encounter`,
     `onset_date`, `sensitivity`, `billing_note`, `pc_catid`, `last_level_billed`, `last_level_closed`, `last_stmt_date`, `stmt_count`,
      `provider_id`, `supervisor_id`, `invoice_refno`, `referral_source`, `billing_facility`) VALUES
    ('193','2017-8-28 12:00:00', 'Test Encounter', 'Your Clinic Name Here', '3','33','193', '0000-00-00 00:00:00', 'normal', 'NULL','1', '0', '0','NULL', '0', '1', '0', '', '', '3');
INSERT INTO `forms` (`id`, `date`, `encounter`, `form_name`, `form_id`, `pid`, `user`, `groupname`, `authorized`, `deleted`, `formdir`) VALUES
    ('193','2017-8-28 12:00:00','193', 'Patient Encounter', '193', '33', 'admin', 'Default', '1', '0', 'patient_encounter');
INSERT INTO `libreehr_postcalendar_events` 
        (`pc_catid`,`pc_multiple`,`pc_aid`,`pc_pid`,`pc_title`,`pc_time`,`pc_hometext`,`pc_comments`,`pc_counter`,`pc_topic`,`pc_informant`,`pc_eventDate`,
        `pc_endDate`,`pc_duration`,`pc_recurrtype`,`pc_recurrspec`,`pc_recurrfreq`,`pc_startTime`,`pc_endTime`,`pc_alldayevent`,`pc_location`,`pc_eventstatus`,
        `pc_sharing`,`pc_apptstatus`,`pc_prefcatid`,`pc_facility`,`pc_billing_location`)VALUES
        ( 1,192,'1','33','Office Visit','2017-8-28 12:00:00','Clinical Appointment',0,0,1,'1',
        '2017-8-28 12:00:00','0000-00-00',900,0,
        'a:6:{s:17:"event_repeat_freq";s:1:"0";s:22:"event_repeat_freq_type";s:1:"0";s:19:"event_repeat_on_num";s:1:"1";s:19:"event_repeat_on_day";s:1:"0";s:20:"event_repeat_on_freq";s:1:"0";s:6:"exdate";s:0:"";}',
        0,'12:00:00','12:15:00',0,
        'a:6:{s:14:"event_location";s:0:"";s:13:"event_street1";s:0:"";s:13:"event_street2";s:0:"";s:10:"event_city";s:0:"";s:11:"event_state";s:0:"";s:12:"event_postal";s:0:"";}',
        1,1,'-',0,1,1);
INSERT INTO `form_encounter` (`id`, `date`, `reason`, `facility`, `facility_id`, `pid`, `encounter`,
     `onset_date`, `sensitivity`, `billing_note`, `pc_catid`, `last_level_billed`, `last_level_closed`, `last_stmt_date`, `stmt_count`,
      `provider_id`, `supervisor_id`, `invoice_refno`, `referral_source`, `billing_facility`) VALUES
    ('194','2017-9-27 13:15:00', 'Test Encounter', 'Your Clinic Name Here', '3','33','194', '0000-00-00 00:00:00', 'normal', 'NULL','8', '0', '0','NULL', '0', '1', '0', '', '', '3');
INSERT INTO `forms` (`id`, `date`, `encounter`, `form_name`, `form_id`, `pid`, `user`, `groupname`, `authorized`, `deleted`, `formdir`) VALUES
    ('194','2017-9-27 13:15:00','194', 'Patient Encounter', '194', '33', 'admin', 'Default', '1', '0', 'patient_encounter');
INSERT INTO `libreehr_postcalendar_events` 
        (`pc_catid`,`pc_multiple`,`pc_aid`,`pc_pid`,`pc_title`,`pc_time`,`pc_hometext`,`pc_comments`,`pc_counter`,`pc_topic`,`pc_informant`,`pc_eventDate`,
        `pc_endDate`,`pc_duration`,`pc_recurrtype`,`pc_recurrspec`,`pc_recurrfreq`,`pc_startTime`,`pc_endTime`,`pc_alldayevent`,`pc_location`,`pc_eventstatus`,
        `pc_sharing`,`pc_apptstatus`,`pc_prefcatid`,`pc_facility`,`pc_billing_location`)VALUES
        ( 1,193,'1','33','Office Visit','2017-9-27 13:15:00','Clinical Appointment',0,0,1,'1',
        '2017-9-27 13:15:00','0000-00-00',900,0,
        'a:6:{s:17:"event_repeat_freq";s:1:"0";s:22:"event_repeat_freq_type";s:1:"0";s:19:"event_repeat_on_num";s:1:"1";s:19:"event_repeat_on_day";s:1:"0";s:20:"event_repeat_on_freq";s:1:"0";s:6:"exdate";s:0:"";}',
        0,'13:15:00','13:30:00',0,
        'a:6:{s:14:"event_location";s:0:"";s:13:"event_street1";s:0:"";s:13:"event_street2";s:0:"";s:10:"event_city";s:0:"";s:11:"event_state";s:0:"";s:12:"event_postal";s:0:"";}',
        1,1,'-',0,1,1);
INSERT INTO `patient_data` (`title`, `language`, `financial`, `fname`, `lname`, `mname`, `DOB`,`street`, `postal_code`, `city`, `state`,  `drivers_license`, `ss`,`occupation`, `phone_home`, `phone_biz`, `phone_contact`, `phone_cell`,`status`, `contact_relationship`, `date`, `sex`, `referrer`, `referrerID`,`providerID`, `email`, `ethnoracial`, `interpretter`, `migrantseasonal`,`family_size`, `monthly_income`, `homeless`, `financial_review`, `pubpid`,`pid`, `genericname1`, `genericval1`, `genericname2`, `genericval2`) VALUES
 ('Ms.','English','','HELEN','ANDERSON','A.','1998-3-25','6863 CentralWay','19827','Georgetown','VT','749312825','185459827',' ','(66) 645-70','(66) 645-70','(66) 645-70','(66) 645-70','single','Friend','2003-11-17 12:06:00','Female','JEFFERY VARGAS','1','1','HELEN@LibreEHR.org','Cubano',' ',' ','0','1774',' ','000-00-00 00:00:00','34','34',' ',' ',' ',' ');
INSERT INTO `insurance_data` (`id`, `type`, `provider`, `plan_name`, `policy_number`,`group_number`, `subscriber_lname`, `subscriber_mname`, `subscriber_fname`, `subscriber_relationship`, `subscriber_ss`,`subscriber_DOB`, `subscriber_street`, `subscriber_postal_code`, `subscriber_city`, `subscriber_state`, `subscriber_country`,`subscriber_phone`, `subscriber_employer`, `subscriber_employer_street`, `subscriber_employer_postal_code`,`subscriber_employer_state`, `subscriber_employer_country`, `subscriber_employer_city`, `copay`, `date`, `pid`,`subscriber_sex`, `accept_assignment`) VALUES('97','primary','0','0','673898733','680909578','ANDERSON','A.','HELEN','self','185459827','1998-3-25','6863 CentralWay','19827','Georgetown','VT','Openemria','(66) 645-70','OEMR.org','','','VT','Openemria','Georgetown','','2011-10-10','34','Female','FALSE');
INSERT INTO `insurance_data` (`id`, `type`, `provider`, `plan_name`, `policy_number`,`group_number`, `subscriber_lname`, `subscriber_mname`, `subscriber_fname`, `subscriber_relationship`, `subscriber_ss`,`subscriber_DOB`, `subscriber_street`, `subscriber_postal_code`, `subscriber_city`, `subscriber_state`, `subscriber_country`,`subscriber_phone`, `subscriber_employer`, `subscriber_employer_street`, `subscriber_employer_postal_code`,`subscriber_employer_state`, `subscriber_employer_country`, `subscriber_employer_city`, `copay`, `date`, `pid`,`subscriber_sex`, `accept_assignment`) VALUES('98','secondary','3362','Incompetent Provider Company','576409624','815506452','ANDERSON','A.','HELEN','self','185459827','1998-3-25','6863 CentralWay','19827','Georgetown','VT','Openemria','(66) 645-70','OEMR.org','','','VT','Openemria','Georgetown','','2011-10-10','34','Female','TRUE');
INSERT INTO `insurance_data` (`id`, `type`, `provider`, `plan_name`, `policy_number`,`group_number`, `subscriber_lname`, `subscriber_mname`, `subscriber_fname`, `subscriber_relationship`, `subscriber_ss`,`subscriber_DOB`, `subscriber_street`, `subscriber_postal_code`, `subscriber_city`, `subscriber_state`, `subscriber_country`,`subscriber_phone`, `subscriber_employer`, `subscriber_employer_street`, `subscriber_employer_postal_code`,`subscriber_employer_state`, `subscriber_employer_country`, `subscriber_employer_city`, `copay`, `date`, `pid`,`subscriber_sex`, `accept_assignment`) VALUES('99','tertiary','0','0','279048071','761979394','ANDERSON','A.','HELEN','self','185459827','1998-3-25','6863 CentralWay','19827','Georgetown','VT','Openemria','(66) 645-70','OEMR.org','','','VT','Openemria','Georgetown','','2011-10-10','34','Female','TRUE');
INSERT INTO `form_encounter` (`id`, `date`, `reason`, `facility`, `facility_id`, `pid`, `encounter`,
     `onset_date`, `sensitivity`, `billing_note`, `pc_catid`, `last_level_billed`, `last_level_closed`, `last_stmt_date`, `stmt_count`,
      `provider_id`, `supervisor_id`, `invoice_refno`, `referral_source`, `billing_facility`) VALUES
    ('195','2017-1-30 10:15:00', 'Test Encounter', 'Your Clinic Name Here', '3','34','195', '0000-00-00 00:00:00', 'normal', 'NULL','5', '0', '0','NULL', '0', '1', '0', '', '', '3');
INSERT INTO `forms` (`id`, `date`, `encounter`, `form_name`, `form_id`, `pid`, `user`, `groupname`, `authorized`, `deleted`, `formdir`) VALUES
    ('195','2017-1-30 10:15:00','195', 'Patient Encounter', '195', '34', 'admin', 'Default', '1', '0', 'patient_encounter');
INSERT INTO `libreehr_postcalendar_events` 
        (`pc_catid`,`pc_multiple`,`pc_aid`,`pc_pid`,`pc_title`,`pc_time`,`pc_hometext`,`pc_comments`,`pc_counter`,`pc_topic`,`pc_informant`,`pc_eventDate`,
        `pc_endDate`,`pc_duration`,`pc_recurrtype`,`pc_recurrspec`,`pc_recurrfreq`,`pc_startTime`,`pc_endTime`,`pc_alldayevent`,`pc_location`,`pc_eventstatus`,
        `pc_sharing`,`pc_apptstatus`,`pc_prefcatid`,`pc_facility`,`pc_billing_location`)VALUES
        ( 1,194,'1','34','Office Visit','2017-1-30 10:15:00','Clinical Appointment',0,0,1,'1',
        '2017-1-30 10:15:00','0000-00-00',900,0,
        'a:6:{s:17:"event_repeat_freq";s:1:"0";s:22:"event_repeat_freq_type";s:1:"0";s:19:"event_repeat_on_num";s:1:"1";s:19:"event_repeat_on_day";s:1:"0";s:20:"event_repeat_on_freq";s:1:"0";s:6:"exdate";s:0:"";}',
        0,'10:15:00','10:30:00',0,
        'a:6:{s:14:"event_location";s:0:"";s:13:"event_street1";s:0:"";s:13:"event_street2";s:0:"";s:10:"event_city";s:0:"";s:11:"event_state";s:0:"";s:12:"event_postal";s:0:"";}',
        1,1,'-',0,1,1);
INSERT INTO `form_encounter` (`id`, `date`, `reason`, `facility`, `facility_id`, `pid`, `encounter`,
     `onset_date`, `sensitivity`, `billing_note`, `pc_catid`, `last_level_billed`, `last_level_closed`, `last_stmt_date`, `stmt_count`,
      `provider_id`, `supervisor_id`, `invoice_refno`, `referral_source`, `billing_facility`) VALUES
    ('196','2017-3-1 13:00:00', 'Test Encounter', 'Your Clinic Name Here', '3','34','196', '0000-00-00 00:00:00', 'normal', 'NULL','10', '0', '0','NULL', '0', '1', '0', '', '', '3');
INSERT INTO `forms` (`id`, `date`, `encounter`, `form_name`, `form_id`, `pid`, `user`, `groupname`, `authorized`, `deleted`, `formdir`) VALUES
    ('196','2017-3-1 13:00:00','196', 'Patient Encounter', '196', '34', 'admin', 'Default', '1', '0', 'patient_encounter');
INSERT INTO `libreehr_postcalendar_events` 
        (`pc_catid`,`pc_multiple`,`pc_aid`,`pc_pid`,`pc_title`,`pc_time`,`pc_hometext`,`pc_comments`,`pc_counter`,`pc_topic`,`pc_informant`,`pc_eventDate`,
        `pc_endDate`,`pc_duration`,`pc_recurrtype`,`pc_recurrspec`,`pc_recurrfreq`,`pc_startTime`,`pc_endTime`,`pc_alldayevent`,`pc_location`,`pc_eventstatus`,
        `pc_sharing`,`pc_apptstatus`,`pc_prefcatid`,`pc_facility`,`pc_billing_location`)VALUES
        ( 1,195,'1','34','Office Visit','2017-3-1 13:00:00','Clinical Appointment',0,0,1,'1',
        '2017-3-1 13:00:00','0000-00-00',900,0,
        'a:6:{s:17:"event_repeat_freq";s:1:"0";s:22:"event_repeat_freq_type";s:1:"0";s:19:"event_repeat_on_num";s:1:"1";s:19:"event_repeat_on_day";s:1:"0";s:20:"event_repeat_on_freq";s:1:"0";s:6:"exdate";s:0:"";}',
        0,'13:00:00','13:15:00',0,
        'a:6:{s:14:"event_location";s:0:"";s:13:"event_street1";s:0:"";s:13:"event_street2";s:0:"";s:10:"event_city";s:0:"";s:11:"event_state";s:0:"";s:12:"event_postal";s:0:"";}',
        1,1,'-',0,1,1);
INSERT INTO `form_encounter` (`id`, `date`, `reason`, `facility`, `facility_id`, `pid`, `encounter`,
     `onset_date`, `sensitivity`, `billing_note`, `pc_catid`, `last_level_billed`, `last_level_closed`, `last_stmt_date`, `stmt_count`,
      `provider_id`, `supervisor_id`, `invoice_refno`, `referral_source`, `billing_facility`) VALUES
    ('197','2017-3-31 10:30:00', 'Test Encounter', 'Your Clinic Name Here', '3','34','197', '0000-00-00 00:00:00', 'normal', 'NULL','1', '0', '0','NULL', '0', '1', '0', '', '', '3');
INSERT INTO `forms` (`id`, `date`, `encounter`, `form_name`, `form_id`, `pid`, `user`, `groupname`, `authorized`, `deleted`, `formdir`) VALUES
    ('197','2017-3-31 10:30:00','197', 'Patient Encounter', '197', '34', 'admin', 'Default', '1', '0', 'patient_encounter');
INSERT INTO `libreehr_postcalendar_events` 
        (`pc_catid`,`pc_multiple`,`pc_aid`,`pc_pid`,`pc_title`,`pc_time`,`pc_hometext`,`pc_comments`,`pc_counter`,`pc_topic`,`pc_informant`,`pc_eventDate`,
        `pc_endDate`,`pc_duration`,`pc_recurrtype`,`pc_recurrspec`,`pc_recurrfreq`,`pc_startTime`,`pc_endTime`,`pc_alldayevent`,`pc_location`,`pc_eventstatus`,
        `pc_sharing`,`pc_apptstatus`,`pc_prefcatid`,`pc_facility`,`pc_billing_location`)VALUES
        ( 1,196,'1','34','Office Visit','2017-3-31 10:30:00','Clinical Appointment',0,0,1,'1',
        '2017-3-31 10:30:00','0000-00-00',900,0,
        'a:6:{s:17:"event_repeat_freq";s:1:"0";s:22:"event_repeat_freq_type";s:1:"0";s:19:"event_repeat_on_num";s:1:"1";s:19:"event_repeat_on_day";s:1:"0";s:20:"event_repeat_on_freq";s:1:"0";s:6:"exdate";s:0:"";}',
        0,'10:30:00','10:45:00',0,
        'a:6:{s:14:"event_location";s:0:"";s:13:"event_street1";s:0:"";s:13:"event_street2";s:0:"";s:10:"event_city";s:0:"";s:11:"event_state";s:0:"";s:12:"event_postal";s:0:"";}',
        1,1,'-',0,1,1);
INSERT INTO `form_encounter` (`id`, `date`, `reason`, `facility`, `facility_id`, `pid`, `encounter`,
     `onset_date`, `sensitivity`, `billing_note`, `pc_catid`, `last_level_billed`, `last_level_closed`, `last_stmt_date`, `stmt_count`,
      `provider_id`, `supervisor_id`, `invoice_refno`, `referral_source`, `billing_facility`) VALUES
    ('198','2017-4-30 16:30:00', 'Test Encounter', 'Your Clinic Name Here', '3','34','198', '0000-00-00 00:00:00', 'normal', 'NULL','4', '0', '0','NULL', '0', '1', '0', '', '', '3');
INSERT INTO `forms` (`id`, `date`, `encounter`, `form_name`, `form_id`, `pid`, `user`, `groupname`, `authorized`, `deleted`, `formdir`) VALUES
    ('198','2017-4-30 16:30:00','198', 'Patient Encounter', '198', '34', 'admin', 'Default', '1', '0', 'patient_encounter');
INSERT INTO `libreehr_postcalendar_events` 
        (`pc_catid`,`pc_multiple`,`pc_aid`,`pc_pid`,`pc_title`,`pc_time`,`pc_hometext`,`pc_comments`,`pc_counter`,`pc_topic`,`pc_informant`,`pc_eventDate`,
        `pc_endDate`,`pc_duration`,`pc_recurrtype`,`pc_recurrspec`,`pc_recurrfreq`,`pc_startTime`,`pc_endTime`,`pc_alldayevent`,`pc_location`,`pc_eventstatus`,
        `pc_sharing`,`pc_apptstatus`,`pc_prefcatid`,`pc_facility`,`pc_billing_location`)VALUES
        ( 1,197,'1','34','Office Visit','2017-4-30 16:30:00','Clinical Appointment',0,0,1,'1',
        '2017-4-30 16:30:00','0000-00-00',900,0,
        'a:6:{s:17:"event_repeat_freq";s:1:"0";s:22:"event_repeat_freq_type";s:1:"0";s:19:"event_repeat_on_num";s:1:"1";s:19:"event_repeat_on_day";s:1:"0";s:20:"event_repeat_on_freq";s:1:"0";s:6:"exdate";s:0:"";}',
        0,'16:30:00','16:45:00',0,
        'a:6:{s:14:"event_location";s:0:"";s:13:"event_street1";s:0:"";s:13:"event_street2";s:0:"";s:10:"event_city";s:0:"";s:11:"event_state";s:0:"";s:12:"event_postal";s:0:"";}',
        1,1,'-',0,1,1);
INSERT INTO `form_encounter` (`id`, `date`, `reason`, `facility`, `facility_id`, `pid`, `encounter`,
     `onset_date`, `sensitivity`, `billing_note`, `pc_catid`, `last_level_billed`, `last_level_closed`, `last_stmt_date`, `stmt_count`,
      `provider_id`, `supervisor_id`, `invoice_refno`, `referral_source`, `billing_facility`) VALUES
    ('199','2017-5-30 12:00:00', 'Test Encounter', 'Your Clinic Name Here', '3','34','199', '0000-00-00 00:00:00', 'normal', 'NULL','1', '0', '0','NULL', '0', '1', '0', '', '', '3');
INSERT INTO `forms` (`id`, `date`, `encounter`, `form_name`, `form_id`, `pid`, `user`, `groupname`, `authorized`, `deleted`, `formdir`) VALUES
    ('199','2017-5-30 12:00:00','199', 'Patient Encounter', '199', '34', 'admin', 'Default', '1', '0', 'patient_encounter');
INSERT INTO `libreehr_postcalendar_events` 
        (`pc_catid`,`pc_multiple`,`pc_aid`,`pc_pid`,`pc_title`,`pc_time`,`pc_hometext`,`pc_comments`,`pc_counter`,`pc_topic`,`pc_informant`,`pc_eventDate`,
        `pc_endDate`,`pc_duration`,`pc_recurrtype`,`pc_recurrspec`,`pc_recurrfreq`,`pc_startTime`,`pc_endTime`,`pc_alldayevent`,`pc_location`,`pc_eventstatus`,
        `pc_sharing`,`pc_apptstatus`,`pc_prefcatid`,`pc_facility`,`pc_billing_location`)VALUES
        ( 1,198,'1','34','Office Visit','2017-5-30 12:00:00','Clinical Appointment',0,0,1,'1',
        '2017-5-30 12:00:00','0000-00-00',900,0,
        'a:6:{s:17:"event_repeat_freq";s:1:"0";s:22:"event_repeat_freq_type";s:1:"0";s:19:"event_repeat_on_num";s:1:"1";s:19:"event_repeat_on_day";s:1:"0";s:20:"event_repeat_on_freq";s:1:"0";s:6:"exdate";s:0:"";}',
        0,'12:00:00','12:15:00',0,
        'a:6:{s:14:"event_location";s:0:"";s:13:"event_street1";s:0:"";s:13:"event_street2";s:0:"";s:10:"event_city";s:0:"";s:11:"event_state";s:0:"";s:12:"event_postal";s:0:"";}',
        1,1,'-',0,1,1);
INSERT INTO `form_encounter` (`id`, `date`, `reason`, `facility`, `facility_id`, `pid`, `encounter`,
     `onset_date`, `sensitivity`, `billing_note`, `pc_catid`, `last_level_billed`, `last_level_closed`, `last_stmt_date`, `stmt_count`,
      `provider_id`, `supervisor_id`, `invoice_refno`, `referral_source`, `billing_facility`) VALUES
    ('200','2017-6-29 13:15:00', 'Test Encounter', 'Your Clinic Name Here', '3','34','200', '0000-00-00 00:00:00', 'normal', 'NULL','4', '0', '0','NULL', '0', '1', '0', '', '', '3');
INSERT INTO `forms` (`id`, `date`, `encounter`, `form_name`, `form_id`, `pid`, `user`, `groupname`, `authorized`, `deleted`, `formdir`) VALUES
    ('200','2017-6-29 13:15:00','200', 'Patient Encounter', '200', '34', 'admin', 'Default', '1', '0', 'patient_encounter');
INSERT INTO `libreehr_postcalendar_events` 
        (`pc_catid`,`pc_multiple`,`pc_aid`,`pc_pid`,`pc_title`,`pc_time`,`pc_hometext`,`pc_comments`,`pc_counter`,`pc_topic`,`pc_informant`,`pc_eventDate`,
        `pc_endDate`,`pc_duration`,`pc_recurrtype`,`pc_recurrspec`,`pc_recurrfreq`,`pc_startTime`,`pc_endTime`,`pc_alldayevent`,`pc_location`,`pc_eventstatus`,
        `pc_sharing`,`pc_apptstatus`,`pc_prefcatid`,`pc_facility`,`pc_billing_location`)VALUES
        ( 1,199,'1','34','Office Visit','2017-6-29 13:15:00','Clinical Appointment',0,0,1,'1',
        '2017-6-29 13:15:00','0000-00-00',900,0,
        'a:6:{s:17:"event_repeat_freq";s:1:"0";s:22:"event_repeat_freq_type";s:1:"0";s:19:"event_repeat_on_num";s:1:"1";s:19:"event_repeat_on_day";s:1:"0";s:20:"event_repeat_on_freq";s:1:"0";s:6:"exdate";s:0:"";}',
        0,'13:15:00','13:30:00',0,
        'a:6:{s:14:"event_location";s:0:"";s:13:"event_street1";s:0:"";s:13:"event_street2";s:0:"";s:10:"event_city";s:0:"";s:11:"event_state";s:0:"";s:12:"event_postal";s:0:"";}',
        1,1,'-',0,1,1);
INSERT INTO `form_encounter` (`id`, `date`, `reason`, `facility`, `facility_id`, `pid`, `encounter`,
     `onset_date`, `sensitivity`, `billing_note`, `pc_catid`, `last_level_billed`, `last_level_closed`, `last_stmt_date`, `stmt_count`,
      `provider_id`, `supervisor_id`, `invoice_refno`, `referral_source`, `billing_facility`) VALUES
    ('201','2017-7-29 15:15:00', 'Test Encounter', 'Your Clinic Name Here', '3','34','201', '0000-00-00 00:00:00', 'normal', 'NULL','9', '0', '0','NULL', '0', '1', '0', '', '', '3');
INSERT INTO `forms` (`id`, `date`, `encounter`, `form_name`, `form_id`, `pid`, `user`, `groupname`, `authorized`, `deleted`, `formdir`) VALUES
    ('201','2017-7-29 15:15:00','201', 'Patient Encounter', '201', '34', 'admin', 'Default', '1', '0', 'patient_encounter');
INSERT INTO `libreehr_postcalendar_events` 
        (`pc_catid`,`pc_multiple`,`pc_aid`,`pc_pid`,`pc_title`,`pc_time`,`pc_hometext`,`pc_comments`,`pc_counter`,`pc_topic`,`pc_informant`,`pc_eventDate`,
        `pc_endDate`,`pc_duration`,`pc_recurrtype`,`pc_recurrspec`,`pc_recurrfreq`,`pc_startTime`,`pc_endTime`,`pc_alldayevent`,`pc_location`,`pc_eventstatus`,
        `pc_sharing`,`pc_apptstatus`,`pc_prefcatid`,`pc_facility`,`pc_billing_location`)VALUES
        ( 1,200,'1','34','Office Visit','2017-7-29 15:15:00','Clinical Appointment',0,0,1,'1',
        '2017-7-29 15:15:00','0000-00-00',900,0,
        'a:6:{s:17:"event_repeat_freq";s:1:"0";s:22:"event_repeat_freq_type";s:1:"0";s:19:"event_repeat_on_num";s:1:"1";s:19:"event_repeat_on_day";s:1:"0";s:20:"event_repeat_on_freq";s:1:"0";s:6:"exdate";s:0:"";}',
        0,'15:15:00','15:30:00',0,
        'a:6:{s:14:"event_location";s:0:"";s:13:"event_street1";s:0:"";s:13:"event_street2";s:0:"";s:10:"event_city";s:0:"";s:11:"event_state";s:0:"";s:12:"event_postal";s:0:"";}',
        1,1,'-',0,1,1);
INSERT INTO `form_encounter` (`id`, `date`, `reason`, `facility`, `facility_id`, `pid`, `encounter`,
     `onset_date`, `sensitivity`, `billing_note`, `pc_catid`, `last_level_billed`, `last_level_closed`, `last_stmt_date`, `stmt_count`,
      `provider_id`, `supervisor_id`, `invoice_refno`, `referral_source`, `billing_facility`) VALUES
    ('202','2017-8-28 13:00:00', 'Test Encounter', 'Your Clinic Name Here', '3','34','202', '0000-00-00 00:00:00', 'normal', 'NULL','5', '0', '0','NULL', '0', '1', '0', '', '', '3');
INSERT INTO `forms` (`id`, `date`, `encounter`, `form_name`, `form_id`, `pid`, `user`, `groupname`, `authorized`, `deleted`, `formdir`) VALUES
    ('202','2017-8-28 13:00:00','202', 'Patient Encounter', '202', '34', 'admin', 'Default', '1', '0', 'patient_encounter');
INSERT INTO `libreehr_postcalendar_events` 
        (`pc_catid`,`pc_multiple`,`pc_aid`,`pc_pid`,`pc_title`,`pc_time`,`pc_hometext`,`pc_comments`,`pc_counter`,`pc_topic`,`pc_informant`,`pc_eventDate`,
        `pc_endDate`,`pc_duration`,`pc_recurrtype`,`pc_recurrspec`,`pc_recurrfreq`,`pc_startTime`,`pc_endTime`,`pc_alldayevent`,`pc_location`,`pc_eventstatus`,
        `pc_sharing`,`pc_apptstatus`,`pc_prefcatid`,`pc_facility`,`pc_billing_location`)VALUES
        ( 1,201,'1','34','Office Visit','2017-8-28 13:00:00','Clinical Appointment',0,0,1,'1',
        '2017-8-28 13:00:00','0000-00-00',900,0,
        'a:6:{s:17:"event_repeat_freq";s:1:"0";s:22:"event_repeat_freq_type";s:1:"0";s:19:"event_repeat_on_num";s:1:"1";s:19:"event_repeat_on_day";s:1:"0";s:20:"event_repeat_on_freq";s:1:"0";s:6:"exdate";s:0:"";}',
        0,'13:00:00','13:15:00',0,
        'a:6:{s:14:"event_location";s:0:"";s:13:"event_street1";s:0:"";s:13:"event_street2";s:0:"";s:10:"event_city";s:0:"";s:11:"event_state";s:0:"";s:12:"event_postal";s:0:"";}',
        1,1,'-',0,1,1);
INSERT INTO `form_encounter` (`id`, `date`, `reason`, `facility`, `facility_id`, `pid`, `encounter`,
     `onset_date`, `sensitivity`, `billing_note`, `pc_catid`, `last_level_billed`, `last_level_closed`, `last_stmt_date`, `stmt_count`,
      `provider_id`, `supervisor_id`, `invoice_refno`, `referral_source`, `billing_facility`) VALUES
    ('203','2017-9-27 15:00:00', 'Test Encounter', 'Your Clinic Name Here', '3','34','203', '0000-00-00 00:00:00', 'normal', 'NULL','2', '0', '0','NULL', '0', '1', '0', '', '', '3');
INSERT INTO `forms` (`id`, `date`, `encounter`, `form_name`, `form_id`, `pid`, `user`, `groupname`, `authorized`, `deleted`, `formdir`) VALUES
    ('203','2017-9-27 15:00:00','203', 'Patient Encounter', '203', '34', 'admin', 'Default', '1', '0', 'patient_encounter');
INSERT INTO `libreehr_postcalendar_events` 
        (`pc_catid`,`pc_multiple`,`pc_aid`,`pc_pid`,`pc_title`,`pc_time`,`pc_hometext`,`pc_comments`,`pc_counter`,`pc_topic`,`pc_informant`,`pc_eventDate`,
        `pc_endDate`,`pc_duration`,`pc_recurrtype`,`pc_recurrspec`,`pc_recurrfreq`,`pc_startTime`,`pc_endTime`,`pc_alldayevent`,`pc_location`,`pc_eventstatus`,
        `pc_sharing`,`pc_apptstatus`,`pc_prefcatid`,`pc_facility`,`pc_billing_location`)VALUES
        ( 1,202,'1','34','Office Visit','2017-9-27 15:00:00','Clinical Appointment',0,0,1,'1',
        '2017-9-27 15:00:00','0000-00-00',900,0,
        'a:6:{s:17:"event_repeat_freq";s:1:"0";s:22:"event_repeat_freq_type";s:1:"0";s:19:"event_repeat_on_num";s:1:"1";s:19:"event_repeat_on_day";s:1:"0";s:20:"event_repeat_on_freq";s:1:"0";s:6:"exdate";s:0:"";}',
        0,'15:00:00','15:15:00',0,
        'a:6:{s:14:"event_location";s:0:"";s:13:"event_street1";s:0:"";s:13:"event_street2";s:0:"";s:10:"event_city";s:0:"";s:11:"event_state";s:0:"";s:12:"event_postal";s:0:"";}',
        1,1,'-',0,1,1);
INSERT INTO `patient_data` (`title`, `language`, `financial`, `fname`, `lname`, `mname`, `DOB`,`street`, `postal_code`, `city`, `state`,  `drivers_license`, `ss`,`occupation`, `phone_home`, `phone_biz`, `phone_contact`, `phone_cell`,`status`, `contact_relationship`, `date`, `sex`, `referrer`, `referrerID`,`providerID`, `email`, `ethnoracial`, `interpretter`, `migrantseasonal`,`family_size`, `monthly_income`, `homeless`, `financial_review`, `pubpid`,`pid`, `genericname1`, `genericval1`, `genericname2`, `genericval2`) VALUES
 ('Mrs.','Spanish','','BRANDY','DAY','C.','1996-6-2','1476 MainAve.','32666','Marion','SC','467401556','734994670',' ','(219) 479-7643','(219) 479-7643','(219) 479-7643','(219) 479-7643','single','Friend','2003-11-17 12:06:00','Female','JESSE MATTHEWS','1','1','BRANDY@LibreEHR.org','Black',' ',' ','10','3706',' ','000-00-00 00:00:00','35','35',' ',' ',' ',' ');
INSERT INTO `insurance_data` (`id`, `type`, `provider`, `plan_name`, `policy_number`,`group_number`, `subscriber_lname`, `subscriber_mname`, `subscriber_fname`, `subscriber_relationship`, `subscriber_ss`,`subscriber_DOB`, `subscriber_street`, `subscriber_postal_code`, `subscriber_city`, `subscriber_state`, `subscriber_country`,`subscriber_phone`, `subscriber_employer`, `subscriber_employer_street`, `subscriber_employer_postal_code`,`subscriber_employer_state`, `subscriber_employer_country`, `subscriber_employer_city`, `copay`, `date`, `pid`,`subscriber_sex`, `accept_assignment`) VALUES('100','primary','3362','Incompetent Provider Company','630991659','886463929','DAY','C.','BRANDY','self','734994670','1996-6-2','1476 MainAve.','32666','Marion','SC','Openemria','(219) 479-7643','OEMR.org','','','SC','Openemria','Marion','','2011-10-10','35','Female','FALSE');
INSERT INTO `insurance_data` (`id`, `type`, `provider`, `plan_name`, `policy_number`,`group_number`, `subscriber_lname`, `subscriber_mname`, `subscriber_fname`, `subscriber_relationship`, `subscriber_ss`,`subscriber_DOB`, `subscriber_street`, `subscriber_postal_code`, `subscriber_city`, `subscriber_state`, `subscriber_country`,`subscriber_phone`, `subscriber_employer`, `subscriber_employer_street`, `subscriber_employer_postal_code`,`subscriber_employer_state`, `subscriber_employer_country`, `subscriber_employer_city`, `copay`, `date`, `pid`,`subscriber_sex`, `accept_assignment`) VALUES('101','secondary','0','0','797879489','824695984','DAY','C.','BRANDY','self','734994670','1996-6-2','1476 MainAve.','32666','Marion','SC','Openemria','(219) 479-7643','OEMR.org','','','SC','Openemria','Marion','','2011-10-10','35','Female','FALSE');
INSERT INTO `insurance_data` (`id`, `type`, `provider`, `plan_name`, `policy_number`,`group_number`, `subscriber_lname`, `subscriber_mname`, `subscriber_fname`, `subscriber_relationship`, `subscriber_ss`,`subscriber_DOB`, `subscriber_street`, `subscriber_postal_code`, `subscriber_city`, `subscriber_state`, `subscriber_country`,`subscriber_phone`, `subscriber_employer`, `subscriber_employer_street`, `subscriber_employer_postal_code`,`subscriber_employer_state`, `subscriber_employer_country`, `subscriber_employer_city`, `copay`, `date`, `pid`,`subscriber_sex`, `accept_assignment`) VALUES('102','tertiary','3362','Incompetent Provider Company','366421850','756999530','DAY','C.','BRANDY','self','734994670','1996-6-2','1476 MainAve.','32666','Marion','SC','Openemria','(219) 479-7643','OEMR.org','','','SC','Openemria','Marion','','2011-10-10','35','Female','TRUE');
INSERT INTO `form_encounter` (`id`, `date`, `reason`, `facility`, `facility_id`, `pid`, `encounter`,
     `onset_date`, `sensitivity`, `billing_note`, `pc_catid`, `last_level_billed`, `last_level_closed`, `last_stmt_date`, `stmt_count`,
      `provider_id`, `supervisor_id`, `invoice_refno`, `referral_source`, `billing_facility`) VALUES
    ('204','2017-7-29 16:00:00', 'Test Encounter', 'Your Clinic Name Here', '3','35','204', '0000-00-00 00:00:00', 'normal', 'NULL','5', '0', '0','NULL', '0', '1', '0', '', '', '3');
INSERT INTO `forms` (`id`, `date`, `encounter`, `form_name`, `form_id`, `pid`, `user`, `groupname`, `authorized`, `deleted`, `formdir`) VALUES
    ('204','2017-7-29 16:00:00','204', 'Patient Encounter', '204', '35', 'admin', 'Default', '1', '0', 'patient_encounter');
INSERT INTO `libreehr_postcalendar_events` 
        (`pc_catid`,`pc_multiple`,`pc_aid`,`pc_pid`,`pc_title`,`pc_time`,`pc_hometext`,`pc_comments`,`pc_counter`,`pc_topic`,`pc_informant`,`pc_eventDate`,
        `pc_endDate`,`pc_duration`,`pc_recurrtype`,`pc_recurrspec`,`pc_recurrfreq`,`pc_startTime`,`pc_endTime`,`pc_alldayevent`,`pc_location`,`pc_eventstatus`,
        `pc_sharing`,`pc_apptstatus`,`pc_prefcatid`,`pc_facility`,`pc_billing_location`)VALUES
        ( 1,203,'1','35','Office Visit','2017-7-29 16:00:00','Clinical Appointment',0,0,1,'1',
        '2017-7-29 16:00:00','0000-00-00',900,0,
        'a:6:{s:17:"event_repeat_freq";s:1:"0";s:22:"event_repeat_freq_type";s:1:"0";s:19:"event_repeat_on_num";s:1:"1";s:19:"event_repeat_on_day";s:1:"0";s:20:"event_repeat_on_freq";s:1:"0";s:6:"exdate";s:0:"";}',
        0,'16:00:00','16:15:00',0,
        'a:6:{s:14:"event_location";s:0:"";s:13:"event_street1";s:0:"";s:13:"event_street2";s:0:"";s:10:"event_city";s:0:"";s:11:"event_state";s:0:"";s:12:"event_postal";s:0:"";}',
        1,1,'-',0,1,1);
INSERT INTO `form_encounter` (`id`, `date`, `reason`, `facility`, `facility_id`, `pid`, `encounter`,
     `onset_date`, `sensitivity`, `billing_note`, `pc_catid`, `last_level_billed`, `last_level_closed`, `last_stmt_date`, `stmt_count`,
      `provider_id`, `supervisor_id`, `invoice_refno`, `referral_source`, `billing_facility`) VALUES
    ('205','2017-8-28 13:30:00', 'Test Encounter', 'Your Clinic Name Here', '3','35','205', '0000-00-00 00:00:00', 'normal', 'NULL','3', '0', '0','NULL', '0', '1', '0', '', '', '3');
INSERT INTO `forms` (`id`, `date`, `encounter`, `form_name`, `form_id`, `pid`, `user`, `groupname`, `authorized`, `deleted`, `formdir`) VALUES
    ('205','2017-8-28 13:30:00','205', 'Patient Encounter', '205', '35', 'admin', 'Default', '1', '0', 'patient_encounter');
INSERT INTO `libreehr_postcalendar_events` 
        (`pc_catid`,`pc_multiple`,`pc_aid`,`pc_pid`,`pc_title`,`pc_time`,`pc_hometext`,`pc_comments`,`pc_counter`,`pc_topic`,`pc_informant`,`pc_eventDate`,
        `pc_endDate`,`pc_duration`,`pc_recurrtype`,`pc_recurrspec`,`pc_recurrfreq`,`pc_startTime`,`pc_endTime`,`pc_alldayevent`,`pc_location`,`pc_eventstatus`,
        `pc_sharing`,`pc_apptstatus`,`pc_prefcatid`,`pc_facility`,`pc_billing_location`)VALUES
        ( 1,204,'1','35','Office Visit','2017-8-28 13:30:00','Clinical Appointment',0,0,1,'1',
        '2017-8-28 13:30:00','0000-00-00',900,0,
        'a:6:{s:17:"event_repeat_freq";s:1:"0";s:22:"event_repeat_freq_type";s:1:"0";s:19:"event_repeat_on_num";s:1:"1";s:19:"event_repeat_on_day";s:1:"0";s:20:"event_repeat_on_freq";s:1:"0";s:6:"exdate";s:0:"";}',
        0,'13:30:00','13:45:00',0,
        'a:6:{s:14:"event_location";s:0:"";s:13:"event_street1";s:0:"";s:13:"event_street2";s:0:"";s:10:"event_city";s:0:"";s:11:"event_state";s:0:"";s:12:"event_postal";s:0:"";}',
        1,1,'-',0,1,1);
INSERT INTO `form_encounter` (`id`, `date`, `reason`, `facility`, `facility_id`, `pid`, `encounter`,
     `onset_date`, `sensitivity`, `billing_note`, `pc_catid`, `last_level_billed`, `last_level_closed`, `last_stmt_date`, `stmt_count`,
      `provider_id`, `supervisor_id`, `invoice_refno`, `referral_source`, `billing_facility`) VALUES
    ('206','2017-9-27 16:00:00', 'Test Encounter', 'Your Clinic Name Here', '3','35','206', '0000-00-00 00:00:00', 'normal', 'NULL','5', '0', '0','NULL', '0', '1', '0', '', '', '3');
INSERT INTO `forms` (`id`, `date`, `encounter`, `form_name`, `form_id`, `pid`, `user`, `groupname`, `authorized`, `deleted`, `formdir`) VALUES
    ('206','2017-9-27 16:00:00','206', 'Patient Encounter', '206', '35', 'admin', 'Default', '1', '0', 'patient_encounter');
INSERT INTO `libreehr_postcalendar_events` 
        (`pc_catid`,`pc_multiple`,`pc_aid`,`pc_pid`,`pc_title`,`pc_time`,`pc_hometext`,`pc_comments`,`pc_counter`,`pc_topic`,`pc_informant`,`pc_eventDate`,
        `pc_endDate`,`pc_duration`,`pc_recurrtype`,`pc_recurrspec`,`pc_recurrfreq`,`pc_startTime`,`pc_endTime`,`pc_alldayevent`,`pc_location`,`pc_eventstatus`,
        `pc_sharing`,`pc_apptstatus`,`pc_prefcatid`,`pc_facility`,`pc_billing_location`)VALUES
        ( 1,205,'1','35','Office Visit','2017-9-27 16:00:00','Clinical Appointment',0,0,1,'1',
        '2017-9-27 16:00:00','0000-00-00',900,0,
        'a:6:{s:17:"event_repeat_freq";s:1:"0";s:22:"event_repeat_freq_type";s:1:"0";s:19:"event_repeat_on_num";s:1:"1";s:19:"event_repeat_on_day";s:1:"0";s:20:"event_repeat_on_freq";s:1:"0";s:6:"exdate";s:0:"";}',
        0,'16:00:00','16:15:00',0,
        'a:6:{s:14:"event_location";s:0:"";s:13:"event_street1";s:0:"";s:13:"event_street2";s:0:"";s:10:"event_city";s:0:"";s:11:"event_state";s:0:"";s:12:"event_postal";s:0:"";}',
        1,1,'-',0,1,1);
INSERT INTO `patient_data` (`title`, `language`, `financial`, `fname`, `lname`, `mname`, `DOB`,`street`, `postal_code`, `city`, `state`,  `drivers_license`, `ss`,`occupation`, `phone_home`, `phone_biz`, `phone_contact`, `phone_cell`,`status`, `contact_relationship`, `date`, `sex`, `referrer`, `referrerID`,`providerID`, `email`, `ethnoracial`, `interpretter`, `migrantseasonal`,`family_size`, `monthly_income`, `homeless`, `financial_review`, `pubpid`,`pid`, `genericname1`, `genericval1`, `genericname2`, `genericval2`) VALUES
 ('Mrs.','English','','RAMONA','WADE','D.','1938-3-23','1673 MapleWay','12334','Oakland','IN','223084235','215604664',' ','(10) 266-7805','(10) 266-7805','(10) 266-7805','(10) 266-7805','single','Friend','2003-11-17 12:06:00','Female','BARRY ALVARADO','1','1','RAMONA@LibreEHR.org','White',' ',' ','10','5979',' ','000-00-00 00:00:00','36','36',' ',' ',' ',' ');
INSERT INTO `insurance_data` (`id`, `type`, `provider`, `plan_name`, `policy_number`,`group_number`, `subscriber_lname`, `subscriber_mname`, `subscriber_fname`, `subscriber_relationship`, `subscriber_ss`,`subscriber_DOB`, `subscriber_street`, `subscriber_postal_code`, `subscriber_city`, `subscriber_state`, `subscriber_country`,`subscriber_phone`, `subscriber_employer`, `subscriber_employer_street`, `subscriber_employer_postal_code`,`subscriber_employer_state`, `subscriber_employer_country`, `subscriber_employer_city`, `copay`, `date`, `pid`,`subscriber_sex`, `accept_assignment`) VALUES('103','primary','8435','Backstreet Helpful Company','70550411','1127566','WADE','D.','RAMONA','self','215604664','1938-3-23','1673 MapleWay','12334','Oakland','IN','Openemria','(10) 266-7805','OEMR.org','','','IN','Openemria','Oakland','','2011-10-10','36','Female','FALSE');
INSERT INTO `insurance_data` (`id`, `type`, `provider`, `plan_name`, `policy_number`,`group_number`, `subscriber_lname`, `subscriber_mname`, `subscriber_fname`, `subscriber_relationship`, `subscriber_ss`,`subscriber_DOB`, `subscriber_street`, `subscriber_postal_code`, `subscriber_city`, `subscriber_state`, `subscriber_country`,`subscriber_phone`, `subscriber_employer`, `subscriber_employer_street`, `subscriber_employer_postal_code`,`subscriber_employer_state`, `subscriber_employer_country`, `subscriber_employer_city`, `copay`, `date`, `pid`,`subscriber_sex`, `accept_assignment`) VALUES('104','secondary','5612','Violet Group HMO','387114743','275359055','WADE','D.','RAMONA','self','215604664','1938-3-23','1673 MapleWay','12334','Oakland','IN','Openemria','(10) 266-7805','OEMR.org','','','IN','Openemria','Oakland','','2011-10-10','36','Female','FALSE');
INSERT INTO `insurance_data` (`id`, `type`, `provider`, `plan_name`, `policy_number`,`group_number`, `subscriber_lname`, `subscriber_mname`, `subscriber_fname`, `subscriber_relationship`, `subscriber_ss`,`subscriber_DOB`, `subscriber_street`, `subscriber_postal_code`, `subscriber_city`, `subscriber_state`, `subscriber_country`,`subscriber_phone`, `subscriber_employer`, `subscriber_employer_street`, `subscriber_employer_postal_code`,`subscriber_employer_state`, `subscriber_employer_country`, `subscriber_employer_city`, `copay`, `date`, `pid`,`subscriber_sex`, `accept_assignment`) VALUES('105','tertiary','3362','Incompetent Provider Company','501137412','210421388','WADE','D.','RAMONA','self','215604664','1938-3-23','1673 MapleWay','12334','Oakland','IN','Openemria','(10) 266-7805','OEMR.org','','','IN','Openemria','Oakland','','2011-10-10','36','Female','FALSE');
INSERT INTO `form_encounter` (`id`, `date`, `reason`, `facility`, `facility_id`, `pid`, `encounter`,
     `onset_date`, `sensitivity`, `billing_note`, `pc_catid`, `last_level_billed`, `last_level_closed`, `last_stmt_date`, `stmt_count`,
      `provider_id`, `supervisor_id`, `invoice_refno`, `referral_source`, `billing_facility`) VALUES
    ('207','2017-1-30 15:00:00', 'Test Encounter', 'Your Clinic Name Here', '3','36','207', '0000-00-00 00:00:00', 'normal', 'NULL','3', '0', '0','NULL', '0', '1', '0', '', '', '3');
INSERT INTO `forms` (`id`, `date`, `encounter`, `form_name`, `form_id`, `pid`, `user`, `groupname`, `authorized`, `deleted`, `formdir`) VALUES
    ('207','2017-1-30 15:00:00','207', 'Patient Encounter', '207', '36', 'admin', 'Default', '1', '0', 'patient_encounter');
INSERT INTO `libreehr_postcalendar_events` 
        (`pc_catid`,`pc_multiple`,`pc_aid`,`pc_pid`,`pc_title`,`pc_time`,`pc_hometext`,`pc_comments`,`pc_counter`,`pc_topic`,`pc_informant`,`pc_eventDate`,
        `pc_endDate`,`pc_duration`,`pc_recurrtype`,`pc_recurrspec`,`pc_recurrfreq`,`pc_startTime`,`pc_endTime`,`pc_alldayevent`,`pc_location`,`pc_eventstatus`,
        `pc_sharing`,`pc_apptstatus`,`pc_prefcatid`,`pc_facility`,`pc_billing_location`)VALUES
        ( 1,206,'1','36','Office Visit','2017-1-30 15:00:00','Clinical Appointment',0,0,1,'1',
        '2017-1-30 15:00:00','0000-00-00',900,0,
        'a:6:{s:17:"event_repeat_freq";s:1:"0";s:22:"event_repeat_freq_type";s:1:"0";s:19:"event_repeat_on_num";s:1:"1";s:19:"event_repeat_on_day";s:1:"0";s:20:"event_repeat_on_freq";s:1:"0";s:6:"exdate";s:0:"";}',
        0,'15:00:00','15:15:00',0,
        'a:6:{s:14:"event_location";s:0:"";s:13:"event_street1";s:0:"";s:13:"event_street2";s:0:"";s:10:"event_city";s:0:"";s:11:"event_state";s:0:"";s:12:"event_postal";s:0:"";}',
        1,1,'-',0,1,1);
INSERT INTO `form_encounter` (`id`, `date`, `reason`, `facility`, `facility_id`, `pid`, `encounter`,
     `onset_date`, `sensitivity`, `billing_note`, `pc_catid`, `last_level_billed`, `last_level_closed`, `last_stmt_date`, `stmt_count`,
      `provider_id`, `supervisor_id`, `invoice_refno`, `referral_source`, `billing_facility`) VALUES
    ('208','2017-3-1 12:30:00', 'Test Encounter', 'Your Clinic Name Here', '3','36','208', '0000-00-00 00:00:00', 'normal', 'NULL','9', '0', '0','NULL', '0', '1', '0', '', '', '3');
INSERT INTO `forms` (`id`, `date`, `encounter`, `form_name`, `form_id`, `pid`, `user`, `groupname`, `authorized`, `deleted`, `formdir`) VALUES
    ('208','2017-3-1 12:30:00','208', 'Patient Encounter', '208', '36', 'admin', 'Default', '1', '0', 'patient_encounter');
INSERT INTO `libreehr_postcalendar_events` 
        (`pc_catid`,`pc_multiple`,`pc_aid`,`pc_pid`,`pc_title`,`pc_time`,`pc_hometext`,`pc_comments`,`pc_counter`,`pc_topic`,`pc_informant`,`pc_eventDate`,
        `pc_endDate`,`pc_duration`,`pc_recurrtype`,`pc_recurrspec`,`pc_recurrfreq`,`pc_startTime`,`pc_endTime`,`pc_alldayevent`,`pc_location`,`pc_eventstatus`,
        `pc_sharing`,`pc_apptstatus`,`pc_prefcatid`,`pc_facility`,`pc_billing_location`)VALUES
        ( 1,207,'1','36','Office Visit','2017-3-1 12:30:00','Clinical Appointment',0,0,1,'1',
        '2017-3-1 12:30:00','0000-00-00',900,0,
        'a:6:{s:17:"event_repeat_freq";s:1:"0";s:22:"event_repeat_freq_type";s:1:"0";s:19:"event_repeat_on_num";s:1:"1";s:19:"event_repeat_on_day";s:1:"0";s:20:"event_repeat_on_freq";s:1:"0";s:6:"exdate";s:0:"";}',
        0,'12:30:00','12:45:00',0,
        'a:6:{s:14:"event_location";s:0:"";s:13:"event_street1";s:0:"";s:13:"event_street2";s:0:"";s:10:"event_city";s:0:"";s:11:"event_state";s:0:"";s:12:"event_postal";s:0:"";}',
        1,1,'-',0,1,1);
INSERT INTO `form_encounter` (`id`, `date`, `reason`, `facility`, `facility_id`, `pid`, `encounter`,
     `onset_date`, `sensitivity`, `billing_note`, `pc_catid`, `last_level_billed`, `last_level_closed`, `last_stmt_date`, `stmt_count`,
      `provider_id`, `supervisor_id`, `invoice_refno`, `referral_source`, `billing_facility`) VALUES
    ('209','2017-3-31 13:00:00', 'Test Encounter', 'Your Clinic Name Here', '3','36','209', '0000-00-00 00:00:00', 'normal', 'NULL','6', '0', '0','NULL', '0', '1', '0', '', '', '3');
INSERT INTO `forms` (`id`, `date`, `encounter`, `form_name`, `form_id`, `pid`, `user`, `groupname`, `authorized`, `deleted`, `formdir`) VALUES
    ('209','2017-3-31 13:00:00','209', 'Patient Encounter', '209', '36', 'admin', 'Default', '1', '0', 'patient_encounter');
INSERT INTO `libreehr_postcalendar_events` 
        (`pc_catid`,`pc_multiple`,`pc_aid`,`pc_pid`,`pc_title`,`pc_time`,`pc_hometext`,`pc_comments`,`pc_counter`,`pc_topic`,`pc_informant`,`pc_eventDate`,
        `pc_endDate`,`pc_duration`,`pc_recurrtype`,`pc_recurrspec`,`pc_recurrfreq`,`pc_startTime`,`pc_endTime`,`pc_alldayevent`,`pc_location`,`pc_eventstatus`,
        `pc_sharing`,`pc_apptstatus`,`pc_prefcatid`,`pc_facility`,`pc_billing_location`)VALUES
        ( 1,208,'1','36','Office Visit','2017-3-31 13:00:00','Clinical Appointment',0,0,1,'1',
        '2017-3-31 13:00:00','0000-00-00',900,0,
        'a:6:{s:17:"event_repeat_freq";s:1:"0";s:22:"event_repeat_freq_type";s:1:"0";s:19:"event_repeat_on_num";s:1:"1";s:19:"event_repeat_on_day";s:1:"0";s:20:"event_repeat_on_freq";s:1:"0";s:6:"exdate";s:0:"";}',
        0,'13:00:00','13:15:00',0,
        'a:6:{s:14:"event_location";s:0:"";s:13:"event_street1";s:0:"";s:13:"event_street2";s:0:"";s:10:"event_city";s:0:"";s:11:"event_state";s:0:"";s:12:"event_postal";s:0:"";}',
        1,1,'-',0,1,1);
INSERT INTO `form_encounter` (`id`, `date`, `reason`, `facility`, `facility_id`, `pid`, `encounter`,
     `onset_date`, `sensitivity`, `billing_note`, `pc_catid`, `last_level_billed`, `last_level_closed`, `last_stmt_date`, `stmt_count`,
      `provider_id`, `supervisor_id`, `invoice_refno`, `referral_source`, `billing_facility`) VALUES
    ('210','2017-4-30 16:00:00', 'Test Encounter', 'Your Clinic Name Here', '3','36','210', '0000-00-00 00:00:00', 'normal', 'NULL','5', '0', '0','NULL', '0', '1', '0', '', '', '3');
INSERT INTO `forms` (`id`, `date`, `encounter`, `form_name`, `form_id`, `pid`, `user`, `groupname`, `authorized`, `deleted`, `formdir`) VALUES
    ('210','2017-4-30 16:00:00','210', 'Patient Encounter', '210', '36', 'admin', 'Default', '1', '0', 'patient_encounter');
INSERT INTO `libreehr_postcalendar_events` 
        (`pc_catid`,`pc_multiple`,`pc_aid`,`pc_pid`,`pc_title`,`pc_time`,`pc_hometext`,`pc_comments`,`pc_counter`,`pc_topic`,`pc_informant`,`pc_eventDate`,
        `pc_endDate`,`pc_duration`,`pc_recurrtype`,`pc_recurrspec`,`pc_recurrfreq`,`pc_startTime`,`pc_endTime`,`pc_alldayevent`,`pc_location`,`pc_eventstatus`,
        `pc_sharing`,`pc_apptstatus`,`pc_prefcatid`,`pc_facility`,`pc_billing_location`)VALUES
        ( 1,209,'1','36','Office Visit','2017-4-30 16:00:00','Clinical Appointment',0,0,1,'1',
        '2017-4-30 16:00:00','0000-00-00',900,0,
        'a:6:{s:17:"event_repeat_freq";s:1:"0";s:22:"event_repeat_freq_type";s:1:"0";s:19:"event_repeat_on_num";s:1:"1";s:19:"event_repeat_on_day";s:1:"0";s:20:"event_repeat_on_freq";s:1:"0";s:6:"exdate";s:0:"";}',
        0,'16:00:00','16:15:00',0,
        'a:6:{s:14:"event_location";s:0:"";s:13:"event_street1";s:0:"";s:13:"event_street2";s:0:"";s:10:"event_city";s:0:"";s:11:"event_state";s:0:"";s:12:"event_postal";s:0:"";}',
        1,1,'-',0,1,1);
INSERT INTO `form_encounter` (`id`, `date`, `reason`, `facility`, `facility_id`, `pid`, `encounter`,
     `onset_date`, `sensitivity`, `billing_note`, `pc_catid`, `last_level_billed`, `last_level_closed`, `last_stmt_date`, `stmt_count`,
      `provider_id`, `supervisor_id`, `invoice_refno`, `referral_source`, `billing_facility`) VALUES
    ('211','2017-5-30 13:15:00', 'Test Encounter', 'Your Clinic Name Here', '3','36','211', '0000-00-00 00:00:00', 'normal', 'NULL','8', '0', '0','NULL', '0', '1', '0', '', '', '3');
INSERT INTO `forms` (`id`, `date`, `encounter`, `form_name`, `form_id`, `pid`, `user`, `groupname`, `authorized`, `deleted`, `formdir`) VALUES
    ('211','2017-5-30 13:15:00','211', 'Patient Encounter', '211', '36', 'admin', 'Default', '1', '0', 'patient_encounter');
INSERT INTO `libreehr_postcalendar_events` 
        (`pc_catid`,`pc_multiple`,`pc_aid`,`pc_pid`,`pc_title`,`pc_time`,`pc_hometext`,`pc_comments`,`pc_counter`,`pc_topic`,`pc_informant`,`pc_eventDate`,
        `pc_endDate`,`pc_duration`,`pc_recurrtype`,`pc_recurrspec`,`pc_recurrfreq`,`pc_startTime`,`pc_endTime`,`pc_alldayevent`,`pc_location`,`pc_eventstatus`,
        `pc_sharing`,`pc_apptstatus`,`pc_prefcatid`,`pc_facility`,`pc_billing_location`)VALUES
        ( 1,210,'1','36','Office Visit','2017-5-30 13:15:00','Clinical Appointment',0,0,1,'1',
        '2017-5-30 13:15:00','0000-00-00',900,0,
        'a:6:{s:17:"event_repeat_freq";s:1:"0";s:22:"event_repeat_freq_type";s:1:"0";s:19:"event_repeat_on_num";s:1:"1";s:19:"event_repeat_on_day";s:1:"0";s:20:"event_repeat_on_freq";s:1:"0";s:6:"exdate";s:0:"";}',
        0,'13:15:00','13:30:00',0,
        'a:6:{s:14:"event_location";s:0:"";s:13:"event_street1";s:0:"";s:13:"event_street2";s:0:"";s:10:"event_city";s:0:"";s:11:"event_state";s:0:"";s:12:"event_postal";s:0:"";}',
        1,1,'-',0,1,1);
INSERT INTO `form_encounter` (`id`, `date`, `reason`, `facility`, `facility_id`, `pid`, `encounter`,
     `onset_date`, `sensitivity`, `billing_note`, `pc_catid`, `last_level_billed`, `last_level_closed`, `last_stmt_date`, `stmt_count`,
      `provider_id`, `supervisor_id`, `invoice_refno`, `referral_source`, `billing_facility`) VALUES
    ('212','2017-6-29 13:00:00', 'Test Encounter', 'Your Clinic Name Here', '3','36','212', '0000-00-00 00:00:00', 'normal', 'NULL','2', '0', '0','NULL', '0', '1', '0', '', '', '3');
INSERT INTO `forms` (`id`, `date`, `encounter`, `form_name`, `form_id`, `pid`, `user`, `groupname`, `authorized`, `deleted`, `formdir`) VALUES
    ('212','2017-6-29 13:00:00','212', 'Patient Encounter', '212', '36', 'admin', 'Default', '1', '0', 'patient_encounter');
INSERT INTO `libreehr_postcalendar_events` 
        (`pc_catid`,`pc_multiple`,`pc_aid`,`pc_pid`,`pc_title`,`pc_time`,`pc_hometext`,`pc_comments`,`pc_counter`,`pc_topic`,`pc_informant`,`pc_eventDate`,
        `pc_endDate`,`pc_duration`,`pc_recurrtype`,`pc_recurrspec`,`pc_recurrfreq`,`pc_startTime`,`pc_endTime`,`pc_alldayevent`,`pc_location`,`pc_eventstatus`,
        `pc_sharing`,`pc_apptstatus`,`pc_prefcatid`,`pc_facility`,`pc_billing_location`)VALUES
        ( 1,211,'1','36','Office Visit','2017-6-29 13:00:00','Clinical Appointment',0,0,1,'1',
        '2017-6-29 13:00:00','0000-00-00',900,0,
        'a:6:{s:17:"event_repeat_freq";s:1:"0";s:22:"event_repeat_freq_type";s:1:"0";s:19:"event_repeat_on_num";s:1:"1";s:19:"event_repeat_on_day";s:1:"0";s:20:"event_repeat_on_freq";s:1:"0";s:6:"exdate";s:0:"";}',
        0,'13:00:00','13:15:00',0,
        'a:6:{s:14:"event_location";s:0:"";s:13:"event_street1";s:0:"";s:13:"event_street2";s:0:"";s:10:"event_city";s:0:"";s:11:"event_state";s:0:"";s:12:"event_postal";s:0:"";}',
        1,1,'-',0,1,1);
INSERT INTO `form_encounter` (`id`, `date`, `reason`, `facility`, `facility_id`, `pid`, `encounter`,
     `onset_date`, `sensitivity`, `billing_note`, `pc_catid`, `last_level_billed`, `last_level_closed`, `last_stmt_date`, `stmt_count`,
      `provider_id`, `supervisor_id`, `invoice_refno`, `referral_source`, `billing_facility`) VALUES
    ('213','2017-7-29 13:00:00', 'Test Encounter', 'Your Clinic Name Here', '3','36','213', '0000-00-00 00:00:00', 'normal', 'NULL','8', '0', '0','NULL', '0', '1', '0', '', '', '3');
INSERT INTO `forms` (`id`, `date`, `encounter`, `form_name`, `form_id`, `pid`, `user`, `groupname`, `authorized`, `deleted`, `formdir`) VALUES
    ('213','2017-7-29 13:00:00','213', 'Patient Encounter', '213', '36', 'admin', 'Default', '1', '0', 'patient_encounter');
INSERT INTO `libreehr_postcalendar_events` 
        (`pc_catid`,`pc_multiple`,`pc_aid`,`pc_pid`,`pc_title`,`pc_time`,`pc_hometext`,`pc_comments`,`pc_counter`,`pc_topic`,`pc_informant`,`pc_eventDate`,
        `pc_endDate`,`pc_duration`,`pc_recurrtype`,`pc_recurrspec`,`pc_recurrfreq`,`pc_startTime`,`pc_endTime`,`pc_alldayevent`,`pc_location`,`pc_eventstatus`,
        `pc_sharing`,`pc_apptstatus`,`pc_prefcatid`,`pc_facility`,`pc_billing_location`)VALUES
        ( 1,212,'1','36','Office Visit','2017-7-29 13:00:00','Clinical Appointment',0,0,1,'1',
        '2017-7-29 13:00:00','0000-00-00',900,0,
        'a:6:{s:17:"event_repeat_freq";s:1:"0";s:22:"event_repeat_freq_type";s:1:"0";s:19:"event_repeat_on_num";s:1:"1";s:19:"event_repeat_on_day";s:1:"0";s:20:"event_repeat_on_freq";s:1:"0";s:6:"exdate";s:0:"";}',
        0,'13:00:00','13:15:00',0,
        'a:6:{s:14:"event_location";s:0:"";s:13:"event_street1";s:0:"";s:13:"event_street2";s:0:"";s:10:"event_city";s:0:"";s:11:"event_state";s:0:"";s:12:"event_postal";s:0:"";}',
        1,1,'-',0,1,1);
INSERT INTO `form_encounter` (`id`, `date`, `reason`, `facility`, `facility_id`, `pid`, `encounter`,
     `onset_date`, `sensitivity`, `billing_note`, `pc_catid`, `last_level_billed`, `last_level_closed`, `last_stmt_date`, `stmt_count`,
      `provider_id`, `supervisor_id`, `invoice_refno`, `referral_source`, `billing_facility`) VALUES
    ('214','2017-8-28 14:00:00', 'Test Encounter', 'Your Clinic Name Here', '3','36','214', '0000-00-00 00:00:00', 'normal', 'NULL','2', '0', '0','NULL', '0', '1', '0', '', '', '3');
INSERT INTO `forms` (`id`, `date`, `encounter`, `form_name`, `form_id`, `pid`, `user`, `groupname`, `authorized`, `deleted`, `formdir`) VALUES
    ('214','2017-8-28 14:00:00','214', 'Patient Encounter', '214', '36', 'admin', 'Default', '1', '0', 'patient_encounter');
INSERT INTO `libreehr_postcalendar_events` 
        (`pc_catid`,`pc_multiple`,`pc_aid`,`pc_pid`,`pc_title`,`pc_time`,`pc_hometext`,`pc_comments`,`pc_counter`,`pc_topic`,`pc_informant`,`pc_eventDate`,
        `pc_endDate`,`pc_duration`,`pc_recurrtype`,`pc_recurrspec`,`pc_recurrfreq`,`pc_startTime`,`pc_endTime`,`pc_alldayevent`,`pc_location`,`pc_eventstatus`,
        `pc_sharing`,`pc_apptstatus`,`pc_prefcatid`,`pc_facility`,`pc_billing_location`)VALUES
        ( 1,213,'1','36','Office Visit','2017-8-28 14:00:00','Clinical Appointment',0,0,1,'1',
        '2017-8-28 14:00:00','0000-00-00',900,0,
        'a:6:{s:17:"event_repeat_freq";s:1:"0";s:22:"event_repeat_freq_type";s:1:"0";s:19:"event_repeat_on_num";s:1:"1";s:19:"event_repeat_on_day";s:1:"0";s:20:"event_repeat_on_freq";s:1:"0";s:6:"exdate";s:0:"";}',
        0,'14:00:00','14:15:00',0,
        'a:6:{s:14:"event_location";s:0:"";s:13:"event_street1";s:0:"";s:13:"event_street2";s:0:"";s:10:"event_city";s:0:"";s:11:"event_state";s:0:"";s:12:"event_postal";s:0:"";}',
        1,1,'-',0,1,1);
INSERT INTO `form_encounter` (`id`, `date`, `reason`, `facility`, `facility_id`, `pid`, `encounter`,
     `onset_date`, `sensitivity`, `billing_note`, `pc_catid`, `last_level_billed`, `last_level_closed`, `last_stmt_date`, `stmt_count`,
      `provider_id`, `supervisor_id`, `invoice_refno`, `referral_source`, `billing_facility`) VALUES
    ('215','2017-9-27 16:00:00', 'Test Encounter', 'Your Clinic Name Here', '3','36','215', '0000-00-00 00:00:00', 'normal', 'NULL','7', '0', '0','NULL', '0', '1', '0', '', '', '3');
INSERT INTO `forms` (`id`, `date`, `encounter`, `form_name`, `form_id`, `pid`, `user`, `groupname`, `authorized`, `deleted`, `formdir`) VALUES
    ('215','2017-9-27 16:00:00','215', 'Patient Encounter', '215', '36', 'admin', 'Default', '1', '0', 'patient_encounter');
INSERT INTO `libreehr_postcalendar_events` 
        (`pc_catid`,`pc_multiple`,`pc_aid`,`pc_pid`,`pc_title`,`pc_time`,`pc_hometext`,`pc_comments`,`pc_counter`,`pc_topic`,`pc_informant`,`pc_eventDate`,
        `pc_endDate`,`pc_duration`,`pc_recurrtype`,`pc_recurrspec`,`pc_recurrfreq`,`pc_startTime`,`pc_endTime`,`pc_alldayevent`,`pc_location`,`pc_eventstatus`,
        `pc_sharing`,`pc_apptstatus`,`pc_prefcatid`,`pc_facility`,`pc_billing_location`)VALUES
        ( 1,214,'1','36','Office Visit','2017-9-27 16:00:00','Clinical Appointment',0,0,1,'1',
        '2017-9-27 16:00:00','0000-00-00',900,0,
        'a:6:{s:17:"event_repeat_freq";s:1:"0";s:22:"event_repeat_freq_type";s:1:"0";s:19:"event_repeat_on_num";s:1:"1";s:19:"event_repeat_on_day";s:1:"0";s:20:"event_repeat_on_freq";s:1:"0";s:6:"exdate";s:0:"";}',
        0,'16:00:00','16:15:00',0,
        'a:6:{s:14:"event_location";s:0:"";s:13:"event_street1";s:0:"";s:13:"event_street2";s:0:"";s:10:"event_city";s:0:"";s:11:"event_state";s:0:"";s:12:"event_postal";s:0:"";}',
        1,1,'-',0,1,1);
INSERT INTO `patient_data` (`title`, `language`, `financial`, `fname`, `lname`, `mname`, `DOB`,`street`, `postal_code`, `city`, `state`,  `drivers_license`, `ss`,`occupation`, `phone_home`, `phone_biz`, `phone_contact`, `phone_cell`,`status`, `contact_relationship`, `date`, `sex`, `referrer`, `referrerID`,`providerID`, `email`, `ethnoracial`, `interpretter`, `migrantseasonal`,`family_size`, `monthly_income`, `homeless`, `financial_review`, `pubpid`,`pid`, `genericname1`, `genericval1`, `genericname2`, `genericval2`) VALUES
 ('Mr.','English','','FLOYD','HUDSON','I.','1967-3-8','9658 PecanHwy','72441','Cleveland','VA','920573005','235748099',' ','(759) 170-7170','(759) 170-7170','(759) 170-7170','(759) 170-7170','single','Friend','2003-11-17 12:06:00','Male','NATHAN LUCAS','1','1','FLOYD@LibreEHR.org','Americano',' ',' ','4','9320',' ','000-00-00 00:00:00','37','37',' ',' ',' ',' ');
INSERT INTO `insurance_data` (`id`, `type`, `provider`, `plan_name`, `policy_number`,`group_number`, `subscriber_lname`, `subscriber_mname`, `subscriber_fname`, `subscriber_relationship`, `subscriber_ss`,`subscriber_DOB`, `subscriber_street`, `subscriber_postal_code`, `subscriber_city`, `subscriber_state`, `subscriber_country`,`subscriber_phone`, `subscriber_employer`, `subscriber_employer_street`, `subscriber_employer_postal_code`,`subscriber_employer_state`, `subscriber_employer_country`, `subscriber_employer_city`, `copay`, `date`, `pid`,`subscriber_sex`, `accept_assignment`) VALUES('106','primary','0','0','563501550','637987147','HUDSON','I.','FLOYD','self','235748099','1967-3-8','9658 PecanHwy','72441','Cleveland','VA','Openemria','(759) 170-7170','OEMR.org','','','VA','Openemria','Cleveland','','2011-10-10','37','Male','TRUE');
INSERT INTO `insurance_data` (`id`, `type`, `provider`, `plan_name`, `policy_number`,`group_number`, `subscriber_lname`, `subscriber_mname`, `subscriber_fname`, `subscriber_relationship`, `subscriber_ss`,`subscriber_DOB`, `subscriber_street`, `subscriber_postal_code`, `subscriber_city`, `subscriber_state`, `subscriber_country`,`subscriber_phone`, `subscriber_employer`, `subscriber_employer_street`, `subscriber_employer_postal_code`,`subscriber_employer_state`, `subscriber_employer_country`, `subscriber_employer_city`, `copay`, `date`, `pid`,`subscriber_sex`, `accept_assignment`) VALUES('107','secondary','3362','Incompetent Provider Company','929423357','578012352','HUDSON','I.','FLOYD','self','235748099','1967-3-8','9658 PecanHwy','72441','Cleveland','VA','Openemria','(759) 170-7170','OEMR.org','','','VA','Openemria','Cleveland','','2011-10-10','37','Male','FALSE');
INSERT INTO `insurance_data` (`id`, `type`, `provider`, `plan_name`, `policy_number`,`group_number`, `subscriber_lname`, `subscriber_mname`, `subscriber_fname`, `subscriber_relationship`, `subscriber_ss`,`subscriber_DOB`, `subscriber_street`, `subscriber_postal_code`, `subscriber_city`, `subscriber_state`, `subscriber_country`,`subscriber_phone`, `subscriber_employer`, `subscriber_employer_street`, `subscriber_employer_postal_code`,`subscriber_employer_state`, `subscriber_employer_country`, `subscriber_employer_city`, `copay`, `date`, `pid`,`subscriber_sex`, `accept_assignment`) VALUES('108','tertiary','0','0','576106331','239669671','HUDSON','I.','FLOYD','self','235748099','1967-3-8','9658 PecanHwy','72441','Cleveland','VA','Openemria','(759) 170-7170','OEMR.org','','','VA','Openemria','Cleveland','','2011-10-10','37','Male','FALSE');
INSERT INTO `form_encounter` (`id`, `date`, `reason`, `facility`, `facility_id`, `pid`, `encounter`,
     `onset_date`, `sensitivity`, `billing_note`, `pc_catid`, `last_level_billed`, `last_level_closed`, `last_stmt_date`, `stmt_count`,
      `provider_id`, `supervisor_id`, `invoice_refno`, `referral_source`, `billing_facility`) VALUES
    ('216','2017-5-30 10:00:00', 'Test Encounter', 'Your Clinic Name Here', '3','37','216', '0000-00-00 00:00:00', 'normal', 'NULL','7', '0', '0','NULL', '0', '1', '0', '', '', '3');
INSERT INTO `forms` (`id`, `date`, `encounter`, `form_name`, `form_id`, `pid`, `user`, `groupname`, `authorized`, `deleted`, `formdir`) VALUES
    ('216','2017-5-30 10:00:00','216', 'Patient Encounter', '216', '37', 'admin', 'Default', '1', '0', 'patient_encounter');
INSERT INTO `libreehr_postcalendar_events` 
        (`pc_catid`,`pc_multiple`,`pc_aid`,`pc_pid`,`pc_title`,`pc_time`,`pc_hometext`,`pc_comments`,`pc_counter`,`pc_topic`,`pc_informant`,`pc_eventDate`,
        `pc_endDate`,`pc_duration`,`pc_recurrtype`,`pc_recurrspec`,`pc_recurrfreq`,`pc_startTime`,`pc_endTime`,`pc_alldayevent`,`pc_location`,`pc_eventstatus`,
        `pc_sharing`,`pc_apptstatus`,`pc_prefcatid`,`pc_facility`,`pc_billing_location`)VALUES
        ( 1,215,'1','37','Office Visit','2017-5-30 10:00:00','Clinical Appointment',0,0,1,'1',
        '2017-5-30 10:00:00','0000-00-00',900,0,
        'a:6:{s:17:"event_repeat_freq";s:1:"0";s:22:"event_repeat_freq_type";s:1:"0";s:19:"event_repeat_on_num";s:1:"1";s:19:"event_repeat_on_day";s:1:"0";s:20:"event_repeat_on_freq";s:1:"0";s:6:"exdate";s:0:"";}',
        0,'10:00:00','10:15:00',0,
        'a:6:{s:14:"event_location";s:0:"";s:13:"event_street1";s:0:"";s:13:"event_street2";s:0:"";s:10:"event_city";s:0:"";s:11:"event_state";s:0:"";s:12:"event_postal";s:0:"";}',
        1,1,'-',0,1,1);
INSERT INTO `form_encounter` (`id`, `date`, `reason`, `facility`, `facility_id`, `pid`, `encounter`,
     `onset_date`, `sensitivity`, `billing_note`, `pc_catid`, `last_level_billed`, `last_level_closed`, `last_stmt_date`, `stmt_count`,
      `provider_id`, `supervisor_id`, `invoice_refno`, `referral_source`, `billing_facility`) VALUES
    ('217','2017-6-29 16:15:00', 'Test Encounter', 'Your Clinic Name Here', '3','37','217', '0000-00-00 00:00:00', 'normal', 'NULL','7', '0', '0','NULL', '0', '1', '0', '', '', '3');
INSERT INTO `forms` (`id`, `date`, `encounter`, `form_name`, `form_id`, `pid`, `user`, `groupname`, `authorized`, `deleted`, `formdir`) VALUES
    ('217','2017-6-29 16:15:00','217', 'Patient Encounter', '217', '37', 'admin', 'Default', '1', '0', 'patient_encounter');
INSERT INTO `libreehr_postcalendar_events` 
        (`pc_catid`,`pc_multiple`,`pc_aid`,`pc_pid`,`pc_title`,`pc_time`,`pc_hometext`,`pc_comments`,`pc_counter`,`pc_topic`,`pc_informant`,`pc_eventDate`,
        `pc_endDate`,`pc_duration`,`pc_recurrtype`,`pc_recurrspec`,`pc_recurrfreq`,`pc_startTime`,`pc_endTime`,`pc_alldayevent`,`pc_location`,`pc_eventstatus`,
        `pc_sharing`,`pc_apptstatus`,`pc_prefcatid`,`pc_facility`,`pc_billing_location`)VALUES
        ( 1,216,'1','37','Office Visit','2017-6-29 16:15:00','Clinical Appointment',0,0,1,'1',
        '2017-6-29 16:15:00','0000-00-00',900,0,
        'a:6:{s:17:"event_repeat_freq";s:1:"0";s:22:"event_repeat_freq_type";s:1:"0";s:19:"event_repeat_on_num";s:1:"1";s:19:"event_repeat_on_day";s:1:"0";s:20:"event_repeat_on_freq";s:1:"0";s:6:"exdate";s:0:"";}',
        0,'16:15:00','16:30:00',0,
        'a:6:{s:14:"event_location";s:0:"";s:13:"event_street1";s:0:"";s:13:"event_street2";s:0:"";s:10:"event_city";s:0:"";s:11:"event_state";s:0:"";s:12:"event_postal";s:0:"";}',
        1,1,'-',0,1,1);
INSERT INTO `form_encounter` (`id`, `date`, `reason`, `facility`, `facility_id`, `pid`, `encounter`,
     `onset_date`, `sensitivity`, `billing_note`, `pc_catid`, `last_level_billed`, `last_level_closed`, `last_stmt_date`, `stmt_count`,
      `provider_id`, `supervisor_id`, `invoice_refno`, `referral_source`, `billing_facility`) VALUES
    ('218','2017-7-29 15:30:00', 'Test Encounter', 'Your Clinic Name Here', '3','37','218', '0000-00-00 00:00:00', 'normal', 'NULL','9', '0', '0','NULL', '0', '1', '0', '', '', '3');
INSERT INTO `forms` (`id`, `date`, `encounter`, `form_name`, `form_id`, `pid`, `user`, `groupname`, `authorized`, `deleted`, `formdir`) VALUES
    ('218','2017-7-29 15:30:00','218', 'Patient Encounter', '218', '37', 'admin', 'Default', '1', '0', 'patient_encounter');
INSERT INTO `libreehr_postcalendar_events` 
        (`pc_catid`,`pc_multiple`,`pc_aid`,`pc_pid`,`pc_title`,`pc_time`,`pc_hometext`,`pc_comments`,`pc_counter`,`pc_topic`,`pc_informant`,`pc_eventDate`,
        `pc_endDate`,`pc_duration`,`pc_recurrtype`,`pc_recurrspec`,`pc_recurrfreq`,`pc_startTime`,`pc_endTime`,`pc_alldayevent`,`pc_location`,`pc_eventstatus`,
        `pc_sharing`,`pc_apptstatus`,`pc_prefcatid`,`pc_facility`,`pc_billing_location`)VALUES
        ( 1,217,'1','37','Office Visit','2017-7-29 15:30:00','Clinical Appointment',0,0,1,'1',
        '2017-7-29 15:30:00','0000-00-00',900,0,
        'a:6:{s:17:"event_repeat_freq";s:1:"0";s:22:"event_repeat_freq_type";s:1:"0";s:19:"event_repeat_on_num";s:1:"1";s:19:"event_repeat_on_day";s:1:"0";s:20:"event_repeat_on_freq";s:1:"0";s:6:"exdate";s:0:"";}',
        0,'15:30:00','15:45:00',0,
        'a:6:{s:14:"event_location";s:0:"";s:13:"event_street1";s:0:"";s:13:"event_street2";s:0:"";s:10:"event_city";s:0:"";s:11:"event_state";s:0:"";s:12:"event_postal";s:0:"";}',
        1,1,'-',0,1,1);
INSERT INTO `form_encounter` (`id`, `date`, `reason`, `facility`, `facility_id`, `pid`, `encounter`,
     `onset_date`, `sensitivity`, `billing_note`, `pc_catid`, `last_level_billed`, `last_level_closed`, `last_stmt_date`, `stmt_count`,
      `provider_id`, `supervisor_id`, `invoice_refno`, `referral_source`, `billing_facility`) VALUES
    ('219','2017-8-28 14:15:00', 'Test Encounter', 'Your Clinic Name Here', '3','37','219', '0000-00-00 00:00:00', 'normal', 'NULL','8', '0', '0','NULL', '0', '1', '0', '', '', '3');
INSERT INTO `forms` (`id`, `date`, `encounter`, `form_name`, `form_id`, `pid`, `user`, `groupname`, `authorized`, `deleted`, `formdir`) VALUES
    ('219','2017-8-28 14:15:00','219', 'Patient Encounter', '219', '37', 'admin', 'Default', '1', '0', 'patient_encounter');
INSERT INTO `libreehr_postcalendar_events` 
        (`pc_catid`,`pc_multiple`,`pc_aid`,`pc_pid`,`pc_title`,`pc_time`,`pc_hometext`,`pc_comments`,`pc_counter`,`pc_topic`,`pc_informant`,`pc_eventDate`,
        `pc_endDate`,`pc_duration`,`pc_recurrtype`,`pc_recurrspec`,`pc_recurrfreq`,`pc_startTime`,`pc_endTime`,`pc_alldayevent`,`pc_location`,`pc_eventstatus`,
        `pc_sharing`,`pc_apptstatus`,`pc_prefcatid`,`pc_facility`,`pc_billing_location`)VALUES
        ( 1,218,'1','37','Office Visit','2017-8-28 14:15:00','Clinical Appointment',0,0,1,'1',
        '2017-8-28 14:15:00','0000-00-00',900,0,
        'a:6:{s:17:"event_repeat_freq";s:1:"0";s:22:"event_repeat_freq_type";s:1:"0";s:19:"event_repeat_on_num";s:1:"1";s:19:"event_repeat_on_day";s:1:"0";s:20:"event_repeat_on_freq";s:1:"0";s:6:"exdate";s:0:"";}',
        0,'14:15:00','14:30:00',0,
        'a:6:{s:14:"event_location";s:0:"";s:13:"event_street1";s:0:"";s:13:"event_street2";s:0:"";s:10:"event_city";s:0:"";s:11:"event_state";s:0:"";s:12:"event_postal";s:0:"";}',
        1,1,'-',0,1,1);
INSERT INTO `form_encounter` (`id`, `date`, `reason`, `facility`, `facility_id`, `pid`, `encounter`,
     `onset_date`, `sensitivity`, `billing_note`, `pc_catid`, `last_level_billed`, `last_level_closed`, `last_stmt_date`, `stmt_count`,
      `provider_id`, `supervisor_id`, `invoice_refno`, `referral_source`, `billing_facility`) VALUES
    ('220','2017-9-27 14:30:00', 'Test Encounter', 'Your Clinic Name Here', '3','37','220', '0000-00-00 00:00:00', 'normal', 'NULL','10', '0', '0','NULL', '0', '1', '0', '', '', '3');
INSERT INTO `forms` (`id`, `date`, `encounter`, `form_name`, `form_id`, `pid`, `user`, `groupname`, `authorized`, `deleted`, `formdir`) VALUES
    ('220','2017-9-27 14:30:00','220', 'Patient Encounter', '220', '37', 'admin', 'Default', '1', '0', 'patient_encounter');
INSERT INTO `libreehr_postcalendar_events` 
        (`pc_catid`,`pc_multiple`,`pc_aid`,`pc_pid`,`pc_title`,`pc_time`,`pc_hometext`,`pc_comments`,`pc_counter`,`pc_topic`,`pc_informant`,`pc_eventDate`,
        `pc_endDate`,`pc_duration`,`pc_recurrtype`,`pc_recurrspec`,`pc_recurrfreq`,`pc_startTime`,`pc_endTime`,`pc_alldayevent`,`pc_location`,`pc_eventstatus`,
        `pc_sharing`,`pc_apptstatus`,`pc_prefcatid`,`pc_facility`,`pc_billing_location`)VALUES
        ( 1,219,'1','37','Office Visit','2017-9-27 14:30:00','Clinical Appointment',0,0,1,'1',
        '2017-9-27 14:30:00','0000-00-00',900,0,
        'a:6:{s:17:"event_repeat_freq";s:1:"0";s:22:"event_repeat_freq_type";s:1:"0";s:19:"event_repeat_on_num";s:1:"1";s:19:"event_repeat_on_day";s:1:"0";s:20:"event_repeat_on_freq";s:1:"0";s:6:"exdate";s:0:"";}',
        0,'14:30:00','14:45:00',0,
        'a:6:{s:14:"event_location";s:0:"";s:13:"event_street1";s:0:"";s:13:"event_street2";s:0:"";s:10:"event_city";s:0:"";s:11:"event_state";s:0:"";s:12:"event_postal";s:0:"";}',
        1,1,'-',0,1,1);
INSERT INTO `patient_data` (`title`, `language`, `financial`, `fname`, `lname`, `mname`, `DOB`,`street`, `postal_code`, `city`, `state`,  `drivers_license`, `ss`,`occupation`, `phone_home`, `phone_biz`, `phone_contact`, `phone_cell`,`status`, `contact_relationship`, `date`, `sex`, `referrer`, `referrerID`,`providerID`, `email`, `ethnoracial`, `interpretter`, `migrantseasonal`,`family_size`, `monthly_income`, `homeless`, `financial_review`, `pubpid`,`pid`, `genericname1`, `genericval1`, `genericname2`, `genericval2`) VALUES
 ('Mr.','English','','IAN','LITTLE','M.','1962-8-14','6579 22ndBLVD','50178','Mount','MT','301955406','408066713',' ','(68) 550-8019','(68) 550-8019','(68) 550-8019','(68) 550-8019','married','Friend','2003-11-17 12:06:00','Male','WILLARD DOUGLAS','1','1','IAN@LibreEHR.org','Martian',' ',' ','6','2031',' ','000-00-00 00:00:00','38','38',' ',' ',' ',' ');
INSERT INTO `insurance_data` (`id`, `type`, `provider`, `plan_name`, `policy_number`,`group_number`, `subscriber_lname`, `subscriber_mname`, `subscriber_fname`, `subscriber_relationship`, `subscriber_ss`,`subscriber_DOB`, `subscriber_street`, `subscriber_postal_code`, `subscriber_city`, `subscriber_state`, `subscriber_country`,`subscriber_phone`, `subscriber_employer`, `subscriber_employer_street`, `subscriber_employer_postal_code`,`subscriber_employer_state`, `subscriber_employer_country`, `subscriber_employer_city`, `copay`, `date`, `pid`,`subscriber_sex`, `accept_assignment`) VALUES('109','primary','6843','Pink Provider Very LTD.','53978675','939382286','LITTLE','M.','IAN','self','408066713','1962-8-14','6579 22ndBLVD','50178','Mount','MT','Openemria','(68) 550-8019','OEMR.org','','','MT','Openemria','Mount','','2011-10-10','38','Male','TRUE');
INSERT INTO `insurance_data` (`id`, `type`, `provider`, `plan_name`, `policy_number`,`group_number`, `subscriber_lname`, `subscriber_mname`, `subscriber_fname`, `subscriber_relationship`, `subscriber_ss`,`subscriber_DOB`, `subscriber_street`, `subscriber_postal_code`, `subscriber_city`, `subscriber_state`, `subscriber_country`,`subscriber_phone`, `subscriber_employer`, `subscriber_employer_street`, `subscriber_employer_postal_code`,`subscriber_employer_state`, `subscriber_employer_country`, `subscriber_employer_city`, `copay`, `date`, `pid`,`subscriber_sex`, `accept_assignment`) VALUES('110','secondary','8435','Backstreet Helpful Company','357160353','54800630','LITTLE','M.','IAN','self','408066713','1962-8-14','6579 22ndBLVD','50178','Mount','MT','Openemria','(68) 550-8019','OEMR.org','','','MT','Openemria','Mount','','2011-10-10','38','Male','FALSE');
INSERT INTO `insurance_data` (`id`, `type`, `provider`, `plan_name`, `policy_number`,`group_number`, `subscriber_lname`, `subscriber_mname`, `subscriber_fname`, `subscriber_relationship`, `subscriber_ss`,`subscriber_DOB`, `subscriber_street`, `subscriber_postal_code`, `subscriber_city`, `subscriber_state`, `subscriber_country`,`subscriber_phone`, `subscriber_employer`, `subscriber_employer_street`, `subscriber_employer_postal_code`,`subscriber_employer_state`, `subscriber_employer_country`, `subscriber_employer_city`, `copay`, `date`, `pid`,`subscriber_sex`, `accept_assignment`) VALUES('111','tertiary','5612','Violet Group HMO','698829556','605455402','LITTLE','M.','IAN','self','408066713','1962-8-14','6579 22ndBLVD','50178','Mount','MT','Openemria','(68) 550-8019','OEMR.org','','','MT','Openemria','Mount','','2011-10-10','38','Male','TRUE');
INSERT INTO `form_encounter` (`id`, `date`, `reason`, `facility`, `facility_id`, `pid`, `encounter`,
     `onset_date`, `sensitivity`, `billing_note`, `pc_catid`, `last_level_billed`, `last_level_closed`, `last_stmt_date`, `stmt_count`,
      `provider_id`, `supervisor_id`, `invoice_refno`, `referral_source`, `billing_facility`) VALUES
    ('221','2017-5-30 11:15:00', 'Test Encounter', 'Your Clinic Name Here', '3','38','221', '0000-00-00 00:00:00', 'normal', 'NULL','10', '0', '0','NULL', '0', '1', '0', '', '', '3');
INSERT INTO `forms` (`id`, `date`, `encounter`, `form_name`, `form_id`, `pid`, `user`, `groupname`, `authorized`, `deleted`, `formdir`) VALUES
    ('221','2017-5-30 11:15:00','221', 'Patient Encounter', '221', '38', 'admin', 'Default', '1', '0', 'patient_encounter');
INSERT INTO `libreehr_postcalendar_events` 
        (`pc_catid`,`pc_multiple`,`pc_aid`,`pc_pid`,`pc_title`,`pc_time`,`pc_hometext`,`pc_comments`,`pc_counter`,`pc_topic`,`pc_informant`,`pc_eventDate`,
        `pc_endDate`,`pc_duration`,`pc_recurrtype`,`pc_recurrspec`,`pc_recurrfreq`,`pc_startTime`,`pc_endTime`,`pc_alldayevent`,`pc_location`,`pc_eventstatus`,
        `pc_sharing`,`pc_apptstatus`,`pc_prefcatid`,`pc_facility`,`pc_billing_location`)VALUES
        ( 1,220,'1','38','Office Visit','2017-5-30 11:15:00','Clinical Appointment',0,0,1,'1',
        '2017-5-30 11:15:00','0000-00-00',900,0,
        'a:6:{s:17:"event_repeat_freq";s:1:"0";s:22:"event_repeat_freq_type";s:1:"0";s:19:"event_repeat_on_num";s:1:"1";s:19:"event_repeat_on_day";s:1:"0";s:20:"event_repeat_on_freq";s:1:"0";s:6:"exdate";s:0:"";}',
        0,'11:15:00','11:30:00',0,
        'a:6:{s:14:"event_location";s:0:"";s:13:"event_street1";s:0:"";s:13:"event_street2";s:0:"";s:10:"event_city";s:0:"";s:11:"event_state";s:0:"";s:12:"event_postal";s:0:"";}',
        1,1,'-',0,1,1);
INSERT INTO `form_encounter` (`id`, `date`, `reason`, `facility`, `facility_id`, `pid`, `encounter`,
     `onset_date`, `sensitivity`, `billing_note`, `pc_catid`, `last_level_billed`, `last_level_closed`, `last_stmt_date`, `stmt_count`,
      `provider_id`, `supervisor_id`, `invoice_refno`, `referral_source`, `billing_facility`) VALUES
    ('222','2017-6-29 15:15:00', 'Test Encounter', 'Your Clinic Name Here', '3','38','222', '0000-00-00 00:00:00', 'normal', 'NULL','8', '0', '0','NULL', '0', '1', '0', '', '', '3');
INSERT INTO `forms` (`id`, `date`, `encounter`, `form_name`, `form_id`, `pid`, `user`, `groupname`, `authorized`, `deleted`, `formdir`) VALUES
    ('222','2017-6-29 15:15:00','222', 'Patient Encounter', '222', '38', 'admin', 'Default', '1', '0', 'patient_encounter');
INSERT INTO `libreehr_postcalendar_events` 
        (`pc_catid`,`pc_multiple`,`pc_aid`,`pc_pid`,`pc_title`,`pc_time`,`pc_hometext`,`pc_comments`,`pc_counter`,`pc_topic`,`pc_informant`,`pc_eventDate`,
        `pc_endDate`,`pc_duration`,`pc_recurrtype`,`pc_recurrspec`,`pc_recurrfreq`,`pc_startTime`,`pc_endTime`,`pc_alldayevent`,`pc_location`,`pc_eventstatus`,
        `pc_sharing`,`pc_apptstatus`,`pc_prefcatid`,`pc_facility`,`pc_billing_location`)VALUES
        ( 1,221,'1','38','Office Visit','2017-6-29 15:15:00','Clinical Appointment',0,0,1,'1',
        '2017-6-29 15:15:00','0000-00-00',900,0,
        'a:6:{s:17:"event_repeat_freq";s:1:"0";s:22:"event_repeat_freq_type";s:1:"0";s:19:"event_repeat_on_num";s:1:"1";s:19:"event_repeat_on_day";s:1:"0";s:20:"event_repeat_on_freq";s:1:"0";s:6:"exdate";s:0:"";}',
        0,'15:15:00','15:30:00',0,
        'a:6:{s:14:"event_location";s:0:"";s:13:"event_street1";s:0:"";s:13:"event_street2";s:0:"";s:10:"event_city";s:0:"";s:11:"event_state";s:0:"";s:12:"event_postal";s:0:"";}',
        1,1,'-',0,1,1);
INSERT INTO `form_encounter` (`id`, `date`, `reason`, `facility`, `facility_id`, `pid`, `encounter`,
     `onset_date`, `sensitivity`, `billing_note`, `pc_catid`, `last_level_billed`, `last_level_closed`, `last_stmt_date`, `stmt_count`,
      `provider_id`, `supervisor_id`, `invoice_refno`, `referral_source`, `billing_facility`) VALUES
    ('223','2017-7-29 12:15:00', 'Test Encounter', 'Your Clinic Name Here', '3','38','223', '0000-00-00 00:00:00', 'normal', 'NULL','7', '0', '0','NULL', '0', '1', '0', '', '', '3');
INSERT INTO `forms` (`id`, `date`, `encounter`, `form_name`, `form_id`, `pid`, `user`, `groupname`, `authorized`, `deleted`, `formdir`) VALUES
    ('223','2017-7-29 12:15:00','223', 'Patient Encounter', '223', '38', 'admin', 'Default', '1', '0', 'patient_encounter');
INSERT INTO `libreehr_postcalendar_events` 
        (`pc_catid`,`pc_multiple`,`pc_aid`,`pc_pid`,`pc_title`,`pc_time`,`pc_hometext`,`pc_comments`,`pc_counter`,`pc_topic`,`pc_informant`,`pc_eventDate`,
        `pc_endDate`,`pc_duration`,`pc_recurrtype`,`pc_recurrspec`,`pc_recurrfreq`,`pc_startTime`,`pc_endTime`,`pc_alldayevent`,`pc_location`,`pc_eventstatus`,
        `pc_sharing`,`pc_apptstatus`,`pc_prefcatid`,`pc_facility`,`pc_billing_location`)VALUES
        ( 1,222,'1','38','Office Visit','2017-7-29 12:15:00','Clinical Appointment',0,0,1,'1',
        '2017-7-29 12:15:00','0000-00-00',900,0,
        'a:6:{s:17:"event_repeat_freq";s:1:"0";s:22:"event_repeat_freq_type";s:1:"0";s:19:"event_repeat_on_num";s:1:"1";s:19:"event_repeat_on_day";s:1:"0";s:20:"event_repeat_on_freq";s:1:"0";s:6:"exdate";s:0:"";}',
        0,'12:15:00','12:30:00',0,
        'a:6:{s:14:"event_location";s:0:"";s:13:"event_street1";s:0:"";s:13:"event_street2";s:0:"";s:10:"event_city";s:0:"";s:11:"event_state";s:0:"";s:12:"event_postal";s:0:"";}',
        1,1,'-',0,1,1);
INSERT INTO `form_encounter` (`id`, `date`, `reason`, `facility`, `facility_id`, `pid`, `encounter`,
     `onset_date`, `sensitivity`, `billing_note`, `pc_catid`, `last_level_billed`, `last_level_closed`, `last_stmt_date`, `stmt_count`,
      `provider_id`, `supervisor_id`, `invoice_refno`, `referral_source`, `billing_facility`) VALUES
    ('224','2017-8-28 15:30:00', 'Test Encounter', 'Your Clinic Name Here', '3','38','224', '0000-00-00 00:00:00', 'normal', 'NULL','3', '0', '0','NULL', '0', '1', '0', '', '', '3');
INSERT INTO `forms` (`id`, `date`, `encounter`, `form_name`, `form_id`, `pid`, `user`, `groupname`, `authorized`, `deleted`, `formdir`) VALUES
    ('224','2017-8-28 15:30:00','224', 'Patient Encounter', '224', '38', 'admin', 'Default', '1', '0', 'patient_encounter');
INSERT INTO `libreehr_postcalendar_events` 
        (`pc_catid`,`pc_multiple`,`pc_aid`,`pc_pid`,`pc_title`,`pc_time`,`pc_hometext`,`pc_comments`,`pc_counter`,`pc_topic`,`pc_informant`,`pc_eventDate`,
        `pc_endDate`,`pc_duration`,`pc_recurrtype`,`pc_recurrspec`,`pc_recurrfreq`,`pc_startTime`,`pc_endTime`,`pc_alldayevent`,`pc_location`,`pc_eventstatus`,
        `pc_sharing`,`pc_apptstatus`,`pc_prefcatid`,`pc_facility`,`pc_billing_location`)VALUES
        ( 1,223,'1','38','Office Visit','2017-8-28 15:30:00','Clinical Appointment',0,0,1,'1',
        '2017-8-28 15:30:00','0000-00-00',900,0,
        'a:6:{s:17:"event_repeat_freq";s:1:"0";s:22:"event_repeat_freq_type";s:1:"0";s:19:"event_repeat_on_num";s:1:"1";s:19:"event_repeat_on_day";s:1:"0";s:20:"event_repeat_on_freq";s:1:"0";s:6:"exdate";s:0:"";}',
        0,'15:30:00','15:45:00',0,
        'a:6:{s:14:"event_location";s:0:"";s:13:"event_street1";s:0:"";s:13:"event_street2";s:0:"";s:10:"event_city";s:0:"";s:11:"event_state";s:0:"";s:12:"event_postal";s:0:"";}',
        1,1,'-',0,1,1);
INSERT INTO `form_encounter` (`id`, `date`, `reason`, `facility`, `facility_id`, `pid`, `encounter`,
     `onset_date`, `sensitivity`, `billing_note`, `pc_catid`, `last_level_billed`, `last_level_closed`, `last_stmt_date`, `stmt_count`,
      `provider_id`, `supervisor_id`, `invoice_refno`, `referral_source`, `billing_facility`) VALUES
    ('225','2017-9-27 17:00:00', 'Test Encounter', 'Your Clinic Name Here', '3','38','225', '0000-00-00 00:00:00', 'normal', 'NULL','4', '0', '0','NULL', '0', '1', '0', '', '', '3');
INSERT INTO `forms` (`id`, `date`, `encounter`, `form_name`, `form_id`, `pid`, `user`, `groupname`, `authorized`, `deleted`, `formdir`) VALUES
    ('225','2017-9-27 17:00:00','225', 'Patient Encounter', '225', '38', 'admin', 'Default', '1', '0', 'patient_encounter');
INSERT INTO `libreehr_postcalendar_events` 
        (`pc_catid`,`pc_multiple`,`pc_aid`,`pc_pid`,`pc_title`,`pc_time`,`pc_hometext`,`pc_comments`,`pc_counter`,`pc_topic`,`pc_informant`,`pc_eventDate`,
        `pc_endDate`,`pc_duration`,`pc_recurrtype`,`pc_recurrspec`,`pc_recurrfreq`,`pc_startTime`,`pc_endTime`,`pc_alldayevent`,`pc_location`,`pc_eventstatus`,
        `pc_sharing`,`pc_apptstatus`,`pc_prefcatid`,`pc_facility`,`pc_billing_location`)VALUES
        ( 1,224,'1','38','Office Visit','2017-9-27 17:00:00','Clinical Appointment',0,0,1,'1',
        '2017-9-27 17:00:00','0000-00-00',900,0,
        'a:6:{s:17:"event_repeat_freq";s:1:"0";s:22:"event_repeat_freq_type";s:1:"0";s:19:"event_repeat_on_num";s:1:"1";s:19:"event_repeat_on_day";s:1:"0";s:20:"event_repeat_on_freq";s:1:"0";s:6:"exdate";s:0:"";}',
        0,'17:00:00','17:15:00',0,
        'a:6:{s:14:"event_location";s:0:"";s:13:"event_street1";s:0:"";s:13:"event_street2";s:0:"";s:10:"event_city";s:0:"";s:11:"event_state";s:0:"";s:12:"event_postal";s:0:"";}',
        1,1,'-',0,1,1);
INSERT INTO `patient_data` (`title`, `language`, `financial`, `fname`, `lname`, `mname`, `DOB`,`street`, `postal_code`, `city`, `state`,  `drivers_license`, `ss`,`occupation`, `phone_home`, `phone_biz`, `phone_contact`, `phone_cell`,`status`, `contact_relationship`, `date`, `sex`, `referrer`, `referrerID`,`providerID`, `email`, `ethnoracial`, `interpretter`, `migrantseasonal`,`family_size`, `monthly_income`, `homeless`, `financial_review`, `pubpid`,`pid`, `genericname1`, `genericval1`, `genericname2`, `genericval2`) VALUES
 ('Mr.','English','','DANIEL','HUGHES','F.','1968-9-3','7271 MainHwy','71422','Arlington','AL','516147151','983094766',' ','(474) 290-3178','(474) 290-3178','(474) 290-3178','(474) 290-3178','married','Friend','2003-11-17 12:06:00','Male','NATHANIEL BAILEY','1','1','DANIEL@LibreEHR.org','Yankee',' ',' ','10','464',' ','000-00-00 00:00:00','39','39',' ',' ',' ',' ');
INSERT INTO `insurance_data` (`id`, `type`, `provider`, `plan_name`, `policy_number`,`group_number`, `subscriber_lname`, `subscriber_mname`, `subscriber_fname`, `subscriber_relationship`, `subscriber_ss`,`subscriber_DOB`, `subscriber_street`, `subscriber_postal_code`, `subscriber_city`, `subscriber_state`, `subscriber_country`,`subscriber_phone`, `subscriber_employer`, `subscriber_employer_street`, `subscriber_employer_postal_code`,`subscriber_employer_state`, `subscriber_employer_country`, `subscriber_employer_city`, `copay`, `date`, `pid`,`subscriber_sex`, `accept_assignment`) VALUES('112','primary','7687','Green Assurance INC.','149389673','761189588','HUGHES','F.','DANIEL','self','983094766','1968-9-3','7271 MainHwy','71422','Arlington','AL','Openemria','(474) 290-3178','OEMR.org','','','AL','Openemria','Arlington','','2011-10-10','39','Male','FALSE');
INSERT INTO `insurance_data` (`id`, `type`, `provider`, `plan_name`, `policy_number`,`group_number`, `subscriber_lname`, `subscriber_mname`, `subscriber_fname`, `subscriber_relationship`, `subscriber_ss`,`subscriber_DOB`, `subscriber_street`, `subscriber_postal_code`, `subscriber_city`, `subscriber_state`, `subscriber_country`,`subscriber_phone`, `subscriber_employer`, `subscriber_employer_street`, `subscriber_employer_postal_code`,`subscriber_employer_state`, `subscriber_employer_country`, `subscriber_employer_city`, `copay`, `date`, `pid`,`subscriber_sex`, `accept_assignment`) VALUES('113','secondary','6887','Impersonal Insurance HMO','691716291','580408345','HUGHES','F.','DANIEL','self','983094766','1968-9-3','7271 MainHwy','71422','Arlington','AL','Openemria','(474) 290-3178','OEMR.org','','','AL','Openemria','Arlington','','2011-10-10','39','Male','FALSE');
INSERT INTO `insurance_data` (`id`, `type`, `provider`, `plan_name`, `policy_number`,`group_number`, `subscriber_lname`, `subscriber_mname`, `subscriber_fname`, `subscriber_relationship`, `subscriber_ss`,`subscriber_DOB`, `subscriber_street`, `subscriber_postal_code`, `subscriber_city`, `subscriber_state`, `subscriber_country`,`subscriber_phone`, `subscriber_employer`, `subscriber_employer_street`, `subscriber_employer_postal_code`,`subscriber_employer_state`, `subscriber_employer_country`, `subscriber_employer_city`, `copay`, `date`, `pid`,`subscriber_sex`, `accept_assignment`) VALUES('114','tertiary','6186','Green Mutual LTD','450150293','814195129','HUGHES','F.','DANIEL','self','983094766','1968-9-3','7271 MainHwy','71422','Arlington','AL','Openemria','(474) 290-3178','OEMR.org','','','AL','Openemria','Arlington','','2011-10-10','39','Male','FALSE');
INSERT INTO `form_encounter` (`id`, `date`, `reason`, `facility`, `facility_id`, `pid`, `encounter`,
     `onset_date`, `sensitivity`, `billing_note`, `pc_catid`, `last_level_billed`, `last_level_closed`, `last_stmt_date`, `stmt_count`,
      `provider_id`, `supervisor_id`, `invoice_refno`, `referral_source`, `billing_facility`) VALUES
    ('226','2017-5-30 17:15:00', 'Test Encounter', 'Your Clinic Name Here', '3','39','226', '0000-00-00 00:00:00', 'normal', 'NULL','9', '0', '0','NULL', '0', '1', '0', '', '', '3');
INSERT INTO `forms` (`id`, `date`, `encounter`, `form_name`, `form_id`, `pid`, `user`, `groupname`, `authorized`, `deleted`, `formdir`) VALUES
    ('226','2017-5-30 17:15:00','226', 'Patient Encounter', '226', '39', 'admin', 'Default', '1', '0', 'patient_encounter');
INSERT INTO `libreehr_postcalendar_events` 
        (`pc_catid`,`pc_multiple`,`pc_aid`,`pc_pid`,`pc_title`,`pc_time`,`pc_hometext`,`pc_comments`,`pc_counter`,`pc_topic`,`pc_informant`,`pc_eventDate`,
        `pc_endDate`,`pc_duration`,`pc_recurrtype`,`pc_recurrspec`,`pc_recurrfreq`,`pc_startTime`,`pc_endTime`,`pc_alldayevent`,`pc_location`,`pc_eventstatus`,
        `pc_sharing`,`pc_apptstatus`,`pc_prefcatid`,`pc_facility`,`pc_billing_location`)VALUES
        ( 1,225,'1','39','Office Visit','2017-5-30 17:15:00','Clinical Appointment',0,0,1,'1',
        '2017-5-30 17:15:00','0000-00-00',900,0,
        'a:6:{s:17:"event_repeat_freq";s:1:"0";s:22:"event_repeat_freq_type";s:1:"0";s:19:"event_repeat_on_num";s:1:"1";s:19:"event_repeat_on_day";s:1:"0";s:20:"event_repeat_on_freq";s:1:"0";s:6:"exdate";s:0:"";}',
        0,'17:15:00','17:30:00',0,
        'a:6:{s:14:"event_location";s:0:"";s:13:"event_street1";s:0:"";s:13:"event_street2";s:0:"";s:10:"event_city";s:0:"";s:11:"event_state";s:0:"";s:12:"event_postal";s:0:"";}',
        1,1,'-',0,1,1);
INSERT INTO `form_encounter` (`id`, `date`, `reason`, `facility`, `facility_id`, `pid`, `encounter`,
     `onset_date`, `sensitivity`, `billing_note`, `pc_catid`, `last_level_billed`, `last_level_closed`, `last_stmt_date`, `stmt_count`,
      `provider_id`, `supervisor_id`, `invoice_refno`, `referral_source`, `billing_facility`) VALUES
    ('227','2017-6-29 12:30:00', 'Test Encounter', 'Your Clinic Name Here', '3','39','227', '0000-00-00 00:00:00', 'normal', 'NULL','2', '0', '0','NULL', '0', '1', '0', '', '', '3');
INSERT INTO `forms` (`id`, `date`, `encounter`, `form_name`, `form_id`, `pid`, `user`, `groupname`, `authorized`, `deleted`, `formdir`) VALUES
    ('227','2017-6-29 12:30:00','227', 'Patient Encounter', '227', '39', 'admin', 'Default', '1', '0', 'patient_encounter');
INSERT INTO `libreehr_postcalendar_events` 
        (`pc_catid`,`pc_multiple`,`pc_aid`,`pc_pid`,`pc_title`,`pc_time`,`pc_hometext`,`pc_comments`,`pc_counter`,`pc_topic`,`pc_informant`,`pc_eventDate`,
        `pc_endDate`,`pc_duration`,`pc_recurrtype`,`pc_recurrspec`,`pc_recurrfreq`,`pc_startTime`,`pc_endTime`,`pc_alldayevent`,`pc_location`,`pc_eventstatus`,
        `pc_sharing`,`pc_apptstatus`,`pc_prefcatid`,`pc_facility`,`pc_billing_location`)VALUES
        ( 1,226,'1','39','Office Visit','2017-6-29 12:30:00','Clinical Appointment',0,0,1,'1',
        '2017-6-29 12:30:00','0000-00-00',900,0,
        'a:6:{s:17:"event_repeat_freq";s:1:"0";s:22:"event_repeat_freq_type";s:1:"0";s:19:"event_repeat_on_num";s:1:"1";s:19:"event_repeat_on_day";s:1:"0";s:20:"event_repeat_on_freq";s:1:"0";s:6:"exdate";s:0:"";}',
        0,'12:30:00','12:45:00',0,
        'a:6:{s:14:"event_location";s:0:"";s:13:"event_street1";s:0:"";s:13:"event_street2";s:0:"";s:10:"event_city";s:0:"";s:11:"event_state";s:0:"";s:12:"event_postal";s:0:"";}',
        1,1,'-',0,1,1);
INSERT INTO `form_encounter` (`id`, `date`, `reason`, `facility`, `facility_id`, `pid`, `encounter`,
     `onset_date`, `sensitivity`, `billing_note`, `pc_catid`, `last_level_billed`, `last_level_closed`, `last_stmt_date`, `stmt_count`,
      `provider_id`, `supervisor_id`, `invoice_refno`, `referral_source`, `billing_facility`) VALUES
    ('228','2017-7-29 12:00:00', 'Test Encounter', 'Your Clinic Name Here', '3','39','228', '0000-00-00 00:00:00', 'normal', 'NULL','10', '0', '0','NULL', '0', '1', '0', '', '', '3');
INSERT INTO `forms` (`id`, `date`, `encounter`, `form_name`, `form_id`, `pid`, `user`, `groupname`, `authorized`, `deleted`, `formdir`) VALUES
    ('228','2017-7-29 12:00:00','228', 'Patient Encounter', '228', '39', 'admin', 'Default', '1', '0', 'patient_encounter');
INSERT INTO `libreehr_postcalendar_events` 
        (`pc_catid`,`pc_multiple`,`pc_aid`,`pc_pid`,`pc_title`,`pc_time`,`pc_hometext`,`pc_comments`,`pc_counter`,`pc_topic`,`pc_informant`,`pc_eventDate`,
        `pc_endDate`,`pc_duration`,`pc_recurrtype`,`pc_recurrspec`,`pc_recurrfreq`,`pc_startTime`,`pc_endTime`,`pc_alldayevent`,`pc_location`,`pc_eventstatus`,
        `pc_sharing`,`pc_apptstatus`,`pc_prefcatid`,`pc_facility`,`pc_billing_location`)VALUES
        ( 1,227,'1','39','Office Visit','2017-7-29 12:00:00','Clinical Appointment',0,0,1,'1',
        '2017-7-29 12:00:00','0000-00-00',900,0,
        'a:6:{s:17:"event_repeat_freq";s:1:"0";s:22:"event_repeat_freq_type";s:1:"0";s:19:"event_repeat_on_num";s:1:"1";s:19:"event_repeat_on_day";s:1:"0";s:20:"event_repeat_on_freq";s:1:"0";s:6:"exdate";s:0:"";}',
        0,'12:00:00','12:15:00',0,
        'a:6:{s:14:"event_location";s:0:"";s:13:"event_street1";s:0:"";s:13:"event_street2";s:0:"";s:10:"event_city";s:0:"";s:11:"event_state";s:0:"";s:12:"event_postal";s:0:"";}',
        1,1,'-',0,1,1);
INSERT INTO `form_encounter` (`id`, `date`, `reason`, `facility`, `facility_id`, `pid`, `encounter`,
     `onset_date`, `sensitivity`, `billing_note`, `pc_catid`, `last_level_billed`, `last_level_closed`, `last_stmt_date`, `stmt_count`,
      `provider_id`, `supervisor_id`, `invoice_refno`, `referral_source`, `billing_facility`) VALUES
    ('229','2017-8-28 11:15:00', 'Test Encounter', 'Your Clinic Name Here', '3','39','229', '0000-00-00 00:00:00', 'normal', 'NULL','7', '0', '0','NULL', '0', '1', '0', '', '', '3');
INSERT INTO `forms` (`id`, `date`, `encounter`, `form_name`, `form_id`, `pid`, `user`, `groupname`, `authorized`, `deleted`, `formdir`) VALUES
    ('229','2017-8-28 11:15:00','229', 'Patient Encounter', '229', '39', 'admin', 'Default', '1', '0', 'patient_encounter');
INSERT INTO `libreehr_postcalendar_events` 
        (`pc_catid`,`pc_multiple`,`pc_aid`,`pc_pid`,`pc_title`,`pc_time`,`pc_hometext`,`pc_comments`,`pc_counter`,`pc_topic`,`pc_informant`,`pc_eventDate`,
        `pc_endDate`,`pc_duration`,`pc_recurrtype`,`pc_recurrspec`,`pc_recurrfreq`,`pc_startTime`,`pc_endTime`,`pc_alldayevent`,`pc_location`,`pc_eventstatus`,
        `pc_sharing`,`pc_apptstatus`,`pc_prefcatid`,`pc_facility`,`pc_billing_location`)VALUES
        ( 1,228,'1','39','Office Visit','2017-8-28 11:15:00','Clinical Appointment',0,0,1,'1',
        '2017-8-28 11:15:00','0000-00-00',900,0,
        'a:6:{s:17:"event_repeat_freq";s:1:"0";s:22:"event_repeat_freq_type";s:1:"0";s:19:"event_repeat_on_num";s:1:"1";s:19:"event_repeat_on_day";s:1:"0";s:20:"event_repeat_on_freq";s:1:"0";s:6:"exdate";s:0:"";}',
        0,'11:15:00','11:30:00',0,
        'a:6:{s:14:"event_location";s:0:"";s:13:"event_street1";s:0:"";s:13:"event_street2";s:0:"";s:10:"event_city";s:0:"";s:11:"event_state";s:0:"";s:12:"event_postal";s:0:"";}',
        1,1,'-',0,1,1);
INSERT INTO `form_encounter` (`id`, `date`, `reason`, `facility`, `facility_id`, `pid`, `encounter`,
     `onset_date`, `sensitivity`, `billing_note`, `pc_catid`, `last_level_billed`, `last_level_closed`, `last_stmt_date`, `stmt_count`,
      `provider_id`, `supervisor_id`, `invoice_refno`, `referral_source`, `billing_facility`) VALUES
    ('230','2017-9-27 12:15:00', 'Test Encounter', 'Your Clinic Name Here', '3','39','230', '0000-00-00 00:00:00', 'normal', 'NULL','10', '0', '0','NULL', '0', '1', '0', '', '', '3');
INSERT INTO `forms` (`id`, `date`, `encounter`, `form_name`, `form_id`, `pid`, `user`, `groupname`, `authorized`, `deleted`, `formdir`) VALUES
    ('230','2017-9-27 12:15:00','230', 'Patient Encounter', '230', '39', 'admin', 'Default', '1', '0', 'patient_encounter');
INSERT INTO `libreehr_postcalendar_events` 
        (`pc_catid`,`pc_multiple`,`pc_aid`,`pc_pid`,`pc_title`,`pc_time`,`pc_hometext`,`pc_comments`,`pc_counter`,`pc_topic`,`pc_informant`,`pc_eventDate`,
        `pc_endDate`,`pc_duration`,`pc_recurrtype`,`pc_recurrspec`,`pc_recurrfreq`,`pc_startTime`,`pc_endTime`,`pc_alldayevent`,`pc_location`,`pc_eventstatus`,
        `pc_sharing`,`pc_apptstatus`,`pc_prefcatid`,`pc_facility`,`pc_billing_location`)VALUES
        ( 1,229,'1','39','Office Visit','2017-9-27 12:15:00','Clinical Appointment',0,0,1,'1',
        '2017-9-27 12:15:00','0000-00-00',900,0,
        'a:6:{s:17:"event_repeat_freq";s:1:"0";s:22:"event_repeat_freq_type";s:1:"0";s:19:"event_repeat_on_num";s:1:"1";s:19:"event_repeat_on_day";s:1:"0";s:20:"event_repeat_on_freq";s:1:"0";s:6:"exdate";s:0:"";}',
        0,'12:15:00','12:30:00',0,
        'a:6:{s:14:"event_location";s:0:"";s:13:"event_street1";s:0:"";s:13:"event_street2";s:0:"";s:10:"event_city";s:0:"";s:11:"event_state";s:0:"";s:12:"event_postal";s:0:"";}',
        1,1,'-',0,1,1);
INSERT INTO `patient_data` (`title`, `language`, `financial`, `fname`, `lname`, `mname`, `DOB`,`street`, `postal_code`, `city`, `state`,  `drivers_license`, `ss`,`occupation`, `phone_home`, `phone_biz`, `phone_contact`, `phone_cell`,`status`, `contact_relationship`, `date`, `sex`, `referrer`, `referrerID`,`providerID`, `email`, `ethnoracial`, `interpretter`, `migrantseasonal`,`family_size`, `monthly_income`, `homeless`, `financial_review`, `pubpid`,`pid`, `genericname1`, `genericval1`, `genericname2`, `genericval2`) VALUES
 ('Mr.','Spanish','','STANLEY','RIVERA','A.','1988-2-10','314 HappySt.','58752','Arlington','OH','465065459','432088277',' ','(892) 506-2978','(892) 506-2978','(892) 506-2978','(892) 506-2978','single','Friend','2003-11-17 12:06:00','Male','SAM ELLIS','1','1','STANLEY@LibreEHR.org','White',' ',' ','4','2168',' ','000-00-00 00:00:00','40','40',' ',' ',' ',' ');
INSERT INTO `insurance_data` (`id`, `type`, `provider`, `plan_name`, `policy_number`,`group_number`, `subscriber_lname`, `subscriber_mname`, `subscriber_fname`, `subscriber_relationship`, `subscriber_ss`,`subscriber_DOB`, `subscriber_street`, `subscriber_postal_code`, `subscriber_city`, `subscriber_state`, `subscriber_country`,`subscriber_phone`, `subscriber_employer`, `subscriber_employer_street`, `subscriber_employer_postal_code`,`subscriber_employer_state`, `subscriber_employer_country`, `subscriber_employer_city`, `copay`, `date`, `pid`,`subscriber_sex`, `accept_assignment`) VALUES('115','primary','3362','Incompetent Provider Company','782836914','539184570','RIVERA','A.','STANLEY','self','432088277','1988-2-10','314 HappySt.','58752','Arlington','OH','Openemria','(892) 506-2978','OEMR.org','','','OH','Openemria','Arlington','','2011-10-10','40','Male','FALSE');
INSERT INTO `insurance_data` (`id`, `type`, `provider`, `plan_name`, `policy_number`,`group_number`, `subscriber_lname`, `subscriber_mname`, `subscriber_fname`, `subscriber_relationship`, `subscriber_ss`,`subscriber_DOB`, `subscriber_street`, `subscriber_postal_code`, `subscriber_city`, `subscriber_state`, `subscriber_country`,`subscriber_phone`, `subscriber_employer`, `subscriber_employer_street`, `subscriber_employer_postal_code`,`subscriber_employer_state`, `subscriber_employer_country`, `subscriber_employer_city`, `copay`, `date`, `pid`,`subscriber_sex`, `accept_assignment`) VALUES('116','secondary','0','0','590662725','975652254','RIVERA','A.','STANLEY','self','432088277','1988-2-10','314 HappySt.','58752','Arlington','OH','Openemria','(892) 506-2978','OEMR.org','','','OH','Openemria','Arlington','','2011-10-10','40','Male','FALSE');
INSERT INTO `insurance_data` (`id`, `type`, `provider`, `plan_name`, `policy_number`,`group_number`, `subscriber_lname`, `subscriber_mname`, `subscriber_fname`, `subscriber_relationship`, `subscriber_ss`,`subscriber_DOB`, `subscriber_street`, `subscriber_postal_code`, `subscriber_city`, `subscriber_state`, `subscriber_country`,`subscriber_phone`, `subscriber_employer`, `subscriber_employer_street`, `subscriber_employer_postal_code`,`subscriber_employer_state`, `subscriber_employer_country`, `subscriber_employer_city`, `copay`, `date`, `pid`,`subscriber_sex`, `accept_assignment`) VALUES('117','tertiary','3362','Incompetent Provider Company','248436645','827602403','RIVERA','A.','STANLEY','self','432088277','1988-2-10','314 HappySt.','58752','Arlington','OH','Openemria','(892) 506-2978','OEMR.org','','','OH','Openemria','Arlington','','2011-10-10','40','Male','FALSE');
INSERT INTO `form_encounter` (`id`, `date`, `reason`, `facility`, `facility_id`, `pid`, `encounter`,
     `onset_date`, `sensitivity`, `billing_note`, `pc_catid`, `last_level_billed`, `last_level_closed`, `last_stmt_date`, `stmt_count`,
      `provider_id`, `supervisor_id`, `invoice_refno`, `referral_source`, `billing_facility`) VALUES
    ('231','2017-6-29 13:15:00', 'Test Encounter', 'Your Clinic Name Here', '3','40','231', '0000-00-00 00:00:00', 'normal', 'NULL','5', '0', '0','NULL', '0', '1', '0', '', '', '3');
INSERT INTO `forms` (`id`, `date`, `encounter`, `form_name`, `form_id`, `pid`, `user`, `groupname`, `authorized`, `deleted`, `formdir`) VALUES
    ('231','2017-6-29 13:15:00','231', 'Patient Encounter', '231', '40', 'admin', 'Default', '1', '0', 'patient_encounter');
INSERT INTO `libreehr_postcalendar_events` 
        (`pc_catid`,`pc_multiple`,`pc_aid`,`pc_pid`,`pc_title`,`pc_time`,`pc_hometext`,`pc_comments`,`pc_counter`,`pc_topic`,`pc_informant`,`pc_eventDate`,
        `pc_endDate`,`pc_duration`,`pc_recurrtype`,`pc_recurrspec`,`pc_recurrfreq`,`pc_startTime`,`pc_endTime`,`pc_alldayevent`,`pc_location`,`pc_eventstatus`,
        `pc_sharing`,`pc_apptstatus`,`pc_prefcatid`,`pc_facility`,`pc_billing_location`)VALUES
        ( 1,230,'1','40','Office Visit','2017-6-29 13:15:00','Clinical Appointment',0,0,1,'1',
        '2017-6-29 13:15:00','0000-00-00',900,0,
        'a:6:{s:17:"event_repeat_freq";s:1:"0";s:22:"event_repeat_freq_type";s:1:"0";s:19:"event_repeat_on_num";s:1:"1";s:19:"event_repeat_on_day";s:1:"0";s:20:"event_repeat_on_freq";s:1:"0";s:6:"exdate";s:0:"";}',
        0,'13:15:00','13:30:00',0,
        'a:6:{s:14:"event_location";s:0:"";s:13:"event_street1";s:0:"";s:13:"event_street2";s:0:"";s:10:"event_city";s:0:"";s:11:"event_state";s:0:"";s:12:"event_postal";s:0:"";}',
        1,1,'-',0,1,1);
INSERT INTO `form_encounter` (`id`, `date`, `reason`, `facility`, `facility_id`, `pid`, `encounter`,
     `onset_date`, `sensitivity`, `billing_note`, `pc_catid`, `last_level_billed`, `last_level_closed`, `last_stmt_date`, `stmt_count`,
      `provider_id`, `supervisor_id`, `invoice_refno`, `referral_source`, `billing_facility`) VALUES
    ('232','2017-7-29 14:15:00', 'Test Encounter', 'Your Clinic Name Here', '3','40','232', '0000-00-00 00:00:00', 'normal', 'NULL','5', '0', '0','NULL', '0', '1', '0', '', '', '3');
INSERT INTO `forms` (`id`, `date`, `encounter`, `form_name`, `form_id`, `pid`, `user`, `groupname`, `authorized`, `deleted`, `formdir`) VALUES
    ('232','2017-7-29 14:15:00','232', 'Patient Encounter', '232', '40', 'admin', 'Default', '1', '0', 'patient_encounter');
INSERT INTO `libreehr_postcalendar_events` 
        (`pc_catid`,`pc_multiple`,`pc_aid`,`pc_pid`,`pc_title`,`pc_time`,`pc_hometext`,`pc_comments`,`pc_counter`,`pc_topic`,`pc_informant`,`pc_eventDate`,
        `pc_endDate`,`pc_duration`,`pc_recurrtype`,`pc_recurrspec`,`pc_recurrfreq`,`pc_startTime`,`pc_endTime`,`pc_alldayevent`,`pc_location`,`pc_eventstatus`,
        `pc_sharing`,`pc_apptstatus`,`pc_prefcatid`,`pc_facility`,`pc_billing_location`)VALUES
        ( 1,231,'1','40','Office Visit','2017-7-29 14:15:00','Clinical Appointment',0,0,1,'1',
        '2017-7-29 14:15:00','0000-00-00',900,0,
        'a:6:{s:17:"event_repeat_freq";s:1:"0";s:22:"event_repeat_freq_type";s:1:"0";s:19:"event_repeat_on_num";s:1:"1";s:19:"event_repeat_on_day";s:1:"0";s:20:"event_repeat_on_freq";s:1:"0";s:6:"exdate";s:0:"";}',
        0,'14:15:00','14:30:00',0,
        'a:6:{s:14:"event_location";s:0:"";s:13:"event_street1";s:0:"";s:13:"event_street2";s:0:"";s:10:"event_city";s:0:"";s:11:"event_state";s:0:"";s:12:"event_postal";s:0:"";}',
        1,1,'-',0,1,1);
INSERT INTO `form_encounter` (`id`, `date`, `reason`, `facility`, `facility_id`, `pid`, `encounter`,
     `onset_date`, `sensitivity`, `billing_note`, `pc_catid`, `last_level_billed`, `last_level_closed`, `last_stmt_date`, `stmt_count`,
      `provider_id`, `supervisor_id`, `invoice_refno`, `referral_source`, `billing_facility`) VALUES
    ('233','2017-8-28 13:15:00', 'Test Encounter', 'Your Clinic Name Here', '3','40','233', '0000-00-00 00:00:00', 'normal', 'NULL','2', '0', '0','NULL', '0', '1', '0', '', '', '3');
INSERT INTO `forms` (`id`, `date`, `encounter`, `form_name`, `form_id`, `pid`, `user`, `groupname`, `authorized`, `deleted`, `formdir`) VALUES
    ('233','2017-8-28 13:15:00','233', 'Patient Encounter', '233', '40', 'admin', 'Default', '1', '0', 'patient_encounter');
INSERT INTO `libreehr_postcalendar_events` 
        (`pc_catid`,`pc_multiple`,`pc_aid`,`pc_pid`,`pc_title`,`pc_time`,`pc_hometext`,`pc_comments`,`pc_counter`,`pc_topic`,`pc_informant`,`pc_eventDate`,
        `pc_endDate`,`pc_duration`,`pc_recurrtype`,`pc_recurrspec`,`pc_recurrfreq`,`pc_startTime`,`pc_endTime`,`pc_alldayevent`,`pc_location`,`pc_eventstatus`,
        `pc_sharing`,`pc_apptstatus`,`pc_prefcatid`,`pc_facility`,`pc_billing_location`)VALUES
        ( 1,232,'1','40','Office Visit','2017-8-28 13:15:00','Clinical Appointment',0,0,1,'1',
        '2017-8-28 13:15:00','0000-00-00',900,0,
        'a:6:{s:17:"event_repeat_freq";s:1:"0";s:22:"event_repeat_freq_type";s:1:"0";s:19:"event_repeat_on_num";s:1:"1";s:19:"event_repeat_on_day";s:1:"0";s:20:"event_repeat_on_freq";s:1:"0";s:6:"exdate";s:0:"";}',
        0,'13:15:00','13:30:00',0,
        'a:6:{s:14:"event_location";s:0:"";s:13:"event_street1";s:0:"";s:13:"event_street2";s:0:"";s:10:"event_city";s:0:"";s:11:"event_state";s:0:"";s:12:"event_postal";s:0:"";}',
        1,1,'-',0,1,1);
INSERT INTO `form_encounter` (`id`, `date`, `reason`, `facility`, `facility_id`, `pid`, `encounter`,
     `onset_date`, `sensitivity`, `billing_note`, `pc_catid`, `last_level_billed`, `last_level_closed`, `last_stmt_date`, `stmt_count`,
      `provider_id`, `supervisor_id`, `invoice_refno`, `referral_source`, `billing_facility`) VALUES
    ('234','2017-9-27 12:00:00', 'Test Encounter', 'Your Clinic Name Here', '3','40','234', '0000-00-00 00:00:00', 'normal', 'NULL','4', '0', '0','NULL', '0', '1', '0', '', '', '3');
INSERT INTO `forms` (`id`, `date`, `encounter`, `form_name`, `form_id`, `pid`, `user`, `groupname`, `authorized`, `deleted`, `formdir`) VALUES
    ('234','2017-9-27 12:00:00','234', 'Patient Encounter', '234', '40', 'admin', 'Default', '1', '0', 'patient_encounter');
INSERT INTO `libreehr_postcalendar_events` 
        (`pc_catid`,`pc_multiple`,`pc_aid`,`pc_pid`,`pc_title`,`pc_time`,`pc_hometext`,`pc_comments`,`pc_counter`,`pc_topic`,`pc_informant`,`pc_eventDate`,
        `pc_endDate`,`pc_duration`,`pc_recurrtype`,`pc_recurrspec`,`pc_recurrfreq`,`pc_startTime`,`pc_endTime`,`pc_alldayevent`,`pc_location`,`pc_eventstatus`,
        `pc_sharing`,`pc_apptstatus`,`pc_prefcatid`,`pc_facility`,`pc_billing_location`)VALUES
        ( 1,233,'1','40','Office Visit','2017-9-27 12:00:00','Clinical Appointment',0,0,1,'1',
        '2017-9-27 12:00:00','0000-00-00',900,0,
        'a:6:{s:17:"event_repeat_freq";s:1:"0";s:22:"event_repeat_freq_type";s:1:"0";s:19:"event_repeat_on_num";s:1:"1";s:19:"event_repeat_on_day";s:1:"0";s:20:"event_repeat_on_freq";s:1:"0";s:6:"exdate";s:0:"";}',
        0,'12:00:00','12:15:00',0,
        'a:6:{s:14:"event_location";s:0:"";s:13:"event_street1";s:0:"";s:13:"event_street2";s:0:"";s:10:"event_city";s:0:"";s:11:"event_state";s:0:"";s:12:"event_postal";s:0:"";}',
        1,1,'-',0,1,1);
INSERT INTO `patient_data` (`title`, `language`, `financial`, `fname`, `lname`, `mname`, `DOB`,`street`, `postal_code`, `city`, `state`,  `drivers_license`, `ss`,`occupation`, `phone_home`, `phone_biz`, `phone_contact`, `phone_cell`,`status`, `contact_relationship`, `date`, `sex`, `referrer`, `referrerID`,`providerID`, `email`, `ethnoracial`, `interpretter`, `migrantseasonal`,`family_size`, `monthly_income`, `homeless`, `financial_review`, `pubpid`,`pid`, `genericname1`, `genericval1`, `genericname2`, `genericval2`) VALUES
 ('Mr.','English','','CARL','ROBERTSON','B.','1969-9-19','727 22ndHwy','53009','Dayton','IA','717259432','136593230',' ','(695) 486-982','(695) 486-982','(695) 486-982','(695) 486-982','married','Friend','2003-11-17 12:06:00','Male','BRETT ANDERSON','1','1','CARL@LibreEHR.org','Mexicano',' ',' ','8','451',' ','000-00-00 00:00:00','41','41',' ',' ',' ',' ');
INSERT INTO `insurance_data` (`id`, `type`, `provider`, `plan_name`, `policy_number`,`group_number`, `subscriber_lname`, `subscriber_mname`, `subscriber_fname`, `subscriber_relationship`, `subscriber_ss`,`subscriber_DOB`, `subscriber_street`, `subscriber_postal_code`, `subscriber_city`, `subscriber_state`, `subscriber_country`,`subscriber_phone`, `subscriber_employer`, `subscriber_employer_street`, `subscriber_employer_postal_code`,`subscriber_employer_state`, `subscriber_employer_country`, `subscriber_employer_city`, `copay`, `date`, `pid`,`subscriber_sex`, `accept_assignment`) VALUES('118','primary','7687','Green Assurance INC.','786235753','911842306','ROBERTSON','B.','CARL','self','136593230','1969-9-19','727 22ndHwy','53009','Dayton','IA','Openemria','(695) 486-982','OEMR.org','','','IA','Openemria','Dayton','','2011-10-10','41','Male','TRUE');
INSERT INTO `insurance_data` (`id`, `type`, `provider`, `plan_name`, `policy_number`,`group_number`, `subscriber_lname`, `subscriber_mname`, `subscriber_fname`, `subscriber_relationship`, `subscriber_ss`,`subscriber_DOB`, `subscriber_street`, `subscriber_postal_code`, `subscriber_city`, `subscriber_state`, `subscriber_country`,`subscriber_phone`, `subscriber_employer`, `subscriber_employer_street`, `subscriber_employer_postal_code`,`subscriber_employer_state`, `subscriber_employer_country`, `subscriber_employer_city`, `copay`, `date`, `pid`,`subscriber_sex`, `accept_assignment`) VALUES('119','secondary','6887','Impersonal Insurance HMO','549413884','23004598','ROBERTSON','B.','CARL','self','136593230','1969-9-19','727 22ndHwy','53009','Dayton','IA','Openemria','(695) 486-982','OEMR.org','','','IA','Openemria','Dayton','','2011-10-10','41','Male','TRUE');
INSERT INTO `insurance_data` (`id`, `type`, `provider`, `plan_name`, `policy_number`,`group_number`, `subscriber_lname`, `subscriber_mname`, `subscriber_fname`, `subscriber_relationship`, `subscriber_ss`,`subscriber_DOB`, `subscriber_street`, `subscriber_postal_code`, `subscriber_city`, `subscriber_state`, `subscriber_country`,`subscriber_phone`, `subscriber_employer`, `subscriber_employer_street`, `subscriber_employer_postal_code`,`subscriber_employer_state`, `subscriber_employer_country`, `subscriber_employer_city`, `copay`, `date`, `pid`,`subscriber_sex`, `accept_assignment`) VALUES('120','tertiary','6186','Green Mutual LTD','753429881','758923726','ROBERTSON','B.','CARL','self','136593230','1969-9-19','727 22ndHwy','53009','Dayton','IA','Openemria','(695) 486-982','OEMR.org','','','IA','Openemria','Dayton','','2011-10-10','41','Male','TRUE');
INSERT INTO `form_encounter` (`id`, `date`, `reason`, `facility`, `facility_id`, `pid`, `encounter`,
     `onset_date`, `sensitivity`, `billing_note`, `pc_catid`, `last_level_billed`, `last_level_closed`, `last_stmt_date`, `stmt_count`,
      `provider_id`, `supervisor_id`, `invoice_refno`, `referral_source`, `billing_facility`) VALUES
    ('235','2017-6-29 17:15:00', 'Test Encounter', 'Your Clinic Name Here', '3','41','235', '0000-00-00 00:00:00', 'normal', 'NULL','2', '0', '0','NULL', '0', '1', '0', '', '', '3');
INSERT INTO `forms` (`id`, `date`, `encounter`, `form_name`, `form_id`, `pid`, `user`, `groupname`, `authorized`, `deleted`, `formdir`) VALUES
    ('235','2017-6-29 17:15:00','235', 'Patient Encounter', '235', '41', 'admin', 'Default', '1', '0', 'patient_encounter');
INSERT INTO `libreehr_postcalendar_events` 
        (`pc_catid`,`pc_multiple`,`pc_aid`,`pc_pid`,`pc_title`,`pc_time`,`pc_hometext`,`pc_comments`,`pc_counter`,`pc_topic`,`pc_informant`,`pc_eventDate`,
        `pc_endDate`,`pc_duration`,`pc_recurrtype`,`pc_recurrspec`,`pc_recurrfreq`,`pc_startTime`,`pc_endTime`,`pc_alldayevent`,`pc_location`,`pc_eventstatus`,
        `pc_sharing`,`pc_apptstatus`,`pc_prefcatid`,`pc_facility`,`pc_billing_location`)VALUES
        ( 1,234,'1','41','Office Visit','2017-6-29 17:15:00','Clinical Appointment',0,0,1,'1',
        '2017-6-29 17:15:00','0000-00-00',900,0,
        'a:6:{s:17:"event_repeat_freq";s:1:"0";s:22:"event_repeat_freq_type";s:1:"0";s:19:"event_repeat_on_num";s:1:"1";s:19:"event_repeat_on_day";s:1:"0";s:20:"event_repeat_on_freq";s:1:"0";s:6:"exdate";s:0:"";}',
        0,'17:15:00','17:30:00',0,
        'a:6:{s:14:"event_location";s:0:"";s:13:"event_street1";s:0:"";s:13:"event_street2";s:0:"";s:10:"event_city";s:0:"";s:11:"event_state";s:0:"";s:12:"event_postal";s:0:"";}',
        1,1,'-',0,1,1);
INSERT INTO `form_encounter` (`id`, `date`, `reason`, `facility`, `facility_id`, `pid`, `encounter`,
     `onset_date`, `sensitivity`, `billing_note`, `pc_catid`, `last_level_billed`, `last_level_closed`, `last_stmt_date`, `stmt_count`,
      `provider_id`, `supervisor_id`, `invoice_refno`, `referral_source`, `billing_facility`) VALUES
    ('236','2017-7-29 12:30:00', 'Test Encounter', 'Your Clinic Name Here', '3','41','236', '0000-00-00 00:00:00', 'normal', 'NULL','3', '0', '0','NULL', '0', '1', '0', '', '', '3');
INSERT INTO `forms` (`id`, `date`, `encounter`, `form_name`, `form_id`, `pid`, `user`, `groupname`, `authorized`, `deleted`, `formdir`) VALUES
    ('236','2017-7-29 12:30:00','236', 'Patient Encounter', '236', '41', 'admin', 'Default', '1', '0', 'patient_encounter');
INSERT INTO `libreehr_postcalendar_events` 
        (`pc_catid`,`pc_multiple`,`pc_aid`,`pc_pid`,`pc_title`,`pc_time`,`pc_hometext`,`pc_comments`,`pc_counter`,`pc_topic`,`pc_informant`,`pc_eventDate`,
        `pc_endDate`,`pc_duration`,`pc_recurrtype`,`pc_recurrspec`,`pc_recurrfreq`,`pc_startTime`,`pc_endTime`,`pc_alldayevent`,`pc_location`,`pc_eventstatus`,
        `pc_sharing`,`pc_apptstatus`,`pc_prefcatid`,`pc_facility`,`pc_billing_location`)VALUES
        ( 1,235,'1','41','Office Visit','2017-7-29 12:30:00','Clinical Appointment',0,0,1,'1',
        '2017-7-29 12:30:00','0000-00-00',900,0,
        'a:6:{s:17:"event_repeat_freq";s:1:"0";s:22:"event_repeat_freq_type";s:1:"0";s:19:"event_repeat_on_num";s:1:"1";s:19:"event_repeat_on_day";s:1:"0";s:20:"event_repeat_on_freq";s:1:"0";s:6:"exdate";s:0:"";}',
        0,'12:30:00','12:45:00',0,
        'a:6:{s:14:"event_location";s:0:"";s:13:"event_street1";s:0:"";s:13:"event_street2";s:0:"";s:10:"event_city";s:0:"";s:11:"event_state";s:0:"";s:12:"event_postal";s:0:"";}',
        1,1,'-',0,1,1);
INSERT INTO `form_encounter` (`id`, `date`, `reason`, `facility`, `facility_id`, `pid`, `encounter`,
     `onset_date`, `sensitivity`, `billing_note`, `pc_catid`, `last_level_billed`, `last_level_closed`, `last_stmt_date`, `stmt_count`,
      `provider_id`, `supervisor_id`, `invoice_refno`, `referral_source`, `billing_facility`) VALUES
    ('237','2017-8-28 10:00:00', 'Test Encounter', 'Your Clinic Name Here', '3','41','237', '0000-00-00 00:00:00', 'normal', 'NULL','10', '0', '0','NULL', '0', '1', '0', '', '', '3');
INSERT INTO `forms` (`id`, `date`, `encounter`, `form_name`, `form_id`, `pid`, `user`, `groupname`, `authorized`, `deleted`, `formdir`) VALUES
    ('237','2017-8-28 10:00:00','237', 'Patient Encounter', '237', '41', 'admin', 'Default', '1', '0', 'patient_encounter');
INSERT INTO `libreehr_postcalendar_events` 
        (`pc_catid`,`pc_multiple`,`pc_aid`,`pc_pid`,`pc_title`,`pc_time`,`pc_hometext`,`pc_comments`,`pc_counter`,`pc_topic`,`pc_informant`,`pc_eventDate`,
        `pc_endDate`,`pc_duration`,`pc_recurrtype`,`pc_recurrspec`,`pc_recurrfreq`,`pc_startTime`,`pc_endTime`,`pc_alldayevent`,`pc_location`,`pc_eventstatus`,
        `pc_sharing`,`pc_apptstatus`,`pc_prefcatid`,`pc_facility`,`pc_billing_location`)VALUES
        ( 1,236,'1','41','Office Visit','2017-8-28 10:00:00','Clinical Appointment',0,0,1,'1',
        '2017-8-28 10:00:00','0000-00-00',900,0,
        'a:6:{s:17:"event_repeat_freq";s:1:"0";s:22:"event_repeat_freq_type";s:1:"0";s:19:"event_repeat_on_num";s:1:"1";s:19:"event_repeat_on_day";s:1:"0";s:20:"event_repeat_on_freq";s:1:"0";s:6:"exdate";s:0:"";}',
        0,'10:00:00','10:15:00',0,
        'a:6:{s:14:"event_location";s:0:"";s:13:"event_street1";s:0:"";s:13:"event_street2";s:0:"";s:10:"event_city";s:0:"";s:11:"event_state";s:0:"";s:12:"event_postal";s:0:"";}',
        1,1,'-',0,1,1);
INSERT INTO `form_encounter` (`id`, `date`, `reason`, `facility`, `facility_id`, `pid`, `encounter`,
     `onset_date`, `sensitivity`, `billing_note`, `pc_catid`, `last_level_billed`, `last_level_closed`, `last_stmt_date`, `stmt_count`,
      `provider_id`, `supervisor_id`, `invoice_refno`, `referral_source`, `billing_facility`) VALUES
    ('238','2017-9-27 14:00:00', 'Test Encounter', 'Your Clinic Name Here', '3','41','238', '0000-00-00 00:00:00', 'normal', 'NULL','10', '0', '0','NULL', '0', '1', '0', '', '', '3');
INSERT INTO `forms` (`id`, `date`, `encounter`, `form_name`, `form_id`, `pid`, `user`, `groupname`, `authorized`, `deleted`, `formdir`) VALUES
    ('238','2017-9-27 14:00:00','238', 'Patient Encounter', '238', '41', 'admin', 'Default', '1', '0', 'patient_encounter');
INSERT INTO `libreehr_postcalendar_events` 
        (`pc_catid`,`pc_multiple`,`pc_aid`,`pc_pid`,`pc_title`,`pc_time`,`pc_hometext`,`pc_comments`,`pc_counter`,`pc_topic`,`pc_informant`,`pc_eventDate`,
        `pc_endDate`,`pc_duration`,`pc_recurrtype`,`pc_recurrspec`,`pc_recurrfreq`,`pc_startTime`,`pc_endTime`,`pc_alldayevent`,`pc_location`,`pc_eventstatus`,
        `pc_sharing`,`pc_apptstatus`,`pc_prefcatid`,`pc_facility`,`pc_billing_location`)VALUES
        ( 1,237,'1','41','Office Visit','2017-9-27 14:00:00','Clinical Appointment',0,0,1,'1',
        '2017-9-27 14:00:00','0000-00-00',900,0,
        'a:6:{s:17:"event_repeat_freq";s:1:"0";s:22:"event_repeat_freq_type";s:1:"0";s:19:"event_repeat_on_num";s:1:"1";s:19:"event_repeat_on_day";s:1:"0";s:20:"event_repeat_on_freq";s:1:"0";s:6:"exdate";s:0:"";}',
        0,'14:00:00','14:15:00',0,
        'a:6:{s:14:"event_location";s:0:"";s:13:"event_street1";s:0:"";s:13:"event_street2";s:0:"";s:10:"event_city";s:0:"";s:11:"event_state";s:0:"";s:12:"event_postal";s:0:"";}',
        1,1,'-',0,1,1);
INSERT INTO `patient_data` (`title`, `language`, `financial`, `fname`, `lname`, `mname`, `DOB`,`street`, `postal_code`, `city`, `state`,  `drivers_license`, `ss`,`occupation`, `phone_home`, `phone_biz`, `phone_contact`, `phone_cell`,`status`, `contact_relationship`, `date`, `sex`, `referrer`, `referrerID`,`providerID`, `email`, `ethnoracial`, `interpretter`, `migrantseasonal`,`family_size`, `monthly_income`, `homeless`, `financial_review`, `pubpid`,`pid`, `genericname1`, `genericval1`, `genericname2`, `genericval2`) VALUES
 ('Ms.','Spanish','','JESSIE','PETERSON','N.','1985-9-18','1895 LakeHwy','51917','Ashland','ME','318582906','184931466',' ','(727) 4-172','(727) 4-172','(727) 4-172','(727) 4-172','married','Friend','2003-11-17 12:06:00','Female','PEDRO LUCAS','1','1','JESSIE@LibreEHR.org','Americano',' ',' ','1','2774',' ','000-00-00 00:00:00','42','42',' ',' ',' ',' ');
INSERT INTO `insurance_data` (`id`, `type`, `provider`, `plan_name`, `policy_number`,`group_number`, `subscriber_lname`, `subscriber_mname`, `subscriber_fname`, `subscriber_relationship`, `subscriber_ss`,`subscriber_DOB`, `subscriber_street`, `subscriber_postal_code`, `subscriber_city`, `subscriber_state`, `subscriber_country`,`subscriber_phone`, `subscriber_employer`, `subscriber_employer_street`, `subscriber_employer_postal_code`,`subscriber_employer_state`, `subscriber_employer_country`, `subscriber_employer_city`, `copay`, `date`, `pid`,`subscriber_sex`, `accept_assignment`) VALUES('121','primary','6887','Impersonal Insurance HMO','667504384','153386249','PETERSON','N.','JESSIE','self','184931466','1985-9-18','1895 LakeHwy','51917','Ashland','ME','Openemria','(727) 4-172','OEMR.org','','','ME','Openemria','Ashland','','2011-10-10','42','Female','TRUE');
INSERT INTO `insurance_data` (`id`, `type`, `provider`, `plan_name`, `policy_number`,`group_number`, `subscriber_lname`, `subscriber_mname`, `subscriber_fname`, `subscriber_relationship`, `subscriber_ss`,`subscriber_DOB`, `subscriber_street`, `subscriber_postal_code`, `subscriber_city`, `subscriber_state`, `subscriber_country`,`subscriber_phone`, `subscriber_employer`, `subscriber_employer_street`, `subscriber_employer_postal_code`,`subscriber_employer_state`, `subscriber_employer_country`, `subscriber_employer_city`, `copay`, `date`, `pid`,`subscriber_sex`, `accept_assignment`) VALUES('122','secondary','6186','Green Mutual LTD','672758810','663362706','PETERSON','N.','JESSIE','self','184931466','1985-9-18','1895 LakeHwy','51917','Ashland','ME','Openemria','(727) 4-172','OEMR.org','','','ME','Openemria','Ashland','','2011-10-10','42','Female','TRUE');
INSERT INTO `insurance_data` (`id`, `type`, `provider`, `plan_name`, `policy_number`,`group_number`, `subscriber_lname`, `subscriber_mname`, `subscriber_fname`, `subscriber_relationship`, `subscriber_ss`,`subscriber_DOB`, `subscriber_street`, `subscriber_postal_code`, `subscriber_city`, `subscriber_state`, `subscriber_country`,`subscriber_phone`, `subscriber_employer`, `subscriber_employer_street`, `subscriber_employer_postal_code`,`subscriber_employer_state`, `subscriber_employer_country`, `subscriber_employer_city`, `copay`, `date`, `pid`,`subscriber_sex`, `accept_assignment`) VALUES('123','tertiary','7519','Litigeous Heartless LTD','32435504','550031385','PETERSON','N.','JESSIE','self','184931466','1985-9-18','1895 LakeHwy','51917','Ashland','ME','Openemria','(727) 4-172','OEMR.org','','','ME','Openemria','Ashland','','2011-10-10','42','Female','TRUE');
INSERT INTO `form_encounter` (`id`, `date`, `reason`, `facility`, `facility_id`, `pid`, `encounter`,
     `onset_date`, `sensitivity`, `billing_note`, `pc_catid`, `last_level_billed`, `last_level_closed`, `last_stmt_date`, `stmt_count`,
      `provider_id`, `supervisor_id`, `invoice_refno`, `referral_source`, `billing_facility`) VALUES
    ('239','2017-5-30 16:15:00', 'Test Encounter', 'Your Clinic Name Here', '3','42','239', '0000-00-00 00:00:00', 'normal', 'NULL','8', '0', '0','NULL', '0', '1', '0', '', '', '3');
INSERT INTO `forms` (`id`, `date`, `encounter`, `form_name`, `form_id`, `pid`, `user`, `groupname`, `authorized`, `deleted`, `formdir`) VALUES
    ('239','2017-5-30 16:15:00','239', 'Patient Encounter', '239', '42', 'admin', 'Default', '1', '0', 'patient_encounter');
INSERT INTO `libreehr_postcalendar_events` 
        (`pc_catid`,`pc_multiple`,`pc_aid`,`pc_pid`,`pc_title`,`pc_time`,`pc_hometext`,`pc_comments`,`pc_counter`,`pc_topic`,`pc_informant`,`pc_eventDate`,
        `pc_endDate`,`pc_duration`,`pc_recurrtype`,`pc_recurrspec`,`pc_recurrfreq`,`pc_startTime`,`pc_endTime`,`pc_alldayevent`,`pc_location`,`pc_eventstatus`,
        `pc_sharing`,`pc_apptstatus`,`pc_prefcatid`,`pc_facility`,`pc_billing_location`)VALUES
        ( 1,238,'1','42','Office Visit','2017-5-30 16:15:00','Clinical Appointment',0,0,1,'1',
        '2017-5-30 16:15:00','0000-00-00',900,0,
        'a:6:{s:17:"event_repeat_freq";s:1:"0";s:22:"event_repeat_freq_type";s:1:"0";s:19:"event_repeat_on_num";s:1:"1";s:19:"event_repeat_on_day";s:1:"0";s:20:"event_repeat_on_freq";s:1:"0";s:6:"exdate";s:0:"";}',
        0,'16:15:00','16:30:00',0,
        'a:6:{s:14:"event_location";s:0:"";s:13:"event_street1";s:0:"";s:13:"event_street2";s:0:"";s:10:"event_city";s:0:"";s:11:"event_state";s:0:"";s:12:"event_postal";s:0:"";}',
        1,1,'-',0,1,1);
INSERT INTO `form_encounter` (`id`, `date`, `reason`, `facility`, `facility_id`, `pid`, `encounter`,
     `onset_date`, `sensitivity`, `billing_note`, `pc_catid`, `last_level_billed`, `last_level_closed`, `last_stmt_date`, `stmt_count`,
      `provider_id`, `supervisor_id`, `invoice_refno`, `referral_source`, `billing_facility`) VALUES
    ('240','2017-6-29 14:00:00', 'Test Encounter', 'Your Clinic Name Here', '3','42','240', '0000-00-00 00:00:00', 'normal', 'NULL','9', '0', '0','NULL', '0', '1', '0', '', '', '3');
INSERT INTO `forms` (`id`, `date`, `encounter`, `form_name`, `form_id`, `pid`, `user`, `groupname`, `authorized`, `deleted`, `formdir`) VALUES
    ('240','2017-6-29 14:00:00','240', 'Patient Encounter', '240', '42', 'admin', 'Default', '1', '0', 'patient_encounter');
INSERT INTO `libreehr_postcalendar_events` 
        (`pc_catid`,`pc_multiple`,`pc_aid`,`pc_pid`,`pc_title`,`pc_time`,`pc_hometext`,`pc_comments`,`pc_counter`,`pc_topic`,`pc_informant`,`pc_eventDate`,
        `pc_endDate`,`pc_duration`,`pc_recurrtype`,`pc_recurrspec`,`pc_recurrfreq`,`pc_startTime`,`pc_endTime`,`pc_alldayevent`,`pc_location`,`pc_eventstatus`,
        `pc_sharing`,`pc_apptstatus`,`pc_prefcatid`,`pc_facility`,`pc_billing_location`)VALUES
        ( 1,239,'1','42','Office Visit','2017-6-29 14:00:00','Clinical Appointment',0,0,1,'1',
        '2017-6-29 14:00:00','0000-00-00',900,0,
        'a:6:{s:17:"event_repeat_freq";s:1:"0";s:22:"event_repeat_freq_type";s:1:"0";s:19:"event_repeat_on_num";s:1:"1";s:19:"event_repeat_on_day";s:1:"0";s:20:"event_repeat_on_freq";s:1:"0";s:6:"exdate";s:0:"";}',
        0,'14:00:00','14:15:00',0,
        'a:6:{s:14:"event_location";s:0:"";s:13:"event_street1";s:0:"";s:13:"event_street2";s:0:"";s:10:"event_city";s:0:"";s:11:"event_state";s:0:"";s:12:"event_postal";s:0:"";}',
        1,1,'-',0,1,1);
INSERT INTO `form_encounter` (`id`, `date`, `reason`, `facility`, `facility_id`, `pid`, `encounter`,
     `onset_date`, `sensitivity`, `billing_note`, `pc_catid`, `last_level_billed`, `last_level_closed`, `last_stmt_date`, `stmt_count`,
      `provider_id`, `supervisor_id`, `invoice_refno`, `referral_source`, `billing_facility`) VALUES
    ('241','2017-7-29 15:15:00', 'Test Encounter', 'Your Clinic Name Here', '3','42','241', '0000-00-00 00:00:00', 'normal', 'NULL','10', '0', '0','NULL', '0', '1', '0', '', '', '3');
INSERT INTO `forms` (`id`, `date`, `encounter`, `form_name`, `form_id`, `pid`, `user`, `groupname`, `authorized`, `deleted`, `formdir`) VALUES
    ('241','2017-7-29 15:15:00','241', 'Patient Encounter', '241', '42', 'admin', 'Default', '1', '0', 'patient_encounter');
INSERT INTO `libreehr_postcalendar_events` 
        (`pc_catid`,`pc_multiple`,`pc_aid`,`pc_pid`,`pc_title`,`pc_time`,`pc_hometext`,`pc_comments`,`pc_counter`,`pc_topic`,`pc_informant`,`pc_eventDate`,
        `pc_endDate`,`pc_duration`,`pc_recurrtype`,`pc_recurrspec`,`pc_recurrfreq`,`pc_startTime`,`pc_endTime`,`pc_alldayevent`,`pc_location`,`pc_eventstatus`,
        `pc_sharing`,`pc_apptstatus`,`pc_prefcatid`,`pc_facility`,`pc_billing_location`)VALUES
        ( 1,240,'1','42','Office Visit','2017-7-29 15:15:00','Clinical Appointment',0,0,1,'1',
        '2017-7-29 15:15:00','0000-00-00',900,0,
        'a:6:{s:17:"event_repeat_freq";s:1:"0";s:22:"event_repeat_freq_type";s:1:"0";s:19:"event_repeat_on_num";s:1:"1";s:19:"event_repeat_on_day";s:1:"0";s:20:"event_repeat_on_freq";s:1:"0";s:6:"exdate";s:0:"";}',
        0,'15:15:00','15:30:00',0,
        'a:6:{s:14:"event_location";s:0:"";s:13:"event_street1";s:0:"";s:13:"event_street2";s:0:"";s:10:"event_city";s:0:"";s:11:"event_state";s:0:"";s:12:"event_postal";s:0:"";}',
        1,1,'-',0,1,1);
INSERT INTO `form_encounter` (`id`, `date`, `reason`, `facility`, `facility_id`, `pid`, `encounter`,
     `onset_date`, `sensitivity`, `billing_note`, `pc_catid`, `last_level_billed`, `last_level_closed`, `last_stmt_date`, `stmt_count`,
      `provider_id`, `supervisor_id`, `invoice_refno`, `referral_source`, `billing_facility`) VALUES
    ('242','2017-8-28 11:15:00', 'Test Encounter', 'Your Clinic Name Here', '3','42','242', '0000-00-00 00:00:00', 'normal', 'NULL','10', '0', '0','NULL', '0', '1', '0', '', '', '3');
INSERT INTO `forms` (`id`, `date`, `encounter`, `form_name`, `form_id`, `pid`, `user`, `groupname`, `authorized`, `deleted`, `formdir`) VALUES
    ('242','2017-8-28 11:15:00','242', 'Patient Encounter', '242', '42', 'admin', 'Default', '1', '0', 'patient_encounter');
INSERT INTO `libreehr_postcalendar_events` 
        (`pc_catid`,`pc_multiple`,`pc_aid`,`pc_pid`,`pc_title`,`pc_time`,`pc_hometext`,`pc_comments`,`pc_counter`,`pc_topic`,`pc_informant`,`pc_eventDate`,
        `pc_endDate`,`pc_duration`,`pc_recurrtype`,`pc_recurrspec`,`pc_recurrfreq`,`pc_startTime`,`pc_endTime`,`pc_alldayevent`,`pc_location`,`pc_eventstatus`,
        `pc_sharing`,`pc_apptstatus`,`pc_prefcatid`,`pc_facility`,`pc_billing_location`)VALUES
        ( 1,241,'1','42','Office Visit','2017-8-28 11:15:00','Clinical Appointment',0,0,1,'1',
        '2017-8-28 11:15:00','0000-00-00',900,0,
        'a:6:{s:17:"event_repeat_freq";s:1:"0";s:22:"event_repeat_freq_type";s:1:"0";s:19:"event_repeat_on_num";s:1:"1";s:19:"event_repeat_on_day";s:1:"0";s:20:"event_repeat_on_freq";s:1:"0";s:6:"exdate";s:0:"";}',
        0,'11:15:00','11:30:00',0,
        'a:6:{s:14:"event_location";s:0:"";s:13:"event_street1";s:0:"";s:13:"event_street2";s:0:"";s:10:"event_city";s:0:"";s:11:"event_state";s:0:"";s:12:"event_postal";s:0:"";}',
        1,1,'-',0,1,1);
INSERT INTO `form_encounter` (`id`, `date`, `reason`, `facility`, `facility_id`, `pid`, `encounter`,
     `onset_date`, `sensitivity`, `billing_note`, `pc_catid`, `last_level_billed`, `last_level_closed`, `last_stmt_date`, `stmt_count`,
      `provider_id`, `supervisor_id`, `invoice_refno`, `referral_source`, `billing_facility`) VALUES
    ('243','2017-9-27 16:00:00', 'Test Encounter', 'Your Clinic Name Here', '3','42','243', '0000-00-00 00:00:00', 'normal', 'NULL','1', '0', '0','NULL', '0', '1', '0', '', '', '3');
INSERT INTO `forms` (`id`, `date`, `encounter`, `form_name`, `form_id`, `pid`, `user`, `groupname`, `authorized`, `deleted`, `formdir`) VALUES
    ('243','2017-9-27 16:00:00','243', 'Patient Encounter', '243', '42', 'admin', 'Default', '1', '0', 'patient_encounter');
INSERT INTO `libreehr_postcalendar_events` 
        (`pc_catid`,`pc_multiple`,`pc_aid`,`pc_pid`,`pc_title`,`pc_time`,`pc_hometext`,`pc_comments`,`pc_counter`,`pc_topic`,`pc_informant`,`pc_eventDate`,
        `pc_endDate`,`pc_duration`,`pc_recurrtype`,`pc_recurrspec`,`pc_recurrfreq`,`pc_startTime`,`pc_endTime`,`pc_alldayevent`,`pc_location`,`pc_eventstatus`,
        `pc_sharing`,`pc_apptstatus`,`pc_prefcatid`,`pc_facility`,`pc_billing_location`)VALUES
        ( 1,242,'1','42','Office Visit','2017-9-27 16:00:00','Clinical Appointment',0,0,1,'1',
        '2017-9-27 16:00:00','0000-00-00',900,0,
        'a:6:{s:17:"event_repeat_freq";s:1:"0";s:22:"event_repeat_freq_type";s:1:"0";s:19:"event_repeat_on_num";s:1:"1";s:19:"event_repeat_on_day";s:1:"0";s:20:"event_repeat_on_freq";s:1:"0";s:6:"exdate";s:0:"";}',
        0,'16:00:00','16:15:00',0,
        'a:6:{s:14:"event_location";s:0:"";s:13:"event_street1";s:0:"";s:13:"event_street2";s:0:"";s:10:"event_city";s:0:"";s:11:"event_state";s:0:"";s:12:"event_postal";s:0:"";}',
        1,1,'-',0,1,1);
INSERT INTO `patient_data` (`title`, `language`, `financial`, `fname`, `lname`, `mname`, `DOB`,`street`, `postal_code`, `city`, `state`,  `drivers_license`, `ss`,`occupation`, `phone_home`, `phone_biz`, `phone_contact`, `phone_cell`,`status`, `contact_relationship`, `date`, `sex`, `referrer`, `referrerID`,`providerID`, `email`, `ethnoracial`, `interpretter`, `migrantseasonal`,`family_size`, `monthly_income`, `homeless`, `financial_review`, `pubpid`,`pid`, `genericname1`, `genericval1`, `genericname2`, `genericval2`) VALUES
 ('Mrs.','English','','PEARL','NELSON','D.','1935-4-26','5608 MapleBLVD','46224','Manchester','MA','701847200','19769334',' ','(125) 517-4811','(125) 517-4811','(125) 517-4811','(125) 517-4811','single','Friend','2003-11-17 12:06:00','Female','JORDAN LEWIS','1','1','PEARL@LibreEHR.org','White',' ',' ','1','5236',' ','000-00-00 00:00:00','43','43',' ',' ',' ',' ');
INSERT INTO `insurance_data` (`id`, `type`, `provider`, `plan_name`, `policy_number`,`group_number`, `subscriber_lname`, `subscriber_mname`, `subscriber_fname`, `subscriber_relationship`, `subscriber_ss`,`subscriber_DOB`, `subscriber_street`, `subscriber_postal_code`, `subscriber_city`, `subscriber_state`, `subscriber_country`,`subscriber_phone`, `subscriber_employer`, `subscriber_employer_street`, `subscriber_employer_postal_code`,`subscriber_employer_state`, `subscriber_employer_country`, `subscriber_employer_city`, `copay`, `date`, `pid`,`subscriber_sex`, `accept_assignment`) VALUES('124','primary','0','0','427239114','991170319','NELSON','D.','PEARL','self','19769334','1935-4-26','5608 MapleBLVD','46224','Manchester','MA','Openemria','(125) 517-4811','OEMR.org','','','MA','Openemria','Manchester','','2011-10-10','43','Female','FALSE');
INSERT INTO `insurance_data` (`id`, `type`, `provider`, `plan_name`, `policy_number`,`group_number`, `subscriber_lname`, `subscriber_mname`, `subscriber_fname`, `subscriber_relationship`, `subscriber_ss`,`subscriber_DOB`, `subscriber_street`, `subscriber_postal_code`, `subscriber_city`, `subscriber_state`, `subscriber_country`,`subscriber_phone`, `subscriber_employer`, `subscriber_employer_street`, `subscriber_employer_postal_code`,`subscriber_employer_state`, `subscriber_employer_country`, `subscriber_employer_city`, `copay`, `date`, `pid`,`subscriber_sex`, `accept_assignment`) VALUES('125','secondary','3362','Incompetent Provider Company','988653147','710494578','NELSON','D.','PEARL','self','19769334','1935-4-26','5608 MapleBLVD','46224','Manchester','MA','Openemria','(125) 517-4811','OEMR.org','','','MA','Openemria','Manchester','','2011-10-10','43','Female','TRUE');
INSERT INTO `insurance_data` (`id`, `type`, `provider`, `plan_name`, `policy_number`,`group_number`, `subscriber_lname`, `subscriber_mname`, `subscriber_fname`, `subscriber_relationship`, `subscriber_ss`,`subscriber_DOB`, `subscriber_street`, `subscriber_postal_code`, `subscriber_city`, `subscriber_state`, `subscriber_country`,`subscriber_phone`, `subscriber_employer`, `subscriber_employer_street`, `subscriber_employer_postal_code`,`subscriber_employer_state`, `subscriber_employer_country`, `subscriber_employer_city`, `copay`, `date`, `pid`,`subscriber_sex`, `accept_assignment`) VALUES('126','tertiary','0','0','815177286','528441612','NELSON','D.','PEARL','self','19769334','1935-4-26','5608 MapleBLVD','46224','Manchester','MA','Openemria','(125) 517-4811','OEMR.org','','','MA','Openemria','Manchester','','2011-10-10','43','Female','FALSE');
INSERT INTO `form_encounter` (`id`, `date`, `reason`, `facility`, `facility_id`, `pid`, `encounter`,
     `onset_date`, `sensitivity`, `billing_note`, `pc_catid`, `last_level_billed`, `last_level_closed`, `last_stmt_date`, `stmt_count`,
      `provider_id`, `supervisor_id`, `invoice_refno`, `referral_source`, `billing_facility`) VALUES
    ('244','2017-8-28 11:00:00', 'Test Encounter', 'Your Clinic Name Here', '3','43','244', '0000-00-00 00:00:00', 'normal', 'NULL','9', '0', '0','NULL', '0', '1', '0', '', '', '3');
INSERT INTO `forms` (`id`, `date`, `encounter`, `form_name`, `form_id`, `pid`, `user`, `groupname`, `authorized`, `deleted`, `formdir`) VALUES
    ('244','2017-8-28 11:00:00','244', 'Patient Encounter', '244', '43', 'admin', 'Default', '1', '0', 'patient_encounter');
INSERT INTO `libreehr_postcalendar_events` 
        (`pc_catid`,`pc_multiple`,`pc_aid`,`pc_pid`,`pc_title`,`pc_time`,`pc_hometext`,`pc_comments`,`pc_counter`,`pc_topic`,`pc_informant`,`pc_eventDate`,
        `pc_endDate`,`pc_duration`,`pc_recurrtype`,`pc_recurrspec`,`pc_recurrfreq`,`pc_startTime`,`pc_endTime`,`pc_alldayevent`,`pc_location`,`pc_eventstatus`,
        `pc_sharing`,`pc_apptstatus`,`pc_prefcatid`,`pc_facility`,`pc_billing_location`)VALUES
        ( 1,243,'1','43','Office Visit','2017-8-28 11:00:00','Clinical Appointment',0,0,1,'1',
        '2017-8-28 11:00:00','0000-00-00',900,0,
        'a:6:{s:17:"event_repeat_freq";s:1:"0";s:22:"event_repeat_freq_type";s:1:"0";s:19:"event_repeat_on_num";s:1:"1";s:19:"event_repeat_on_day";s:1:"0";s:20:"event_repeat_on_freq";s:1:"0";s:6:"exdate";s:0:"";}',
        0,'11:00:00','11:15:00',0,
        'a:6:{s:14:"event_location";s:0:"";s:13:"event_street1";s:0:"";s:13:"event_street2";s:0:"";s:10:"event_city";s:0:"";s:11:"event_state";s:0:"";s:12:"event_postal";s:0:"";}',
        1,1,'-',0,1,1);
INSERT INTO `form_encounter` (`id`, `date`, `reason`, `facility`, `facility_id`, `pid`, `encounter`,
     `onset_date`, `sensitivity`, `billing_note`, `pc_catid`, `last_level_billed`, `last_level_closed`, `last_stmt_date`, `stmt_count`,
      `provider_id`, `supervisor_id`, `invoice_refno`, `referral_source`, `billing_facility`) VALUES
    ('245','2017-9-27 12:30:00', 'Test Encounter', 'Your Clinic Name Here', '3','43','245', '0000-00-00 00:00:00', 'normal', 'NULL','7', '0', '0','NULL', '0', '1', '0', '', '', '3');
INSERT INTO `forms` (`id`, `date`, `encounter`, `form_name`, `form_id`, `pid`, `user`, `groupname`, `authorized`, `deleted`, `formdir`) VALUES
    ('245','2017-9-27 12:30:00','245', 'Patient Encounter', '245', '43', 'admin', 'Default', '1', '0', 'patient_encounter');
INSERT INTO `libreehr_postcalendar_events` 
        (`pc_catid`,`pc_multiple`,`pc_aid`,`pc_pid`,`pc_title`,`pc_time`,`pc_hometext`,`pc_comments`,`pc_counter`,`pc_topic`,`pc_informant`,`pc_eventDate`,
        `pc_endDate`,`pc_duration`,`pc_recurrtype`,`pc_recurrspec`,`pc_recurrfreq`,`pc_startTime`,`pc_endTime`,`pc_alldayevent`,`pc_location`,`pc_eventstatus`,
        `pc_sharing`,`pc_apptstatus`,`pc_prefcatid`,`pc_facility`,`pc_billing_location`)VALUES
        ( 1,244,'1','43','Office Visit','2017-9-27 12:30:00','Clinical Appointment',0,0,1,'1',
        '2017-9-27 12:30:00','0000-00-00',900,0,
        'a:6:{s:17:"event_repeat_freq";s:1:"0";s:22:"event_repeat_freq_type";s:1:"0";s:19:"event_repeat_on_num";s:1:"1";s:19:"event_repeat_on_day";s:1:"0";s:20:"event_repeat_on_freq";s:1:"0";s:6:"exdate";s:0:"";}',
        0,'12:30:00','12:45:00',0,
        'a:6:{s:14:"event_location";s:0:"";s:13:"event_street1";s:0:"";s:13:"event_street2";s:0:"";s:10:"event_city";s:0:"";s:11:"event_state";s:0:"";s:12:"event_postal";s:0:"";}',
        1,1,'-',0,1,1);
INSERT INTO `patient_data` (`title`, `language`, `financial`, `fname`, `lname`, `mname`, `DOB`,`street`, `postal_code`, `city`, `state`,  `drivers_license`, `ss`,`occupation`, `phone_home`, `phone_biz`, `phone_contact`, `phone_cell`,`status`, `contact_relationship`, `date`, `sex`, `referrer`, `referrerID`,`providerID`, `email`, `ethnoracial`, `interpretter`, `migrantseasonal`,`family_size`, `monthly_income`, `homeless`, `financial_review`, `pubpid`,`pid`, `genericname1`, `genericval1`, `genericname2`, `genericval2`) VALUES
 ('Mrs.','Spanish','','AMBER','GREENE','B.','1988-12-25','4264 WallHwy','18005','Mount','NJ','790169881','208404416',' ','(660) 431-6604','(660) 431-6604','(660) 431-6604','(660) 431-6604','single','Friend','2003-11-17 12:06:00','Female','ARNOLD BROWN','1','1','AMBER@LibreEHR.org','Yankee',' ',' ','9','5597',' ','000-00-00 00:00:00','44','44',' ',' ',' ',' ');
INSERT INTO `insurance_data` (`id`, `type`, `provider`, `plan_name`, `policy_number`,`group_number`, `subscriber_lname`, `subscriber_mname`, `subscriber_fname`, `subscriber_relationship`, `subscriber_ss`,`subscriber_DOB`, `subscriber_street`, `subscriber_postal_code`, `subscriber_city`, `subscriber_state`, `subscriber_country`,`subscriber_phone`, `subscriber_employer`, `subscriber_employer_street`, `subscriber_employer_postal_code`,`subscriber_employer_state`, `subscriber_employer_country`, `subscriber_employer_city`, `copay`, `date`, `pid`,`subscriber_sex`, `accept_assignment`) VALUES('127','primary','6887','Impersonal Insurance HMO','641721478','6419855','GREENE','B.','AMBER','self','208404416','1988-12-25','4264 WallHwy','18005','Mount','NJ','Openemria','(660) 431-6604','OEMR.org','','','NJ','Openemria','Mount','','2011-10-10','44','Female','TRUE');
INSERT INTO `insurance_data` (`id`, `type`, `provider`, `plan_name`, `policy_number`,`group_number`, `subscriber_lname`, `subscriber_mname`, `subscriber_fname`, `subscriber_relationship`, `subscriber_ss`,`subscriber_DOB`, `subscriber_street`, `subscriber_postal_code`, `subscriber_city`, `subscriber_state`, `subscriber_country`,`subscriber_phone`, `subscriber_employer`, `subscriber_employer_street`, `subscriber_employer_postal_code`,`subscriber_employer_state`, `subscriber_employer_country`, `subscriber_employer_city`, `copay`, `date`, `pid`,`subscriber_sex`, `accept_assignment`) VALUES('128','secondary','6186','Green Mutual LTD','592832001','991376681','GREENE','B.','AMBER','self','208404416','1988-12-25','4264 WallHwy','18005','Mount','NJ','Openemria','(660) 431-6604','OEMR.org','','','NJ','Openemria','Mount','','2011-10-10','44','Female','TRUE');
INSERT INTO `insurance_data` (`id`, `type`, `provider`, `plan_name`, `policy_number`,`group_number`, `subscriber_lname`, `subscriber_mname`, `subscriber_fname`, `subscriber_relationship`, `subscriber_ss`,`subscriber_DOB`, `subscriber_street`, `subscriber_postal_code`, `subscriber_city`, `subscriber_state`, `subscriber_country`,`subscriber_phone`, `subscriber_employer`, `subscriber_employer_street`, `subscriber_employer_postal_code`,`subscriber_employer_state`, `subscriber_employer_country`, `subscriber_employer_city`, `copay`, `date`, `pid`,`subscriber_sex`, `accept_assignment`) VALUES('129','tertiary','7519','Litigeous Heartless LTD','968457340','452500460','GREENE','B.','AMBER','self','208404416','1988-12-25','4264 WallHwy','18005','Mount','NJ','Openemria','(660) 431-6604','OEMR.org','','','NJ','Openemria','Mount','','2011-10-10','44','Female','TRUE');
INSERT INTO `form_encounter` (`id`, `date`, `reason`, `facility`, `facility_id`, `pid`, `encounter`,
     `onset_date`, `sensitivity`, `billing_note`, `pc_catid`, `last_level_billed`, `last_level_closed`, `last_stmt_date`, `stmt_count`,
      `provider_id`, `supervisor_id`, `invoice_refno`, `referral_source`, `billing_facility`) VALUES
    ('246','2017-4-30 14:00:00', 'Test Encounter', 'Your Clinic Name Here', '3','44','246', '0000-00-00 00:00:00', 'normal', 'NULL','7', '0', '0','NULL', '0', '1', '0', '', '', '3');
INSERT INTO `forms` (`id`, `date`, `encounter`, `form_name`, `form_id`, `pid`, `user`, `groupname`, `authorized`, `deleted`, `formdir`) VALUES
    ('246','2017-4-30 14:00:00','246', 'Patient Encounter', '246', '44', 'admin', 'Default', '1', '0', 'patient_encounter');
INSERT INTO `libreehr_postcalendar_events` 
        (`pc_catid`,`pc_multiple`,`pc_aid`,`pc_pid`,`pc_title`,`pc_time`,`pc_hometext`,`pc_comments`,`pc_counter`,`pc_topic`,`pc_informant`,`pc_eventDate`,
        `pc_endDate`,`pc_duration`,`pc_recurrtype`,`pc_recurrspec`,`pc_recurrfreq`,`pc_startTime`,`pc_endTime`,`pc_alldayevent`,`pc_location`,`pc_eventstatus`,
        `pc_sharing`,`pc_apptstatus`,`pc_prefcatid`,`pc_facility`,`pc_billing_location`)VALUES
        ( 1,245,'1','44','Office Visit','2017-4-30 14:00:00','Clinical Appointment',0,0,1,'1',
        '2017-4-30 14:00:00','0000-00-00',900,0,
        'a:6:{s:17:"event_repeat_freq";s:1:"0";s:22:"event_repeat_freq_type";s:1:"0";s:19:"event_repeat_on_num";s:1:"1";s:19:"event_repeat_on_day";s:1:"0";s:20:"event_repeat_on_freq";s:1:"0";s:6:"exdate";s:0:"";}',
        0,'14:00:00','14:15:00',0,
        'a:6:{s:14:"event_location";s:0:"";s:13:"event_street1";s:0:"";s:13:"event_street2";s:0:"";s:10:"event_city";s:0:"";s:11:"event_state";s:0:"";s:12:"event_postal";s:0:"";}',
        1,1,'-',0,1,1);
INSERT INTO `form_encounter` (`id`, `date`, `reason`, `facility`, `facility_id`, `pid`, `encounter`,
     `onset_date`, `sensitivity`, `billing_note`, `pc_catid`, `last_level_billed`, `last_level_closed`, `last_stmt_date`, `stmt_count`,
      `provider_id`, `supervisor_id`, `invoice_refno`, `referral_source`, `billing_facility`) VALUES
    ('247','2017-5-30 17:15:00', 'Test Encounter', 'Your Clinic Name Here', '3','44','247', '0000-00-00 00:00:00', 'normal', 'NULL','10', '0', '0','NULL', '0', '1', '0', '', '', '3');
INSERT INTO `forms` (`id`, `date`, `encounter`, `form_name`, `form_id`, `pid`, `user`, `groupname`, `authorized`, `deleted`, `formdir`) VALUES
    ('247','2017-5-30 17:15:00','247', 'Patient Encounter', '247', '44', 'admin', 'Default', '1', '0', 'patient_encounter');
INSERT INTO `libreehr_postcalendar_events` 
        (`pc_catid`,`pc_multiple`,`pc_aid`,`pc_pid`,`pc_title`,`pc_time`,`pc_hometext`,`pc_comments`,`pc_counter`,`pc_topic`,`pc_informant`,`pc_eventDate`,
        `pc_endDate`,`pc_duration`,`pc_recurrtype`,`pc_recurrspec`,`pc_recurrfreq`,`pc_startTime`,`pc_endTime`,`pc_alldayevent`,`pc_location`,`pc_eventstatus`,
        `pc_sharing`,`pc_apptstatus`,`pc_prefcatid`,`pc_facility`,`pc_billing_location`)VALUES
        ( 1,246,'1','44','Office Visit','2017-5-30 17:15:00','Clinical Appointment',0,0,1,'1',
        '2017-5-30 17:15:00','0000-00-00',900,0,
        'a:6:{s:17:"event_repeat_freq";s:1:"0";s:22:"event_repeat_freq_type";s:1:"0";s:19:"event_repeat_on_num";s:1:"1";s:19:"event_repeat_on_day";s:1:"0";s:20:"event_repeat_on_freq";s:1:"0";s:6:"exdate";s:0:"";}',
        0,'17:15:00','17:30:00',0,
        'a:6:{s:14:"event_location";s:0:"";s:13:"event_street1";s:0:"";s:13:"event_street2";s:0:"";s:10:"event_city";s:0:"";s:11:"event_state";s:0:"";s:12:"event_postal";s:0:"";}',
        1,1,'-',0,1,1);
INSERT INTO `form_encounter` (`id`, `date`, `reason`, `facility`, `facility_id`, `pid`, `encounter`,
     `onset_date`, `sensitivity`, `billing_note`, `pc_catid`, `last_level_billed`, `last_level_closed`, `last_stmt_date`, `stmt_count`,
      `provider_id`, `supervisor_id`, `invoice_refno`, `referral_source`, `billing_facility`) VALUES
    ('248','2017-6-29 11:00:00', 'Test Encounter', 'Your Clinic Name Here', '3','44','248', '0000-00-00 00:00:00', 'normal', 'NULL','1', '0', '0','NULL', '0', '1', '0', '', '', '3');
INSERT INTO `forms` (`id`, `date`, `encounter`, `form_name`, `form_id`, `pid`, `user`, `groupname`, `authorized`, `deleted`, `formdir`) VALUES
    ('248','2017-6-29 11:00:00','248', 'Patient Encounter', '248', '44', 'admin', 'Default', '1', '0', 'patient_encounter');
INSERT INTO `libreehr_postcalendar_events` 
        (`pc_catid`,`pc_multiple`,`pc_aid`,`pc_pid`,`pc_title`,`pc_time`,`pc_hometext`,`pc_comments`,`pc_counter`,`pc_topic`,`pc_informant`,`pc_eventDate`,
        `pc_endDate`,`pc_duration`,`pc_recurrtype`,`pc_recurrspec`,`pc_recurrfreq`,`pc_startTime`,`pc_endTime`,`pc_alldayevent`,`pc_location`,`pc_eventstatus`,
        `pc_sharing`,`pc_apptstatus`,`pc_prefcatid`,`pc_facility`,`pc_billing_location`)VALUES
        ( 1,247,'1','44','Office Visit','2017-6-29 11:00:00','Clinical Appointment',0,0,1,'1',
        '2017-6-29 11:00:00','0000-00-00',900,0,
        'a:6:{s:17:"event_repeat_freq";s:1:"0";s:22:"event_repeat_freq_type";s:1:"0";s:19:"event_repeat_on_num";s:1:"1";s:19:"event_repeat_on_day";s:1:"0";s:20:"event_repeat_on_freq";s:1:"0";s:6:"exdate";s:0:"";}',
        0,'11:00:00','11:15:00',0,
        'a:6:{s:14:"event_location";s:0:"";s:13:"event_street1";s:0:"";s:13:"event_street2";s:0:"";s:10:"event_city";s:0:"";s:11:"event_state";s:0:"";s:12:"event_postal";s:0:"";}',
        1,1,'-',0,1,1);
INSERT INTO `form_encounter` (`id`, `date`, `reason`, `facility`, `facility_id`, `pid`, `encounter`,
     `onset_date`, `sensitivity`, `billing_note`, `pc_catid`, `last_level_billed`, `last_level_closed`, `last_stmt_date`, `stmt_count`,
      `provider_id`, `supervisor_id`, `invoice_refno`, `referral_source`, `billing_facility`) VALUES
    ('249','2017-7-29 12:15:00', 'Test Encounter', 'Your Clinic Name Here', '3','44','249', '0000-00-00 00:00:00', 'normal', 'NULL','2', '0', '0','NULL', '0', '1', '0', '', '', '3');
INSERT INTO `forms` (`id`, `date`, `encounter`, `form_name`, `form_id`, `pid`, `user`, `groupname`, `authorized`, `deleted`, `formdir`) VALUES
    ('249','2017-7-29 12:15:00','249', 'Patient Encounter', '249', '44', 'admin', 'Default', '1', '0', 'patient_encounter');
INSERT INTO `libreehr_postcalendar_events` 
        (`pc_catid`,`pc_multiple`,`pc_aid`,`pc_pid`,`pc_title`,`pc_time`,`pc_hometext`,`pc_comments`,`pc_counter`,`pc_topic`,`pc_informant`,`pc_eventDate`,
        `pc_endDate`,`pc_duration`,`pc_recurrtype`,`pc_recurrspec`,`pc_recurrfreq`,`pc_startTime`,`pc_endTime`,`pc_alldayevent`,`pc_location`,`pc_eventstatus`,
        `pc_sharing`,`pc_apptstatus`,`pc_prefcatid`,`pc_facility`,`pc_billing_location`)VALUES
        ( 1,248,'1','44','Office Visit','2017-7-29 12:15:00','Clinical Appointment',0,0,1,'1',
        '2017-7-29 12:15:00','0000-00-00',900,0,
        'a:6:{s:17:"event_repeat_freq";s:1:"0";s:22:"event_repeat_freq_type";s:1:"0";s:19:"event_repeat_on_num";s:1:"1";s:19:"event_repeat_on_day";s:1:"0";s:20:"event_repeat_on_freq";s:1:"0";s:6:"exdate";s:0:"";}',
        0,'12:15:00','12:30:00',0,
        'a:6:{s:14:"event_location";s:0:"";s:13:"event_street1";s:0:"";s:13:"event_street2";s:0:"";s:10:"event_city";s:0:"";s:11:"event_state";s:0:"";s:12:"event_postal";s:0:"";}',
        1,1,'-',0,1,1);
INSERT INTO `form_encounter` (`id`, `date`, `reason`, `facility`, `facility_id`, `pid`, `encounter`,
     `onset_date`, `sensitivity`, `billing_note`, `pc_catid`, `last_level_billed`, `last_level_closed`, `last_stmt_date`, `stmt_count`,
      `provider_id`, `supervisor_id`, `invoice_refno`, `referral_source`, `billing_facility`) VALUES
    ('250','2017-8-28 17:00:00', 'Test Encounter', 'Your Clinic Name Here', '3','44','250', '0000-00-00 00:00:00', 'normal', 'NULL','8', '0', '0','NULL', '0', '1', '0', '', '', '3');
INSERT INTO `forms` (`id`, `date`, `encounter`, `form_name`, `form_id`, `pid`, `user`, `groupname`, `authorized`, `deleted`, `formdir`) VALUES
    ('250','2017-8-28 17:00:00','250', 'Patient Encounter', '250', '44', 'admin', 'Default', '1', '0', 'patient_encounter');
INSERT INTO `libreehr_postcalendar_events` 
        (`pc_catid`,`pc_multiple`,`pc_aid`,`pc_pid`,`pc_title`,`pc_time`,`pc_hometext`,`pc_comments`,`pc_counter`,`pc_topic`,`pc_informant`,`pc_eventDate`,
        `pc_endDate`,`pc_duration`,`pc_recurrtype`,`pc_recurrspec`,`pc_recurrfreq`,`pc_startTime`,`pc_endTime`,`pc_alldayevent`,`pc_location`,`pc_eventstatus`,
        `pc_sharing`,`pc_apptstatus`,`pc_prefcatid`,`pc_facility`,`pc_billing_location`)VALUES
        ( 1,249,'1','44','Office Visit','2017-8-28 17:00:00','Clinical Appointment',0,0,1,'1',
        '2017-8-28 17:00:00','0000-00-00',900,0,
        'a:6:{s:17:"event_repeat_freq";s:1:"0";s:22:"event_repeat_freq_type";s:1:"0";s:19:"event_repeat_on_num";s:1:"1";s:19:"event_repeat_on_day";s:1:"0";s:20:"event_repeat_on_freq";s:1:"0";s:6:"exdate";s:0:"";}',
        0,'17:00:00','17:15:00',0,
        'a:6:{s:14:"event_location";s:0:"";s:13:"event_street1";s:0:"";s:13:"event_street2";s:0:"";s:10:"event_city";s:0:"";s:11:"event_state";s:0:"";s:12:"event_postal";s:0:"";}',
        1,1,'-',0,1,1);
INSERT INTO `form_encounter` (`id`, `date`, `reason`, `facility`, `facility_id`, `pid`, `encounter`,
     `onset_date`, `sensitivity`, `billing_note`, `pc_catid`, `last_level_billed`, `last_level_closed`, `last_stmt_date`, `stmt_count`,
      `provider_id`, `supervisor_id`, `invoice_refno`, `referral_source`, `billing_facility`) VALUES
    ('251','2017-9-27 12:30:00', 'Test Encounter', 'Your Clinic Name Here', '3','44','251', '0000-00-00 00:00:00', 'normal', 'NULL','2', '0', '0','NULL', '0', '1', '0', '', '', '3');
INSERT INTO `forms` (`id`, `date`, `encounter`, `form_name`, `form_id`, `pid`, `user`, `groupname`, `authorized`, `deleted`, `formdir`) VALUES
    ('251','2017-9-27 12:30:00','251', 'Patient Encounter', '251', '44', 'admin', 'Default', '1', '0', 'patient_encounter');
INSERT INTO `libreehr_postcalendar_events` 
        (`pc_catid`,`pc_multiple`,`pc_aid`,`pc_pid`,`pc_title`,`pc_time`,`pc_hometext`,`pc_comments`,`pc_counter`,`pc_topic`,`pc_informant`,`pc_eventDate`,
        `pc_endDate`,`pc_duration`,`pc_recurrtype`,`pc_recurrspec`,`pc_recurrfreq`,`pc_startTime`,`pc_endTime`,`pc_alldayevent`,`pc_location`,`pc_eventstatus`,
        `pc_sharing`,`pc_apptstatus`,`pc_prefcatid`,`pc_facility`,`pc_billing_location`)VALUES
        ( 1,250,'1','44','Office Visit','2017-9-27 12:30:00','Clinical Appointment',0,0,1,'1',
        '2017-9-27 12:30:00','0000-00-00',900,0,
        'a:6:{s:17:"event_repeat_freq";s:1:"0";s:22:"event_repeat_freq_type";s:1:"0";s:19:"event_repeat_on_num";s:1:"1";s:19:"event_repeat_on_day";s:1:"0";s:20:"event_repeat_on_freq";s:1:"0";s:6:"exdate";s:0:"";}',
        0,'12:30:00','12:45:00',0,
        'a:6:{s:14:"event_location";s:0:"";s:13:"event_street1";s:0:"";s:13:"event_street2";s:0:"";s:10:"event_city";s:0:"";s:11:"event_state";s:0:"";s:12:"event_postal";s:0:"";}',
        1,1,'-',0,1,1);
INSERT INTO `patient_data` (`title`, `language`, `financial`, `fname`, `lname`, `mname`, `DOB`,`street`, `postal_code`, `city`, `state`,  `drivers_license`, `ss`,`occupation`, `phone_home`, `phone_biz`, `phone_contact`, `phone_cell`,`status`, `contact_relationship`, `date`, `sex`, `referrer`, `referrerID`,`providerID`, `email`, `ethnoracial`, `interpretter`, `migrantseasonal`,`family_size`, `monthly_income`, `homeless`, `financial_review`, `pubpid`,`pid`, `genericname1`, `genericval1`, `genericname2`, `genericval2`) VALUES
 ('Mr.','Spanish','','ROBERT','JACKSON','E.','1937-8-15','2358 MainWay','90840','Burlington','MN','984586656','138105813',' ','(282) 98-9216','(282) 98-9216','(282) 98-9216','(282) 98-9216','married','Friend','2003-11-17 12:06:00','Male','WILLIE LOPEZ','1','1','ROBERT@LibreEHR.org','Chinese',' ',' ','8','8573',' ','000-00-00 00:00:00','45','45',' ',' ',' ',' ');
INSERT INTO `insurance_data` (`id`, `type`, `provider`, `plan_name`, `policy_number`,`group_number`, `subscriber_lname`, `subscriber_mname`, `subscriber_fname`, `subscriber_relationship`, `subscriber_ss`,`subscriber_DOB`, `subscriber_street`, `subscriber_postal_code`, `subscriber_city`, `subscriber_state`, `subscriber_country`,`subscriber_phone`, `subscriber_employer`, `subscriber_employer_street`, `subscriber_employer_postal_code`,`subscriber_employer_state`, `subscriber_employer_country`, `subscriber_employer_city`, `copay`, `date`, `pid`,`subscriber_sex`, `accept_assignment`) VALUES('130','primary','6843','Pink Provider Very LTD.','76230557','349378027','JACKSON','E.','ROBERT','self','138105813','1937-8-15','2358 MainWay','90840','Burlington','MN','Openemria','(282) 98-9216','OEMR.org','','','MN','Openemria','Burlington','','2011-10-10','45','Male','FALSE');
INSERT INTO `insurance_data` (`id`, `type`, `provider`, `plan_name`, `policy_number`,`group_number`, `subscriber_lname`, `subscriber_mname`, `subscriber_fname`, `subscriber_relationship`, `subscriber_ss`,`subscriber_DOB`, `subscriber_street`, `subscriber_postal_code`, `subscriber_city`, `subscriber_state`, `subscriber_country`,`subscriber_phone`, `subscriber_employer`, `subscriber_employer_street`, `subscriber_employer_postal_code`,`subscriber_employer_state`, `subscriber_employer_country`, `subscriber_employer_city`, `copay`, `date`, `pid`,`subscriber_sex`, `accept_assignment`) VALUES('131','secondary','8435','Backstreet Helpful Company','891770961','309397351','JACKSON','E.','ROBERT','self','138105813','1937-8-15','2358 MainWay','90840','Burlington','MN','Openemria','(282) 98-9216','OEMR.org','','','MN','Openemria','Burlington','','2011-10-10','45','Male','FALSE');
INSERT INTO `insurance_data` (`id`, `type`, `provider`, `plan_name`, `policy_number`,`group_number`, `subscriber_lname`, `subscriber_mname`, `subscriber_fname`, `subscriber_relationship`, `subscriber_ss`,`subscriber_DOB`, `subscriber_street`, `subscriber_postal_code`, `subscriber_city`, `subscriber_state`, `subscriber_country`,`subscriber_phone`, `subscriber_employer`, `subscriber_employer_street`, `subscriber_employer_postal_code`,`subscriber_employer_state`, `subscriber_employer_country`, `subscriber_employer_city`, `copay`, `date`, `pid`,`subscriber_sex`, `accept_assignment`) VALUES('132','tertiary','5612','Violet Group HMO','378480613','384415329','JACKSON','E.','ROBERT','self','138105813','1937-8-15','2358 MainWay','90840','Burlington','MN','Openemria','(282) 98-9216','OEMR.org','','','MN','Openemria','Burlington','','2011-10-10','45','Male','FALSE');
INSERT INTO `form_encounter` (`id`, `date`, `reason`, `facility`, `facility_id`, `pid`, `encounter`,
     `onset_date`, `sensitivity`, `billing_note`, `pc_catid`, `last_level_billed`, `last_level_closed`, `last_stmt_date`, `stmt_count`,
      `provider_id`, `supervisor_id`, `invoice_refno`, `referral_source`, `billing_facility`) VALUES
    ('252','2017-6-29 12:00:00', 'Test Encounter', 'Your Clinic Name Here', '3','45','252', '0000-00-00 00:00:00', 'normal', 'NULL','3', '0', '0','NULL', '0', '1', '0', '', '', '3');
INSERT INTO `forms` (`id`, `date`, `encounter`, `form_name`, `form_id`, `pid`, `user`, `groupname`, `authorized`, `deleted`, `formdir`) VALUES
    ('252','2017-6-29 12:00:00','252', 'Patient Encounter', '252', '45', 'admin', 'Default', '1', '0', 'patient_encounter');
INSERT INTO `libreehr_postcalendar_events` 
        (`pc_catid`,`pc_multiple`,`pc_aid`,`pc_pid`,`pc_title`,`pc_time`,`pc_hometext`,`pc_comments`,`pc_counter`,`pc_topic`,`pc_informant`,`pc_eventDate`,
        `pc_endDate`,`pc_duration`,`pc_recurrtype`,`pc_recurrspec`,`pc_recurrfreq`,`pc_startTime`,`pc_endTime`,`pc_alldayevent`,`pc_location`,`pc_eventstatus`,
        `pc_sharing`,`pc_apptstatus`,`pc_prefcatid`,`pc_facility`,`pc_billing_location`)VALUES
        ( 1,251,'1','45','Office Visit','2017-6-29 12:00:00','Clinical Appointment',0,0,1,'1',
        '2017-6-29 12:00:00','0000-00-00',900,0,
        'a:6:{s:17:"event_repeat_freq";s:1:"0";s:22:"event_repeat_freq_type";s:1:"0";s:19:"event_repeat_on_num";s:1:"1";s:19:"event_repeat_on_day";s:1:"0";s:20:"event_repeat_on_freq";s:1:"0";s:6:"exdate";s:0:"";}',
        0,'12:00:00','12:15:00',0,
        'a:6:{s:14:"event_location";s:0:"";s:13:"event_street1";s:0:"";s:13:"event_street2";s:0:"";s:10:"event_city";s:0:"";s:11:"event_state";s:0:"";s:12:"event_postal";s:0:"";}',
        1,1,'-',0,1,1);
INSERT INTO `form_encounter` (`id`, `date`, `reason`, `facility`, `facility_id`, `pid`, `encounter`,
     `onset_date`, `sensitivity`, `billing_note`, `pc_catid`, `last_level_billed`, `last_level_closed`, `last_stmt_date`, `stmt_count`,
      `provider_id`, `supervisor_id`, `invoice_refno`, `referral_source`, `billing_facility`) VALUES
    ('253','2017-7-29 16:30:00', 'Test Encounter', 'Your Clinic Name Here', '3','45','253', '0000-00-00 00:00:00', 'normal', 'NULL','7', '0', '0','NULL', '0', '1', '0', '', '', '3');
INSERT INTO `forms` (`id`, `date`, `encounter`, `form_name`, `form_id`, `pid`, `user`, `groupname`, `authorized`, `deleted`, `formdir`) VALUES
    ('253','2017-7-29 16:30:00','253', 'Patient Encounter', '253', '45', 'admin', 'Default', '1', '0', 'patient_encounter');
INSERT INTO `libreehr_postcalendar_events` 
        (`pc_catid`,`pc_multiple`,`pc_aid`,`pc_pid`,`pc_title`,`pc_time`,`pc_hometext`,`pc_comments`,`pc_counter`,`pc_topic`,`pc_informant`,`pc_eventDate`,
        `pc_endDate`,`pc_duration`,`pc_recurrtype`,`pc_recurrspec`,`pc_recurrfreq`,`pc_startTime`,`pc_endTime`,`pc_alldayevent`,`pc_location`,`pc_eventstatus`,
        `pc_sharing`,`pc_apptstatus`,`pc_prefcatid`,`pc_facility`,`pc_billing_location`)VALUES
        ( 1,252,'1','45','Office Visit','2017-7-29 16:30:00','Clinical Appointment',0,0,1,'1',
        '2017-7-29 16:30:00','0000-00-00',900,0,
        'a:6:{s:17:"event_repeat_freq";s:1:"0";s:22:"event_repeat_freq_type";s:1:"0";s:19:"event_repeat_on_num";s:1:"1";s:19:"event_repeat_on_day";s:1:"0";s:20:"event_repeat_on_freq";s:1:"0";s:6:"exdate";s:0:"";}',
        0,'16:30:00','16:45:00',0,
        'a:6:{s:14:"event_location";s:0:"";s:13:"event_street1";s:0:"";s:13:"event_street2";s:0:"";s:10:"event_city";s:0:"";s:11:"event_state";s:0:"";s:12:"event_postal";s:0:"";}',
        1,1,'-',0,1,1);
INSERT INTO `form_encounter` (`id`, `date`, `reason`, `facility`, `facility_id`, `pid`, `encounter`,
     `onset_date`, `sensitivity`, `billing_note`, `pc_catid`, `last_level_billed`, `last_level_closed`, `last_stmt_date`, `stmt_count`,
      `provider_id`, `supervisor_id`, `invoice_refno`, `referral_source`, `billing_facility`) VALUES
    ('254','2017-8-28 16:00:00', 'Test Encounter', 'Your Clinic Name Here', '3','45','254', '0000-00-00 00:00:00', 'normal', 'NULL','4', '0', '0','NULL', '0', '1', '0', '', '', '3');
INSERT INTO `forms` (`id`, `date`, `encounter`, `form_name`, `form_id`, `pid`, `user`, `groupname`, `authorized`, `deleted`, `formdir`) VALUES
    ('254','2017-8-28 16:00:00','254', 'Patient Encounter', '254', '45', 'admin', 'Default', '1', '0', 'patient_encounter');
INSERT INTO `libreehr_postcalendar_events` 
        (`pc_catid`,`pc_multiple`,`pc_aid`,`pc_pid`,`pc_title`,`pc_time`,`pc_hometext`,`pc_comments`,`pc_counter`,`pc_topic`,`pc_informant`,`pc_eventDate`,
        `pc_endDate`,`pc_duration`,`pc_recurrtype`,`pc_recurrspec`,`pc_recurrfreq`,`pc_startTime`,`pc_endTime`,`pc_alldayevent`,`pc_location`,`pc_eventstatus`,
        `pc_sharing`,`pc_apptstatus`,`pc_prefcatid`,`pc_facility`,`pc_billing_location`)VALUES
        ( 1,253,'1','45','Office Visit','2017-8-28 16:00:00','Clinical Appointment',0,0,1,'1',
        '2017-8-28 16:00:00','0000-00-00',900,0,
        'a:6:{s:17:"event_repeat_freq";s:1:"0";s:22:"event_repeat_freq_type";s:1:"0";s:19:"event_repeat_on_num";s:1:"1";s:19:"event_repeat_on_day";s:1:"0";s:20:"event_repeat_on_freq";s:1:"0";s:6:"exdate";s:0:"";}',
        0,'16:00:00','16:15:00',0,
        'a:6:{s:14:"event_location";s:0:"";s:13:"event_street1";s:0:"";s:13:"event_street2";s:0:"";s:10:"event_city";s:0:"";s:11:"event_state";s:0:"";s:12:"event_postal";s:0:"";}',
        1,1,'-',0,1,1);
INSERT INTO `form_encounter` (`id`, `date`, `reason`, `facility`, `facility_id`, `pid`, `encounter`,
     `onset_date`, `sensitivity`, `billing_note`, `pc_catid`, `last_level_billed`, `last_level_closed`, `last_stmt_date`, `stmt_count`,
      `provider_id`, `supervisor_id`, `invoice_refno`, `referral_source`, `billing_facility`) VALUES
    ('255','2017-9-27 11:15:00', 'Test Encounter', 'Your Clinic Name Here', '3','45','255', '0000-00-00 00:00:00', 'normal', 'NULL','1', '0', '0','NULL', '0', '1', '0', '', '', '3');
INSERT INTO `forms` (`id`, `date`, `encounter`, `form_name`, `form_id`, `pid`, `user`, `groupname`, `authorized`, `deleted`, `formdir`) VALUES
    ('255','2017-9-27 11:15:00','255', 'Patient Encounter', '255', '45', 'admin', 'Default', '1', '0', 'patient_encounter');
INSERT INTO `libreehr_postcalendar_events` 
        (`pc_catid`,`pc_multiple`,`pc_aid`,`pc_pid`,`pc_title`,`pc_time`,`pc_hometext`,`pc_comments`,`pc_counter`,`pc_topic`,`pc_informant`,`pc_eventDate`,
        `pc_endDate`,`pc_duration`,`pc_recurrtype`,`pc_recurrspec`,`pc_recurrfreq`,`pc_startTime`,`pc_endTime`,`pc_alldayevent`,`pc_location`,`pc_eventstatus`,
        `pc_sharing`,`pc_apptstatus`,`pc_prefcatid`,`pc_facility`,`pc_billing_location`)VALUES
        ( 1,254,'1','45','Office Visit','2017-9-27 11:15:00','Clinical Appointment',0,0,1,'1',
        '2017-9-27 11:15:00','0000-00-00',900,0,
        'a:6:{s:17:"event_repeat_freq";s:1:"0";s:22:"event_repeat_freq_type";s:1:"0";s:19:"event_repeat_on_num";s:1:"1";s:19:"event_repeat_on_day";s:1:"0";s:20:"event_repeat_on_freq";s:1:"0";s:6:"exdate";s:0:"";}',
        0,'11:15:00','11:30:00',0,
        'a:6:{s:14:"event_location";s:0:"";s:13:"event_street1";s:0:"";s:13:"event_street2";s:0:"";s:10:"event_city";s:0:"";s:11:"event_state";s:0:"";s:12:"event_postal";s:0:"";}',
        1,1,'-',0,1,1);
INSERT INTO `patient_data` (`title`, `language`, `financial`, `fname`, `lname`, `mname`, `DOB`,`street`, `postal_code`, `city`, `state`,  `drivers_license`, `ss`,`occupation`, `phone_home`, `phone_biz`, `phone_contact`, `phone_cell`,`status`, `contact_relationship`, `date`, `sex`, `referrer`, `referrerID`,`providerID`, `email`, `ethnoracial`, `interpretter`, `migrantseasonal`,`family_size`, `monthly_income`, `homeless`, `financial_review`, `pubpid`,`pid`, `genericname1`, `genericval1`, `genericname2`, `genericval2`) VALUES
 ('Ms.','Spanish','','REGINA','CURTIS','N.','2007-3-25','5761 SesameSt.','55739','Clinton','AL','794845961','639543765',' ','(969) 579-7842','(969) 579-7842','(969) 579-7842','(969) 579-7842','single','Friend','2003-11-17 12:06:00','Female','CHARLIE DAY','1','1','REGINA@LibreEHR.org','Black',' ',' ','2','7046',' ','000-00-00 00:00:00','46','46',' ',' ',' ',' ');
INSERT INTO `insurance_data` (`id`, `type`, `provider`, `plan_name`, `policy_number`,`group_number`, `subscriber_lname`, `subscriber_mname`, `subscriber_fname`, `subscriber_relationship`, `subscriber_ss`,`subscriber_DOB`, `subscriber_street`, `subscriber_postal_code`, `subscriber_city`, `subscriber_state`, `subscriber_country`,`subscriber_phone`, `subscriber_employer`, `subscriber_employer_street`, `subscriber_employer_postal_code`,`subscriber_employer_state`, `subscriber_employer_country`, `subscriber_employer_city`, `copay`, `date`, `pid`,`subscriber_sex`, `accept_assignment`) VALUES('133','primary','6887','Impersonal Insurance HMO','397924152','125482158','CURTIS','N.','REGINA','self','639543765','2007-3-25','5761 SesameSt.','55739','Clinton','AL','Openemria','(969) 579-7842','OEMR.org','','','AL','Openemria','Clinton','','2011-10-10','46','Female','FALSE');
INSERT INTO `insurance_data` (`id`, `type`, `provider`, `plan_name`, `policy_number`,`group_number`, `subscriber_lname`, `subscriber_mname`, `subscriber_fname`, `subscriber_relationship`, `subscriber_ss`,`subscriber_DOB`, `subscriber_street`, `subscriber_postal_code`, `subscriber_city`, `subscriber_state`, `subscriber_country`,`subscriber_phone`, `subscriber_employer`, `subscriber_employer_street`, `subscriber_employer_postal_code`,`subscriber_employer_state`, `subscriber_employer_country`, `subscriber_employer_city`, `copay`, `date`, `pid`,`subscriber_sex`, `accept_assignment`) VALUES('134','secondary','6186','Green Mutual LTD','715976939','83921361','CURTIS','N.','REGINA','self','639543765','2007-3-25','5761 SesameSt.','55739','Clinton','AL','Openemria','(969) 579-7842','OEMR.org','','','AL','Openemria','Clinton','','2011-10-10','46','Female','FALSE');
INSERT INTO `insurance_data` (`id`, `type`, `provider`, `plan_name`, `policy_number`,`group_number`, `subscriber_lname`, `subscriber_mname`, `subscriber_fname`, `subscriber_relationship`, `subscriber_ss`,`subscriber_DOB`, `subscriber_street`, `subscriber_postal_code`, `subscriber_city`, `subscriber_state`, `subscriber_country`,`subscriber_phone`, `subscriber_employer`, `subscriber_employer_street`, `subscriber_employer_postal_code`,`subscriber_employer_state`, `subscriber_employer_country`, `subscriber_employer_city`, `copay`, `date`, `pid`,`subscriber_sex`, `accept_assignment`) VALUES('135','tertiary','7519','Litigeous Heartless LTD','640652080','3863792','CURTIS','N.','REGINA','self','639543765','2007-3-25','5761 SesameSt.','55739','Clinton','AL','Openemria','(969) 579-7842','OEMR.org','','','AL','Openemria','Clinton','','2011-10-10','46','Female','FALSE');
INSERT INTO `form_encounter` (`id`, `date`, `reason`, `facility`, `facility_id`, `pid`, `encounter`,
     `onset_date`, `sensitivity`, `billing_note`, `pc_catid`, `last_level_billed`, `last_level_closed`, `last_stmt_date`, `stmt_count`,
      `provider_id`, `supervisor_id`, `invoice_refno`, `referral_source`, `billing_facility`) VALUES
    ('256','2017-4-30 16:30:00', 'Test Encounter', 'Your Clinic Name Here', '3','46','256', '0000-00-00 00:00:00', 'normal', 'NULL','3', '0', '0','NULL', '0', '1', '0', '', '', '3');
INSERT INTO `forms` (`id`, `date`, `encounter`, `form_name`, `form_id`, `pid`, `user`, `groupname`, `authorized`, `deleted`, `formdir`) VALUES
    ('256','2017-4-30 16:30:00','256', 'Patient Encounter', '256', '46', 'admin', 'Default', '1', '0', 'patient_encounter');
INSERT INTO `libreehr_postcalendar_events` 
        (`pc_catid`,`pc_multiple`,`pc_aid`,`pc_pid`,`pc_title`,`pc_time`,`pc_hometext`,`pc_comments`,`pc_counter`,`pc_topic`,`pc_informant`,`pc_eventDate`,
        `pc_endDate`,`pc_duration`,`pc_recurrtype`,`pc_recurrspec`,`pc_recurrfreq`,`pc_startTime`,`pc_endTime`,`pc_alldayevent`,`pc_location`,`pc_eventstatus`,
        `pc_sharing`,`pc_apptstatus`,`pc_prefcatid`,`pc_facility`,`pc_billing_location`)VALUES
        ( 1,255,'1','46','Office Visit','2017-4-30 16:30:00','Clinical Appointment',0,0,1,'1',
        '2017-4-30 16:30:00','0000-00-00',900,0,
        'a:6:{s:17:"event_repeat_freq";s:1:"0";s:22:"event_repeat_freq_type";s:1:"0";s:19:"event_repeat_on_num";s:1:"1";s:19:"event_repeat_on_day";s:1:"0";s:20:"event_repeat_on_freq";s:1:"0";s:6:"exdate";s:0:"";}',
        0,'16:30:00','16:45:00',0,
        'a:6:{s:14:"event_location";s:0:"";s:13:"event_street1";s:0:"";s:13:"event_street2";s:0:"";s:10:"event_city";s:0:"";s:11:"event_state";s:0:"";s:12:"event_postal";s:0:"";}',
        1,1,'-',0,1,1);
INSERT INTO `form_encounter` (`id`, `date`, `reason`, `facility`, `facility_id`, `pid`, `encounter`,
     `onset_date`, `sensitivity`, `billing_note`, `pc_catid`, `last_level_billed`, `last_level_closed`, `last_stmt_date`, `stmt_count`,
      `provider_id`, `supervisor_id`, `invoice_refno`, `referral_source`, `billing_facility`) VALUES
    ('257','2017-5-30 14:30:00', 'Test Encounter', 'Your Clinic Name Here', '3','46','257', '0000-00-00 00:00:00', 'normal', 'NULL','2', '0', '0','NULL', '0', '1', '0', '', '', '3');
INSERT INTO `forms` (`id`, `date`, `encounter`, `form_name`, `form_id`, `pid`, `user`, `groupname`, `authorized`, `deleted`, `formdir`) VALUES
    ('257','2017-5-30 14:30:00','257', 'Patient Encounter', '257', '46', 'admin', 'Default', '1', '0', 'patient_encounter');
INSERT INTO `libreehr_postcalendar_events` 
        (`pc_catid`,`pc_multiple`,`pc_aid`,`pc_pid`,`pc_title`,`pc_time`,`pc_hometext`,`pc_comments`,`pc_counter`,`pc_topic`,`pc_informant`,`pc_eventDate`,
        `pc_endDate`,`pc_duration`,`pc_recurrtype`,`pc_recurrspec`,`pc_recurrfreq`,`pc_startTime`,`pc_endTime`,`pc_alldayevent`,`pc_location`,`pc_eventstatus`,
        `pc_sharing`,`pc_apptstatus`,`pc_prefcatid`,`pc_facility`,`pc_billing_location`)VALUES
        ( 1,256,'1','46','Office Visit','2017-5-30 14:30:00','Clinical Appointment',0,0,1,'1',
        '2017-5-30 14:30:00','0000-00-00',900,0,
        'a:6:{s:17:"event_repeat_freq";s:1:"0";s:22:"event_repeat_freq_type";s:1:"0";s:19:"event_repeat_on_num";s:1:"1";s:19:"event_repeat_on_day";s:1:"0";s:20:"event_repeat_on_freq";s:1:"0";s:6:"exdate";s:0:"";}',
        0,'14:30:00','14:45:00',0,
        'a:6:{s:14:"event_location";s:0:"";s:13:"event_street1";s:0:"";s:13:"event_street2";s:0:"";s:10:"event_city";s:0:"";s:11:"event_state";s:0:"";s:12:"event_postal";s:0:"";}',
        1,1,'-',0,1,1);
INSERT INTO `form_encounter` (`id`, `date`, `reason`, `facility`, `facility_id`, `pid`, `encounter`,
     `onset_date`, `sensitivity`, `billing_note`, `pc_catid`, `last_level_billed`, `last_level_closed`, `last_stmt_date`, `stmt_count`,
      `provider_id`, `supervisor_id`, `invoice_refno`, `referral_source`, `billing_facility`) VALUES
    ('258','2017-6-29 15:00:00', 'Test Encounter', 'Your Clinic Name Here', '3','46','258', '0000-00-00 00:00:00', 'normal', 'NULL','10', '0', '0','NULL', '0', '1', '0', '', '', '3');
INSERT INTO `forms` (`id`, `date`, `encounter`, `form_name`, `form_id`, `pid`, `user`, `groupname`, `authorized`, `deleted`, `formdir`) VALUES
    ('258','2017-6-29 15:00:00','258', 'Patient Encounter', '258', '46', 'admin', 'Default', '1', '0', 'patient_encounter');
INSERT INTO `libreehr_postcalendar_events` 
        (`pc_catid`,`pc_multiple`,`pc_aid`,`pc_pid`,`pc_title`,`pc_time`,`pc_hometext`,`pc_comments`,`pc_counter`,`pc_topic`,`pc_informant`,`pc_eventDate`,
        `pc_endDate`,`pc_duration`,`pc_recurrtype`,`pc_recurrspec`,`pc_recurrfreq`,`pc_startTime`,`pc_endTime`,`pc_alldayevent`,`pc_location`,`pc_eventstatus`,
        `pc_sharing`,`pc_apptstatus`,`pc_prefcatid`,`pc_facility`,`pc_billing_location`)VALUES
        ( 1,257,'1','46','Office Visit','2017-6-29 15:00:00','Clinical Appointment',0,0,1,'1',
        '2017-6-29 15:00:00','0000-00-00',900,0,
        'a:6:{s:17:"event_repeat_freq";s:1:"0";s:22:"event_repeat_freq_type";s:1:"0";s:19:"event_repeat_on_num";s:1:"1";s:19:"event_repeat_on_day";s:1:"0";s:20:"event_repeat_on_freq";s:1:"0";s:6:"exdate";s:0:"";}',
        0,'15:00:00','15:15:00',0,
        'a:6:{s:14:"event_location";s:0:"";s:13:"event_street1";s:0:"";s:13:"event_street2";s:0:"";s:10:"event_city";s:0:"";s:11:"event_state";s:0:"";s:12:"event_postal";s:0:"";}',
        1,1,'-',0,1,1);
INSERT INTO `form_encounter` (`id`, `date`, `reason`, `facility`, `facility_id`, `pid`, `encounter`,
     `onset_date`, `sensitivity`, `billing_note`, `pc_catid`, `last_level_billed`, `last_level_closed`, `last_stmt_date`, `stmt_count`,
      `provider_id`, `supervisor_id`, `invoice_refno`, `referral_source`, `billing_facility`) VALUES
    ('259','2017-7-29 13:30:00', 'Test Encounter', 'Your Clinic Name Here', '3','46','259', '0000-00-00 00:00:00', 'normal', 'NULL','2', '0', '0','NULL', '0', '1', '0', '', '', '3');
INSERT INTO `forms` (`id`, `date`, `encounter`, `form_name`, `form_id`, `pid`, `user`, `groupname`, `authorized`, `deleted`, `formdir`) VALUES
    ('259','2017-7-29 13:30:00','259', 'Patient Encounter', '259', '46', 'admin', 'Default', '1', '0', 'patient_encounter');
INSERT INTO `libreehr_postcalendar_events` 
        (`pc_catid`,`pc_multiple`,`pc_aid`,`pc_pid`,`pc_title`,`pc_time`,`pc_hometext`,`pc_comments`,`pc_counter`,`pc_topic`,`pc_informant`,`pc_eventDate`,
        `pc_endDate`,`pc_duration`,`pc_recurrtype`,`pc_recurrspec`,`pc_recurrfreq`,`pc_startTime`,`pc_endTime`,`pc_alldayevent`,`pc_location`,`pc_eventstatus`,
        `pc_sharing`,`pc_apptstatus`,`pc_prefcatid`,`pc_facility`,`pc_billing_location`)VALUES
        ( 1,258,'1','46','Office Visit','2017-7-29 13:30:00','Clinical Appointment',0,0,1,'1',
        '2017-7-29 13:30:00','0000-00-00',900,0,
        'a:6:{s:17:"event_repeat_freq";s:1:"0";s:22:"event_repeat_freq_type";s:1:"0";s:19:"event_repeat_on_num";s:1:"1";s:19:"event_repeat_on_day";s:1:"0";s:20:"event_repeat_on_freq";s:1:"0";s:6:"exdate";s:0:"";}',
        0,'13:30:00','13:45:00',0,
        'a:6:{s:14:"event_location";s:0:"";s:13:"event_street1";s:0:"";s:13:"event_street2";s:0:"";s:10:"event_city";s:0:"";s:11:"event_state";s:0:"";s:12:"event_postal";s:0:"";}',
        1,1,'-',0,1,1);
INSERT INTO `form_encounter` (`id`, `date`, `reason`, `facility`, `facility_id`, `pid`, `encounter`,
     `onset_date`, `sensitivity`, `billing_note`, `pc_catid`, `last_level_billed`, `last_level_closed`, `last_stmt_date`, `stmt_count`,
      `provider_id`, `supervisor_id`, `invoice_refno`, `referral_source`, `billing_facility`) VALUES
    ('260','2017-8-28 17:30:00', 'Test Encounter', 'Your Clinic Name Here', '3','46','260', '0000-00-00 00:00:00', 'normal', 'NULL','5', '0', '0','NULL', '0', '1', '0', '', '', '3');
INSERT INTO `forms` (`id`, `date`, `encounter`, `form_name`, `form_id`, `pid`, `user`, `groupname`, `authorized`, `deleted`, `formdir`) VALUES
    ('260','2017-8-28 17:30:00','260', 'Patient Encounter', '260', '46', 'admin', 'Default', '1', '0', 'patient_encounter');
INSERT INTO `libreehr_postcalendar_events` 
        (`pc_catid`,`pc_multiple`,`pc_aid`,`pc_pid`,`pc_title`,`pc_time`,`pc_hometext`,`pc_comments`,`pc_counter`,`pc_topic`,`pc_informant`,`pc_eventDate`,
        `pc_endDate`,`pc_duration`,`pc_recurrtype`,`pc_recurrspec`,`pc_recurrfreq`,`pc_startTime`,`pc_endTime`,`pc_alldayevent`,`pc_location`,`pc_eventstatus`,
        `pc_sharing`,`pc_apptstatus`,`pc_prefcatid`,`pc_facility`,`pc_billing_location`)VALUES
        ( 1,259,'1','46','Office Visit','2017-8-28 17:30:00','Clinical Appointment',0,0,1,'1',
        '2017-8-28 17:30:00','0000-00-00',900,0,
        'a:6:{s:17:"event_repeat_freq";s:1:"0";s:22:"event_repeat_freq_type";s:1:"0";s:19:"event_repeat_on_num";s:1:"1";s:19:"event_repeat_on_day";s:1:"0";s:20:"event_repeat_on_freq";s:1:"0";s:6:"exdate";s:0:"";}',
        0,'17:30:00','17:45:00',0,
        'a:6:{s:14:"event_location";s:0:"";s:13:"event_street1";s:0:"";s:13:"event_street2";s:0:"";s:10:"event_city";s:0:"";s:11:"event_state";s:0:"";s:12:"event_postal";s:0:"";}',
        1,1,'-',0,1,1);
INSERT INTO `form_encounter` (`id`, `date`, `reason`, `facility`, `facility_id`, `pid`, `encounter`,
     `onset_date`, `sensitivity`, `billing_note`, `pc_catid`, `last_level_billed`, `last_level_closed`, `last_stmt_date`, `stmt_count`,
      `provider_id`, `supervisor_id`, `invoice_refno`, `referral_source`, `billing_facility`) VALUES
    ('261','2017-9-27 14:00:00', 'Test Encounter', 'Your Clinic Name Here', '3','46','261', '0000-00-00 00:00:00', 'normal', 'NULL','7', '0', '0','NULL', '0', '1', '0', '', '', '3');
INSERT INTO `forms` (`id`, `date`, `encounter`, `form_name`, `form_id`, `pid`, `user`, `groupname`, `authorized`, `deleted`, `formdir`) VALUES
    ('261','2017-9-27 14:00:00','261', 'Patient Encounter', '261', '46', 'admin', 'Default', '1', '0', 'patient_encounter');
INSERT INTO `libreehr_postcalendar_events` 
        (`pc_catid`,`pc_multiple`,`pc_aid`,`pc_pid`,`pc_title`,`pc_time`,`pc_hometext`,`pc_comments`,`pc_counter`,`pc_topic`,`pc_informant`,`pc_eventDate`,
        `pc_endDate`,`pc_duration`,`pc_recurrtype`,`pc_recurrspec`,`pc_recurrfreq`,`pc_startTime`,`pc_endTime`,`pc_alldayevent`,`pc_location`,`pc_eventstatus`,
        `pc_sharing`,`pc_apptstatus`,`pc_prefcatid`,`pc_facility`,`pc_billing_location`)VALUES
        ( 1,260,'1','46','Office Visit','2017-9-27 14:00:00','Clinical Appointment',0,0,1,'1',
        '2017-9-27 14:00:00','0000-00-00',900,0,
        'a:6:{s:17:"event_repeat_freq";s:1:"0";s:22:"event_repeat_freq_type";s:1:"0";s:19:"event_repeat_on_num";s:1:"1";s:19:"event_repeat_on_day";s:1:"0";s:20:"event_repeat_on_freq";s:1:"0";s:6:"exdate";s:0:"";}',
        0,'14:00:00','14:15:00',0,
        'a:6:{s:14:"event_location";s:0:"";s:13:"event_street1";s:0:"";s:13:"event_street2";s:0:"";s:10:"event_city";s:0:"";s:11:"event_state";s:0:"";s:12:"event_postal";s:0:"";}',
        1,1,'-',0,1,1);
INSERT INTO `patient_data` (`title`, `language`, `financial`, `fname`, `lname`, `mname`, `DOB`,`street`, `postal_code`, `city`, `state`,  `drivers_license`, `ss`,`occupation`, `phone_home`, `phone_biz`, `phone_contact`, `phone_cell`,`status`, `contact_relationship`, `date`, `sex`, `referrer`, `referrerID`,`providerID`, `email`, `ethnoracial`, `interpretter`, `migrantseasonal`,`family_size`, `monthly_income`, `homeless`, `financial_review`, `pubpid`,`pid`, `genericname1`, `genericval1`, `genericname2`, `genericval2`) VALUES
 ('Ms.','Spanish','','PATRICIA','JIMENEZ','E.','1992-11-8','9955 SesameSt.','96801','Washington','KY','361460337','842406438',' ','(678) 572-6325','(678) 572-6325','(678) 572-6325','(678) 572-6325','single','Friend','2003-11-17 12:06:00','Female','STEVE SMITH','1','1','PATRICIA@LibreEHR.org','Puerto Rican',' ',' ','5','5563',' ','000-00-00 00:00:00','47','47',' ',' ',' ',' ');
INSERT INTO `insurance_data` (`id`, `type`, `provider`, `plan_name`, `policy_number`,`group_number`, `subscriber_lname`, `subscriber_mname`, `subscriber_fname`, `subscriber_relationship`, `subscriber_ss`,`subscriber_DOB`, `subscriber_street`, `subscriber_postal_code`, `subscriber_city`, `subscriber_state`, `subscriber_country`,`subscriber_phone`, `subscriber_employer`, `subscriber_employer_street`, `subscriber_employer_postal_code`,`subscriber_employer_state`, `subscriber_employer_country`, `subscriber_employer_city`, `copay`, `date`, `pid`,`subscriber_sex`, `accept_assignment`) VALUES('136','primary','3362','Incompetent Provider Company','354792847','535324170','JIMENEZ','E.','PATRICIA','self','842406438','1992-11-8','9955 SesameSt.','96801','Washington','KY','Openemria','(678) 572-6325','OEMR.org','','','KY','Openemria','Washington','','2011-10-10','47','Female','TRUE');
INSERT INTO `insurance_data` (`id`, `type`, `provider`, `plan_name`, `policy_number`,`group_number`, `subscriber_lname`, `subscriber_mname`, `subscriber_fname`, `subscriber_relationship`, `subscriber_ss`,`subscriber_DOB`, `subscriber_street`, `subscriber_postal_code`, `subscriber_city`, `subscriber_state`, `subscriber_country`,`subscriber_phone`, `subscriber_employer`, `subscriber_employer_street`, `subscriber_employer_postal_code`,`subscriber_employer_state`, `subscriber_employer_country`, `subscriber_employer_city`, `copay`, `date`, `pid`,`subscriber_sex`, `accept_assignment`) VALUES('137','secondary','0','0','308487110','91454888','JIMENEZ','E.','PATRICIA','self','842406438','1992-11-8','9955 SesameSt.','96801','Washington','KY','Openemria','(678) 572-6325','OEMR.org','','','KY','Openemria','Washington','','2011-10-10','47','Female','FALSE');
INSERT INTO `insurance_data` (`id`, `type`, `provider`, `plan_name`, `policy_number`,`group_number`, `subscriber_lname`, `subscriber_mname`, `subscriber_fname`, `subscriber_relationship`, `subscriber_ss`,`subscriber_DOB`, `subscriber_street`, `subscriber_postal_code`, `subscriber_city`, `subscriber_state`, `subscriber_country`,`subscriber_phone`, `subscriber_employer`, `subscriber_employer_street`, `subscriber_employer_postal_code`,`subscriber_employer_state`, `subscriber_employer_country`, `subscriber_employer_city`, `copay`, `date`, `pid`,`subscriber_sex`, `accept_assignment`) VALUES('138','tertiary','3362','Incompetent Provider Company','769774226','230560443','JIMENEZ','E.','PATRICIA','self','842406438','1992-11-8','9955 SesameSt.','96801','Washington','KY','Openemria','(678) 572-6325','OEMR.org','','','KY','Openemria','Washington','','2011-10-10','47','Female','TRUE');
INSERT INTO `form_encounter` (`id`, `date`, `reason`, `facility`, `facility_id`, `pid`, `encounter`,
     `onset_date`, `sensitivity`, `billing_note`, `pc_catid`, `last_level_billed`, `last_level_closed`, `last_stmt_date`, `stmt_count`,
      `provider_id`, `supervisor_id`, `invoice_refno`, `referral_source`, `billing_facility`) VALUES
    ('262','2017-4-30 15:30:00', 'Test Encounter', 'Your Clinic Name Here', '3','47','262', '0000-00-00 00:00:00', 'normal', 'NULL','4', '0', '0','NULL', '0', '1', '0', '', '', '3');
INSERT INTO `forms` (`id`, `date`, `encounter`, `form_name`, `form_id`, `pid`, `user`, `groupname`, `authorized`, `deleted`, `formdir`) VALUES
    ('262','2017-4-30 15:30:00','262', 'Patient Encounter', '262', '47', 'admin', 'Default', '1', '0', 'patient_encounter');
INSERT INTO `libreehr_postcalendar_events` 
        (`pc_catid`,`pc_multiple`,`pc_aid`,`pc_pid`,`pc_title`,`pc_time`,`pc_hometext`,`pc_comments`,`pc_counter`,`pc_topic`,`pc_informant`,`pc_eventDate`,
        `pc_endDate`,`pc_duration`,`pc_recurrtype`,`pc_recurrspec`,`pc_recurrfreq`,`pc_startTime`,`pc_endTime`,`pc_alldayevent`,`pc_location`,`pc_eventstatus`,
        `pc_sharing`,`pc_apptstatus`,`pc_prefcatid`,`pc_facility`,`pc_billing_location`)VALUES
        ( 1,261,'1','47','Office Visit','2017-4-30 15:30:00','Clinical Appointment',0,0,1,'1',
        '2017-4-30 15:30:00','0000-00-00',900,0,
        'a:6:{s:17:"event_repeat_freq";s:1:"0";s:22:"event_repeat_freq_type";s:1:"0";s:19:"event_repeat_on_num";s:1:"1";s:19:"event_repeat_on_day";s:1:"0";s:20:"event_repeat_on_freq";s:1:"0";s:6:"exdate";s:0:"";}',
        0,'15:30:00','15:45:00',0,
        'a:6:{s:14:"event_location";s:0:"";s:13:"event_street1";s:0:"";s:13:"event_street2";s:0:"";s:10:"event_city";s:0:"";s:11:"event_state";s:0:"";s:12:"event_postal";s:0:"";}',
        1,1,'-',0,1,1);
INSERT INTO `form_encounter` (`id`, `date`, `reason`, `facility`, `facility_id`, `pid`, `encounter`,
     `onset_date`, `sensitivity`, `billing_note`, `pc_catid`, `last_level_billed`, `last_level_closed`, `last_stmt_date`, `stmt_count`,
      `provider_id`, `supervisor_id`, `invoice_refno`, `referral_source`, `billing_facility`) VALUES
    ('263','2017-5-30 10:30:00', 'Test Encounter', 'Your Clinic Name Here', '3','47','263', '0000-00-00 00:00:00', 'normal', 'NULL','1', '0', '0','NULL', '0', '1', '0', '', '', '3');
INSERT INTO `forms` (`id`, `date`, `encounter`, `form_name`, `form_id`, `pid`, `user`, `groupname`, `authorized`, `deleted`, `formdir`) VALUES
    ('263','2017-5-30 10:30:00','263', 'Patient Encounter', '263', '47', 'admin', 'Default', '1', '0', 'patient_encounter');
INSERT INTO `libreehr_postcalendar_events` 
        (`pc_catid`,`pc_multiple`,`pc_aid`,`pc_pid`,`pc_title`,`pc_time`,`pc_hometext`,`pc_comments`,`pc_counter`,`pc_topic`,`pc_informant`,`pc_eventDate`,
        `pc_endDate`,`pc_duration`,`pc_recurrtype`,`pc_recurrspec`,`pc_recurrfreq`,`pc_startTime`,`pc_endTime`,`pc_alldayevent`,`pc_location`,`pc_eventstatus`,
        `pc_sharing`,`pc_apptstatus`,`pc_prefcatid`,`pc_facility`,`pc_billing_location`)VALUES
        ( 1,262,'1','47','Office Visit','2017-5-30 10:30:00','Clinical Appointment',0,0,1,'1',
        '2017-5-30 10:30:00','0000-00-00',900,0,
        'a:6:{s:17:"event_repeat_freq";s:1:"0";s:22:"event_repeat_freq_type";s:1:"0";s:19:"event_repeat_on_num";s:1:"1";s:19:"event_repeat_on_day";s:1:"0";s:20:"event_repeat_on_freq";s:1:"0";s:6:"exdate";s:0:"";}',
        0,'10:30:00','10:45:00',0,
        'a:6:{s:14:"event_location";s:0:"";s:13:"event_street1";s:0:"";s:13:"event_street2";s:0:"";s:10:"event_city";s:0:"";s:11:"event_state";s:0:"";s:12:"event_postal";s:0:"";}',
        1,1,'-',0,1,1);
INSERT INTO `form_encounter` (`id`, `date`, `reason`, `facility`, `facility_id`, `pid`, `encounter`,
     `onset_date`, `sensitivity`, `billing_note`, `pc_catid`, `last_level_billed`, `last_level_closed`, `last_stmt_date`, `stmt_count`,
      `provider_id`, `supervisor_id`, `invoice_refno`, `referral_source`, `billing_facility`) VALUES
    ('264','2017-6-29 15:00:00', 'Test Encounter', 'Your Clinic Name Here', '3','47','264', '0000-00-00 00:00:00', 'normal', 'NULL','2', '0', '0','NULL', '0', '1', '0', '', '', '3');
INSERT INTO `forms` (`id`, `date`, `encounter`, `form_name`, `form_id`, `pid`, `user`, `groupname`, `authorized`, `deleted`, `formdir`) VALUES
    ('264','2017-6-29 15:00:00','264', 'Patient Encounter', '264', '47', 'admin', 'Default', '1', '0', 'patient_encounter');
INSERT INTO `libreehr_postcalendar_events` 
        (`pc_catid`,`pc_multiple`,`pc_aid`,`pc_pid`,`pc_title`,`pc_time`,`pc_hometext`,`pc_comments`,`pc_counter`,`pc_topic`,`pc_informant`,`pc_eventDate`,
        `pc_endDate`,`pc_duration`,`pc_recurrtype`,`pc_recurrspec`,`pc_recurrfreq`,`pc_startTime`,`pc_endTime`,`pc_alldayevent`,`pc_location`,`pc_eventstatus`,
        `pc_sharing`,`pc_apptstatus`,`pc_prefcatid`,`pc_facility`,`pc_billing_location`)VALUES
        ( 1,263,'1','47','Office Visit','2017-6-29 15:00:00','Clinical Appointment',0,0,1,'1',
        '2017-6-29 15:00:00','0000-00-00',900,0,
        'a:6:{s:17:"event_repeat_freq";s:1:"0";s:22:"event_repeat_freq_type";s:1:"0";s:19:"event_repeat_on_num";s:1:"1";s:19:"event_repeat_on_day";s:1:"0";s:20:"event_repeat_on_freq";s:1:"0";s:6:"exdate";s:0:"";}',
        0,'15:00:00','15:15:00',0,
        'a:6:{s:14:"event_location";s:0:"";s:13:"event_street1";s:0:"";s:13:"event_street2";s:0:"";s:10:"event_city";s:0:"";s:11:"event_state";s:0:"";s:12:"event_postal";s:0:"";}',
        1,1,'-',0,1,1);
INSERT INTO `form_encounter` (`id`, `date`, `reason`, `facility`, `facility_id`, `pid`, `encounter`,
     `onset_date`, `sensitivity`, `billing_note`, `pc_catid`, `last_level_billed`, `last_level_closed`, `last_stmt_date`, `stmt_count`,
      `provider_id`, `supervisor_id`, `invoice_refno`, `referral_source`, `billing_facility`) VALUES
    ('265','2017-7-29 14:15:00', 'Test Encounter', 'Your Clinic Name Here', '3','47','265', '0000-00-00 00:00:00', 'normal', 'NULL','3', '0', '0','NULL', '0', '1', '0', '', '', '3');
INSERT INTO `forms` (`id`, `date`, `encounter`, `form_name`, `form_id`, `pid`, `user`, `groupname`, `authorized`, `deleted`, `formdir`) VALUES
    ('265','2017-7-29 14:15:00','265', 'Patient Encounter', '265', '47', 'admin', 'Default', '1', '0', 'patient_encounter');
INSERT INTO `libreehr_postcalendar_events` 
        (`pc_catid`,`pc_multiple`,`pc_aid`,`pc_pid`,`pc_title`,`pc_time`,`pc_hometext`,`pc_comments`,`pc_counter`,`pc_topic`,`pc_informant`,`pc_eventDate`,
        `pc_endDate`,`pc_duration`,`pc_recurrtype`,`pc_recurrspec`,`pc_recurrfreq`,`pc_startTime`,`pc_endTime`,`pc_alldayevent`,`pc_location`,`pc_eventstatus`,
        `pc_sharing`,`pc_apptstatus`,`pc_prefcatid`,`pc_facility`,`pc_billing_location`)VALUES
        ( 1,264,'1','47','Office Visit','2017-7-29 14:15:00','Clinical Appointment',0,0,1,'1',
        '2017-7-29 14:15:00','0000-00-00',900,0,
        'a:6:{s:17:"event_repeat_freq";s:1:"0";s:22:"event_repeat_freq_type";s:1:"0";s:19:"event_repeat_on_num";s:1:"1";s:19:"event_repeat_on_day";s:1:"0";s:20:"event_repeat_on_freq";s:1:"0";s:6:"exdate";s:0:"";}',
        0,'14:15:00','14:30:00',0,
        'a:6:{s:14:"event_location";s:0:"";s:13:"event_street1";s:0:"";s:13:"event_street2";s:0:"";s:10:"event_city";s:0:"";s:11:"event_state";s:0:"";s:12:"event_postal";s:0:"";}',
        1,1,'-',0,1,1);
INSERT INTO `form_encounter` (`id`, `date`, `reason`, `facility`, `facility_id`, `pid`, `encounter`,
     `onset_date`, `sensitivity`, `billing_note`, `pc_catid`, `last_level_billed`, `last_level_closed`, `last_stmt_date`, `stmt_count`,
      `provider_id`, `supervisor_id`, `invoice_refno`, `referral_source`, `billing_facility`) VALUES
    ('266','2017-8-28 13:00:00', 'Test Encounter', 'Your Clinic Name Here', '3','47','266', '0000-00-00 00:00:00', 'normal', 'NULL','1', '0', '0','NULL', '0', '1', '0', '', '', '3');
INSERT INTO `forms` (`id`, `date`, `encounter`, `form_name`, `form_id`, `pid`, `user`, `groupname`, `authorized`, `deleted`, `formdir`) VALUES
    ('266','2017-8-28 13:00:00','266', 'Patient Encounter', '266', '47', 'admin', 'Default', '1', '0', 'patient_encounter');
INSERT INTO `libreehr_postcalendar_events` 
        (`pc_catid`,`pc_multiple`,`pc_aid`,`pc_pid`,`pc_title`,`pc_time`,`pc_hometext`,`pc_comments`,`pc_counter`,`pc_topic`,`pc_informant`,`pc_eventDate`,
        `pc_endDate`,`pc_duration`,`pc_recurrtype`,`pc_recurrspec`,`pc_recurrfreq`,`pc_startTime`,`pc_endTime`,`pc_alldayevent`,`pc_location`,`pc_eventstatus`,
        `pc_sharing`,`pc_apptstatus`,`pc_prefcatid`,`pc_facility`,`pc_billing_location`)VALUES
        ( 1,265,'1','47','Office Visit','2017-8-28 13:00:00','Clinical Appointment',0,0,1,'1',
        '2017-8-28 13:00:00','0000-00-00',900,0,
        'a:6:{s:17:"event_repeat_freq";s:1:"0";s:22:"event_repeat_freq_type";s:1:"0";s:19:"event_repeat_on_num";s:1:"1";s:19:"event_repeat_on_day";s:1:"0";s:20:"event_repeat_on_freq";s:1:"0";s:6:"exdate";s:0:"";}',
        0,'13:00:00','13:15:00',0,
        'a:6:{s:14:"event_location";s:0:"";s:13:"event_street1";s:0:"";s:13:"event_street2";s:0:"";s:10:"event_city";s:0:"";s:11:"event_state";s:0:"";s:12:"event_postal";s:0:"";}',
        1,1,'-',0,1,1);
INSERT INTO `form_encounter` (`id`, `date`, `reason`, `facility`, `facility_id`, `pid`, `encounter`,
     `onset_date`, `sensitivity`, `billing_note`, `pc_catid`, `last_level_billed`, `last_level_closed`, `last_stmt_date`, `stmt_count`,
      `provider_id`, `supervisor_id`, `invoice_refno`, `referral_source`, `billing_facility`) VALUES
    ('267','2017-9-27 16:00:00', 'Test Encounter', 'Your Clinic Name Here', '3','47','267', '0000-00-00 00:00:00', 'normal', 'NULL','1', '0', '0','NULL', '0', '1', '0', '', '', '3');
INSERT INTO `forms` (`id`, `date`, `encounter`, `form_name`, `form_id`, `pid`, `user`, `groupname`, `authorized`, `deleted`, `formdir`) VALUES
    ('267','2017-9-27 16:00:00','267', 'Patient Encounter', '267', '47', 'admin', 'Default', '1', '0', 'patient_encounter');
INSERT INTO `libreehr_postcalendar_events` 
        (`pc_catid`,`pc_multiple`,`pc_aid`,`pc_pid`,`pc_title`,`pc_time`,`pc_hometext`,`pc_comments`,`pc_counter`,`pc_topic`,`pc_informant`,`pc_eventDate`,
        `pc_endDate`,`pc_duration`,`pc_recurrtype`,`pc_recurrspec`,`pc_recurrfreq`,`pc_startTime`,`pc_endTime`,`pc_alldayevent`,`pc_location`,`pc_eventstatus`,
        `pc_sharing`,`pc_apptstatus`,`pc_prefcatid`,`pc_facility`,`pc_billing_location`)VALUES
        ( 1,266,'1','47','Office Visit','2017-9-27 16:00:00','Clinical Appointment',0,0,1,'1',
        '2017-9-27 16:00:00','0000-00-00',900,0,
        'a:6:{s:17:"event_repeat_freq";s:1:"0";s:22:"event_repeat_freq_type";s:1:"0";s:19:"event_repeat_on_num";s:1:"1";s:19:"event_repeat_on_day";s:1:"0";s:20:"event_repeat_on_freq";s:1:"0";s:6:"exdate";s:0:"";}',
        0,'16:00:00','16:15:00',0,
        'a:6:{s:14:"event_location";s:0:"";s:13:"event_street1";s:0:"";s:13:"event_street2";s:0:"";s:10:"event_city";s:0:"";s:11:"event_state";s:0:"";s:12:"event_postal";s:0:"";}',
        1,1,'-',0,1,1);
INSERT INTO `patient_data` (`title`, `language`, `financial`, `fname`, `lname`, `mname`, `DOB`,`street`, `postal_code`, `city`, `state`,  `drivers_license`, `ss`,`occupation`, `phone_home`, `phone_biz`, `phone_contact`, `phone_cell`,`status`, `contact_relationship`, `date`, `sex`, `referrer`, `referrerID`,`providerID`, `email`, `ethnoracial`, `interpretter`, `migrantseasonal`,`family_size`, `monthly_income`, `homeless`, `financial_review`, `pubpid`,`pid`, `genericname1`, `genericval1`, `genericname2`, `genericval2`) VALUES
 ('Mrs.','English','','RAMONA','GREEN','C.','1935-10-13','3625 LakeHwy','902','Madison','MS','583388500','465115215',' ','(325) 56-9','(325) 56-9','(325) 56-9','(325) 56-9','married','Friend','2003-11-17 12:06:00','Female','BILLY FORD','1','1','RAMONA@LibreEHR.org','Martian',' ',' ','7','5881',' ','000-00-00 00:00:00','48','48',' ',' ',' ',' ');
INSERT INTO `insurance_data` (`id`, `type`, `provider`, `plan_name`, `policy_number`,`group_number`, `subscriber_lname`, `subscriber_mname`, `subscriber_fname`, `subscriber_relationship`, `subscriber_ss`,`subscriber_DOB`, `subscriber_street`, `subscriber_postal_code`, `subscriber_city`, `subscriber_state`, `subscriber_country`,`subscriber_phone`, `subscriber_employer`, `subscriber_employer_street`, `subscriber_employer_postal_code`,`subscriber_employer_state`, `subscriber_employer_country`, `subscriber_employer_city`, `copay`, `date`, `pid`,`subscriber_sex`, `accept_assignment`) VALUES('139','primary','5612','Violet Group HMO','375822210','957069874','GREEN','C.','RAMONA','self','465115215','1935-10-13','3625 LakeHwy','902','Madison','MS','Openemria','(325) 56-9','OEMR.org','','','MS','Openemria','Madison','','2011-10-10','48','Female','TRUE');
INSERT INTO `insurance_data` (`id`, `type`, `provider`, `plan_name`, `policy_number`,`group_number`, `subscriber_lname`, `subscriber_mname`, `subscriber_fname`, `subscriber_relationship`, `subscriber_ss`,`subscriber_DOB`, `subscriber_street`, `subscriber_postal_code`, `subscriber_city`, `subscriber_state`, `subscriber_country`,`subscriber_phone`, `subscriber_employer`, `subscriber_employer_street`, `subscriber_employer_postal_code`,`subscriber_employer_state`, `subscriber_employer_country`, `subscriber_employer_city`, `copay`, `date`, `pid`,`subscriber_sex`, `accept_assignment`) VALUES('140','secondary','3362','Incompetent Provider Company','328558708','999096278','GREEN','C.','RAMONA','self','465115215','1935-10-13','3625 LakeHwy','902','Madison','MS','Openemria','(325) 56-9','OEMR.org','','','MS','Openemria','Madison','','2011-10-10','48','Female','TRUE');
INSERT INTO `insurance_data` (`id`, `type`, `provider`, `plan_name`, `policy_number`,`group_number`, `subscriber_lname`, `subscriber_mname`, `subscriber_fname`, `subscriber_relationship`, `subscriber_ss`,`subscriber_DOB`, `subscriber_street`, `subscriber_postal_code`, `subscriber_city`, `subscriber_state`, `subscriber_country`,`subscriber_phone`, `subscriber_employer`, `subscriber_employer_street`, `subscriber_employer_postal_code`,`subscriber_employer_state`, `subscriber_employer_country`, `subscriber_employer_city`, `copay`, `date`, `pid`,`subscriber_sex`, `accept_assignment`) VALUES('141','tertiary','0','0','635525934','522478544','GREEN','C.','RAMONA','self','465115215','1935-10-13','3625 LakeHwy','902','Madison','MS','Openemria','(325) 56-9','OEMR.org','','','MS','Openemria','Madison','','2011-10-10','48','Female','FALSE');
INSERT INTO `form_encounter` (`id`, `date`, `reason`, `facility`, `facility_id`, `pid`, `encounter`,
     `onset_date`, `sensitivity`, `billing_note`, `pc_catid`, `last_level_billed`, `last_level_closed`, `last_stmt_date`, `stmt_count`,
      `provider_id`, `supervisor_id`, `invoice_refno`, `referral_source`, `billing_facility`) VALUES
    ('268','2017-7-29 14:00:00', 'Test Encounter', 'Your Clinic Name Here', '3','48','268', '0000-00-00 00:00:00', 'normal', 'NULL','10', '0', '0','NULL', '0', '1', '0', '', '', '3');
INSERT INTO `forms` (`id`, `date`, `encounter`, `form_name`, `form_id`, `pid`, `user`, `groupname`, `authorized`, `deleted`, `formdir`) VALUES
    ('268','2017-7-29 14:00:00','268', 'Patient Encounter', '268', '48', 'admin', 'Default', '1', '0', 'patient_encounter');
INSERT INTO `libreehr_postcalendar_events` 
        (`pc_catid`,`pc_multiple`,`pc_aid`,`pc_pid`,`pc_title`,`pc_time`,`pc_hometext`,`pc_comments`,`pc_counter`,`pc_topic`,`pc_informant`,`pc_eventDate`,
        `pc_endDate`,`pc_duration`,`pc_recurrtype`,`pc_recurrspec`,`pc_recurrfreq`,`pc_startTime`,`pc_endTime`,`pc_alldayevent`,`pc_location`,`pc_eventstatus`,
        `pc_sharing`,`pc_apptstatus`,`pc_prefcatid`,`pc_facility`,`pc_billing_location`)VALUES
        ( 1,267,'1','48','Office Visit','2017-7-29 14:00:00','Clinical Appointment',0,0,1,'1',
        '2017-7-29 14:00:00','0000-00-00',900,0,
        'a:6:{s:17:"event_repeat_freq";s:1:"0";s:22:"event_repeat_freq_type";s:1:"0";s:19:"event_repeat_on_num";s:1:"1";s:19:"event_repeat_on_day";s:1:"0";s:20:"event_repeat_on_freq";s:1:"0";s:6:"exdate";s:0:"";}',
        0,'14:00:00','14:15:00',0,
        'a:6:{s:14:"event_location";s:0:"";s:13:"event_street1";s:0:"";s:13:"event_street2";s:0:"";s:10:"event_city";s:0:"";s:11:"event_state";s:0:"";s:12:"event_postal";s:0:"";}',
        1,1,'-',0,1,1);
INSERT INTO `form_encounter` (`id`, `date`, `reason`, `facility`, `facility_id`, `pid`, `encounter`,
     `onset_date`, `sensitivity`, `billing_note`, `pc_catid`, `last_level_billed`, `last_level_closed`, `last_stmt_date`, `stmt_count`,
      `provider_id`, `supervisor_id`, `invoice_refno`, `referral_source`, `billing_facility`) VALUES
    ('269','2017-8-28 12:30:00', 'Test Encounter', 'Your Clinic Name Here', '3','48','269', '0000-00-00 00:00:00', 'normal', 'NULL','6', '0', '0','NULL', '0', '1', '0', '', '', '3');
INSERT INTO `forms` (`id`, `date`, `encounter`, `form_name`, `form_id`, `pid`, `user`, `groupname`, `authorized`, `deleted`, `formdir`) VALUES
    ('269','2017-8-28 12:30:00','269', 'Patient Encounter', '269', '48', 'admin', 'Default', '1', '0', 'patient_encounter');
INSERT INTO `libreehr_postcalendar_events` 
        (`pc_catid`,`pc_multiple`,`pc_aid`,`pc_pid`,`pc_title`,`pc_time`,`pc_hometext`,`pc_comments`,`pc_counter`,`pc_topic`,`pc_informant`,`pc_eventDate`,
        `pc_endDate`,`pc_duration`,`pc_recurrtype`,`pc_recurrspec`,`pc_recurrfreq`,`pc_startTime`,`pc_endTime`,`pc_alldayevent`,`pc_location`,`pc_eventstatus`,
        `pc_sharing`,`pc_apptstatus`,`pc_prefcatid`,`pc_facility`,`pc_billing_location`)VALUES
        ( 1,268,'1','48','Office Visit','2017-8-28 12:30:00','Clinical Appointment',0,0,1,'1',
        '2017-8-28 12:30:00','0000-00-00',900,0,
        'a:6:{s:17:"event_repeat_freq";s:1:"0";s:22:"event_repeat_freq_type";s:1:"0";s:19:"event_repeat_on_num";s:1:"1";s:19:"event_repeat_on_day";s:1:"0";s:20:"event_repeat_on_freq";s:1:"0";s:6:"exdate";s:0:"";}',
        0,'12:30:00','12:45:00',0,
        'a:6:{s:14:"event_location";s:0:"";s:13:"event_street1";s:0:"";s:13:"event_street2";s:0:"";s:10:"event_city";s:0:"";s:11:"event_state";s:0:"";s:12:"event_postal";s:0:"";}',
        1,1,'-',0,1,1);
INSERT INTO `form_encounter` (`id`, `date`, `reason`, `facility`, `facility_id`, `pid`, `encounter`,
     `onset_date`, `sensitivity`, `billing_note`, `pc_catid`, `last_level_billed`, `last_level_closed`, `last_stmt_date`, `stmt_count`,
      `provider_id`, `supervisor_id`, `invoice_refno`, `referral_source`, `billing_facility`) VALUES
    ('270','2017-9-27 16:15:00', 'Test Encounter', 'Your Clinic Name Here', '3','48','270', '0000-00-00 00:00:00', 'normal', 'NULL','10', '0', '0','NULL', '0', '1', '0', '', '', '3');
INSERT INTO `forms` (`id`, `date`, `encounter`, `form_name`, `form_id`, `pid`, `user`, `groupname`, `authorized`, `deleted`, `formdir`) VALUES
    ('270','2017-9-27 16:15:00','270', 'Patient Encounter', '270', '48', 'admin', 'Default', '1', '0', 'patient_encounter');
INSERT INTO `libreehr_postcalendar_events` 
        (`pc_catid`,`pc_multiple`,`pc_aid`,`pc_pid`,`pc_title`,`pc_time`,`pc_hometext`,`pc_comments`,`pc_counter`,`pc_topic`,`pc_informant`,`pc_eventDate`,
        `pc_endDate`,`pc_duration`,`pc_recurrtype`,`pc_recurrspec`,`pc_recurrfreq`,`pc_startTime`,`pc_endTime`,`pc_alldayevent`,`pc_location`,`pc_eventstatus`,
        `pc_sharing`,`pc_apptstatus`,`pc_prefcatid`,`pc_facility`,`pc_billing_location`)VALUES
        ( 1,269,'1','48','Office Visit','2017-9-27 16:15:00','Clinical Appointment',0,0,1,'1',
        '2017-9-27 16:15:00','0000-00-00',900,0,
        'a:6:{s:17:"event_repeat_freq";s:1:"0";s:22:"event_repeat_freq_type";s:1:"0";s:19:"event_repeat_on_num";s:1:"1";s:19:"event_repeat_on_day";s:1:"0";s:20:"event_repeat_on_freq";s:1:"0";s:6:"exdate";s:0:"";}',
        0,'16:15:00','16:30:00',0,
        'a:6:{s:14:"event_location";s:0:"";s:13:"event_street1";s:0:"";s:13:"event_street2";s:0:"";s:10:"event_city";s:0:"";s:11:"event_state";s:0:"";s:12:"event_postal";s:0:"";}',
        1,1,'-',0,1,1);
INSERT INTO `patient_data` (`title`, `language`, `financial`, `fname`, `lname`, `mname`, `DOB`,`street`, `postal_code`, `city`, `state`,  `drivers_license`, `ss`,`occupation`, `phone_home`, `phone_biz`, `phone_contact`, `phone_cell`,`status`, `contact_relationship`, `date`, `sex`, `referrer`, `referrerID`,`providerID`, `email`, `ethnoracial`, `interpretter`, `migrantseasonal`,`family_size`, `monthly_income`, `homeless`, `financial_review`, `pubpid`,`pid`, `genericname1`, `genericval1`, `genericname2`, `genericval2`) VALUES
 ('Mr.','English','','GENE','PAYNE','E.','1960-1-18','5208 PineHwy','43622','Auburn','GA','785337058','488335805',' ','(200) 189-7419','(200) 189-7419','(200) 189-7419','(200) 189-7419','married','Friend','2003-11-17 12:06:00','Male','SIDNEY MCCOY','1','1','GENE@LibreEHR.org','Cubano',' ',' ','8','3530',' ','000-00-00 00:00:00','49','49',' ',' ',' ',' ');
INSERT INTO `insurance_data` (`id`, `type`, `provider`, `plan_name`, `policy_number`,`group_number`, `subscriber_lname`, `subscriber_mname`, `subscriber_fname`, `subscriber_relationship`, `subscriber_ss`,`subscriber_DOB`, `subscriber_street`, `subscriber_postal_code`, `subscriber_city`, `subscriber_state`, `subscriber_country`,`subscriber_phone`, `subscriber_employer`, `subscriber_employer_street`, `subscriber_employer_postal_code`,`subscriber_employer_state`, `subscriber_employer_country`, `subscriber_employer_city`, `copay`, `date`, `pid`,`subscriber_sex`, `accept_assignment`) VALUES('142','primary','6186','Green Mutual LTD','291487371','511130868','PAYNE','E.','GENE','self','488335805','1960-1-18','5208 PineHwy','43622','Auburn','GA','Openemria','(200) 189-7419','OEMR.org','','','GA','Openemria','Auburn','','2011-10-10','49','Male','TRUE');
INSERT INTO `insurance_data` (`id`, `type`, `provider`, `plan_name`, `policy_number`,`group_number`, `subscriber_lname`, `subscriber_mname`, `subscriber_fname`, `subscriber_relationship`, `subscriber_ss`,`subscriber_DOB`, `subscriber_street`, `subscriber_postal_code`, `subscriber_city`, `subscriber_state`, `subscriber_country`,`subscriber_phone`, `subscriber_employer`, `subscriber_employer_street`, `subscriber_employer_postal_code`,`subscriber_employer_state`, `subscriber_employer_country`, `subscriber_employer_city`, `copay`, `date`, `pid`,`subscriber_sex`, `accept_assignment`) VALUES('143','secondary','7519','Litigeous Heartless LTD','868698407','175970562','PAYNE','E.','GENE','self','488335805','1960-1-18','5208 PineHwy','43622','Auburn','GA','Openemria','(200) 189-7419','OEMR.org','','','GA','Openemria','Auburn','','2011-10-10','49','Male','FALSE');
INSERT INTO `insurance_data` (`id`, `type`, `provider`, `plan_name`, `policy_number`,`group_number`, `subscriber_lname`, `subscriber_mname`, `subscriber_fname`, `subscriber_relationship`, `subscriber_ss`,`subscriber_DOB`, `subscriber_street`, `subscriber_postal_code`, `subscriber_city`, `subscriber_state`, `subscriber_country`,`subscriber_phone`, `subscriber_employer`, `subscriber_employer_street`, `subscriber_employer_postal_code`,`subscriber_employer_state`, `subscriber_employer_country`, `subscriber_employer_city`, `copay`, `date`, `pid`,`subscriber_sex`, `accept_assignment`) VALUES('144','tertiary','2651','Puce Mutual HMO','98105885','517019402','PAYNE','E.','GENE','self','488335805','1960-1-18','5208 PineHwy','43622','Auburn','GA','Openemria','(200) 189-7419','OEMR.org','','','GA','Openemria','Auburn','','2011-10-10','49','Male','TRUE');
INSERT INTO `form_encounter` (`id`, `date`, `reason`, `facility`, `facility_id`, `pid`, `encounter`,
     `onset_date`, `sensitivity`, `billing_note`, `pc_catid`, `last_level_billed`, `last_level_closed`, `last_stmt_date`, `stmt_count`,
      `provider_id`, `supervisor_id`, `invoice_refno`, `referral_source`, `billing_facility`) VALUES
    ('271','2017-3-1 13:15:00', 'Test Encounter', 'Your Clinic Name Here', '3','49','271', '0000-00-00 00:00:00', 'normal', 'NULL','4', '0', '0','NULL', '0', '1', '0', '', '', '3');
INSERT INTO `forms` (`id`, `date`, `encounter`, `form_name`, `form_id`, `pid`, `user`, `groupname`, `authorized`, `deleted`, `formdir`) VALUES
    ('271','2017-3-1 13:15:00','271', 'Patient Encounter', '271', '49', 'admin', 'Default', '1', '0', 'patient_encounter');
INSERT INTO `libreehr_postcalendar_events` 
        (`pc_catid`,`pc_multiple`,`pc_aid`,`pc_pid`,`pc_title`,`pc_time`,`pc_hometext`,`pc_comments`,`pc_counter`,`pc_topic`,`pc_informant`,`pc_eventDate`,
        `pc_endDate`,`pc_duration`,`pc_recurrtype`,`pc_recurrspec`,`pc_recurrfreq`,`pc_startTime`,`pc_endTime`,`pc_alldayevent`,`pc_location`,`pc_eventstatus`,
        `pc_sharing`,`pc_apptstatus`,`pc_prefcatid`,`pc_facility`,`pc_billing_location`)VALUES
        ( 1,270,'1','49','Office Visit','2017-3-1 13:15:00','Clinical Appointment',0,0,1,'1',
        '2017-3-1 13:15:00','0000-00-00',900,0,
        'a:6:{s:17:"event_repeat_freq";s:1:"0";s:22:"event_repeat_freq_type";s:1:"0";s:19:"event_repeat_on_num";s:1:"1";s:19:"event_repeat_on_day";s:1:"0";s:20:"event_repeat_on_freq";s:1:"0";s:6:"exdate";s:0:"";}',
        0,'13:15:00','13:30:00',0,
        'a:6:{s:14:"event_location";s:0:"";s:13:"event_street1";s:0:"";s:13:"event_street2";s:0:"";s:10:"event_city";s:0:"";s:11:"event_state";s:0:"";s:12:"event_postal";s:0:"";}',
        1,1,'-',0,1,1);
INSERT INTO `form_encounter` (`id`, `date`, `reason`, `facility`, `facility_id`, `pid`, `encounter`,
     `onset_date`, `sensitivity`, `billing_note`, `pc_catid`, `last_level_billed`, `last_level_closed`, `last_stmt_date`, `stmt_count`,
      `provider_id`, `supervisor_id`, `invoice_refno`, `referral_source`, `billing_facility`) VALUES
    ('272','2017-3-31 10:15:00', 'Test Encounter', 'Your Clinic Name Here', '3','49','272', '0000-00-00 00:00:00', 'normal', 'NULL','2', '0', '0','NULL', '0', '1', '0', '', '', '3');
INSERT INTO `forms` (`id`, `date`, `encounter`, `form_name`, `form_id`, `pid`, `user`, `groupname`, `authorized`, `deleted`, `formdir`) VALUES
    ('272','2017-3-31 10:15:00','272', 'Patient Encounter', '272', '49', 'admin', 'Default', '1', '0', 'patient_encounter');
INSERT INTO `libreehr_postcalendar_events` 
        (`pc_catid`,`pc_multiple`,`pc_aid`,`pc_pid`,`pc_title`,`pc_time`,`pc_hometext`,`pc_comments`,`pc_counter`,`pc_topic`,`pc_informant`,`pc_eventDate`,
        `pc_endDate`,`pc_duration`,`pc_recurrtype`,`pc_recurrspec`,`pc_recurrfreq`,`pc_startTime`,`pc_endTime`,`pc_alldayevent`,`pc_location`,`pc_eventstatus`,
        `pc_sharing`,`pc_apptstatus`,`pc_prefcatid`,`pc_facility`,`pc_billing_location`)VALUES
        ( 1,271,'1','49','Office Visit','2017-3-31 10:15:00','Clinical Appointment',0,0,1,'1',
        '2017-3-31 10:15:00','0000-00-00',900,0,
        'a:6:{s:17:"event_repeat_freq";s:1:"0";s:22:"event_repeat_freq_type";s:1:"0";s:19:"event_repeat_on_num";s:1:"1";s:19:"event_repeat_on_day";s:1:"0";s:20:"event_repeat_on_freq";s:1:"0";s:6:"exdate";s:0:"";}',
        0,'10:15:00','10:30:00',0,
        'a:6:{s:14:"event_location";s:0:"";s:13:"event_street1";s:0:"";s:13:"event_street2";s:0:"";s:10:"event_city";s:0:"";s:11:"event_state";s:0:"";s:12:"event_postal";s:0:"";}',
        1,1,'-',0,1,1);
INSERT INTO `form_encounter` (`id`, `date`, `reason`, `facility`, `facility_id`, `pid`, `encounter`,
     `onset_date`, `sensitivity`, `billing_note`, `pc_catid`, `last_level_billed`, `last_level_closed`, `last_stmt_date`, `stmt_count`,
      `provider_id`, `supervisor_id`, `invoice_refno`, `referral_source`, `billing_facility`) VALUES
    ('273','2017-4-30 13:30:00', 'Test Encounter', 'Your Clinic Name Here', '3','49','273', '0000-00-00 00:00:00', 'normal', 'NULL','4', '0', '0','NULL', '0', '1', '0', '', '', '3');
INSERT INTO `forms` (`id`, `date`, `encounter`, `form_name`, `form_id`, `pid`, `user`, `groupname`, `authorized`, `deleted`, `formdir`) VALUES
    ('273','2017-4-30 13:30:00','273', 'Patient Encounter', '273', '49', 'admin', 'Default', '1', '0', 'patient_encounter');
INSERT INTO `libreehr_postcalendar_events` 
        (`pc_catid`,`pc_multiple`,`pc_aid`,`pc_pid`,`pc_title`,`pc_time`,`pc_hometext`,`pc_comments`,`pc_counter`,`pc_topic`,`pc_informant`,`pc_eventDate`,
        `pc_endDate`,`pc_duration`,`pc_recurrtype`,`pc_recurrspec`,`pc_recurrfreq`,`pc_startTime`,`pc_endTime`,`pc_alldayevent`,`pc_location`,`pc_eventstatus`,
        `pc_sharing`,`pc_apptstatus`,`pc_prefcatid`,`pc_facility`,`pc_billing_location`)VALUES
        ( 1,272,'1','49','Office Visit','2017-4-30 13:30:00','Clinical Appointment',0,0,1,'1',
        '2017-4-30 13:30:00','0000-00-00',900,0,
        'a:6:{s:17:"event_repeat_freq";s:1:"0";s:22:"event_repeat_freq_type";s:1:"0";s:19:"event_repeat_on_num";s:1:"1";s:19:"event_repeat_on_day";s:1:"0";s:20:"event_repeat_on_freq";s:1:"0";s:6:"exdate";s:0:"";}',
        0,'13:30:00','13:45:00',0,
        'a:6:{s:14:"event_location";s:0:"";s:13:"event_street1";s:0:"";s:13:"event_street2";s:0:"";s:10:"event_city";s:0:"";s:11:"event_state";s:0:"";s:12:"event_postal";s:0:"";}',
        1,1,'-',0,1,1);
INSERT INTO `form_encounter` (`id`, `date`, `reason`, `facility`, `facility_id`, `pid`, `encounter`,
     `onset_date`, `sensitivity`, `billing_note`, `pc_catid`, `last_level_billed`, `last_level_closed`, `last_stmt_date`, `stmt_count`,
      `provider_id`, `supervisor_id`, `invoice_refno`, `referral_source`, `billing_facility`) VALUES
    ('274','2017-5-30 17:15:00', 'Test Encounter', 'Your Clinic Name Here', '3','49','274', '0000-00-00 00:00:00', 'normal', 'NULL','10', '0', '0','NULL', '0', '1', '0', '', '', '3');
INSERT INTO `forms` (`id`, `date`, `encounter`, `form_name`, `form_id`, `pid`, `user`, `groupname`, `authorized`, `deleted`, `formdir`) VALUES
    ('274','2017-5-30 17:15:00','274', 'Patient Encounter', '274', '49', 'admin', 'Default', '1', '0', 'patient_encounter');
INSERT INTO `libreehr_postcalendar_events` 
        (`pc_catid`,`pc_multiple`,`pc_aid`,`pc_pid`,`pc_title`,`pc_time`,`pc_hometext`,`pc_comments`,`pc_counter`,`pc_topic`,`pc_informant`,`pc_eventDate`,
        `pc_endDate`,`pc_duration`,`pc_recurrtype`,`pc_recurrspec`,`pc_recurrfreq`,`pc_startTime`,`pc_endTime`,`pc_alldayevent`,`pc_location`,`pc_eventstatus`,
        `pc_sharing`,`pc_apptstatus`,`pc_prefcatid`,`pc_facility`,`pc_billing_location`)VALUES
        ( 1,273,'1','49','Office Visit','2017-5-30 17:15:00','Clinical Appointment',0,0,1,'1',
        '2017-5-30 17:15:00','0000-00-00',900,0,
        'a:6:{s:17:"event_repeat_freq";s:1:"0";s:22:"event_repeat_freq_type";s:1:"0";s:19:"event_repeat_on_num";s:1:"1";s:19:"event_repeat_on_day";s:1:"0";s:20:"event_repeat_on_freq";s:1:"0";s:6:"exdate";s:0:"";}',
        0,'17:15:00','17:30:00',0,
        'a:6:{s:14:"event_location";s:0:"";s:13:"event_street1";s:0:"";s:13:"event_street2";s:0:"";s:10:"event_city";s:0:"";s:11:"event_state";s:0:"";s:12:"event_postal";s:0:"";}',
        1,1,'-',0,1,1);
INSERT INTO `form_encounter` (`id`, `date`, `reason`, `facility`, `facility_id`, `pid`, `encounter`,
     `onset_date`, `sensitivity`, `billing_note`, `pc_catid`, `last_level_billed`, `last_level_closed`, `last_stmt_date`, `stmt_count`,
      `provider_id`, `supervisor_id`, `invoice_refno`, `referral_source`, `billing_facility`) VALUES
    ('275','2017-6-29 17:30:00', 'Test Encounter', 'Your Clinic Name Here', '3','49','275', '0000-00-00 00:00:00', 'normal', 'NULL','7', '0', '0','NULL', '0', '1', '0', '', '', '3');
INSERT INTO `forms` (`id`, `date`, `encounter`, `form_name`, `form_id`, `pid`, `user`, `groupname`, `authorized`, `deleted`, `formdir`) VALUES
    ('275','2017-6-29 17:30:00','275', 'Patient Encounter', '275', '49', 'admin', 'Default', '1', '0', 'patient_encounter');
INSERT INTO `libreehr_postcalendar_events` 
        (`pc_catid`,`pc_multiple`,`pc_aid`,`pc_pid`,`pc_title`,`pc_time`,`pc_hometext`,`pc_comments`,`pc_counter`,`pc_topic`,`pc_informant`,`pc_eventDate`,
        `pc_endDate`,`pc_duration`,`pc_recurrtype`,`pc_recurrspec`,`pc_recurrfreq`,`pc_startTime`,`pc_endTime`,`pc_alldayevent`,`pc_location`,`pc_eventstatus`,
        `pc_sharing`,`pc_apptstatus`,`pc_prefcatid`,`pc_facility`,`pc_billing_location`)VALUES
        ( 1,274,'1','49','Office Visit','2017-6-29 17:30:00','Clinical Appointment',0,0,1,'1',
        '2017-6-29 17:30:00','0000-00-00',900,0,
        'a:6:{s:17:"event_repeat_freq";s:1:"0";s:22:"event_repeat_freq_type";s:1:"0";s:19:"event_repeat_on_num";s:1:"1";s:19:"event_repeat_on_day";s:1:"0";s:20:"event_repeat_on_freq";s:1:"0";s:6:"exdate";s:0:"";}',
        0,'17:30:00','17:45:00',0,
        'a:6:{s:14:"event_location";s:0:"";s:13:"event_street1";s:0:"";s:13:"event_street2";s:0:"";s:10:"event_city";s:0:"";s:11:"event_state";s:0:"";s:12:"event_postal";s:0:"";}',
        1,1,'-',0,1,1);
INSERT INTO `form_encounter` (`id`, `date`, `reason`, `facility`, `facility_id`, `pid`, `encounter`,
     `onset_date`, `sensitivity`, `billing_note`, `pc_catid`, `last_level_billed`, `last_level_closed`, `last_stmt_date`, `stmt_count`,
      `provider_id`, `supervisor_id`, `invoice_refno`, `referral_source`, `billing_facility`) VALUES
    ('276','2017-7-29 15:15:00', 'Test Encounter', 'Your Clinic Name Here', '3','49','276', '0000-00-00 00:00:00', 'normal', 'NULL','5', '0', '0','NULL', '0', '1', '0', '', '', '3');
INSERT INTO `forms` (`id`, `date`, `encounter`, `form_name`, `form_id`, `pid`, `user`, `groupname`, `authorized`, `deleted`, `formdir`) VALUES
    ('276','2017-7-29 15:15:00','276', 'Patient Encounter', '276', '49', 'admin', 'Default', '1', '0', 'patient_encounter');
INSERT INTO `libreehr_postcalendar_events` 
        (`pc_catid`,`pc_multiple`,`pc_aid`,`pc_pid`,`pc_title`,`pc_time`,`pc_hometext`,`pc_comments`,`pc_counter`,`pc_topic`,`pc_informant`,`pc_eventDate`,
        `pc_endDate`,`pc_duration`,`pc_recurrtype`,`pc_recurrspec`,`pc_recurrfreq`,`pc_startTime`,`pc_endTime`,`pc_alldayevent`,`pc_location`,`pc_eventstatus`,
        `pc_sharing`,`pc_apptstatus`,`pc_prefcatid`,`pc_facility`,`pc_billing_location`)VALUES
        ( 1,275,'1','49','Office Visit','2017-7-29 15:15:00','Clinical Appointment',0,0,1,'1',
        '2017-7-29 15:15:00','0000-00-00',900,0,
        'a:6:{s:17:"event_repeat_freq";s:1:"0";s:22:"event_repeat_freq_type";s:1:"0";s:19:"event_repeat_on_num";s:1:"1";s:19:"event_repeat_on_day";s:1:"0";s:20:"event_repeat_on_freq";s:1:"0";s:6:"exdate";s:0:"";}',
        0,'15:15:00','15:30:00',0,
        'a:6:{s:14:"event_location";s:0:"";s:13:"event_street1";s:0:"";s:13:"event_street2";s:0:"";s:10:"event_city";s:0:"";s:11:"event_state";s:0:"";s:12:"event_postal";s:0:"";}',
        1,1,'-',0,1,1);
INSERT INTO `form_encounter` (`id`, `date`, `reason`, `facility`, `facility_id`, `pid`, `encounter`,
     `onset_date`, `sensitivity`, `billing_note`, `pc_catid`, `last_level_billed`, `last_level_closed`, `last_stmt_date`, `stmt_count`,
      `provider_id`, `supervisor_id`, `invoice_refno`, `referral_source`, `billing_facility`) VALUES
    ('277','2017-8-28 15:30:00', 'Test Encounter', 'Your Clinic Name Here', '3','49','277', '0000-00-00 00:00:00', 'normal', 'NULL','6', '0', '0','NULL', '0', '1', '0', '', '', '3');
INSERT INTO `forms` (`id`, `date`, `encounter`, `form_name`, `form_id`, `pid`, `user`, `groupname`, `authorized`, `deleted`, `formdir`) VALUES
    ('277','2017-8-28 15:30:00','277', 'Patient Encounter', '277', '49', 'admin', 'Default', '1', '0', 'patient_encounter');
INSERT INTO `libreehr_postcalendar_events` 
        (`pc_catid`,`pc_multiple`,`pc_aid`,`pc_pid`,`pc_title`,`pc_time`,`pc_hometext`,`pc_comments`,`pc_counter`,`pc_topic`,`pc_informant`,`pc_eventDate`,
        `pc_endDate`,`pc_duration`,`pc_recurrtype`,`pc_recurrspec`,`pc_recurrfreq`,`pc_startTime`,`pc_endTime`,`pc_alldayevent`,`pc_location`,`pc_eventstatus`,
        `pc_sharing`,`pc_apptstatus`,`pc_prefcatid`,`pc_facility`,`pc_billing_location`)VALUES
        ( 1,276,'1','49','Office Visit','2017-8-28 15:30:00','Clinical Appointment',0,0,1,'1',
        '2017-8-28 15:30:00','0000-00-00',900,0,
        'a:6:{s:17:"event_repeat_freq";s:1:"0";s:22:"event_repeat_freq_type";s:1:"0";s:19:"event_repeat_on_num";s:1:"1";s:19:"event_repeat_on_day";s:1:"0";s:20:"event_repeat_on_freq";s:1:"0";s:6:"exdate";s:0:"";}',
        0,'15:30:00','15:45:00',0,
        'a:6:{s:14:"event_location";s:0:"";s:13:"event_street1";s:0:"";s:13:"event_street2";s:0:"";s:10:"event_city";s:0:"";s:11:"event_state";s:0:"";s:12:"event_postal";s:0:"";}',
        1,1,'-',0,1,1);
INSERT INTO `form_encounter` (`id`, `date`, `reason`, `facility`, `facility_id`, `pid`, `encounter`,
     `onset_date`, `sensitivity`, `billing_note`, `pc_catid`, `last_level_billed`, `last_level_closed`, `last_stmt_date`, `stmt_count`,
      `provider_id`, `supervisor_id`, `invoice_refno`, `referral_source`, `billing_facility`) VALUES
    ('278','2017-9-27 13:15:00', 'Test Encounter', 'Your Clinic Name Here', '3','49','278', '0000-00-00 00:00:00', 'normal', 'NULL','10', '0', '0','NULL', '0', '1', '0', '', '', '3');
INSERT INTO `forms` (`id`, `date`, `encounter`, `form_name`, `form_id`, `pid`, `user`, `groupname`, `authorized`, `deleted`, `formdir`) VALUES
    ('278','2017-9-27 13:15:00','278', 'Patient Encounter', '278', '49', 'admin', 'Default', '1', '0', 'patient_encounter');
INSERT INTO `libreehr_postcalendar_events` 
        (`pc_catid`,`pc_multiple`,`pc_aid`,`pc_pid`,`pc_title`,`pc_time`,`pc_hometext`,`pc_comments`,`pc_counter`,`pc_topic`,`pc_informant`,`pc_eventDate`,
        `pc_endDate`,`pc_duration`,`pc_recurrtype`,`pc_recurrspec`,`pc_recurrfreq`,`pc_startTime`,`pc_endTime`,`pc_alldayevent`,`pc_location`,`pc_eventstatus`,
        `pc_sharing`,`pc_apptstatus`,`pc_prefcatid`,`pc_facility`,`pc_billing_location`)VALUES
        ( 1,277,'1','49','Office Visit','2017-9-27 13:15:00','Clinical Appointment',0,0,1,'1',
        '2017-9-27 13:15:00','0000-00-00',900,0,
        'a:6:{s:17:"event_repeat_freq";s:1:"0";s:22:"event_repeat_freq_type";s:1:"0";s:19:"event_repeat_on_num";s:1:"1";s:19:"event_repeat_on_day";s:1:"0";s:20:"event_repeat_on_freq";s:1:"0";s:6:"exdate";s:0:"";}',
        0,'13:15:00','13:30:00',0,
        'a:6:{s:14:"event_location";s:0:"";s:13:"event_street1";s:0:"";s:13:"event_street2";s:0:"";s:10:"event_city";s:0:"";s:11:"event_state";s:0:"";s:12:"event_postal";s:0:"";}',
        1,1,'-',0,1,1);
INSERT INTO `patient_data` (`title`, `language`, `financial`, `fname`, `lname`, `mname`, `DOB`,`street`, `postal_code`, `city`, `state`,  `drivers_license`, `ss`,`occupation`, `phone_home`, `phone_biz`, `phone_contact`, `phone_cell`,`status`, `contact_relationship`, `date`, `sex`, `referrer`, `referrerID`,`providerID`, `email`, `ethnoracial`, `interpretter`, `migrantseasonal`,`family_size`, `monthly_income`, `homeless`, `financial_review`, `pubpid`,`pid`, `genericname1`, `genericval1`, `genericname2`, `genericval2`) VALUES
 ('Ms.','English','','LOUISE','HUDSON','L.','1994-4-19','6377 CherryBLVD','4199','Salem','WA','576368065','590483047',' ','(856) 752-2290','(856) 752-2290','(856) 752-2290','(856) 752-2290','single','Friend','2003-11-17 12:06:00','Female','ANDRE BRADLEY','1','1','LOUISE@LibreEHR.org','Yankee',' ',' ','0','3975',' ','000-00-00 00:00:00','50','50',' ',' ',' ',' ');
INSERT INTO `insurance_data` (`id`, `type`, `provider`, `plan_name`, `policy_number`,`group_number`, `subscriber_lname`, `subscriber_mname`, `subscriber_fname`, `subscriber_relationship`, `subscriber_ss`,`subscriber_DOB`, `subscriber_street`, `subscriber_postal_code`, `subscriber_city`, `subscriber_state`, `subscriber_country`,`subscriber_phone`, `subscriber_employer`, `subscriber_employer_street`, `subscriber_employer_postal_code`,`subscriber_employer_state`, `subscriber_employer_country`, `subscriber_employer_city`, `copay`, `date`, `pid`,`subscriber_sex`, `accept_assignment`) VALUES('145','primary','0','0','625499323','852442162','HUDSON','L.','LOUISE','self','590483047','1994-4-19','6377 CherryBLVD','4199','Salem','WA','Openemria','(856) 752-2290','OEMR.org','','','WA','Openemria','Salem','','2011-10-10','50','Female','FALSE');
INSERT INTO `insurance_data` (`id`, `type`, `provider`, `plan_name`, `policy_number`,`group_number`, `subscriber_lname`, `subscriber_mname`, `subscriber_fname`, `subscriber_relationship`, `subscriber_ss`,`subscriber_DOB`, `subscriber_street`, `subscriber_postal_code`, `subscriber_city`, `subscriber_state`, `subscriber_country`,`subscriber_phone`, `subscriber_employer`, `subscriber_employer_street`, `subscriber_employer_postal_code`,`subscriber_employer_state`, `subscriber_employer_country`, `subscriber_employer_city`, `copay`, `date`, `pid`,`subscriber_sex`, `accept_assignment`) VALUES('146','secondary','3362','Incompetent Provider Company','67329010','91922923','HUDSON','L.','LOUISE','self','590483047','1994-4-19','6377 CherryBLVD','4199','Salem','WA','Openemria','(856) 752-2290','OEMR.org','','','WA','Openemria','Salem','','2011-10-10','50','Female','FALSE');
INSERT INTO `insurance_data` (`id`, `type`, `provider`, `plan_name`, `policy_number`,`group_number`, `subscriber_lname`, `subscriber_mname`, `subscriber_fname`, `subscriber_relationship`, `subscriber_ss`,`subscriber_DOB`, `subscriber_street`, `subscriber_postal_code`, `subscriber_city`, `subscriber_state`, `subscriber_country`,`subscriber_phone`, `subscriber_employer`, `subscriber_employer_street`, `subscriber_employer_postal_code`,`subscriber_employer_state`, `subscriber_employer_country`, `subscriber_employer_city`, `copay`, `date`, `pid`,`subscriber_sex`, `accept_assignment`) VALUES('147','tertiary','0','0','295817886','150175743','HUDSON','L.','LOUISE','self','590483047','1994-4-19','6377 CherryBLVD','4199','Salem','WA','Openemria','(856) 752-2290','OEMR.org','','','WA','Openemria','Salem','','2011-10-10','50','Female','FALSE');
INSERT INTO `form_encounter` (`id`, `date`, `reason`, `facility`, `facility_id`, `pid`, `encounter`,
     `onset_date`, `sensitivity`, `billing_note`, `pc_catid`, `last_level_billed`, `last_level_closed`, `last_stmt_date`, `stmt_count`,
      `provider_id`, `supervisor_id`, `invoice_refno`, `referral_source`, `billing_facility`) VALUES
    ('279','2017-1-30 17:15:00', 'Test Encounter', 'Your Clinic Name Here', '3','50','279', '0000-00-00 00:00:00', 'normal', 'NULL','7', '0', '0','NULL', '0', '1', '0', '', '', '3');
INSERT INTO `forms` (`id`, `date`, `encounter`, `form_name`, `form_id`, `pid`, `user`, `groupname`, `authorized`, `deleted`, `formdir`) VALUES
    ('279','2017-1-30 17:15:00','279', 'Patient Encounter', '279', '50', 'admin', 'Default', '1', '0', 'patient_encounter');
INSERT INTO `libreehr_postcalendar_events` 
        (`pc_catid`,`pc_multiple`,`pc_aid`,`pc_pid`,`pc_title`,`pc_time`,`pc_hometext`,`pc_comments`,`pc_counter`,`pc_topic`,`pc_informant`,`pc_eventDate`,
        `pc_endDate`,`pc_duration`,`pc_recurrtype`,`pc_recurrspec`,`pc_recurrfreq`,`pc_startTime`,`pc_endTime`,`pc_alldayevent`,`pc_location`,`pc_eventstatus`,
        `pc_sharing`,`pc_apptstatus`,`pc_prefcatid`,`pc_facility`,`pc_billing_location`)VALUES
        ( 1,278,'1','50','Office Visit','2017-1-30 17:15:00','Clinical Appointment',0,0,1,'1',
        '2017-1-30 17:15:00','0000-00-00',900,0,
        'a:6:{s:17:"event_repeat_freq";s:1:"0";s:22:"event_repeat_freq_type";s:1:"0";s:19:"event_repeat_on_num";s:1:"1";s:19:"event_repeat_on_day";s:1:"0";s:20:"event_repeat_on_freq";s:1:"0";s:6:"exdate";s:0:"";}',
        0,'17:15:00','17:30:00',0,
        'a:6:{s:14:"event_location";s:0:"";s:13:"event_street1";s:0:"";s:13:"event_street2";s:0:"";s:10:"event_city";s:0:"";s:11:"event_state";s:0:"";s:12:"event_postal";s:0:"";}',
        1,1,'-',0,1,1);
INSERT INTO `form_encounter` (`id`, `date`, `reason`, `facility`, `facility_id`, `pid`, `encounter`,
     `onset_date`, `sensitivity`, `billing_note`, `pc_catid`, `last_level_billed`, `last_level_closed`, `last_stmt_date`, `stmt_count`,
      `provider_id`, `supervisor_id`, `invoice_refno`, `referral_source`, `billing_facility`) VALUES
    ('280','2017-3-1 15:30:00', 'Test Encounter', 'Your Clinic Name Here', '3','50','280', '0000-00-00 00:00:00', 'normal', 'NULL','3', '0', '0','NULL', '0', '1', '0', '', '', '3');
INSERT INTO `forms` (`id`, `date`, `encounter`, `form_name`, `form_id`, `pid`, `user`, `groupname`, `authorized`, `deleted`, `formdir`) VALUES
    ('280','2017-3-1 15:30:00','280', 'Patient Encounter', '280', '50', 'admin', 'Default', '1', '0', 'patient_encounter');
INSERT INTO `libreehr_postcalendar_events` 
        (`pc_catid`,`pc_multiple`,`pc_aid`,`pc_pid`,`pc_title`,`pc_time`,`pc_hometext`,`pc_comments`,`pc_counter`,`pc_topic`,`pc_informant`,`pc_eventDate`,
        `pc_endDate`,`pc_duration`,`pc_recurrtype`,`pc_recurrspec`,`pc_recurrfreq`,`pc_startTime`,`pc_endTime`,`pc_alldayevent`,`pc_location`,`pc_eventstatus`,
        `pc_sharing`,`pc_apptstatus`,`pc_prefcatid`,`pc_facility`,`pc_billing_location`)VALUES
        ( 1,279,'1','50','Office Visit','2017-3-1 15:30:00','Clinical Appointment',0,0,1,'1',
        '2017-3-1 15:30:00','0000-00-00',900,0,
        'a:6:{s:17:"event_repeat_freq";s:1:"0";s:22:"event_repeat_freq_type";s:1:"0";s:19:"event_repeat_on_num";s:1:"1";s:19:"event_repeat_on_day";s:1:"0";s:20:"event_repeat_on_freq";s:1:"0";s:6:"exdate";s:0:"";}',
        0,'15:30:00','15:45:00',0,
        'a:6:{s:14:"event_location";s:0:"";s:13:"event_street1";s:0:"";s:13:"event_street2";s:0:"";s:10:"event_city";s:0:"";s:11:"event_state";s:0:"";s:12:"event_postal";s:0:"";}',
        1,1,'-',0,1,1);
INSERT INTO `form_encounter` (`id`, `date`, `reason`, `facility`, `facility_id`, `pid`, `encounter`,
     `onset_date`, `sensitivity`, `billing_note`, `pc_catid`, `last_level_billed`, `last_level_closed`, `last_stmt_date`, `stmt_count`,
      `provider_id`, `supervisor_id`, `invoice_refno`, `referral_source`, `billing_facility`) VALUES
    ('281','2017-3-31 11:15:00', 'Test Encounter', 'Your Clinic Name Here', '3','50','281', '0000-00-00 00:00:00', 'normal', 'NULL','2', '0', '0','NULL', '0', '1', '0', '', '', '3');
INSERT INTO `forms` (`id`, `date`, `encounter`, `form_name`, `form_id`, `pid`, `user`, `groupname`, `authorized`, `deleted`, `formdir`) VALUES
    ('281','2017-3-31 11:15:00','281', 'Patient Encounter', '281', '50', 'admin', 'Default', '1', '0', 'patient_encounter');
INSERT INTO `libreehr_postcalendar_events` 
        (`pc_catid`,`pc_multiple`,`pc_aid`,`pc_pid`,`pc_title`,`pc_time`,`pc_hometext`,`pc_comments`,`pc_counter`,`pc_topic`,`pc_informant`,`pc_eventDate`,
        `pc_endDate`,`pc_duration`,`pc_recurrtype`,`pc_recurrspec`,`pc_recurrfreq`,`pc_startTime`,`pc_endTime`,`pc_alldayevent`,`pc_location`,`pc_eventstatus`,
        `pc_sharing`,`pc_apptstatus`,`pc_prefcatid`,`pc_facility`,`pc_billing_location`)VALUES
        ( 1,280,'1','50','Office Visit','2017-3-31 11:15:00','Clinical Appointment',0,0,1,'1',
        '2017-3-31 11:15:00','0000-00-00',900,0,
        'a:6:{s:17:"event_repeat_freq";s:1:"0";s:22:"event_repeat_freq_type";s:1:"0";s:19:"event_repeat_on_num";s:1:"1";s:19:"event_repeat_on_day";s:1:"0";s:20:"event_repeat_on_freq";s:1:"0";s:6:"exdate";s:0:"";}',
        0,'11:15:00','11:30:00',0,
        'a:6:{s:14:"event_location";s:0:"";s:13:"event_street1";s:0:"";s:13:"event_street2";s:0:"";s:10:"event_city";s:0:"";s:11:"event_state";s:0:"";s:12:"event_postal";s:0:"";}',
        1,1,'-',0,1,1);
INSERT INTO `form_encounter` (`id`, `date`, `reason`, `facility`, `facility_id`, `pid`, `encounter`,
     `onset_date`, `sensitivity`, `billing_note`, `pc_catid`, `last_level_billed`, `last_level_closed`, `last_stmt_date`, `stmt_count`,
      `provider_id`, `supervisor_id`, `invoice_refno`, `referral_source`, `billing_facility`) VALUES
    ('282','2017-4-30 13:15:00', 'Test Encounter', 'Your Clinic Name Here', '3','50','282', '0000-00-00 00:00:00', 'normal', 'NULL','10', '0', '0','NULL', '0', '1', '0', '', '', '3');
INSERT INTO `forms` (`id`, `date`, `encounter`, `form_name`, `form_id`, `pid`, `user`, `groupname`, `authorized`, `deleted`, `formdir`) VALUES
    ('282','2017-4-30 13:15:00','282', 'Patient Encounter', '282', '50', 'admin', 'Default', '1', '0', 'patient_encounter');
INSERT INTO `libreehr_postcalendar_events` 
        (`pc_catid`,`pc_multiple`,`pc_aid`,`pc_pid`,`pc_title`,`pc_time`,`pc_hometext`,`pc_comments`,`pc_counter`,`pc_topic`,`pc_informant`,`pc_eventDate`,
        `pc_endDate`,`pc_duration`,`pc_recurrtype`,`pc_recurrspec`,`pc_recurrfreq`,`pc_startTime`,`pc_endTime`,`pc_alldayevent`,`pc_location`,`pc_eventstatus`,
        `pc_sharing`,`pc_apptstatus`,`pc_prefcatid`,`pc_facility`,`pc_billing_location`)VALUES
        ( 1,281,'1','50','Office Visit','2017-4-30 13:15:00','Clinical Appointment',0,0,1,'1',
        '2017-4-30 13:15:00','0000-00-00',900,0,
        'a:6:{s:17:"event_repeat_freq";s:1:"0";s:22:"event_repeat_freq_type";s:1:"0";s:19:"event_repeat_on_num";s:1:"1";s:19:"event_repeat_on_day";s:1:"0";s:20:"event_repeat_on_freq";s:1:"0";s:6:"exdate";s:0:"";}',
        0,'13:15:00','13:30:00',0,
        'a:6:{s:14:"event_location";s:0:"";s:13:"event_street1";s:0:"";s:13:"event_street2";s:0:"";s:10:"event_city";s:0:"";s:11:"event_state";s:0:"";s:12:"event_postal";s:0:"";}',
        1,1,'-',0,1,1);
INSERT INTO `form_encounter` (`id`, `date`, `reason`, `facility`, `facility_id`, `pid`, `encounter`,
     `onset_date`, `sensitivity`, `billing_note`, `pc_catid`, `last_level_billed`, `last_level_closed`, `last_stmt_date`, `stmt_count`,
      `provider_id`, `supervisor_id`, `invoice_refno`, `referral_source`, `billing_facility`) VALUES
    ('283','2017-5-30 11:30:00', 'Test Encounter', 'Your Clinic Name Here', '3','50','283', '0000-00-00 00:00:00', 'normal', 'NULL','6', '0', '0','NULL', '0', '1', '0', '', '', '3');
INSERT INTO `forms` (`id`, `date`, `encounter`, `form_name`, `form_id`, `pid`, `user`, `groupname`, `authorized`, `deleted`, `formdir`) VALUES
    ('283','2017-5-30 11:30:00','283', 'Patient Encounter', '283', '50', 'admin', 'Default', '1', '0', 'patient_encounter');
INSERT INTO `libreehr_postcalendar_events` 
        (`pc_catid`,`pc_multiple`,`pc_aid`,`pc_pid`,`pc_title`,`pc_time`,`pc_hometext`,`pc_comments`,`pc_counter`,`pc_topic`,`pc_informant`,`pc_eventDate`,
        `pc_endDate`,`pc_duration`,`pc_recurrtype`,`pc_recurrspec`,`pc_recurrfreq`,`pc_startTime`,`pc_endTime`,`pc_alldayevent`,`pc_location`,`pc_eventstatus`,
        `pc_sharing`,`pc_apptstatus`,`pc_prefcatid`,`pc_facility`,`pc_billing_location`)VALUES
        ( 1,282,'1','50','Office Visit','2017-5-30 11:30:00','Clinical Appointment',0,0,1,'1',
        '2017-5-30 11:30:00','0000-00-00',900,0,
        'a:6:{s:17:"event_repeat_freq";s:1:"0";s:22:"event_repeat_freq_type";s:1:"0";s:19:"event_repeat_on_num";s:1:"1";s:19:"event_repeat_on_day";s:1:"0";s:20:"event_repeat_on_freq";s:1:"0";s:6:"exdate";s:0:"";}',
        0,'11:30:00','11:45:00',0,
        'a:6:{s:14:"event_location";s:0:"";s:13:"event_street1";s:0:"";s:13:"event_street2";s:0:"";s:10:"event_city";s:0:"";s:11:"event_state";s:0:"";s:12:"event_postal";s:0:"";}',
        1,1,'-',0,1,1);
INSERT INTO `form_encounter` (`id`, `date`, `reason`, `facility`, `facility_id`, `pid`, `encounter`,
     `onset_date`, `sensitivity`, `billing_note`, `pc_catid`, `last_level_billed`, `last_level_closed`, `last_stmt_date`, `stmt_count`,
      `provider_id`, `supervisor_id`, `invoice_refno`, `referral_source`, `billing_facility`) VALUES
    ('284','2017-6-29 12:00:00', 'Test Encounter', 'Your Clinic Name Here', '3','50','284', '0000-00-00 00:00:00', 'normal', 'NULL','4', '0', '0','NULL', '0', '1', '0', '', '', '3');
INSERT INTO `forms` (`id`, `date`, `encounter`, `form_name`, `form_id`, `pid`, `user`, `groupname`, `authorized`, `deleted`, `formdir`) VALUES
    ('284','2017-6-29 12:00:00','284', 'Patient Encounter', '284', '50', 'admin', 'Default', '1', '0', 'patient_encounter');
INSERT INTO `libreehr_postcalendar_events` 
        (`pc_catid`,`pc_multiple`,`pc_aid`,`pc_pid`,`pc_title`,`pc_time`,`pc_hometext`,`pc_comments`,`pc_counter`,`pc_topic`,`pc_informant`,`pc_eventDate`,
        `pc_endDate`,`pc_duration`,`pc_recurrtype`,`pc_recurrspec`,`pc_recurrfreq`,`pc_startTime`,`pc_endTime`,`pc_alldayevent`,`pc_location`,`pc_eventstatus`,
        `pc_sharing`,`pc_apptstatus`,`pc_prefcatid`,`pc_facility`,`pc_billing_location`)VALUES
        ( 1,283,'1','50','Office Visit','2017-6-29 12:00:00','Clinical Appointment',0,0,1,'1',
        '2017-6-29 12:00:00','0000-00-00',900,0,
        'a:6:{s:17:"event_repeat_freq";s:1:"0";s:22:"event_repeat_freq_type";s:1:"0";s:19:"event_repeat_on_num";s:1:"1";s:19:"event_repeat_on_day";s:1:"0";s:20:"event_repeat_on_freq";s:1:"0";s:6:"exdate";s:0:"";}',
        0,'12:00:00','12:15:00',0,
        'a:6:{s:14:"event_location";s:0:"";s:13:"event_street1";s:0:"";s:13:"event_street2";s:0:"";s:10:"event_city";s:0:"";s:11:"event_state";s:0:"";s:12:"event_postal";s:0:"";}',
        1,1,'-',0,1,1);
INSERT INTO `form_encounter` (`id`, `date`, `reason`, `facility`, `facility_id`, `pid`, `encounter`,
     `onset_date`, `sensitivity`, `billing_note`, `pc_catid`, `last_level_billed`, `last_level_closed`, `last_stmt_date`, `stmt_count`,
      `provider_id`, `supervisor_id`, `invoice_refno`, `referral_source`, `billing_facility`) VALUES
    ('285','2017-7-29 12:30:00', 'Test Encounter', 'Your Clinic Name Here', '3','50','285', '0000-00-00 00:00:00', 'normal', 'NULL','9', '0', '0','NULL', '0', '1', '0', '', '', '3');
INSERT INTO `forms` (`id`, `date`, `encounter`, `form_name`, `form_id`, `pid`, `user`, `groupname`, `authorized`, `deleted`, `formdir`) VALUES
    ('285','2017-7-29 12:30:00','285', 'Patient Encounter', '285', '50', 'admin', 'Default', '1', '0', 'patient_encounter');
INSERT INTO `libreehr_postcalendar_events` 
        (`pc_catid`,`pc_multiple`,`pc_aid`,`pc_pid`,`pc_title`,`pc_time`,`pc_hometext`,`pc_comments`,`pc_counter`,`pc_topic`,`pc_informant`,`pc_eventDate`,
        `pc_endDate`,`pc_duration`,`pc_recurrtype`,`pc_recurrspec`,`pc_recurrfreq`,`pc_startTime`,`pc_endTime`,`pc_alldayevent`,`pc_location`,`pc_eventstatus`,
        `pc_sharing`,`pc_apptstatus`,`pc_prefcatid`,`pc_facility`,`pc_billing_location`)VALUES
        ( 1,284,'1','50','Office Visit','2017-7-29 12:30:00','Clinical Appointment',0,0,1,'1',
        '2017-7-29 12:30:00','0000-00-00',900,0,
        'a:6:{s:17:"event_repeat_freq";s:1:"0";s:22:"event_repeat_freq_type";s:1:"0";s:19:"event_repeat_on_num";s:1:"1";s:19:"event_repeat_on_day";s:1:"0";s:20:"event_repeat_on_freq";s:1:"0";s:6:"exdate";s:0:"";}',
        0,'12:30:00','12:45:00',0,
        'a:6:{s:14:"event_location";s:0:"";s:13:"event_street1";s:0:"";s:13:"event_street2";s:0:"";s:10:"event_city";s:0:"";s:11:"event_state";s:0:"";s:12:"event_postal";s:0:"";}',
        1,1,'-',0,1,1);
INSERT INTO `form_encounter` (`id`, `date`, `reason`, `facility`, `facility_id`, `pid`, `encounter`,
     `onset_date`, `sensitivity`, `billing_note`, `pc_catid`, `last_level_billed`, `last_level_closed`, `last_stmt_date`, `stmt_count`,
      `provider_id`, `supervisor_id`, `invoice_refno`, `referral_source`, `billing_facility`) VALUES
    ('286','2017-8-28 17:30:00', 'Test Encounter', 'Your Clinic Name Here', '3','50','286', '0000-00-00 00:00:00', 'normal', 'NULL','2', '0', '0','NULL', '0', '1', '0', '', '', '3');
INSERT INTO `forms` (`id`, `date`, `encounter`, `form_name`, `form_id`, `pid`, `user`, `groupname`, `authorized`, `deleted`, `formdir`) VALUES
    ('286','2017-8-28 17:30:00','286', 'Patient Encounter', '286', '50', 'admin', 'Default', '1', '0', 'patient_encounter');
INSERT INTO `libreehr_postcalendar_events` 
        (`pc_catid`,`pc_multiple`,`pc_aid`,`pc_pid`,`pc_title`,`pc_time`,`pc_hometext`,`pc_comments`,`pc_counter`,`pc_topic`,`pc_informant`,`pc_eventDate`,
        `pc_endDate`,`pc_duration`,`pc_recurrtype`,`pc_recurrspec`,`pc_recurrfreq`,`pc_startTime`,`pc_endTime`,`pc_alldayevent`,`pc_location`,`pc_eventstatus`,
        `pc_sharing`,`pc_apptstatus`,`pc_prefcatid`,`pc_facility`,`pc_billing_location`)VALUES
        ( 1,285,'1','50','Office Visit','2017-8-28 17:30:00','Clinical Appointment',0,0,1,'1',
        '2017-8-28 17:30:00','0000-00-00',900,0,
        'a:6:{s:17:"event_repeat_freq";s:1:"0";s:22:"event_repeat_freq_type";s:1:"0";s:19:"event_repeat_on_num";s:1:"1";s:19:"event_repeat_on_day";s:1:"0";s:20:"event_repeat_on_freq";s:1:"0";s:6:"exdate";s:0:"";}',
        0,'17:30:00','17:45:00',0,
        'a:6:{s:14:"event_location";s:0:"";s:13:"event_street1";s:0:"";s:13:"event_street2";s:0:"";s:10:"event_city";s:0:"";s:11:"event_state";s:0:"";s:12:"event_postal";s:0:"";}',
        1,1,'-',0,1,1);
INSERT INTO `form_encounter` (`id`, `date`, `reason`, `facility`, `facility_id`, `pid`, `encounter`,
     `onset_date`, `sensitivity`, `billing_note`, `pc_catid`, `last_level_billed`, `last_level_closed`, `last_stmt_date`, `stmt_count`,
      `provider_id`, `supervisor_id`, `invoice_refno`, `referral_source`, `billing_facility`) VALUES
    ('287','2017-9-27 15:15:00', 'Test Encounter', 'Your Clinic Name Here', '3','50','287', '0000-00-00 00:00:00', 'normal', 'NULL','9', '0', '0','NULL', '0', '1', '0', '', '', '3');
INSERT INTO `forms` (`id`, `date`, `encounter`, `form_name`, `form_id`, `pid`, `user`, `groupname`, `authorized`, `deleted`, `formdir`) VALUES
    ('287','2017-9-27 15:15:00','287', 'Patient Encounter', '287', '50', 'admin', 'Default', '1', '0', 'patient_encounter');
INSERT INTO `libreehr_postcalendar_events` 
        (`pc_catid`,`pc_multiple`,`pc_aid`,`pc_pid`,`pc_title`,`pc_time`,`pc_hometext`,`pc_comments`,`pc_counter`,`pc_topic`,`pc_informant`,`pc_eventDate`,
        `pc_endDate`,`pc_duration`,`pc_recurrtype`,`pc_recurrspec`,`pc_recurrfreq`,`pc_startTime`,`pc_endTime`,`pc_alldayevent`,`pc_location`,`pc_eventstatus`,
        `pc_sharing`,`pc_apptstatus`,`pc_prefcatid`,`pc_facility`,`pc_billing_location`)VALUES
        ( 1,286,'1','50','Office Visit','2017-9-27 15:15:00','Clinical Appointment',0,0,1,'1',
        '2017-9-27 15:15:00','0000-00-00',900,0,
        'a:6:{s:17:"event_repeat_freq";s:1:"0";s:22:"event_repeat_freq_type";s:1:"0";s:19:"event_repeat_on_num";s:1:"1";s:19:"event_repeat_on_day";s:1:"0";s:20:"event_repeat_on_freq";s:1:"0";s:6:"exdate";s:0:"";}',
        0,'15:15:00','15:30:00',0,
        'a:6:{s:14:"event_location";s:0:"";s:13:"event_street1";s:0:"";s:13:"event_street2";s:0:"";s:10:"event_city";s:0:"";s:11:"event_state";s:0:"";s:12:"event_postal";s:0:"";}',
        1,1,'-',0,1,1);
INSERT INTO `patient_data` (`title`, `language`, `financial`, `fname`, `lname`, `mname`, `DOB`,`street`, `postal_code`, `city`, `state`,  `drivers_license`, `ss`,`occupation`, `phone_home`, `phone_biz`, `phone_contact`, `phone_cell`,`status`, `contact_relationship`, `date`, `sex`, `referrer`, `referrerID`,`providerID`, `email`, `ethnoracial`, `interpretter`, `migrantseasonal`,`family_size`, `monthly_income`, `homeless`, `financial_review`, `pubpid`,`pid`, `genericname1`, `genericval1`, `genericname2`, `genericval2`) VALUES
 ('Mrs.','English','','KRISTINA','MOORE','N.','1961-6-3','4764 FlowerBLVD','68575','Ashland','MT','258685843','907879435',' ','(19) 681-6126','(19) 681-6126','(19) 681-6126','(19) 681-6126','married','Friend','2003-11-17 12:06:00','Female','BRANDON OWENS','1','1','KRISTINA@LibreEHR.org','Americano',' ',' ','7','7718',' ','000-00-00 00:00:00','51','51',' ',' ',' ',' ');
INSERT INTO `insurance_data` (`id`, `type`, `provider`, `plan_name`, `policy_number`,`group_number`, `subscriber_lname`, `subscriber_mname`, `subscriber_fname`, `subscriber_relationship`, `subscriber_ss`,`subscriber_DOB`, `subscriber_street`, `subscriber_postal_code`, `subscriber_city`, `subscriber_state`, `subscriber_country`,`subscriber_phone`, `subscriber_employer`, `subscriber_employer_street`, `subscriber_employer_postal_code`,`subscriber_employer_state`, `subscriber_employer_country`, `subscriber_employer_city`, `copay`, `date`, `pid`,`subscriber_sex`, `accept_assignment`) VALUES('148','primary','6186','Green Mutual LTD','250240507','817268086','MOORE','N.','KRISTINA','self','907879435','1961-6-3','4764 FlowerBLVD','68575','Ashland','MT','Openemria','(19) 681-6126','OEMR.org','','','MT','Openemria','Ashland','','2011-10-10','51','Female','FALSE');
INSERT INTO `insurance_data` (`id`, `type`, `provider`, `plan_name`, `policy_number`,`group_number`, `subscriber_lname`, `subscriber_mname`, `subscriber_fname`, `subscriber_relationship`, `subscriber_ss`,`subscriber_DOB`, `subscriber_street`, `subscriber_postal_code`, `subscriber_city`, `subscriber_state`, `subscriber_country`,`subscriber_phone`, `subscriber_employer`, `subscriber_employer_street`, `subscriber_employer_postal_code`,`subscriber_employer_state`, `subscriber_employer_country`, `subscriber_employer_city`, `copay`, `date`, `pid`,`subscriber_sex`, `accept_assignment`) VALUES('149','secondary','7519','Litigeous Heartless LTD','276936321','944754985','MOORE','N.','KRISTINA','self','907879435','1961-6-3','4764 FlowerBLVD','68575','Ashland','MT','Openemria','(19) 681-6126','OEMR.org','','','MT','Openemria','Ashland','','2011-10-10','51','Female','TRUE');
INSERT INTO `insurance_data` (`id`, `type`, `provider`, `plan_name`, `policy_number`,`group_number`, `subscriber_lname`, `subscriber_mname`, `subscriber_fname`, `subscriber_relationship`, `subscriber_ss`,`subscriber_DOB`, `subscriber_street`, `subscriber_postal_code`, `subscriber_city`, `subscriber_state`, `subscriber_country`,`subscriber_phone`, `subscriber_employer`, `subscriber_employer_street`, `subscriber_employer_postal_code`,`subscriber_employer_state`, `subscriber_employer_country`, `subscriber_employer_city`, `copay`, `date`, `pid`,`subscriber_sex`, `accept_assignment`) VALUES('150','tertiary','2651','Puce Mutual HMO','226267674','751227869','MOORE','N.','KRISTINA','self','907879435','1961-6-3','4764 FlowerBLVD','68575','Ashland','MT','Openemria','(19) 681-6126','OEMR.org','','','MT','Openemria','Ashland','','2011-10-10','51','Female','FALSE');
INSERT INTO `form_encounter` (`id`, `date`, `reason`, `facility`, `facility_id`, `pid`, `encounter`,
     `onset_date`, `sensitivity`, `billing_note`, `pc_catid`, `last_level_billed`, `last_level_closed`, `last_stmt_date`, `stmt_count`,
      `provider_id`, `supervisor_id`, `invoice_refno`, `referral_source`, `billing_facility`) VALUES
    ('288','2017-1-30 11:15:00', 'Test Encounter', 'Your Clinic Name Here', '3','51','288', '0000-00-00 00:00:00', 'normal', 'NULL','3', '0', '0','NULL', '0', '1', '0', '', '', '3');
INSERT INTO `forms` (`id`, `date`, `encounter`, `form_name`, `form_id`, `pid`, `user`, `groupname`, `authorized`, `deleted`, `formdir`) VALUES
    ('288','2017-1-30 11:15:00','288', 'Patient Encounter', '288', '51', 'admin', 'Default', '1', '0', 'patient_encounter');
INSERT INTO `libreehr_postcalendar_events` 
        (`pc_catid`,`pc_multiple`,`pc_aid`,`pc_pid`,`pc_title`,`pc_time`,`pc_hometext`,`pc_comments`,`pc_counter`,`pc_topic`,`pc_informant`,`pc_eventDate`,
        `pc_endDate`,`pc_duration`,`pc_recurrtype`,`pc_recurrspec`,`pc_recurrfreq`,`pc_startTime`,`pc_endTime`,`pc_alldayevent`,`pc_location`,`pc_eventstatus`,
        `pc_sharing`,`pc_apptstatus`,`pc_prefcatid`,`pc_facility`,`pc_billing_location`)VALUES
        ( 1,287,'1','51','Office Visit','2017-1-30 11:15:00','Clinical Appointment',0,0,1,'1',
        '2017-1-30 11:15:00','0000-00-00',900,0,
        'a:6:{s:17:"event_repeat_freq";s:1:"0";s:22:"event_repeat_freq_type";s:1:"0";s:19:"event_repeat_on_num";s:1:"1";s:19:"event_repeat_on_day";s:1:"0";s:20:"event_repeat_on_freq";s:1:"0";s:6:"exdate";s:0:"";}',
        0,'11:15:00','11:30:00',0,
        'a:6:{s:14:"event_location";s:0:"";s:13:"event_street1";s:0:"";s:13:"event_street2";s:0:"";s:10:"event_city";s:0:"";s:11:"event_state";s:0:"";s:12:"event_postal";s:0:"";}',
        1,1,'-',0,1,1);
INSERT INTO `form_encounter` (`id`, `date`, `reason`, `facility`, `facility_id`, `pid`, `encounter`,
     `onset_date`, `sensitivity`, `billing_note`, `pc_catid`, `last_level_billed`, `last_level_closed`, `last_stmt_date`, `stmt_count`,
      `provider_id`, `supervisor_id`, `invoice_refno`, `referral_source`, `billing_facility`) VALUES
    ('289','2017-3-1 13:00:00', 'Test Encounter', 'Your Clinic Name Here', '3','51','289', '0000-00-00 00:00:00', 'normal', 'NULL','8', '0', '0','NULL', '0', '1', '0', '', '', '3');
INSERT INTO `forms` (`id`, `date`, `encounter`, `form_name`, `form_id`, `pid`, `user`, `groupname`, `authorized`, `deleted`, `formdir`) VALUES
    ('289','2017-3-1 13:00:00','289', 'Patient Encounter', '289', '51', 'admin', 'Default', '1', '0', 'patient_encounter');
INSERT INTO `libreehr_postcalendar_events` 
        (`pc_catid`,`pc_multiple`,`pc_aid`,`pc_pid`,`pc_title`,`pc_time`,`pc_hometext`,`pc_comments`,`pc_counter`,`pc_topic`,`pc_informant`,`pc_eventDate`,
        `pc_endDate`,`pc_duration`,`pc_recurrtype`,`pc_recurrspec`,`pc_recurrfreq`,`pc_startTime`,`pc_endTime`,`pc_alldayevent`,`pc_location`,`pc_eventstatus`,
        `pc_sharing`,`pc_apptstatus`,`pc_prefcatid`,`pc_facility`,`pc_billing_location`)VALUES
        ( 1,288,'1','51','Office Visit','2017-3-1 13:00:00','Clinical Appointment',0,0,1,'1',
        '2017-3-1 13:00:00','0000-00-00',900,0,
        'a:6:{s:17:"event_repeat_freq";s:1:"0";s:22:"event_repeat_freq_type";s:1:"0";s:19:"event_repeat_on_num";s:1:"1";s:19:"event_repeat_on_day";s:1:"0";s:20:"event_repeat_on_freq";s:1:"0";s:6:"exdate";s:0:"";}',
        0,'13:00:00','13:15:00',0,
        'a:6:{s:14:"event_location";s:0:"";s:13:"event_street1";s:0:"";s:13:"event_street2";s:0:"";s:10:"event_city";s:0:"";s:11:"event_state";s:0:"";s:12:"event_postal";s:0:"";}',
        1,1,'-',0,1,1);
INSERT INTO `form_encounter` (`id`, `date`, `reason`, `facility`, `facility_id`, `pid`, `encounter`,
     `onset_date`, `sensitivity`, `billing_note`, `pc_catid`, `last_level_billed`, `last_level_closed`, `last_stmt_date`, `stmt_count`,
      `provider_id`, `supervisor_id`, `invoice_refno`, `referral_source`, `billing_facility`) VALUES
    ('290','2017-3-31 11:15:00', 'Test Encounter', 'Your Clinic Name Here', '3','51','290', '0000-00-00 00:00:00', 'normal', 'NULL','3', '0', '0','NULL', '0', '1', '0', '', '', '3');
INSERT INTO `forms` (`id`, `date`, `encounter`, `form_name`, `form_id`, `pid`, `user`, `groupname`, `authorized`, `deleted`, `formdir`) VALUES
    ('290','2017-3-31 11:15:00','290', 'Patient Encounter', '290', '51', 'admin', 'Default', '1', '0', 'patient_encounter');
INSERT INTO `libreehr_postcalendar_events` 
        (`pc_catid`,`pc_multiple`,`pc_aid`,`pc_pid`,`pc_title`,`pc_time`,`pc_hometext`,`pc_comments`,`pc_counter`,`pc_topic`,`pc_informant`,`pc_eventDate`,
        `pc_endDate`,`pc_duration`,`pc_recurrtype`,`pc_recurrspec`,`pc_recurrfreq`,`pc_startTime`,`pc_endTime`,`pc_alldayevent`,`pc_location`,`pc_eventstatus`,
        `pc_sharing`,`pc_apptstatus`,`pc_prefcatid`,`pc_facility`,`pc_billing_location`)VALUES
        ( 1,289,'1','51','Office Visit','2017-3-31 11:15:00','Clinical Appointment',0,0,1,'1',
        '2017-3-31 11:15:00','0000-00-00',900,0,
        'a:6:{s:17:"event_repeat_freq";s:1:"0";s:22:"event_repeat_freq_type";s:1:"0";s:19:"event_repeat_on_num";s:1:"1";s:19:"event_repeat_on_day";s:1:"0";s:20:"event_repeat_on_freq";s:1:"0";s:6:"exdate";s:0:"";}',
        0,'11:15:00','11:30:00',0,
        'a:6:{s:14:"event_location";s:0:"";s:13:"event_street1";s:0:"";s:13:"event_street2";s:0:"";s:10:"event_city";s:0:"";s:11:"event_state";s:0:"";s:12:"event_postal";s:0:"";}',
        1,1,'-',0,1,1);
INSERT INTO `form_encounter` (`id`, `date`, `reason`, `facility`, `facility_id`, `pid`, `encounter`,
     `onset_date`, `sensitivity`, `billing_note`, `pc_catid`, `last_level_billed`, `last_level_closed`, `last_stmt_date`, `stmt_count`,
      `provider_id`, `supervisor_id`, `invoice_refno`, `referral_source`, `billing_facility`) VALUES
    ('291','2017-4-30 11:00:00', 'Test Encounter', 'Your Clinic Name Here', '3','51','291', '0000-00-00 00:00:00', 'normal', 'NULL','1', '0', '0','NULL', '0', '1', '0', '', '', '3');
INSERT INTO `forms` (`id`, `date`, `encounter`, `form_name`, `form_id`, `pid`, `user`, `groupname`, `authorized`, `deleted`, `formdir`) VALUES
    ('291','2017-4-30 11:00:00','291', 'Patient Encounter', '291', '51', 'admin', 'Default', '1', '0', 'patient_encounter');
INSERT INTO `libreehr_postcalendar_events` 
        (`pc_catid`,`pc_multiple`,`pc_aid`,`pc_pid`,`pc_title`,`pc_time`,`pc_hometext`,`pc_comments`,`pc_counter`,`pc_topic`,`pc_informant`,`pc_eventDate`,
        `pc_endDate`,`pc_duration`,`pc_recurrtype`,`pc_recurrspec`,`pc_recurrfreq`,`pc_startTime`,`pc_endTime`,`pc_alldayevent`,`pc_location`,`pc_eventstatus`,
        `pc_sharing`,`pc_apptstatus`,`pc_prefcatid`,`pc_facility`,`pc_billing_location`)VALUES
        ( 1,290,'1','51','Office Visit','2017-4-30 11:00:00','Clinical Appointment',0,0,1,'1',
        '2017-4-30 11:00:00','0000-00-00',900,0,
        'a:6:{s:17:"event_repeat_freq";s:1:"0";s:22:"event_repeat_freq_type";s:1:"0";s:19:"event_repeat_on_num";s:1:"1";s:19:"event_repeat_on_day";s:1:"0";s:20:"event_repeat_on_freq";s:1:"0";s:6:"exdate";s:0:"";}',
        0,'11:00:00','11:15:00',0,
        'a:6:{s:14:"event_location";s:0:"";s:13:"event_street1";s:0:"";s:13:"event_street2";s:0:"";s:10:"event_city";s:0:"";s:11:"event_state";s:0:"";s:12:"event_postal";s:0:"";}',
        1,1,'-',0,1,1);
INSERT INTO `form_encounter` (`id`, `date`, `reason`, `facility`, `facility_id`, `pid`, `encounter`,
     `onset_date`, `sensitivity`, `billing_note`, `pc_catid`, `last_level_billed`, `last_level_closed`, `last_stmt_date`, `stmt_count`,
      `provider_id`, `supervisor_id`, `invoice_refno`, `referral_source`, `billing_facility`) VALUES
    ('292','2017-5-30 13:00:00', 'Test Encounter', 'Your Clinic Name Here', '3','51','292', '0000-00-00 00:00:00', 'normal', 'NULL','8', '0', '0','NULL', '0', '1', '0', '', '', '3');
INSERT INTO `forms` (`id`, `date`, `encounter`, `form_name`, `form_id`, `pid`, `user`, `groupname`, `authorized`, `deleted`, `formdir`) VALUES
    ('292','2017-5-30 13:00:00','292', 'Patient Encounter', '292', '51', 'admin', 'Default', '1', '0', 'patient_encounter');
INSERT INTO `libreehr_postcalendar_events` 
        (`pc_catid`,`pc_multiple`,`pc_aid`,`pc_pid`,`pc_title`,`pc_time`,`pc_hometext`,`pc_comments`,`pc_counter`,`pc_topic`,`pc_informant`,`pc_eventDate`,
        `pc_endDate`,`pc_duration`,`pc_recurrtype`,`pc_recurrspec`,`pc_recurrfreq`,`pc_startTime`,`pc_endTime`,`pc_alldayevent`,`pc_location`,`pc_eventstatus`,
        `pc_sharing`,`pc_apptstatus`,`pc_prefcatid`,`pc_facility`,`pc_billing_location`)VALUES
        ( 1,291,'1','51','Office Visit','2017-5-30 13:00:00','Clinical Appointment',0,0,1,'1',
        '2017-5-30 13:00:00','0000-00-00',900,0,
        'a:6:{s:17:"event_repeat_freq";s:1:"0";s:22:"event_repeat_freq_type";s:1:"0";s:19:"event_repeat_on_num";s:1:"1";s:19:"event_repeat_on_day";s:1:"0";s:20:"event_repeat_on_freq";s:1:"0";s:6:"exdate";s:0:"";}',
        0,'13:00:00','13:15:00',0,
        'a:6:{s:14:"event_location";s:0:"";s:13:"event_street1";s:0:"";s:13:"event_street2";s:0:"";s:10:"event_city";s:0:"";s:11:"event_state";s:0:"";s:12:"event_postal";s:0:"";}',
        1,1,'-',0,1,1);
INSERT INTO `form_encounter` (`id`, `date`, `reason`, `facility`, `facility_id`, `pid`, `encounter`,
     `onset_date`, `sensitivity`, `billing_note`, `pc_catid`, `last_level_billed`, `last_level_closed`, `last_stmt_date`, `stmt_count`,
      `provider_id`, `supervisor_id`, `invoice_refno`, `referral_source`, `billing_facility`) VALUES
    ('293','2017-6-29 17:30:00', 'Test Encounter', 'Your Clinic Name Here', '3','51','293', '0000-00-00 00:00:00', 'normal', 'NULL','2', '0', '0','NULL', '0', '1', '0', '', '', '3');
INSERT INTO `forms` (`id`, `date`, `encounter`, `form_name`, `form_id`, `pid`, `user`, `groupname`, `authorized`, `deleted`, `formdir`) VALUES
    ('293','2017-6-29 17:30:00','293', 'Patient Encounter', '293', '51', 'admin', 'Default', '1', '0', 'patient_encounter');
INSERT INTO `libreehr_postcalendar_events` 
        (`pc_catid`,`pc_multiple`,`pc_aid`,`pc_pid`,`pc_title`,`pc_time`,`pc_hometext`,`pc_comments`,`pc_counter`,`pc_topic`,`pc_informant`,`pc_eventDate`,
        `pc_endDate`,`pc_duration`,`pc_recurrtype`,`pc_recurrspec`,`pc_recurrfreq`,`pc_startTime`,`pc_endTime`,`pc_alldayevent`,`pc_location`,`pc_eventstatus`,
        `pc_sharing`,`pc_apptstatus`,`pc_prefcatid`,`pc_facility`,`pc_billing_location`)VALUES
        ( 1,292,'1','51','Office Visit','2017-6-29 17:30:00','Clinical Appointment',0,0,1,'1',
        '2017-6-29 17:30:00','0000-00-00',900,0,
        'a:6:{s:17:"event_repeat_freq";s:1:"0";s:22:"event_repeat_freq_type";s:1:"0";s:19:"event_repeat_on_num";s:1:"1";s:19:"event_repeat_on_day";s:1:"0";s:20:"event_repeat_on_freq";s:1:"0";s:6:"exdate";s:0:"";}',
        0,'17:30:00','17:45:00',0,
        'a:6:{s:14:"event_location";s:0:"";s:13:"event_street1";s:0:"";s:13:"event_street2";s:0:"";s:10:"event_city";s:0:"";s:11:"event_state";s:0:"";s:12:"event_postal";s:0:"";}',
        1,1,'-',0,1,1);
INSERT INTO `form_encounter` (`id`, `date`, `reason`, `facility`, `facility_id`, `pid`, `encounter`,
     `onset_date`, `sensitivity`, `billing_note`, `pc_catid`, `last_level_billed`, `last_level_closed`, `last_stmt_date`, `stmt_count`,
      `provider_id`, `supervisor_id`, `invoice_refno`, `referral_source`, `billing_facility`) VALUES
    ('294','2017-7-29 11:15:00', 'Test Encounter', 'Your Clinic Name Here', '3','51','294', '0000-00-00 00:00:00', 'normal', 'NULL','8', '0', '0','NULL', '0', '1', '0', '', '', '3');
INSERT INTO `forms` (`id`, `date`, `encounter`, `form_name`, `form_id`, `pid`, `user`, `groupname`, `authorized`, `deleted`, `formdir`) VALUES
    ('294','2017-7-29 11:15:00','294', 'Patient Encounter', '294', '51', 'admin', 'Default', '1', '0', 'patient_encounter');
INSERT INTO `libreehr_postcalendar_events` 
        (`pc_catid`,`pc_multiple`,`pc_aid`,`pc_pid`,`pc_title`,`pc_time`,`pc_hometext`,`pc_comments`,`pc_counter`,`pc_topic`,`pc_informant`,`pc_eventDate`,
        `pc_endDate`,`pc_duration`,`pc_recurrtype`,`pc_recurrspec`,`pc_recurrfreq`,`pc_startTime`,`pc_endTime`,`pc_alldayevent`,`pc_location`,`pc_eventstatus`,
        `pc_sharing`,`pc_apptstatus`,`pc_prefcatid`,`pc_facility`,`pc_billing_location`)VALUES
        ( 1,293,'1','51','Office Visit','2017-7-29 11:15:00','Clinical Appointment',0,0,1,'1',
        '2017-7-29 11:15:00','0000-00-00',900,0,
        'a:6:{s:17:"event_repeat_freq";s:1:"0";s:22:"event_repeat_freq_type";s:1:"0";s:19:"event_repeat_on_num";s:1:"1";s:19:"event_repeat_on_day";s:1:"0";s:20:"event_repeat_on_freq";s:1:"0";s:6:"exdate";s:0:"";}',
        0,'11:15:00','11:30:00',0,
        'a:6:{s:14:"event_location";s:0:"";s:13:"event_street1";s:0:"";s:13:"event_street2";s:0:"";s:10:"event_city";s:0:"";s:11:"event_state";s:0:"";s:12:"event_postal";s:0:"";}',
        1,1,'-',0,1,1);
INSERT INTO `form_encounter` (`id`, `date`, `reason`, `facility`, `facility_id`, `pid`, `encounter`,
     `onset_date`, `sensitivity`, `billing_note`, `pc_catid`, `last_level_billed`, `last_level_closed`, `last_stmt_date`, `stmt_count`,
      `provider_id`, `supervisor_id`, `invoice_refno`, `referral_source`, `billing_facility`) VALUES
    ('295','2017-8-28 16:15:00', 'Test Encounter', 'Your Clinic Name Here', '3','51','295', '0000-00-00 00:00:00', 'normal', 'NULL','10', '0', '0','NULL', '0', '1', '0', '', '', '3');
INSERT INTO `forms` (`id`, `date`, `encounter`, `form_name`, `form_id`, `pid`, `user`, `groupname`, `authorized`, `deleted`, `formdir`) VALUES
    ('295','2017-8-28 16:15:00','295', 'Patient Encounter', '295', '51', 'admin', 'Default', '1', '0', 'patient_encounter');
INSERT INTO `libreehr_postcalendar_events` 
        (`pc_catid`,`pc_multiple`,`pc_aid`,`pc_pid`,`pc_title`,`pc_time`,`pc_hometext`,`pc_comments`,`pc_counter`,`pc_topic`,`pc_informant`,`pc_eventDate`,
        `pc_endDate`,`pc_duration`,`pc_recurrtype`,`pc_recurrspec`,`pc_recurrfreq`,`pc_startTime`,`pc_endTime`,`pc_alldayevent`,`pc_location`,`pc_eventstatus`,
        `pc_sharing`,`pc_apptstatus`,`pc_prefcatid`,`pc_facility`,`pc_billing_location`)VALUES
        ( 1,294,'1','51','Office Visit','2017-8-28 16:15:00','Clinical Appointment',0,0,1,'1',
        '2017-8-28 16:15:00','0000-00-00',900,0,
        'a:6:{s:17:"event_repeat_freq";s:1:"0";s:22:"event_repeat_freq_type";s:1:"0";s:19:"event_repeat_on_num";s:1:"1";s:19:"event_repeat_on_day";s:1:"0";s:20:"event_repeat_on_freq";s:1:"0";s:6:"exdate";s:0:"";}',
        0,'16:15:00','16:30:00',0,
        'a:6:{s:14:"event_location";s:0:"";s:13:"event_street1";s:0:"";s:13:"event_street2";s:0:"";s:10:"event_city";s:0:"";s:11:"event_state";s:0:"";s:12:"event_postal";s:0:"";}',
        1,1,'-',0,1,1);
INSERT INTO `form_encounter` (`id`, `date`, `reason`, `facility`, `facility_id`, `pid`, `encounter`,
     `onset_date`, `sensitivity`, `billing_note`, `pc_catid`, `last_level_billed`, `last_level_closed`, `last_stmt_date`, `stmt_count`,
      `provider_id`, `supervisor_id`, `invoice_refno`, `referral_source`, `billing_facility`) VALUES
    ('296','2017-9-27 15:00:00', 'Test Encounter', 'Your Clinic Name Here', '3','51','296', '0000-00-00 00:00:00', 'normal', 'NULL','7', '0', '0','NULL', '0', '1', '0', '', '', '3');
INSERT INTO `forms` (`id`, `date`, `encounter`, `form_name`, `form_id`, `pid`, `user`, `groupname`, `authorized`, `deleted`, `formdir`) VALUES
    ('296','2017-9-27 15:00:00','296', 'Patient Encounter', '296', '51', 'admin', 'Default', '1', '0', 'patient_encounter');
INSERT INTO `libreehr_postcalendar_events` 
        (`pc_catid`,`pc_multiple`,`pc_aid`,`pc_pid`,`pc_title`,`pc_time`,`pc_hometext`,`pc_comments`,`pc_counter`,`pc_topic`,`pc_informant`,`pc_eventDate`,
        `pc_endDate`,`pc_duration`,`pc_recurrtype`,`pc_recurrspec`,`pc_recurrfreq`,`pc_startTime`,`pc_endTime`,`pc_alldayevent`,`pc_location`,`pc_eventstatus`,
        `pc_sharing`,`pc_apptstatus`,`pc_prefcatid`,`pc_facility`,`pc_billing_location`)VALUES
        ( 1,295,'1','51','Office Visit','2017-9-27 15:00:00','Clinical Appointment',0,0,1,'1',
        '2017-9-27 15:00:00','0000-00-00',900,0,
        'a:6:{s:17:"event_repeat_freq";s:1:"0";s:22:"event_repeat_freq_type";s:1:"0";s:19:"event_repeat_on_num";s:1:"1";s:19:"event_repeat_on_day";s:1:"0";s:20:"event_repeat_on_freq";s:1:"0";s:6:"exdate";s:0:"";}',
        0,'15:00:00','15:15:00',0,
        'a:6:{s:14:"event_location";s:0:"";s:13:"event_street1";s:0:"";s:13:"event_street2";s:0:"";s:10:"event_city";s:0:"";s:11:"event_state";s:0:"";s:12:"event_postal";s:0:"";}',
        1,1,'-',0,1,1);
INSERT INTO `patient_data` (`title`, `language`, `financial`, `fname`, `lname`, `mname`, `DOB`,`street`, `postal_code`, `city`, `state`,  `drivers_license`, `ss`,`occupation`, `phone_home`, `phone_biz`, `phone_contact`, `phone_cell`,`status`, `contact_relationship`, `date`, `sex`, `referrer`, `referrerID`,`providerID`, `email`, `ethnoracial`, `interpretter`, `migrantseasonal`,`family_size`, `monthly_income`, `homeless`, `financial_review`, `pubpid`,`pid`, `genericname1`, `genericval1`, `genericname2`, `genericval2`) VALUES
 ('Mrs.','English','','SHEILA','FERGUSON','G.','2002-10-13','1819 LakeBLVD','39224','Jackson','AZ','357420750','284762484',' ','(327) 619-9882','(327) 619-9882','(327) 619-9882','(327) 619-9882','single','Friend','2003-11-17 12:06:00','Female','JERRY PORTER','1','1','SHEILA@LibreEHR.org','Cubano',' ',' ','0','9856',' ','000-00-00 00:00:00','52','52',' ',' ',' ',' ');
INSERT INTO `insurance_data` (`id`, `type`, `provider`, `plan_name`, `policy_number`,`group_number`, `subscriber_lname`, `subscriber_mname`, `subscriber_fname`, `subscriber_relationship`, `subscriber_ss`,`subscriber_DOB`, `subscriber_street`, `subscriber_postal_code`, `subscriber_city`, `subscriber_state`, `subscriber_country`,`subscriber_phone`, `subscriber_employer`, `subscriber_employer_street`, `subscriber_employer_postal_code`,`subscriber_employer_state`, `subscriber_employer_country`, `subscriber_employer_city`, `copay`, `date`, `pid`,`subscriber_sex`, `accept_assignment`) VALUES('151','primary','6843','Pink Provider Very LTD.','721208560','22984204','FERGUSON','G.','SHEILA','self','284762484','2002-10-13','1819 LakeBLVD','39224','Jackson','AZ','Openemria','(327) 619-9882','OEMR.org','','','AZ','Openemria','Jackson','','2011-10-10','52','Female','FALSE');
INSERT INTO `insurance_data` (`id`, `type`, `provider`, `plan_name`, `policy_number`,`group_number`, `subscriber_lname`, `subscriber_mname`, `subscriber_fname`, `subscriber_relationship`, `subscriber_ss`,`subscriber_DOB`, `subscriber_street`, `subscriber_postal_code`, `subscriber_city`, `subscriber_state`, `subscriber_country`,`subscriber_phone`, `subscriber_employer`, `subscriber_employer_street`, `subscriber_employer_postal_code`,`subscriber_employer_state`, `subscriber_employer_country`, `subscriber_employer_city`, `copay`, `date`, `pid`,`subscriber_sex`, `accept_assignment`) VALUES('152','secondary','8435','Backstreet Helpful Company','916757002','268965197','FERGUSON','G.','SHEILA','self','284762484','2002-10-13','1819 LakeBLVD','39224','Jackson','AZ','Openemria','(327) 619-9882','OEMR.org','','','AZ','Openemria','Jackson','','2011-10-10','52','Female','TRUE');
INSERT INTO `insurance_data` (`id`, `type`, `provider`, `plan_name`, `policy_number`,`group_number`, `subscriber_lname`, `subscriber_mname`, `subscriber_fname`, `subscriber_relationship`, `subscriber_ss`,`subscriber_DOB`, `subscriber_street`, `subscriber_postal_code`, `subscriber_city`, `subscriber_state`, `subscriber_country`,`subscriber_phone`, `subscriber_employer`, `subscriber_employer_street`, `subscriber_employer_postal_code`,`subscriber_employer_state`, `subscriber_employer_country`, `subscriber_employer_city`, `copay`, `date`, `pid`,`subscriber_sex`, `accept_assignment`) VALUES('153','tertiary','5612','Violet Group HMO','727488541','598808644','FERGUSON','G.','SHEILA','self','284762484','2002-10-13','1819 LakeBLVD','39224','Jackson','AZ','Openemria','(327) 619-9882','OEMR.org','','','AZ','Openemria','Jackson','','2011-10-10','52','Female','FALSE');
INSERT INTO `form_encounter` (`id`, `date`, `reason`, `facility`, `facility_id`, `pid`, `encounter`,
     `onset_date`, `sensitivity`, `billing_note`, `pc_catid`, `last_level_billed`, `last_level_closed`, `last_stmt_date`, `stmt_count`,
      `provider_id`, `supervisor_id`, `invoice_refno`, `referral_source`, `billing_facility`) VALUES
    ('297','2017-3-31 17:30:00', 'Test Encounter', 'Your Clinic Name Here', '3','52','297', '0000-00-00 00:00:00', 'normal', 'NULL','9', '0', '0','NULL', '0', '1', '0', '', '', '3');
INSERT INTO `forms` (`id`, `date`, `encounter`, `form_name`, `form_id`, `pid`, `user`, `groupname`, `authorized`, `deleted`, `formdir`) VALUES
    ('297','2017-3-31 17:30:00','297', 'Patient Encounter', '297', '52', 'admin', 'Default', '1', '0', 'patient_encounter');
INSERT INTO `libreehr_postcalendar_events` 
        (`pc_catid`,`pc_multiple`,`pc_aid`,`pc_pid`,`pc_title`,`pc_time`,`pc_hometext`,`pc_comments`,`pc_counter`,`pc_topic`,`pc_informant`,`pc_eventDate`,
        `pc_endDate`,`pc_duration`,`pc_recurrtype`,`pc_recurrspec`,`pc_recurrfreq`,`pc_startTime`,`pc_endTime`,`pc_alldayevent`,`pc_location`,`pc_eventstatus`,
        `pc_sharing`,`pc_apptstatus`,`pc_prefcatid`,`pc_facility`,`pc_billing_location`)VALUES
        ( 1,296,'1','52','Office Visit','2017-3-31 17:30:00','Clinical Appointment',0,0,1,'1',
        '2017-3-31 17:30:00','0000-00-00',900,0,
        'a:6:{s:17:"event_repeat_freq";s:1:"0";s:22:"event_repeat_freq_type";s:1:"0";s:19:"event_repeat_on_num";s:1:"1";s:19:"event_repeat_on_day";s:1:"0";s:20:"event_repeat_on_freq";s:1:"0";s:6:"exdate";s:0:"";}',
        0,'17:30:00','17:45:00',0,
        'a:6:{s:14:"event_location";s:0:"";s:13:"event_street1";s:0:"";s:13:"event_street2";s:0:"";s:10:"event_city";s:0:"";s:11:"event_state";s:0:"";s:12:"event_postal";s:0:"";}',
        1,1,'-',0,1,1);
INSERT INTO `form_encounter` (`id`, `date`, `reason`, `facility`, `facility_id`, `pid`, `encounter`,
     `onset_date`, `sensitivity`, `billing_note`, `pc_catid`, `last_level_billed`, `last_level_closed`, `last_stmt_date`, `stmt_count`,
      `provider_id`, `supervisor_id`, `invoice_refno`, `referral_source`, `billing_facility`) VALUES
    ('298','2017-4-30 15:30:00', 'Test Encounter', 'Your Clinic Name Here', '3','52','298', '0000-00-00 00:00:00', 'normal', 'NULL','4', '0', '0','NULL', '0', '1', '0', '', '', '3');
INSERT INTO `forms` (`id`, `date`, `encounter`, `form_name`, `form_id`, `pid`, `user`, `groupname`, `authorized`, `deleted`, `formdir`) VALUES
    ('298','2017-4-30 15:30:00','298', 'Patient Encounter', '298', '52', 'admin', 'Default', '1', '0', 'patient_encounter');
INSERT INTO `libreehr_postcalendar_events` 
        (`pc_catid`,`pc_multiple`,`pc_aid`,`pc_pid`,`pc_title`,`pc_time`,`pc_hometext`,`pc_comments`,`pc_counter`,`pc_topic`,`pc_informant`,`pc_eventDate`,
        `pc_endDate`,`pc_duration`,`pc_recurrtype`,`pc_recurrspec`,`pc_recurrfreq`,`pc_startTime`,`pc_endTime`,`pc_alldayevent`,`pc_location`,`pc_eventstatus`,
        `pc_sharing`,`pc_apptstatus`,`pc_prefcatid`,`pc_facility`,`pc_billing_location`)VALUES
        ( 1,297,'1','52','Office Visit','2017-4-30 15:30:00','Clinical Appointment',0,0,1,'1',
        '2017-4-30 15:30:00','0000-00-00',900,0,
        'a:6:{s:17:"event_repeat_freq";s:1:"0";s:22:"event_repeat_freq_type";s:1:"0";s:19:"event_repeat_on_num";s:1:"1";s:19:"event_repeat_on_day";s:1:"0";s:20:"event_repeat_on_freq";s:1:"0";s:6:"exdate";s:0:"";}',
        0,'15:30:00','15:45:00',0,
        'a:6:{s:14:"event_location";s:0:"";s:13:"event_street1";s:0:"";s:13:"event_street2";s:0:"";s:10:"event_city";s:0:"";s:11:"event_state";s:0:"";s:12:"event_postal";s:0:"";}',
        1,1,'-',0,1,1);
INSERT INTO `form_encounter` (`id`, `date`, `reason`, `facility`, `facility_id`, `pid`, `encounter`,
     `onset_date`, `sensitivity`, `billing_note`, `pc_catid`, `last_level_billed`, `last_level_closed`, `last_stmt_date`, `stmt_count`,
      `provider_id`, `supervisor_id`, `invoice_refno`, `referral_source`, `billing_facility`) VALUES
    ('299','2017-5-30 11:30:00', 'Test Encounter', 'Your Clinic Name Here', '3','52','299', '0000-00-00 00:00:00', 'normal', 'NULL','5', '0', '0','NULL', '0', '1', '0', '', '', '3');
INSERT INTO `forms` (`id`, `date`, `encounter`, `form_name`, `form_id`, `pid`, `user`, `groupname`, `authorized`, `deleted`, `formdir`) VALUES
    ('299','2017-5-30 11:30:00','299', 'Patient Encounter', '299', '52', 'admin', 'Default', '1', '0', 'patient_encounter');
INSERT INTO `libreehr_postcalendar_events` 
        (`pc_catid`,`pc_multiple`,`pc_aid`,`pc_pid`,`pc_title`,`pc_time`,`pc_hometext`,`pc_comments`,`pc_counter`,`pc_topic`,`pc_informant`,`pc_eventDate`,
        `pc_endDate`,`pc_duration`,`pc_recurrtype`,`pc_recurrspec`,`pc_recurrfreq`,`pc_startTime`,`pc_endTime`,`pc_alldayevent`,`pc_location`,`pc_eventstatus`,
        `pc_sharing`,`pc_apptstatus`,`pc_prefcatid`,`pc_facility`,`pc_billing_location`)VALUES
        ( 1,298,'1','52','Office Visit','2017-5-30 11:30:00','Clinical Appointment',0,0,1,'1',
        '2017-5-30 11:30:00','0000-00-00',900,0,
        'a:6:{s:17:"event_repeat_freq";s:1:"0";s:22:"event_repeat_freq_type";s:1:"0";s:19:"event_repeat_on_num";s:1:"1";s:19:"event_repeat_on_day";s:1:"0";s:20:"event_repeat_on_freq";s:1:"0";s:6:"exdate";s:0:"";}',
        0,'11:30:00','11:45:00',0,
        'a:6:{s:14:"event_location";s:0:"";s:13:"event_street1";s:0:"";s:13:"event_street2";s:0:"";s:10:"event_city";s:0:"";s:11:"event_state";s:0:"";s:12:"event_postal";s:0:"";}',
        1,1,'-',0,1,1);
INSERT INTO `form_encounter` (`id`, `date`, `reason`, `facility`, `facility_id`, `pid`, `encounter`,
     `onset_date`, `sensitivity`, `billing_note`, `pc_catid`, `last_level_billed`, `last_level_closed`, `last_stmt_date`, `stmt_count`,
      `provider_id`, `supervisor_id`, `invoice_refno`, `referral_source`, `billing_facility`) VALUES
    ('300','2017-6-29 12:30:00', 'Test Encounter', 'Your Clinic Name Here', '3','52','300', '0000-00-00 00:00:00', 'normal', 'NULL','8', '0', '0','NULL', '0', '1', '0', '', '', '3');
INSERT INTO `forms` (`id`, `date`, `encounter`, `form_name`, `form_id`, `pid`, `user`, `groupname`, `authorized`, `deleted`, `formdir`) VALUES
    ('300','2017-6-29 12:30:00','300', 'Patient Encounter', '300', '52', 'admin', 'Default', '1', '0', 'patient_encounter');
INSERT INTO `libreehr_postcalendar_events` 
        (`pc_catid`,`pc_multiple`,`pc_aid`,`pc_pid`,`pc_title`,`pc_time`,`pc_hometext`,`pc_comments`,`pc_counter`,`pc_topic`,`pc_informant`,`pc_eventDate`,
        `pc_endDate`,`pc_duration`,`pc_recurrtype`,`pc_recurrspec`,`pc_recurrfreq`,`pc_startTime`,`pc_endTime`,`pc_alldayevent`,`pc_location`,`pc_eventstatus`,
        `pc_sharing`,`pc_apptstatus`,`pc_prefcatid`,`pc_facility`,`pc_billing_location`)VALUES
        ( 1,299,'1','52','Office Visit','2017-6-29 12:30:00','Clinical Appointment',0,0,1,'1',
        '2017-6-29 12:30:00','0000-00-00',900,0,
        'a:6:{s:17:"event_repeat_freq";s:1:"0";s:22:"event_repeat_freq_type";s:1:"0";s:19:"event_repeat_on_num";s:1:"1";s:19:"event_repeat_on_day";s:1:"0";s:20:"event_repeat_on_freq";s:1:"0";s:6:"exdate";s:0:"";}',
        0,'12:30:00','12:45:00',0,
        'a:6:{s:14:"event_location";s:0:"";s:13:"event_street1";s:0:"";s:13:"event_street2";s:0:"";s:10:"event_city";s:0:"";s:11:"event_state";s:0:"";s:12:"event_postal";s:0:"";}',
        1,1,'-',0,1,1);
INSERT INTO `form_encounter` (`id`, `date`, `reason`, `facility`, `facility_id`, `pid`, `encounter`,
     `onset_date`, `sensitivity`, `billing_note`, `pc_catid`, `last_level_billed`, `last_level_closed`, `last_stmt_date`, `stmt_count`,
      `provider_id`, `supervisor_id`, `invoice_refno`, `referral_source`, `billing_facility`) VALUES
    ('301','2017-7-29 11:30:00', 'Test Encounter', 'Your Clinic Name Here', '3','52','301', '0000-00-00 00:00:00', 'normal', 'NULL','3', '0', '0','NULL', '0', '1', '0', '', '', '3');
INSERT INTO `forms` (`id`, `date`, `encounter`, `form_name`, `form_id`, `pid`, `user`, `groupname`, `authorized`, `deleted`, `formdir`) VALUES
    ('301','2017-7-29 11:30:00','301', 'Patient Encounter', '301', '52', 'admin', 'Default', '1', '0', 'patient_encounter');
INSERT INTO `libreehr_postcalendar_events` 
        (`pc_catid`,`pc_multiple`,`pc_aid`,`pc_pid`,`pc_title`,`pc_time`,`pc_hometext`,`pc_comments`,`pc_counter`,`pc_topic`,`pc_informant`,`pc_eventDate`,
        `pc_endDate`,`pc_duration`,`pc_recurrtype`,`pc_recurrspec`,`pc_recurrfreq`,`pc_startTime`,`pc_endTime`,`pc_alldayevent`,`pc_location`,`pc_eventstatus`,
        `pc_sharing`,`pc_apptstatus`,`pc_prefcatid`,`pc_facility`,`pc_billing_location`)VALUES
        ( 1,300,'1','52','Office Visit','2017-7-29 11:30:00','Clinical Appointment',0,0,1,'1',
        '2017-7-29 11:30:00','0000-00-00',900,0,
        'a:6:{s:17:"event_repeat_freq";s:1:"0";s:22:"event_repeat_freq_type";s:1:"0";s:19:"event_repeat_on_num";s:1:"1";s:19:"event_repeat_on_day";s:1:"0";s:20:"event_repeat_on_freq";s:1:"0";s:6:"exdate";s:0:"";}',
        0,'11:30:00','11:45:00',0,
        'a:6:{s:14:"event_location";s:0:"";s:13:"event_street1";s:0:"";s:13:"event_street2";s:0:"";s:10:"event_city";s:0:"";s:11:"event_state";s:0:"";s:12:"event_postal";s:0:"";}',
        1,1,'-',0,1,1);
INSERT INTO `form_encounter` (`id`, `date`, `reason`, `facility`, `facility_id`, `pid`, `encounter`,
     `onset_date`, `sensitivity`, `billing_note`, `pc_catid`, `last_level_billed`, `last_level_closed`, `last_stmt_date`, `stmt_count`,
      `provider_id`, `supervisor_id`, `invoice_refno`, `referral_source`, `billing_facility`) VALUES
    ('302','2017-8-28 10:15:00', 'Test Encounter', 'Your Clinic Name Here', '3','52','302', '0000-00-00 00:00:00', 'normal', 'NULL','8', '0', '0','NULL', '0', '1', '0', '', '', '3');
INSERT INTO `forms` (`id`, `date`, `encounter`, `form_name`, `form_id`, `pid`, `user`, `groupname`, `authorized`, `deleted`, `formdir`) VALUES
    ('302','2017-8-28 10:15:00','302', 'Patient Encounter', '302', '52', 'admin', 'Default', '1', '0', 'patient_encounter');
INSERT INTO `libreehr_postcalendar_events` 
        (`pc_catid`,`pc_multiple`,`pc_aid`,`pc_pid`,`pc_title`,`pc_time`,`pc_hometext`,`pc_comments`,`pc_counter`,`pc_topic`,`pc_informant`,`pc_eventDate`,
        `pc_endDate`,`pc_duration`,`pc_recurrtype`,`pc_recurrspec`,`pc_recurrfreq`,`pc_startTime`,`pc_endTime`,`pc_alldayevent`,`pc_location`,`pc_eventstatus`,
        `pc_sharing`,`pc_apptstatus`,`pc_prefcatid`,`pc_facility`,`pc_billing_location`)VALUES
        ( 1,301,'1','52','Office Visit','2017-8-28 10:15:00','Clinical Appointment',0,0,1,'1',
        '2017-8-28 10:15:00','0000-00-00',900,0,
        'a:6:{s:17:"event_repeat_freq";s:1:"0";s:22:"event_repeat_freq_type";s:1:"0";s:19:"event_repeat_on_num";s:1:"1";s:19:"event_repeat_on_day";s:1:"0";s:20:"event_repeat_on_freq";s:1:"0";s:6:"exdate";s:0:"";}',
        0,'10:15:00','10:30:00',0,
        'a:6:{s:14:"event_location";s:0:"";s:13:"event_street1";s:0:"";s:13:"event_street2";s:0:"";s:10:"event_city";s:0:"";s:11:"event_state";s:0:"";s:12:"event_postal";s:0:"";}',
        1,1,'-',0,1,1);
INSERT INTO `form_encounter` (`id`, `date`, `reason`, `facility`, `facility_id`, `pid`, `encounter`,
     `onset_date`, `sensitivity`, `billing_note`, `pc_catid`, `last_level_billed`, `last_level_closed`, `last_stmt_date`, `stmt_count`,
      `provider_id`, `supervisor_id`, `invoice_refno`, `referral_source`, `billing_facility`) VALUES
    ('303','2017-9-27 16:00:00', 'Test Encounter', 'Your Clinic Name Here', '3','52','303', '0000-00-00 00:00:00', 'normal', 'NULL','2', '0', '0','NULL', '0', '1', '0', '', '', '3');
INSERT INTO `forms` (`id`, `date`, `encounter`, `form_name`, `form_id`, `pid`, `user`, `groupname`, `authorized`, `deleted`, `formdir`) VALUES
    ('303','2017-9-27 16:00:00','303', 'Patient Encounter', '303', '52', 'admin', 'Default', '1', '0', 'patient_encounter');
INSERT INTO `libreehr_postcalendar_events` 
        (`pc_catid`,`pc_multiple`,`pc_aid`,`pc_pid`,`pc_title`,`pc_time`,`pc_hometext`,`pc_comments`,`pc_counter`,`pc_topic`,`pc_informant`,`pc_eventDate`,
        `pc_endDate`,`pc_duration`,`pc_recurrtype`,`pc_recurrspec`,`pc_recurrfreq`,`pc_startTime`,`pc_endTime`,`pc_alldayevent`,`pc_location`,`pc_eventstatus`,
        `pc_sharing`,`pc_apptstatus`,`pc_prefcatid`,`pc_facility`,`pc_billing_location`)VALUES
        ( 1,302,'1','52','Office Visit','2017-9-27 16:00:00','Clinical Appointment',0,0,1,'1',
        '2017-9-27 16:00:00','0000-00-00',900,0,
        'a:6:{s:17:"event_repeat_freq";s:1:"0";s:22:"event_repeat_freq_type";s:1:"0";s:19:"event_repeat_on_num";s:1:"1";s:19:"event_repeat_on_day";s:1:"0";s:20:"event_repeat_on_freq";s:1:"0";s:6:"exdate";s:0:"";}',
        0,'16:00:00','16:15:00',0,
        'a:6:{s:14:"event_location";s:0:"";s:13:"event_street1";s:0:"";s:13:"event_street2";s:0:"";s:10:"event_city";s:0:"";s:11:"event_state";s:0:"";s:12:"event_postal";s:0:"";}',
        1,1,'-',0,1,1);
INSERT INTO `patient_data` (`title`, `language`, `financial`, `fname`, `lname`, `mname`, `DOB`,`street`, `postal_code`, `city`, `state`,  `drivers_license`, `ss`,`occupation`, `phone_home`, `phone_biz`, `phone_contact`, `phone_cell`,`status`, `contact_relationship`, `date`, `sex`, `referrer`, `referrerID`,`providerID`, `email`, `ethnoracial`, `interpretter`, `migrantseasonal`,`family_size`, `monthly_income`, `homeless`, `financial_review`, `pubpid`,`pid`, `genericname1`, `genericval1`, `genericname2`, `genericval2`) VALUES
 ('Mr.','English','','TERRENCE','WOODS','L.','1997-8-4','445 WallBLVD','2774','Mount','IA','636647022','59836570',' ','(455) 558-6259','(455) 558-6259','(455) 558-6259','(455) 558-6259','single','Friend','2003-11-17 12:06:00','Male','THEODORE RILEY','1','1','TERRENCE@LibreEHR.org','Cubano',' ',' ','10','9947',' ','000-00-00 00:00:00','53','53',' ',' ',' ',' ');
INSERT INTO `insurance_data` (`id`, `type`, `provider`, `plan_name`, `policy_number`,`group_number`, `subscriber_lname`, `subscriber_mname`, `subscriber_fname`, `subscriber_relationship`, `subscriber_ss`,`subscriber_DOB`, `subscriber_street`, `subscriber_postal_code`, `subscriber_city`, `subscriber_state`, `subscriber_country`,`subscriber_phone`, `subscriber_employer`, `subscriber_employer_street`, `subscriber_employer_postal_code`,`subscriber_employer_state`, `subscriber_employer_country`, `subscriber_employer_city`, `copay`, `date`, `pid`,`subscriber_sex`, `accept_assignment`) VALUES('154','primary','5612','Violet Group HMO','653687790','350302353','WOODS','L.','TERRENCE','self','59836570','1997-8-4','445 WallBLVD','2774','Mount','IA','Openemria','(455) 558-6259','OEMR.org','','','IA','Openemria','Mount','','2011-10-10','53','Male','FALSE');
INSERT INTO `insurance_data` (`id`, `type`, `provider`, `plan_name`, `policy_number`,`group_number`, `subscriber_lname`, `subscriber_mname`, `subscriber_fname`, `subscriber_relationship`, `subscriber_ss`,`subscriber_DOB`, `subscriber_street`, `subscriber_postal_code`, `subscriber_city`, `subscriber_state`, `subscriber_country`,`subscriber_phone`, `subscriber_employer`, `subscriber_employer_street`, `subscriber_employer_postal_code`,`subscriber_employer_state`, `subscriber_employer_country`, `subscriber_employer_city`, `copay`, `date`, `pid`,`subscriber_sex`, `accept_assignment`) VALUES('155','secondary','3362','Incompetent Provider Company','633652470','907901397','WOODS','L.','TERRENCE','self','59836570','1997-8-4','445 WallBLVD','2774','Mount','IA','Openemria','(455) 558-6259','OEMR.org','','','IA','Openemria','Mount','','2011-10-10','53','Male','TRUE');
INSERT INTO `insurance_data` (`id`, `type`, `provider`, `plan_name`, `policy_number`,`group_number`, `subscriber_lname`, `subscriber_mname`, `subscriber_fname`, `subscriber_relationship`, `subscriber_ss`,`subscriber_DOB`, `subscriber_street`, `subscriber_postal_code`, `subscriber_city`, `subscriber_state`, `subscriber_country`,`subscriber_phone`, `subscriber_employer`, `subscriber_employer_street`, `subscriber_employer_postal_code`,`subscriber_employer_state`, `subscriber_employer_country`, `subscriber_employer_city`, `copay`, `date`, `pid`,`subscriber_sex`, `accept_assignment`) VALUES('156','tertiary','0','0','654060990','690151008','WOODS','L.','TERRENCE','self','59836570','1997-8-4','445 WallBLVD','2774','Mount','IA','Openemria','(455) 558-6259','OEMR.org','','','IA','Openemria','Mount','','2011-10-10','53','Male','TRUE');
INSERT INTO `form_encounter` (`id`, `date`, `reason`, `facility`, `facility_id`, `pid`, `encounter`,
     `onset_date`, `sensitivity`, `billing_note`, `pc_catid`, `last_level_billed`, `last_level_closed`, `last_stmt_date`, `stmt_count`,
      `provider_id`, `supervisor_id`, `invoice_refno`, `referral_source`, `billing_facility`) VALUES
    ('304','2016-12-31 10:00:00', 'Test Encounter', 'Your Clinic Name Here', '3','53','304', '0000-00-00 00:00:00', 'normal', 'NULL','4', '0', '0','NULL', '0', '1', '0', '', '', '3');
INSERT INTO `forms` (`id`, `date`, `encounter`, `form_name`, `form_id`, `pid`, `user`, `groupname`, `authorized`, `deleted`, `formdir`) VALUES
    ('304','2016-12-31 10:00:00','304', 'Patient Encounter', '304', '53', 'admin', 'Default', '1', '0', 'patient_encounter');
INSERT INTO `libreehr_postcalendar_events` 
        (`pc_catid`,`pc_multiple`,`pc_aid`,`pc_pid`,`pc_title`,`pc_time`,`pc_hometext`,`pc_comments`,`pc_counter`,`pc_topic`,`pc_informant`,`pc_eventDate`,
        `pc_endDate`,`pc_duration`,`pc_recurrtype`,`pc_recurrspec`,`pc_recurrfreq`,`pc_startTime`,`pc_endTime`,`pc_alldayevent`,`pc_location`,`pc_eventstatus`,
        `pc_sharing`,`pc_apptstatus`,`pc_prefcatid`,`pc_facility`,`pc_billing_location`)VALUES
        ( 1,303,'1','53','Office Visit','2016-12-31 10:00:00','Clinical Appointment',0,0,1,'1',
        '2016-12-31 10:00:00','0000-00-00',900,0,
        'a:6:{s:17:"event_repeat_freq";s:1:"0";s:22:"event_repeat_freq_type";s:1:"0";s:19:"event_repeat_on_num";s:1:"1";s:19:"event_repeat_on_day";s:1:"0";s:20:"event_repeat_on_freq";s:1:"0";s:6:"exdate";s:0:"";}',
        0,'10:00:00','10:15:00',0,
        'a:6:{s:14:"event_location";s:0:"";s:13:"event_street1";s:0:"";s:13:"event_street2";s:0:"";s:10:"event_city";s:0:"";s:11:"event_state";s:0:"";s:12:"event_postal";s:0:"";}',
        1,1,'-',0,1,1);
INSERT INTO `form_encounter` (`id`, `date`, `reason`, `facility`, `facility_id`, `pid`, `encounter`,
     `onset_date`, `sensitivity`, `billing_note`, `pc_catid`, `last_level_billed`, `last_level_closed`, `last_stmt_date`, `stmt_count`,
      `provider_id`, `supervisor_id`, `invoice_refno`, `referral_source`, `billing_facility`) VALUES
    ('305','2017-1-30 11:15:00', 'Test Encounter', 'Your Clinic Name Here', '3','53','305', '0000-00-00 00:00:00', 'normal', 'NULL','6', '0', '0','NULL', '0', '1', '0', '', '', '3');
INSERT INTO `forms` (`id`, `date`, `encounter`, `form_name`, `form_id`, `pid`, `user`, `groupname`, `authorized`, `deleted`, `formdir`) VALUES
    ('305','2017-1-30 11:15:00','305', 'Patient Encounter', '305', '53', 'admin', 'Default', '1', '0', 'patient_encounter');
INSERT INTO `libreehr_postcalendar_events` 
        (`pc_catid`,`pc_multiple`,`pc_aid`,`pc_pid`,`pc_title`,`pc_time`,`pc_hometext`,`pc_comments`,`pc_counter`,`pc_topic`,`pc_informant`,`pc_eventDate`,
        `pc_endDate`,`pc_duration`,`pc_recurrtype`,`pc_recurrspec`,`pc_recurrfreq`,`pc_startTime`,`pc_endTime`,`pc_alldayevent`,`pc_location`,`pc_eventstatus`,
        `pc_sharing`,`pc_apptstatus`,`pc_prefcatid`,`pc_facility`,`pc_billing_location`)VALUES
        ( 1,304,'1','53','Office Visit','2017-1-30 11:15:00','Clinical Appointment',0,0,1,'1',
        '2017-1-30 11:15:00','0000-00-00',900,0,
        'a:6:{s:17:"event_repeat_freq";s:1:"0";s:22:"event_repeat_freq_type";s:1:"0";s:19:"event_repeat_on_num";s:1:"1";s:19:"event_repeat_on_day";s:1:"0";s:20:"event_repeat_on_freq";s:1:"0";s:6:"exdate";s:0:"";}',
        0,'11:15:00','11:30:00',0,
        'a:6:{s:14:"event_location";s:0:"";s:13:"event_street1";s:0:"";s:13:"event_street2";s:0:"";s:10:"event_city";s:0:"";s:11:"event_state";s:0:"";s:12:"event_postal";s:0:"";}',
        1,1,'-',0,1,1);
INSERT INTO `form_encounter` (`id`, `date`, `reason`, `facility`, `facility_id`, `pid`, `encounter`,
     `onset_date`, `sensitivity`, `billing_note`, `pc_catid`, `last_level_billed`, `last_level_closed`, `last_stmt_date`, `stmt_count`,
      `provider_id`, `supervisor_id`, `invoice_refno`, `referral_source`, `billing_facility`) VALUES
    ('306','2017-3-1 10:00:00', 'Test Encounter', 'Your Clinic Name Here', '3','53','306', '0000-00-00 00:00:00', 'normal', 'NULL','9', '0', '0','NULL', '0', '1', '0', '', '', '3');
INSERT INTO `forms` (`id`, `date`, `encounter`, `form_name`, `form_id`, `pid`, `user`, `groupname`, `authorized`, `deleted`, `formdir`) VALUES
    ('306','2017-3-1 10:00:00','306', 'Patient Encounter', '306', '53', 'admin', 'Default', '1', '0', 'patient_encounter');
INSERT INTO `libreehr_postcalendar_events` 
        (`pc_catid`,`pc_multiple`,`pc_aid`,`pc_pid`,`pc_title`,`pc_time`,`pc_hometext`,`pc_comments`,`pc_counter`,`pc_topic`,`pc_informant`,`pc_eventDate`,
        `pc_endDate`,`pc_duration`,`pc_recurrtype`,`pc_recurrspec`,`pc_recurrfreq`,`pc_startTime`,`pc_endTime`,`pc_alldayevent`,`pc_location`,`pc_eventstatus`,
        `pc_sharing`,`pc_apptstatus`,`pc_prefcatid`,`pc_facility`,`pc_billing_location`)VALUES
        ( 1,305,'1','53','Office Visit','2017-3-1 10:00:00','Clinical Appointment',0,0,1,'1',
        '2017-3-1 10:00:00','0000-00-00',900,0,
        'a:6:{s:17:"event_repeat_freq";s:1:"0";s:22:"event_repeat_freq_type";s:1:"0";s:19:"event_repeat_on_num";s:1:"1";s:19:"event_repeat_on_day";s:1:"0";s:20:"event_repeat_on_freq";s:1:"0";s:6:"exdate";s:0:"";}',
        0,'10:00:00','10:15:00',0,
        'a:6:{s:14:"event_location";s:0:"";s:13:"event_street1";s:0:"";s:13:"event_street2";s:0:"";s:10:"event_city";s:0:"";s:11:"event_state";s:0:"";s:12:"event_postal";s:0:"";}',
        1,1,'-',0,1,1);
INSERT INTO `form_encounter` (`id`, `date`, `reason`, `facility`, `facility_id`, `pid`, `encounter`,
     `onset_date`, `sensitivity`, `billing_note`, `pc_catid`, `last_level_billed`, `last_level_closed`, `last_stmt_date`, `stmt_count`,
      `provider_id`, `supervisor_id`, `invoice_refno`, `referral_source`, `billing_facility`) VALUES
    ('307','2017-3-31 12:30:00', 'Test Encounter', 'Your Clinic Name Here', '3','53','307', '0000-00-00 00:00:00', 'normal', 'NULL','5', '0', '0','NULL', '0', '1', '0', '', '', '3');
INSERT INTO `forms` (`id`, `date`, `encounter`, `form_name`, `form_id`, `pid`, `user`, `groupname`, `authorized`, `deleted`, `formdir`) VALUES
    ('307','2017-3-31 12:30:00','307', 'Patient Encounter', '307', '53', 'admin', 'Default', '1', '0', 'patient_encounter');
INSERT INTO `libreehr_postcalendar_events` 
        (`pc_catid`,`pc_multiple`,`pc_aid`,`pc_pid`,`pc_title`,`pc_time`,`pc_hometext`,`pc_comments`,`pc_counter`,`pc_topic`,`pc_informant`,`pc_eventDate`,
        `pc_endDate`,`pc_duration`,`pc_recurrtype`,`pc_recurrspec`,`pc_recurrfreq`,`pc_startTime`,`pc_endTime`,`pc_alldayevent`,`pc_location`,`pc_eventstatus`,
        `pc_sharing`,`pc_apptstatus`,`pc_prefcatid`,`pc_facility`,`pc_billing_location`)VALUES
        ( 1,306,'1','53','Office Visit','2017-3-31 12:30:00','Clinical Appointment',0,0,1,'1',
        '2017-3-31 12:30:00','0000-00-00',900,0,
        'a:6:{s:17:"event_repeat_freq";s:1:"0";s:22:"event_repeat_freq_type";s:1:"0";s:19:"event_repeat_on_num";s:1:"1";s:19:"event_repeat_on_day";s:1:"0";s:20:"event_repeat_on_freq";s:1:"0";s:6:"exdate";s:0:"";}',
        0,'12:30:00','12:45:00',0,
        'a:6:{s:14:"event_location";s:0:"";s:13:"event_street1";s:0:"";s:13:"event_street2";s:0:"";s:10:"event_city";s:0:"";s:11:"event_state";s:0:"";s:12:"event_postal";s:0:"";}',
        1,1,'-',0,1,1);
INSERT INTO `form_encounter` (`id`, `date`, `reason`, `facility`, `facility_id`, `pid`, `encounter`,
     `onset_date`, `sensitivity`, `billing_note`, `pc_catid`, `last_level_billed`, `last_level_closed`, `last_stmt_date`, `stmt_count`,
      `provider_id`, `supervisor_id`, `invoice_refno`, `referral_source`, `billing_facility`) VALUES
    ('308','2017-4-30 13:30:00', 'Test Encounter', 'Your Clinic Name Here', '3','53','308', '0000-00-00 00:00:00', 'normal', 'NULL','6', '0', '0','NULL', '0', '1', '0', '', '', '3');
INSERT INTO `forms` (`id`, `date`, `encounter`, `form_name`, `form_id`, `pid`, `user`, `groupname`, `authorized`, `deleted`, `formdir`) VALUES
    ('308','2017-4-30 13:30:00','308', 'Patient Encounter', '308', '53', 'admin', 'Default', '1', '0', 'patient_encounter');
INSERT INTO `libreehr_postcalendar_events` 
        (`pc_catid`,`pc_multiple`,`pc_aid`,`pc_pid`,`pc_title`,`pc_time`,`pc_hometext`,`pc_comments`,`pc_counter`,`pc_topic`,`pc_informant`,`pc_eventDate`,
        `pc_endDate`,`pc_duration`,`pc_recurrtype`,`pc_recurrspec`,`pc_recurrfreq`,`pc_startTime`,`pc_endTime`,`pc_alldayevent`,`pc_location`,`pc_eventstatus`,
        `pc_sharing`,`pc_apptstatus`,`pc_prefcatid`,`pc_facility`,`pc_billing_location`)VALUES
        ( 1,307,'1','53','Office Visit','2017-4-30 13:30:00','Clinical Appointment',0,0,1,'1',
        '2017-4-30 13:30:00','0000-00-00',900,0,
        'a:6:{s:17:"event_repeat_freq";s:1:"0";s:22:"event_repeat_freq_type";s:1:"0";s:19:"event_repeat_on_num";s:1:"1";s:19:"event_repeat_on_day";s:1:"0";s:20:"event_repeat_on_freq";s:1:"0";s:6:"exdate";s:0:"";}',
        0,'13:30:00','13:45:00',0,
        'a:6:{s:14:"event_location";s:0:"";s:13:"event_street1";s:0:"";s:13:"event_street2";s:0:"";s:10:"event_city";s:0:"";s:11:"event_state";s:0:"";s:12:"event_postal";s:0:"";}',
        1,1,'-',0,1,1);
INSERT INTO `form_encounter` (`id`, `date`, `reason`, `facility`, `facility_id`, `pid`, `encounter`,
     `onset_date`, `sensitivity`, `billing_note`, `pc_catid`, `last_level_billed`, `last_level_closed`, `last_stmt_date`, `stmt_count`,
      `provider_id`, `supervisor_id`, `invoice_refno`, `referral_source`, `billing_facility`) VALUES
    ('309','2017-5-30 17:15:00', 'Test Encounter', 'Your Clinic Name Here', '3','53','309', '0000-00-00 00:00:00', 'normal', 'NULL','3', '0', '0','NULL', '0', '1', '0', '', '', '3');
INSERT INTO `forms` (`id`, `date`, `encounter`, `form_name`, `form_id`, `pid`, `user`, `groupname`, `authorized`, `deleted`, `formdir`) VALUES
    ('309','2017-5-30 17:15:00','309', 'Patient Encounter', '309', '53', 'admin', 'Default', '1', '0', 'patient_encounter');
INSERT INTO `libreehr_postcalendar_events` 
        (`pc_catid`,`pc_multiple`,`pc_aid`,`pc_pid`,`pc_title`,`pc_time`,`pc_hometext`,`pc_comments`,`pc_counter`,`pc_topic`,`pc_informant`,`pc_eventDate`,
        `pc_endDate`,`pc_duration`,`pc_recurrtype`,`pc_recurrspec`,`pc_recurrfreq`,`pc_startTime`,`pc_endTime`,`pc_alldayevent`,`pc_location`,`pc_eventstatus`,
        `pc_sharing`,`pc_apptstatus`,`pc_prefcatid`,`pc_facility`,`pc_billing_location`)VALUES
        ( 1,308,'1','53','Office Visit','2017-5-30 17:15:00','Clinical Appointment',0,0,1,'1',
        '2017-5-30 17:15:00','0000-00-00',900,0,
        'a:6:{s:17:"event_repeat_freq";s:1:"0";s:22:"event_repeat_freq_type";s:1:"0";s:19:"event_repeat_on_num";s:1:"1";s:19:"event_repeat_on_day";s:1:"0";s:20:"event_repeat_on_freq";s:1:"0";s:6:"exdate";s:0:"";}',
        0,'17:15:00','17:30:00',0,
        'a:6:{s:14:"event_location";s:0:"";s:13:"event_street1";s:0:"";s:13:"event_street2";s:0:"";s:10:"event_city";s:0:"";s:11:"event_state";s:0:"";s:12:"event_postal";s:0:"";}',
        1,1,'-',0,1,1);
INSERT INTO `form_encounter` (`id`, `date`, `reason`, `facility`, `facility_id`, `pid`, `encounter`,
     `onset_date`, `sensitivity`, `billing_note`, `pc_catid`, `last_level_billed`, `last_level_closed`, `last_stmt_date`, `stmt_count`,
      `provider_id`, `supervisor_id`, `invoice_refno`, `referral_source`, `billing_facility`) VALUES
    ('310','2017-6-29 16:30:00', 'Test Encounter', 'Your Clinic Name Here', '3','53','310', '0000-00-00 00:00:00', 'normal', 'NULL','8', '0', '0','NULL', '0', '1', '0', '', '', '3');
INSERT INTO `forms` (`id`, `date`, `encounter`, `form_name`, `form_id`, `pid`, `user`, `groupname`, `authorized`, `deleted`, `formdir`) VALUES
    ('310','2017-6-29 16:30:00','310', 'Patient Encounter', '310', '53', 'admin', 'Default', '1', '0', 'patient_encounter');
INSERT INTO `libreehr_postcalendar_events` 
        (`pc_catid`,`pc_multiple`,`pc_aid`,`pc_pid`,`pc_title`,`pc_time`,`pc_hometext`,`pc_comments`,`pc_counter`,`pc_topic`,`pc_informant`,`pc_eventDate`,
        `pc_endDate`,`pc_duration`,`pc_recurrtype`,`pc_recurrspec`,`pc_recurrfreq`,`pc_startTime`,`pc_endTime`,`pc_alldayevent`,`pc_location`,`pc_eventstatus`,
        `pc_sharing`,`pc_apptstatus`,`pc_prefcatid`,`pc_facility`,`pc_billing_location`)VALUES
        ( 1,309,'1','53','Office Visit','2017-6-29 16:30:00','Clinical Appointment',0,0,1,'1',
        '2017-6-29 16:30:00','0000-00-00',900,0,
        'a:6:{s:17:"event_repeat_freq";s:1:"0";s:22:"event_repeat_freq_type";s:1:"0";s:19:"event_repeat_on_num";s:1:"1";s:19:"event_repeat_on_day";s:1:"0";s:20:"event_repeat_on_freq";s:1:"0";s:6:"exdate";s:0:"";}',
        0,'16:30:00','16:45:00',0,
        'a:6:{s:14:"event_location";s:0:"";s:13:"event_street1";s:0:"";s:13:"event_street2";s:0:"";s:10:"event_city";s:0:"";s:11:"event_state";s:0:"";s:12:"event_postal";s:0:"";}',
        1,1,'-',0,1,1);
INSERT INTO `form_encounter` (`id`, `date`, `reason`, `facility`, `facility_id`, `pid`, `encounter`,
     `onset_date`, `sensitivity`, `billing_note`, `pc_catid`, `last_level_billed`, `last_level_closed`, `last_stmt_date`, `stmt_count`,
      `provider_id`, `supervisor_id`, `invoice_refno`, `referral_source`, `billing_facility`) VALUES
    ('311','2017-7-29 16:15:00', 'Test Encounter', 'Your Clinic Name Here', '3','53','311', '0000-00-00 00:00:00', 'normal', 'NULL','2', '0', '0','NULL', '0', '1', '0', '', '', '3');
INSERT INTO `forms` (`id`, `date`, `encounter`, `form_name`, `form_id`, `pid`, `user`, `groupname`, `authorized`, `deleted`, `formdir`) VALUES
    ('311','2017-7-29 16:15:00','311', 'Patient Encounter', '311', '53', 'admin', 'Default', '1', '0', 'patient_encounter');
INSERT INTO `libreehr_postcalendar_events` 
        (`pc_catid`,`pc_multiple`,`pc_aid`,`pc_pid`,`pc_title`,`pc_time`,`pc_hometext`,`pc_comments`,`pc_counter`,`pc_topic`,`pc_informant`,`pc_eventDate`,
        `pc_endDate`,`pc_duration`,`pc_recurrtype`,`pc_recurrspec`,`pc_recurrfreq`,`pc_startTime`,`pc_endTime`,`pc_alldayevent`,`pc_location`,`pc_eventstatus`,
        `pc_sharing`,`pc_apptstatus`,`pc_prefcatid`,`pc_facility`,`pc_billing_location`)VALUES
        ( 1,310,'1','53','Office Visit','2017-7-29 16:15:00','Clinical Appointment',0,0,1,'1',
        '2017-7-29 16:15:00','0000-00-00',900,0,
        'a:6:{s:17:"event_repeat_freq";s:1:"0";s:22:"event_repeat_freq_type";s:1:"0";s:19:"event_repeat_on_num";s:1:"1";s:19:"event_repeat_on_day";s:1:"0";s:20:"event_repeat_on_freq";s:1:"0";s:6:"exdate";s:0:"";}',
        0,'16:15:00','16:30:00',0,
        'a:6:{s:14:"event_location";s:0:"";s:13:"event_street1";s:0:"";s:13:"event_street2";s:0:"";s:10:"event_city";s:0:"";s:11:"event_state";s:0:"";s:12:"event_postal";s:0:"";}',
        1,1,'-',0,1,1);
INSERT INTO `form_encounter` (`id`, `date`, `reason`, `facility`, `facility_id`, `pid`, `encounter`,
     `onset_date`, `sensitivity`, `billing_note`, `pc_catid`, `last_level_billed`, `last_level_closed`, `last_stmt_date`, `stmt_count`,
      `provider_id`, `supervisor_id`, `invoice_refno`, `referral_source`, `billing_facility`) VALUES
    ('312','2017-8-28 17:00:00', 'Test Encounter', 'Your Clinic Name Here', '3','53','312', '0000-00-00 00:00:00', 'normal', 'NULL','1', '0', '0','NULL', '0', '1', '0', '', '', '3');
INSERT INTO `forms` (`id`, `date`, `encounter`, `form_name`, `form_id`, `pid`, `user`, `groupname`, `authorized`, `deleted`, `formdir`) VALUES
    ('312','2017-8-28 17:00:00','312', 'Patient Encounter', '312', '53', 'admin', 'Default', '1', '0', 'patient_encounter');
INSERT INTO `libreehr_postcalendar_events` 
        (`pc_catid`,`pc_multiple`,`pc_aid`,`pc_pid`,`pc_title`,`pc_time`,`pc_hometext`,`pc_comments`,`pc_counter`,`pc_topic`,`pc_informant`,`pc_eventDate`,
        `pc_endDate`,`pc_duration`,`pc_recurrtype`,`pc_recurrspec`,`pc_recurrfreq`,`pc_startTime`,`pc_endTime`,`pc_alldayevent`,`pc_location`,`pc_eventstatus`,
        `pc_sharing`,`pc_apptstatus`,`pc_prefcatid`,`pc_facility`,`pc_billing_location`)VALUES
        ( 1,311,'1','53','Office Visit','2017-8-28 17:00:00','Clinical Appointment',0,0,1,'1',
        '2017-8-28 17:00:00','0000-00-00',900,0,
        'a:6:{s:17:"event_repeat_freq";s:1:"0";s:22:"event_repeat_freq_type";s:1:"0";s:19:"event_repeat_on_num";s:1:"1";s:19:"event_repeat_on_day";s:1:"0";s:20:"event_repeat_on_freq";s:1:"0";s:6:"exdate";s:0:"";}',
        0,'17:00:00','17:15:00',0,
        'a:6:{s:14:"event_location";s:0:"";s:13:"event_street1";s:0:"";s:13:"event_street2";s:0:"";s:10:"event_city";s:0:"";s:11:"event_state";s:0:"";s:12:"event_postal";s:0:"";}',
        1,1,'-',0,1,1);
INSERT INTO `form_encounter` (`id`, `date`, `reason`, `facility`, `facility_id`, `pid`, `encounter`,
     `onset_date`, `sensitivity`, `billing_note`, `pc_catid`, `last_level_billed`, `last_level_closed`, `last_stmt_date`, `stmt_count`,
      `provider_id`, `supervisor_id`, `invoice_refno`, `referral_source`, `billing_facility`) VALUES
    ('313','2017-9-27 10:15:00', 'Test Encounter', 'Your Clinic Name Here', '3','53','313', '0000-00-00 00:00:00', 'normal', 'NULL','1', '0', '0','NULL', '0', '1', '0', '', '', '3');
INSERT INTO `forms` (`id`, `date`, `encounter`, `form_name`, `form_id`, `pid`, `user`, `groupname`, `authorized`, `deleted`, `formdir`) VALUES
    ('313','2017-9-27 10:15:00','313', 'Patient Encounter', '313', '53', 'admin', 'Default', '1', '0', 'patient_encounter');
INSERT INTO `libreehr_postcalendar_events` 
        (`pc_catid`,`pc_multiple`,`pc_aid`,`pc_pid`,`pc_title`,`pc_time`,`pc_hometext`,`pc_comments`,`pc_counter`,`pc_topic`,`pc_informant`,`pc_eventDate`,
        `pc_endDate`,`pc_duration`,`pc_recurrtype`,`pc_recurrspec`,`pc_recurrfreq`,`pc_startTime`,`pc_endTime`,`pc_alldayevent`,`pc_location`,`pc_eventstatus`,
        `pc_sharing`,`pc_apptstatus`,`pc_prefcatid`,`pc_facility`,`pc_billing_location`)VALUES
        ( 1,312,'1','53','Office Visit','2017-9-27 10:15:00','Clinical Appointment',0,0,1,'1',
        '2017-9-27 10:15:00','0000-00-00',900,0,
        'a:6:{s:17:"event_repeat_freq";s:1:"0";s:22:"event_repeat_freq_type";s:1:"0";s:19:"event_repeat_on_num";s:1:"1";s:19:"event_repeat_on_day";s:1:"0";s:20:"event_repeat_on_freq";s:1:"0";s:6:"exdate";s:0:"";}',
        0,'10:15:00','10:30:00',0,
        'a:6:{s:14:"event_location";s:0:"";s:13:"event_street1";s:0:"";s:13:"event_street2";s:0:"";s:10:"event_city";s:0:"";s:11:"event_state";s:0:"";s:12:"event_postal";s:0:"";}',
        1,1,'-',0,1,1);
INSERT INTO `patient_data` (`title`, `language`, `financial`, `fname`, `lname`, `mname`, `DOB`,`street`, `postal_code`, `city`, `state`,  `drivers_license`, `ss`,`occupation`, `phone_home`, `phone_biz`, `phone_contact`, `phone_cell`,`status`, `contact_relationship`, `date`, `sex`, `referrer`, `referrerID`,`providerID`, `email`, `ethnoracial`, `interpretter`, `migrantseasonal`,`family_size`, `monthly_income`, `homeless`, `financial_review`, `pubpid`,`pid`, `genericname1`, `genericval1`, `genericname2`, `genericval2`) VALUES
 ('Mrs.','English','','ANNE','RICHARDS','I.','1998-9-15','8456 LakeSt.','41728','Milford','WI','161252053','602252165',' ','(180) 89-7115','(180) 89-7115','(180) 89-7115','(180) 89-7115','single','Friend','2003-11-17 12:06:00','Female','MELVIN WARD','1','1','ANNE@LibreEHR.org','Americano',' ',' ','0','931',' ','000-00-00 00:00:00','54','54',' ',' ',' ',' ');
INSERT INTO `insurance_data` (`id`, `type`, `provider`, `plan_name`, `policy_number`,`group_number`, `subscriber_lname`, `subscriber_mname`, `subscriber_fname`, `subscriber_relationship`, `subscriber_ss`,`subscriber_DOB`, `subscriber_street`, `subscriber_postal_code`, `subscriber_city`, `subscriber_state`, `subscriber_country`,`subscriber_phone`, `subscriber_employer`, `subscriber_employer_street`, `subscriber_employer_postal_code`,`subscriber_employer_state`, `subscriber_employer_country`, `subscriber_employer_city`, `copay`, `date`, `pid`,`subscriber_sex`, `accept_assignment`) VALUES('157','primary','6843','Pink Provider Very LTD.','946130104','987913466','RICHARDS','I.','ANNE','self','602252165','1998-9-15','8456 LakeSt.','41728','Milford','WI','Openemria','(180) 89-7115','OEMR.org','','','WI','Openemria','Milford','','2011-10-10','54','Female','FALSE');
INSERT INTO `insurance_data` (`id`, `type`, `provider`, `plan_name`, `policy_number`,`group_number`, `subscriber_lname`, `subscriber_mname`, `subscriber_fname`, `subscriber_relationship`, `subscriber_ss`,`subscriber_DOB`, `subscriber_street`, `subscriber_postal_code`, `subscriber_city`, `subscriber_state`, `subscriber_country`,`subscriber_phone`, `subscriber_employer`, `subscriber_employer_street`, `subscriber_employer_postal_code`,`subscriber_employer_state`, `subscriber_employer_country`, `subscriber_employer_city`, `copay`, `date`, `pid`,`subscriber_sex`, `accept_assignment`) VALUES('158','secondary','8435','Backstreet Helpful Company','738682762','831872540','RICHARDS','I.','ANNE','self','602252165','1998-9-15','8456 LakeSt.','41728','Milford','WI','Openemria','(180) 89-7115','OEMR.org','','','WI','Openemria','Milford','','2011-10-10','54','Female','FALSE');
INSERT INTO `insurance_data` (`id`, `type`, `provider`, `plan_name`, `policy_number`,`group_number`, `subscriber_lname`, `subscriber_mname`, `subscriber_fname`, `subscriber_relationship`, `subscriber_ss`,`subscriber_DOB`, `subscriber_street`, `subscriber_postal_code`, `subscriber_city`, `subscriber_state`, `subscriber_country`,`subscriber_phone`, `subscriber_employer`, `subscriber_employer_street`, `subscriber_employer_postal_code`,`subscriber_employer_state`, `subscriber_employer_country`, `subscriber_employer_city`, `copay`, `date`, `pid`,`subscriber_sex`, `accept_assignment`) VALUES('159','tertiary','5612','Violet Group HMO','791247626','213163956','RICHARDS','I.','ANNE','self','602252165','1998-9-15','8456 LakeSt.','41728','Milford','WI','Openemria','(180) 89-7115','OEMR.org','','','WI','Openemria','Milford','','2011-10-10','54','Female','FALSE');
INSERT INTO `form_encounter` (`id`, `date`, `reason`, `facility`, `facility_id`, `pid`, `encounter`,
     `onset_date`, `sensitivity`, `billing_note`, `pc_catid`, `last_level_billed`, `last_level_closed`, `last_stmt_date`, `stmt_count`,
      `provider_id`, `supervisor_id`, `invoice_refno`, `referral_source`, `billing_facility`) VALUES
    ('314','2017-3-1 14:00:00', 'Test Encounter', 'Your Clinic Name Here', '3','54','314', '0000-00-00 00:00:00', 'normal', 'NULL','4', '0', '0','NULL', '0', '1', '0', '', '', '3');
INSERT INTO `forms` (`id`, `date`, `encounter`, `form_name`, `form_id`, `pid`, `user`, `groupname`, `authorized`, `deleted`, `formdir`) VALUES
    ('314','2017-3-1 14:00:00','314', 'Patient Encounter', '314', '54', 'admin', 'Default', '1', '0', 'patient_encounter');
INSERT INTO `libreehr_postcalendar_events` 
        (`pc_catid`,`pc_multiple`,`pc_aid`,`pc_pid`,`pc_title`,`pc_time`,`pc_hometext`,`pc_comments`,`pc_counter`,`pc_topic`,`pc_informant`,`pc_eventDate`,
        `pc_endDate`,`pc_duration`,`pc_recurrtype`,`pc_recurrspec`,`pc_recurrfreq`,`pc_startTime`,`pc_endTime`,`pc_alldayevent`,`pc_location`,`pc_eventstatus`,
        `pc_sharing`,`pc_apptstatus`,`pc_prefcatid`,`pc_facility`,`pc_billing_location`)VALUES
        ( 1,313,'1','54','Office Visit','2017-3-1 14:00:00','Clinical Appointment',0,0,1,'1',
        '2017-3-1 14:00:00','0000-00-00',900,0,
        'a:6:{s:17:"event_repeat_freq";s:1:"0";s:22:"event_repeat_freq_type";s:1:"0";s:19:"event_repeat_on_num";s:1:"1";s:19:"event_repeat_on_day";s:1:"0";s:20:"event_repeat_on_freq";s:1:"0";s:6:"exdate";s:0:"";}',
        0,'14:00:00','14:15:00',0,
        'a:6:{s:14:"event_location";s:0:"";s:13:"event_street1";s:0:"";s:13:"event_street2";s:0:"";s:10:"event_city";s:0:"";s:11:"event_state";s:0:"";s:12:"event_postal";s:0:"";}',
        1,1,'-',0,1,1);
INSERT INTO `form_encounter` (`id`, `date`, `reason`, `facility`, `facility_id`, `pid`, `encounter`,
     `onset_date`, `sensitivity`, `billing_note`, `pc_catid`, `last_level_billed`, `last_level_closed`, `last_stmt_date`, `stmt_count`,
      `provider_id`, `supervisor_id`, `invoice_refno`, `referral_source`, `billing_facility`) VALUES
    ('315','2017-3-31 10:15:00', 'Test Encounter', 'Your Clinic Name Here', '3','54','315', '0000-00-00 00:00:00', 'normal', 'NULL','10', '0', '0','NULL', '0', '1', '0', '', '', '3');
INSERT INTO `forms` (`id`, `date`, `encounter`, `form_name`, `form_id`, `pid`, `user`, `groupname`, `authorized`, `deleted`, `formdir`) VALUES
    ('315','2017-3-31 10:15:00','315', 'Patient Encounter', '315', '54', 'admin', 'Default', '1', '0', 'patient_encounter');
INSERT INTO `libreehr_postcalendar_events` 
        (`pc_catid`,`pc_multiple`,`pc_aid`,`pc_pid`,`pc_title`,`pc_time`,`pc_hometext`,`pc_comments`,`pc_counter`,`pc_topic`,`pc_informant`,`pc_eventDate`,
        `pc_endDate`,`pc_duration`,`pc_recurrtype`,`pc_recurrspec`,`pc_recurrfreq`,`pc_startTime`,`pc_endTime`,`pc_alldayevent`,`pc_location`,`pc_eventstatus`,
        `pc_sharing`,`pc_apptstatus`,`pc_prefcatid`,`pc_facility`,`pc_billing_location`)VALUES
        ( 1,314,'1','54','Office Visit','2017-3-31 10:15:00','Clinical Appointment',0,0,1,'1',
        '2017-3-31 10:15:00','0000-00-00',900,0,
        'a:6:{s:17:"event_repeat_freq";s:1:"0";s:22:"event_repeat_freq_type";s:1:"0";s:19:"event_repeat_on_num";s:1:"1";s:19:"event_repeat_on_day";s:1:"0";s:20:"event_repeat_on_freq";s:1:"0";s:6:"exdate";s:0:"";}',
        0,'10:15:00','10:30:00',0,
        'a:6:{s:14:"event_location";s:0:"";s:13:"event_street1";s:0:"";s:13:"event_street2";s:0:"";s:10:"event_city";s:0:"";s:11:"event_state";s:0:"";s:12:"event_postal";s:0:"";}',
        1,1,'-',0,1,1);
INSERT INTO `form_encounter` (`id`, `date`, `reason`, `facility`, `facility_id`, `pid`, `encounter`,
     `onset_date`, `sensitivity`, `billing_note`, `pc_catid`, `last_level_billed`, `last_level_closed`, `last_stmt_date`, `stmt_count`,
      `provider_id`, `supervisor_id`, `invoice_refno`, `referral_source`, `billing_facility`) VALUES
    ('316','2017-4-30 16:30:00', 'Test Encounter', 'Your Clinic Name Here', '3','54','316', '0000-00-00 00:00:00', 'normal', 'NULL','5', '0', '0','NULL', '0', '1', '0', '', '', '3');
INSERT INTO `forms` (`id`, `date`, `encounter`, `form_name`, `form_id`, `pid`, `user`, `groupname`, `authorized`, `deleted`, `formdir`) VALUES
    ('316','2017-4-30 16:30:00','316', 'Patient Encounter', '316', '54', 'admin', 'Default', '1', '0', 'patient_encounter');
INSERT INTO `libreehr_postcalendar_events` 
        (`pc_catid`,`pc_multiple`,`pc_aid`,`pc_pid`,`pc_title`,`pc_time`,`pc_hometext`,`pc_comments`,`pc_counter`,`pc_topic`,`pc_informant`,`pc_eventDate`,
        `pc_endDate`,`pc_duration`,`pc_recurrtype`,`pc_recurrspec`,`pc_recurrfreq`,`pc_startTime`,`pc_endTime`,`pc_alldayevent`,`pc_location`,`pc_eventstatus`,
        `pc_sharing`,`pc_apptstatus`,`pc_prefcatid`,`pc_facility`,`pc_billing_location`)VALUES
        ( 1,315,'1','54','Office Visit','2017-4-30 16:30:00','Clinical Appointment',0,0,1,'1',
        '2017-4-30 16:30:00','0000-00-00',900,0,
        'a:6:{s:17:"event_repeat_freq";s:1:"0";s:22:"event_repeat_freq_type";s:1:"0";s:19:"event_repeat_on_num";s:1:"1";s:19:"event_repeat_on_day";s:1:"0";s:20:"event_repeat_on_freq";s:1:"0";s:6:"exdate";s:0:"";}',
        0,'16:30:00','16:45:00',0,
        'a:6:{s:14:"event_location";s:0:"";s:13:"event_street1";s:0:"";s:13:"event_street2";s:0:"";s:10:"event_city";s:0:"";s:11:"event_state";s:0:"";s:12:"event_postal";s:0:"";}',
        1,1,'-',0,1,1);
INSERT INTO `form_encounter` (`id`, `date`, `reason`, `facility`, `facility_id`, `pid`, `encounter`,
     `onset_date`, `sensitivity`, `billing_note`, `pc_catid`, `last_level_billed`, `last_level_closed`, `last_stmt_date`, `stmt_count`,
      `provider_id`, `supervisor_id`, `invoice_refno`, `referral_source`, `billing_facility`) VALUES
    ('317','2017-5-30 10:15:00', 'Test Encounter', 'Your Clinic Name Here', '3','54','317', '0000-00-00 00:00:00', 'normal', 'NULL','2', '0', '0','NULL', '0', '1', '0', '', '', '3');
INSERT INTO `forms` (`id`, `date`, `encounter`, `form_name`, `form_id`, `pid`, `user`, `groupname`, `authorized`, `deleted`, `formdir`) VALUES
    ('317','2017-5-30 10:15:00','317', 'Patient Encounter', '317', '54', 'admin', 'Default', '1', '0', 'patient_encounter');
INSERT INTO `libreehr_postcalendar_events` 
        (`pc_catid`,`pc_multiple`,`pc_aid`,`pc_pid`,`pc_title`,`pc_time`,`pc_hometext`,`pc_comments`,`pc_counter`,`pc_topic`,`pc_informant`,`pc_eventDate`,
        `pc_endDate`,`pc_duration`,`pc_recurrtype`,`pc_recurrspec`,`pc_recurrfreq`,`pc_startTime`,`pc_endTime`,`pc_alldayevent`,`pc_location`,`pc_eventstatus`,
        `pc_sharing`,`pc_apptstatus`,`pc_prefcatid`,`pc_facility`,`pc_billing_location`)VALUES
        ( 1,316,'1','54','Office Visit','2017-5-30 10:15:00','Clinical Appointment',0,0,1,'1',
        '2017-5-30 10:15:00','0000-00-00',900,0,
        'a:6:{s:17:"event_repeat_freq";s:1:"0";s:22:"event_repeat_freq_type";s:1:"0";s:19:"event_repeat_on_num";s:1:"1";s:19:"event_repeat_on_day";s:1:"0";s:20:"event_repeat_on_freq";s:1:"0";s:6:"exdate";s:0:"";}',
        0,'10:15:00','10:30:00',0,
        'a:6:{s:14:"event_location";s:0:"";s:13:"event_street1";s:0:"";s:13:"event_street2";s:0:"";s:10:"event_city";s:0:"";s:11:"event_state";s:0:"";s:12:"event_postal";s:0:"";}',
        1,1,'-',0,1,1);
INSERT INTO `form_encounter` (`id`, `date`, `reason`, `facility`, `facility_id`, `pid`, `encounter`,
     `onset_date`, `sensitivity`, `billing_note`, `pc_catid`, `last_level_billed`, `last_level_closed`, `last_stmt_date`, `stmt_count`,
      `provider_id`, `supervisor_id`, `invoice_refno`, `referral_source`, `billing_facility`) VALUES
    ('318','2017-6-29 16:30:00', 'Test Encounter', 'Your Clinic Name Here', '3','54','318', '0000-00-00 00:00:00', 'normal', 'NULL','3', '0', '0','NULL', '0', '1', '0', '', '', '3');
INSERT INTO `forms` (`id`, `date`, `encounter`, `form_name`, `form_id`, `pid`, `user`, `groupname`, `authorized`, `deleted`, `formdir`) VALUES
    ('318','2017-6-29 16:30:00','318', 'Patient Encounter', '318', '54', 'admin', 'Default', '1', '0', 'patient_encounter');
INSERT INTO `libreehr_postcalendar_events` 
        (`pc_catid`,`pc_multiple`,`pc_aid`,`pc_pid`,`pc_title`,`pc_time`,`pc_hometext`,`pc_comments`,`pc_counter`,`pc_topic`,`pc_informant`,`pc_eventDate`,
        `pc_endDate`,`pc_duration`,`pc_recurrtype`,`pc_recurrspec`,`pc_recurrfreq`,`pc_startTime`,`pc_endTime`,`pc_alldayevent`,`pc_location`,`pc_eventstatus`,
        `pc_sharing`,`pc_apptstatus`,`pc_prefcatid`,`pc_facility`,`pc_billing_location`)VALUES
        ( 1,317,'1','54','Office Visit','2017-6-29 16:30:00','Clinical Appointment',0,0,1,'1',
        '2017-6-29 16:30:00','0000-00-00',900,0,
        'a:6:{s:17:"event_repeat_freq";s:1:"0";s:22:"event_repeat_freq_type";s:1:"0";s:19:"event_repeat_on_num";s:1:"1";s:19:"event_repeat_on_day";s:1:"0";s:20:"event_repeat_on_freq";s:1:"0";s:6:"exdate";s:0:"";}',
        0,'16:30:00','16:45:00',0,
        'a:6:{s:14:"event_location";s:0:"";s:13:"event_street1";s:0:"";s:13:"event_street2";s:0:"";s:10:"event_city";s:0:"";s:11:"event_state";s:0:"";s:12:"event_postal";s:0:"";}',
        1,1,'-',0,1,1);
INSERT INTO `form_encounter` (`id`, `date`, `reason`, `facility`, `facility_id`, `pid`, `encounter`,
     `onset_date`, `sensitivity`, `billing_note`, `pc_catid`, `last_level_billed`, `last_level_closed`, `last_stmt_date`, `stmt_count`,
      `provider_id`, `supervisor_id`, `invoice_refno`, `referral_source`, `billing_facility`) VALUES
    ('319','2017-7-29 10:15:00', 'Test Encounter', 'Your Clinic Name Here', '3','54','319', '0000-00-00 00:00:00', 'normal', 'NULL','2', '0', '0','NULL', '0', '1', '0', '', '', '3');
INSERT INTO `forms` (`id`, `date`, `encounter`, `form_name`, `form_id`, `pid`, `user`, `groupname`, `authorized`, `deleted`, `formdir`) VALUES
    ('319','2017-7-29 10:15:00','319', 'Patient Encounter', '319', '54', 'admin', 'Default', '1', '0', 'patient_encounter');
INSERT INTO `libreehr_postcalendar_events` 
        (`pc_catid`,`pc_multiple`,`pc_aid`,`pc_pid`,`pc_title`,`pc_time`,`pc_hometext`,`pc_comments`,`pc_counter`,`pc_topic`,`pc_informant`,`pc_eventDate`,
        `pc_endDate`,`pc_duration`,`pc_recurrtype`,`pc_recurrspec`,`pc_recurrfreq`,`pc_startTime`,`pc_endTime`,`pc_alldayevent`,`pc_location`,`pc_eventstatus`,
        `pc_sharing`,`pc_apptstatus`,`pc_prefcatid`,`pc_facility`,`pc_billing_location`)VALUES
        ( 1,318,'1','54','Office Visit','2017-7-29 10:15:00','Clinical Appointment',0,0,1,'1',
        '2017-7-29 10:15:00','0000-00-00',900,0,
        'a:6:{s:17:"event_repeat_freq";s:1:"0";s:22:"event_repeat_freq_type";s:1:"0";s:19:"event_repeat_on_num";s:1:"1";s:19:"event_repeat_on_day";s:1:"0";s:20:"event_repeat_on_freq";s:1:"0";s:6:"exdate";s:0:"";}',
        0,'10:15:00','10:30:00',0,
        'a:6:{s:14:"event_location";s:0:"";s:13:"event_street1";s:0:"";s:13:"event_street2";s:0:"";s:10:"event_city";s:0:"";s:11:"event_state";s:0:"";s:12:"event_postal";s:0:"";}',
        1,1,'-',0,1,1);
INSERT INTO `form_encounter` (`id`, `date`, `reason`, `facility`, `facility_id`, `pid`, `encounter`,
     `onset_date`, `sensitivity`, `billing_note`, `pc_catid`, `last_level_billed`, `last_level_closed`, `last_stmt_date`, `stmt_count`,
      `provider_id`, `supervisor_id`, `invoice_refno`, `referral_source`, `billing_facility`) VALUES
    ('320','2017-8-28 16:00:00', 'Test Encounter', 'Your Clinic Name Here', '3','54','320', '0000-00-00 00:00:00', 'normal', 'NULL','3', '0', '0','NULL', '0', '1', '0', '', '', '3');
INSERT INTO `forms` (`id`, `date`, `encounter`, `form_name`, `form_id`, `pid`, `user`, `groupname`, `authorized`, `deleted`, `formdir`) VALUES
    ('320','2017-8-28 16:00:00','320', 'Patient Encounter', '320', '54', 'admin', 'Default', '1', '0', 'patient_encounter');
INSERT INTO `libreehr_postcalendar_events` 
        (`pc_catid`,`pc_multiple`,`pc_aid`,`pc_pid`,`pc_title`,`pc_time`,`pc_hometext`,`pc_comments`,`pc_counter`,`pc_topic`,`pc_informant`,`pc_eventDate`,
        `pc_endDate`,`pc_duration`,`pc_recurrtype`,`pc_recurrspec`,`pc_recurrfreq`,`pc_startTime`,`pc_endTime`,`pc_alldayevent`,`pc_location`,`pc_eventstatus`,
        `pc_sharing`,`pc_apptstatus`,`pc_prefcatid`,`pc_facility`,`pc_billing_location`)VALUES
        ( 1,319,'1','54','Office Visit','2017-8-28 16:00:00','Clinical Appointment',0,0,1,'1',
        '2017-8-28 16:00:00','0000-00-00',900,0,
        'a:6:{s:17:"event_repeat_freq";s:1:"0";s:22:"event_repeat_freq_type";s:1:"0";s:19:"event_repeat_on_num";s:1:"1";s:19:"event_repeat_on_day";s:1:"0";s:20:"event_repeat_on_freq";s:1:"0";s:6:"exdate";s:0:"";}',
        0,'16:00:00','16:15:00',0,
        'a:6:{s:14:"event_location";s:0:"";s:13:"event_street1";s:0:"";s:13:"event_street2";s:0:"";s:10:"event_city";s:0:"";s:11:"event_state";s:0:"";s:12:"event_postal";s:0:"";}',
        1,1,'-',0,1,1);
INSERT INTO `form_encounter` (`id`, `date`, `reason`, `facility`, `facility_id`, `pid`, `encounter`,
     `onset_date`, `sensitivity`, `billing_note`, `pc_catid`, `last_level_billed`, `last_level_closed`, `last_stmt_date`, `stmt_count`,
      `provider_id`, `supervisor_id`, `invoice_refno`, `referral_source`, `billing_facility`) VALUES
    ('321','2017-9-27 11:30:00', 'Test Encounter', 'Your Clinic Name Here', '3','54','321', '0000-00-00 00:00:00', 'normal', 'NULL','1', '0', '0','NULL', '0', '1', '0', '', '', '3');
INSERT INTO `forms` (`id`, `date`, `encounter`, `form_name`, `form_id`, `pid`, `user`, `groupname`, `authorized`, `deleted`, `formdir`) VALUES
    ('321','2017-9-27 11:30:00','321', 'Patient Encounter', '321', '54', 'admin', 'Default', '1', '0', 'patient_encounter');
INSERT INTO `libreehr_postcalendar_events` 
        (`pc_catid`,`pc_multiple`,`pc_aid`,`pc_pid`,`pc_title`,`pc_time`,`pc_hometext`,`pc_comments`,`pc_counter`,`pc_topic`,`pc_informant`,`pc_eventDate`,
        `pc_endDate`,`pc_duration`,`pc_recurrtype`,`pc_recurrspec`,`pc_recurrfreq`,`pc_startTime`,`pc_endTime`,`pc_alldayevent`,`pc_location`,`pc_eventstatus`,
        `pc_sharing`,`pc_apptstatus`,`pc_prefcatid`,`pc_facility`,`pc_billing_location`)VALUES
        ( 1,320,'1','54','Office Visit','2017-9-27 11:30:00','Clinical Appointment',0,0,1,'1',
        '2017-9-27 11:30:00','0000-00-00',900,0,
        'a:6:{s:17:"event_repeat_freq";s:1:"0";s:22:"event_repeat_freq_type";s:1:"0";s:19:"event_repeat_on_num";s:1:"1";s:19:"event_repeat_on_day";s:1:"0";s:20:"event_repeat_on_freq";s:1:"0";s:6:"exdate";s:0:"";}',
        0,'11:30:00','11:45:00',0,
        'a:6:{s:14:"event_location";s:0:"";s:13:"event_street1";s:0:"";s:13:"event_street2";s:0:"";s:10:"event_city";s:0:"";s:11:"event_state";s:0:"";s:12:"event_postal";s:0:"";}',
        1,1,'-',0,1,1);
INSERT INTO `patient_data` (`title`, `language`, `financial`, `fname`, `lname`, `mname`, `DOB`,`street`, `postal_code`, `city`, `state`,  `drivers_license`, `ss`,`occupation`, `phone_home`, `phone_biz`, `phone_contact`, `phone_cell`,`status`, `contact_relationship`, `date`, `sex`, `referrer`, `referrerID`,`providerID`, `email`, `ethnoracial`, `interpretter`, `migrantseasonal`,`family_size`, `monthly_income`, `homeless`, `financial_review`, `pubpid`,`pid`, `genericname1`, `genericval1`, `genericname2`, `genericval2`) VALUES
 ('Mrs.','Spanish','','COLLEEN','THOMAS','C.','1932-7-26','7672 HappyWay','58722','Cleveland','ME','387582904','111726675',' ','(544) 872-1287','(544) 872-1287','(544) 872-1287','(544) 872-1287','single','Friend','2003-11-17 12:06:00','Female','JESUS REYES','1','1','COLLEEN@LibreEHR.org','Vietnamese',' ',' ','9','8185',' ','000-00-00 00:00:00','55','55',' ',' ',' ',' ');
INSERT INTO `insurance_data` (`id`, `type`, `provider`, `plan_name`, `policy_number`,`group_number`, `subscriber_lname`, `subscriber_mname`, `subscriber_fname`, `subscriber_relationship`, `subscriber_ss`,`subscriber_DOB`, `subscriber_street`, `subscriber_postal_code`, `subscriber_city`, `subscriber_state`, `subscriber_country`,`subscriber_phone`, `subscriber_employer`, `subscriber_employer_street`, `subscriber_employer_postal_code`,`subscriber_employer_state`, `subscriber_employer_country`, `subscriber_employer_city`, `copay`, `date`, `pid`,`subscriber_sex`, `accept_assignment`) VALUES('160','primary','6887','Impersonal Insurance HMO','825019344','952359841','THOMAS','C.','COLLEEN','self','111726675','1932-7-26','7672 HappyWay','58722','Cleveland','ME','Openemria','(544) 872-1287','OEMR.org','','','ME','Openemria','Cleveland','','2011-10-10','55','Female','FALSE');
INSERT INTO `insurance_data` (`id`, `type`, `provider`, `plan_name`, `policy_number`,`group_number`, `subscriber_lname`, `subscriber_mname`, `subscriber_fname`, `subscriber_relationship`, `subscriber_ss`,`subscriber_DOB`, `subscriber_street`, `subscriber_postal_code`, `subscriber_city`, `subscriber_state`, `subscriber_country`,`subscriber_phone`, `subscriber_employer`, `subscriber_employer_street`, `subscriber_employer_postal_code`,`subscriber_employer_state`, `subscriber_employer_country`, `subscriber_employer_city`, `copay`, `date`, `pid`,`subscriber_sex`, `accept_assignment`) VALUES('161','secondary','6186','Green Mutual LTD','286862454','507851052','THOMAS','C.','COLLEEN','self','111726675','1932-7-26','7672 HappyWay','58722','Cleveland','ME','Openemria','(544) 872-1287','OEMR.org','','','ME','Openemria','Cleveland','','2011-10-10','55','Female','TRUE');
INSERT INTO `insurance_data` (`id`, `type`, `provider`, `plan_name`, `policy_number`,`group_number`, `subscriber_lname`, `subscriber_mname`, `subscriber_fname`, `subscriber_relationship`, `subscriber_ss`,`subscriber_DOB`, `subscriber_street`, `subscriber_postal_code`, `subscriber_city`, `subscriber_state`, `subscriber_country`,`subscriber_phone`, `subscriber_employer`, `subscriber_employer_street`, `subscriber_employer_postal_code`,`subscriber_employer_state`, `subscriber_employer_country`, `subscriber_employer_city`, `copay`, `date`, `pid`,`subscriber_sex`, `accept_assignment`) VALUES('162','tertiary','7519','Litigeous Heartless LTD','71177842','630145682','THOMAS','C.','COLLEEN','self','111726675','1932-7-26','7672 HappyWay','58722','Cleveland','ME','Openemria','(544) 872-1287','OEMR.org','','','ME','Openemria','Cleveland','','2011-10-10','55','Female','FALSE');
INSERT INTO `form_encounter` (`id`, `date`, `reason`, `facility`, `facility_id`, `pid`, `encounter`,
     `onset_date`, `sensitivity`, `billing_note`, `pc_catid`, `last_level_billed`, `last_level_closed`, `last_stmt_date`, `stmt_count`,
      `provider_id`, `supervisor_id`, `invoice_refno`, `referral_source`, `billing_facility`) VALUES
    ('322','2017-1-30 12:00:00', 'Test Encounter', 'Your Clinic Name Here', '3','55','322', '0000-00-00 00:00:00', 'normal', 'NULL','8', '0', '0','NULL', '0', '1', '0', '', '', '3');
INSERT INTO `forms` (`id`, `date`, `encounter`, `form_name`, `form_id`, `pid`, `user`, `groupname`, `authorized`, `deleted`, `formdir`) VALUES
    ('322','2017-1-30 12:00:00','322', 'Patient Encounter', '322', '55', 'admin', 'Default', '1', '0', 'patient_encounter');
INSERT INTO `libreehr_postcalendar_events` 
        (`pc_catid`,`pc_multiple`,`pc_aid`,`pc_pid`,`pc_title`,`pc_time`,`pc_hometext`,`pc_comments`,`pc_counter`,`pc_topic`,`pc_informant`,`pc_eventDate`,
        `pc_endDate`,`pc_duration`,`pc_recurrtype`,`pc_recurrspec`,`pc_recurrfreq`,`pc_startTime`,`pc_endTime`,`pc_alldayevent`,`pc_location`,`pc_eventstatus`,
        `pc_sharing`,`pc_apptstatus`,`pc_prefcatid`,`pc_facility`,`pc_billing_location`)VALUES
        ( 1,321,'1','55','Office Visit','2017-1-30 12:00:00','Clinical Appointment',0,0,1,'1',
        '2017-1-30 12:00:00','0000-00-00',900,0,
        'a:6:{s:17:"event_repeat_freq";s:1:"0";s:22:"event_repeat_freq_type";s:1:"0";s:19:"event_repeat_on_num";s:1:"1";s:19:"event_repeat_on_day";s:1:"0";s:20:"event_repeat_on_freq";s:1:"0";s:6:"exdate";s:0:"";}',
        0,'12:00:00','12:15:00',0,
        'a:6:{s:14:"event_location";s:0:"";s:13:"event_street1";s:0:"";s:13:"event_street2";s:0:"";s:10:"event_city";s:0:"";s:11:"event_state";s:0:"";s:12:"event_postal";s:0:"";}',
        1,1,'-',0,1,1);
INSERT INTO `form_encounter` (`id`, `date`, `reason`, `facility`, `facility_id`, `pid`, `encounter`,
     `onset_date`, `sensitivity`, `billing_note`, `pc_catid`, `last_level_billed`, `last_level_closed`, `last_stmt_date`, `stmt_count`,
      `provider_id`, `supervisor_id`, `invoice_refno`, `referral_source`, `billing_facility`) VALUES
    ('323','2017-3-1 14:00:00', 'Test Encounter', 'Your Clinic Name Here', '3','55','323', '0000-00-00 00:00:00', 'normal', 'NULL','6', '0', '0','NULL', '0', '1', '0', '', '', '3');
INSERT INTO `forms` (`id`, `date`, `encounter`, `form_name`, `form_id`, `pid`, `user`, `groupname`, `authorized`, `deleted`, `formdir`) VALUES
    ('323','2017-3-1 14:00:00','323', 'Patient Encounter', '323', '55', 'admin', 'Default', '1', '0', 'patient_encounter');
INSERT INTO `libreehr_postcalendar_events` 
        (`pc_catid`,`pc_multiple`,`pc_aid`,`pc_pid`,`pc_title`,`pc_time`,`pc_hometext`,`pc_comments`,`pc_counter`,`pc_topic`,`pc_informant`,`pc_eventDate`,
        `pc_endDate`,`pc_duration`,`pc_recurrtype`,`pc_recurrspec`,`pc_recurrfreq`,`pc_startTime`,`pc_endTime`,`pc_alldayevent`,`pc_location`,`pc_eventstatus`,
        `pc_sharing`,`pc_apptstatus`,`pc_prefcatid`,`pc_facility`,`pc_billing_location`)VALUES
        ( 1,322,'1','55','Office Visit','2017-3-1 14:00:00','Clinical Appointment',0,0,1,'1',
        '2017-3-1 14:00:00','0000-00-00',900,0,
        'a:6:{s:17:"event_repeat_freq";s:1:"0";s:22:"event_repeat_freq_type";s:1:"0";s:19:"event_repeat_on_num";s:1:"1";s:19:"event_repeat_on_day";s:1:"0";s:20:"event_repeat_on_freq";s:1:"0";s:6:"exdate";s:0:"";}',
        0,'14:00:00','14:15:00',0,
        'a:6:{s:14:"event_location";s:0:"";s:13:"event_street1";s:0:"";s:13:"event_street2";s:0:"";s:10:"event_city";s:0:"";s:11:"event_state";s:0:"";s:12:"event_postal";s:0:"";}',
        1,1,'-',0,1,1);
INSERT INTO `form_encounter` (`id`, `date`, `reason`, `facility`, `facility_id`, `pid`, `encounter`,
     `onset_date`, `sensitivity`, `billing_note`, `pc_catid`, `last_level_billed`, `last_level_closed`, `last_stmt_date`, `stmt_count`,
      `provider_id`, `supervisor_id`, `invoice_refno`, `referral_source`, `billing_facility`) VALUES
    ('324','2017-3-31 15:00:00', 'Test Encounter', 'Your Clinic Name Here', '3','55','324', '0000-00-00 00:00:00', 'normal', 'NULL','9', '0', '0','NULL', '0', '1', '0', '', '', '3');
INSERT INTO `forms` (`id`, `date`, `encounter`, `form_name`, `form_id`, `pid`, `user`, `groupname`, `authorized`, `deleted`, `formdir`) VALUES
    ('324','2017-3-31 15:00:00','324', 'Patient Encounter', '324', '55', 'admin', 'Default', '1', '0', 'patient_encounter');
INSERT INTO `libreehr_postcalendar_events` 
        (`pc_catid`,`pc_multiple`,`pc_aid`,`pc_pid`,`pc_title`,`pc_time`,`pc_hometext`,`pc_comments`,`pc_counter`,`pc_topic`,`pc_informant`,`pc_eventDate`,
        `pc_endDate`,`pc_duration`,`pc_recurrtype`,`pc_recurrspec`,`pc_recurrfreq`,`pc_startTime`,`pc_endTime`,`pc_alldayevent`,`pc_location`,`pc_eventstatus`,
        `pc_sharing`,`pc_apptstatus`,`pc_prefcatid`,`pc_facility`,`pc_billing_location`)VALUES
        ( 1,323,'1','55','Office Visit','2017-3-31 15:00:00','Clinical Appointment',0,0,1,'1',
        '2017-3-31 15:00:00','0000-00-00',900,0,
        'a:6:{s:17:"event_repeat_freq";s:1:"0";s:22:"event_repeat_freq_type";s:1:"0";s:19:"event_repeat_on_num";s:1:"1";s:19:"event_repeat_on_day";s:1:"0";s:20:"event_repeat_on_freq";s:1:"0";s:6:"exdate";s:0:"";}',
        0,'15:00:00','15:15:00',0,
        'a:6:{s:14:"event_location";s:0:"";s:13:"event_street1";s:0:"";s:13:"event_street2";s:0:"";s:10:"event_city";s:0:"";s:11:"event_state";s:0:"";s:12:"event_postal";s:0:"";}',
        1,1,'-',0,1,1);
INSERT INTO `form_encounter` (`id`, `date`, `reason`, `facility`, `facility_id`, `pid`, `encounter`,
     `onset_date`, `sensitivity`, `billing_note`, `pc_catid`, `last_level_billed`, `last_level_closed`, `last_stmt_date`, `stmt_count`,
      `provider_id`, `supervisor_id`, `invoice_refno`, `referral_source`, `billing_facility`) VALUES
    ('325','2017-4-30 16:30:00', 'Test Encounter', 'Your Clinic Name Here', '3','55','325', '0000-00-00 00:00:00', 'normal', 'NULL','4', '0', '0','NULL', '0', '1', '0', '', '', '3');
INSERT INTO `forms` (`id`, `date`, `encounter`, `form_name`, `form_id`, `pid`, `user`, `groupname`, `authorized`, `deleted`, `formdir`) VALUES
    ('325','2017-4-30 16:30:00','325', 'Patient Encounter', '325', '55', 'admin', 'Default', '1', '0', 'patient_encounter');
INSERT INTO `libreehr_postcalendar_events` 
        (`pc_catid`,`pc_multiple`,`pc_aid`,`pc_pid`,`pc_title`,`pc_time`,`pc_hometext`,`pc_comments`,`pc_counter`,`pc_topic`,`pc_informant`,`pc_eventDate`,
        `pc_endDate`,`pc_duration`,`pc_recurrtype`,`pc_recurrspec`,`pc_recurrfreq`,`pc_startTime`,`pc_endTime`,`pc_alldayevent`,`pc_location`,`pc_eventstatus`,
        `pc_sharing`,`pc_apptstatus`,`pc_prefcatid`,`pc_facility`,`pc_billing_location`)VALUES
        ( 1,324,'1','55','Office Visit','2017-4-30 16:30:00','Clinical Appointment',0,0,1,'1',
        '2017-4-30 16:30:00','0000-00-00',900,0,
        'a:6:{s:17:"event_repeat_freq";s:1:"0";s:22:"event_repeat_freq_type";s:1:"0";s:19:"event_repeat_on_num";s:1:"1";s:19:"event_repeat_on_day";s:1:"0";s:20:"event_repeat_on_freq";s:1:"0";s:6:"exdate";s:0:"";}',
        0,'16:30:00','16:45:00',0,
        'a:6:{s:14:"event_location";s:0:"";s:13:"event_street1";s:0:"";s:13:"event_street2";s:0:"";s:10:"event_city";s:0:"";s:11:"event_state";s:0:"";s:12:"event_postal";s:0:"";}',
        1,1,'-',0,1,1);
INSERT INTO `form_encounter` (`id`, `date`, `reason`, `facility`, `facility_id`, `pid`, `encounter`,
     `onset_date`, `sensitivity`, `billing_note`, `pc_catid`, `last_level_billed`, `last_level_closed`, `last_stmt_date`, `stmt_count`,
      `provider_id`, `supervisor_id`, `invoice_refno`, `referral_source`, `billing_facility`) VALUES
    ('326','2017-5-30 10:00:00', 'Test Encounter', 'Your Clinic Name Here', '3','55','326', '0000-00-00 00:00:00', 'normal', 'NULL','7', '0', '0','NULL', '0', '1', '0', '', '', '3');
INSERT INTO `forms` (`id`, `date`, `encounter`, `form_name`, `form_id`, `pid`, `user`, `groupname`, `authorized`, `deleted`, `formdir`) VALUES
    ('326','2017-5-30 10:00:00','326', 'Patient Encounter', '326', '55', 'admin', 'Default', '1', '0', 'patient_encounter');
INSERT INTO `libreehr_postcalendar_events` 
        (`pc_catid`,`pc_multiple`,`pc_aid`,`pc_pid`,`pc_title`,`pc_time`,`pc_hometext`,`pc_comments`,`pc_counter`,`pc_topic`,`pc_informant`,`pc_eventDate`,
        `pc_endDate`,`pc_duration`,`pc_recurrtype`,`pc_recurrspec`,`pc_recurrfreq`,`pc_startTime`,`pc_endTime`,`pc_alldayevent`,`pc_location`,`pc_eventstatus`,
        `pc_sharing`,`pc_apptstatus`,`pc_prefcatid`,`pc_facility`,`pc_billing_location`)VALUES
        ( 1,325,'1','55','Office Visit','2017-5-30 10:00:00','Clinical Appointment',0,0,1,'1',
        '2017-5-30 10:00:00','0000-00-00',900,0,
        'a:6:{s:17:"event_repeat_freq";s:1:"0";s:22:"event_repeat_freq_type";s:1:"0";s:19:"event_repeat_on_num";s:1:"1";s:19:"event_repeat_on_day";s:1:"0";s:20:"event_repeat_on_freq";s:1:"0";s:6:"exdate";s:0:"";}',
        0,'10:00:00','10:15:00',0,
        'a:6:{s:14:"event_location";s:0:"";s:13:"event_street1";s:0:"";s:13:"event_street2";s:0:"";s:10:"event_city";s:0:"";s:11:"event_state";s:0:"";s:12:"event_postal";s:0:"";}',
        1,1,'-',0,1,1);
INSERT INTO `form_encounter` (`id`, `date`, `reason`, `facility`, `facility_id`, `pid`, `encounter`,
     `onset_date`, `sensitivity`, `billing_note`, `pc_catid`, `last_level_billed`, `last_level_closed`, `last_stmt_date`, `stmt_count`,
      `provider_id`, `supervisor_id`, `invoice_refno`, `referral_source`, `billing_facility`) VALUES
    ('327','2017-6-29 10:15:00', 'Test Encounter', 'Your Clinic Name Here', '3','55','327', '0000-00-00 00:00:00', 'normal', 'NULL','8', '0', '0','NULL', '0', '1', '0', '', '', '3');
INSERT INTO `forms` (`id`, `date`, `encounter`, `form_name`, `form_id`, `pid`, `user`, `groupname`, `authorized`, `deleted`, `formdir`) VALUES
    ('327','2017-6-29 10:15:00','327', 'Patient Encounter', '327', '55', 'admin', 'Default', '1', '0', 'patient_encounter');
INSERT INTO `libreehr_postcalendar_events` 
        (`pc_catid`,`pc_multiple`,`pc_aid`,`pc_pid`,`pc_title`,`pc_time`,`pc_hometext`,`pc_comments`,`pc_counter`,`pc_topic`,`pc_informant`,`pc_eventDate`,
        `pc_endDate`,`pc_duration`,`pc_recurrtype`,`pc_recurrspec`,`pc_recurrfreq`,`pc_startTime`,`pc_endTime`,`pc_alldayevent`,`pc_location`,`pc_eventstatus`,
        `pc_sharing`,`pc_apptstatus`,`pc_prefcatid`,`pc_facility`,`pc_billing_location`)VALUES
        ( 1,326,'1','55','Office Visit','2017-6-29 10:15:00','Clinical Appointment',0,0,1,'1',
        '2017-6-29 10:15:00','0000-00-00',900,0,
        'a:6:{s:17:"event_repeat_freq";s:1:"0";s:22:"event_repeat_freq_type";s:1:"0";s:19:"event_repeat_on_num";s:1:"1";s:19:"event_repeat_on_day";s:1:"0";s:20:"event_repeat_on_freq";s:1:"0";s:6:"exdate";s:0:"";}',
        0,'10:15:00','10:30:00',0,
        'a:6:{s:14:"event_location";s:0:"";s:13:"event_street1";s:0:"";s:13:"event_street2";s:0:"";s:10:"event_city";s:0:"";s:11:"event_state";s:0:"";s:12:"event_postal";s:0:"";}',
        1,1,'-',0,1,1);
INSERT INTO `form_encounter` (`id`, `date`, `reason`, `facility`, `facility_id`, `pid`, `encounter`,
     `onset_date`, `sensitivity`, `billing_note`, `pc_catid`, `last_level_billed`, `last_level_closed`, `last_stmt_date`, `stmt_count`,
      `provider_id`, `supervisor_id`, `invoice_refno`, `referral_source`, `billing_facility`) VALUES
    ('328','2017-7-29 16:15:00', 'Test Encounter', 'Your Clinic Name Here', '3','55','328', '0000-00-00 00:00:00', 'normal', 'NULL','1', '0', '0','NULL', '0', '1', '0', '', '', '3');
INSERT INTO `forms` (`id`, `date`, `encounter`, `form_name`, `form_id`, `pid`, `user`, `groupname`, `authorized`, `deleted`, `formdir`) VALUES
    ('328','2017-7-29 16:15:00','328', 'Patient Encounter', '328', '55', 'admin', 'Default', '1', '0', 'patient_encounter');
INSERT INTO `libreehr_postcalendar_events` 
        (`pc_catid`,`pc_multiple`,`pc_aid`,`pc_pid`,`pc_title`,`pc_time`,`pc_hometext`,`pc_comments`,`pc_counter`,`pc_topic`,`pc_informant`,`pc_eventDate`,
        `pc_endDate`,`pc_duration`,`pc_recurrtype`,`pc_recurrspec`,`pc_recurrfreq`,`pc_startTime`,`pc_endTime`,`pc_alldayevent`,`pc_location`,`pc_eventstatus`,
        `pc_sharing`,`pc_apptstatus`,`pc_prefcatid`,`pc_facility`,`pc_billing_location`)VALUES
        ( 1,327,'1','55','Office Visit','2017-7-29 16:15:00','Clinical Appointment',0,0,1,'1',
        '2017-7-29 16:15:00','0000-00-00',900,0,
        'a:6:{s:17:"event_repeat_freq";s:1:"0";s:22:"event_repeat_freq_type";s:1:"0";s:19:"event_repeat_on_num";s:1:"1";s:19:"event_repeat_on_day";s:1:"0";s:20:"event_repeat_on_freq";s:1:"0";s:6:"exdate";s:0:"";}',
        0,'16:15:00','16:30:00',0,
        'a:6:{s:14:"event_location";s:0:"";s:13:"event_street1";s:0:"";s:13:"event_street2";s:0:"";s:10:"event_city";s:0:"";s:11:"event_state";s:0:"";s:12:"event_postal";s:0:"";}',
        1,1,'-',0,1,1);
INSERT INTO `form_encounter` (`id`, `date`, `reason`, `facility`, `facility_id`, `pid`, `encounter`,
     `onset_date`, `sensitivity`, `billing_note`, `pc_catid`, `last_level_billed`, `last_level_closed`, `last_stmt_date`, `stmt_count`,
      `provider_id`, `supervisor_id`, `invoice_refno`, `referral_source`, `billing_facility`) VALUES
    ('329','2017-8-28 11:00:00', 'Test Encounter', 'Your Clinic Name Here', '3','55','329', '0000-00-00 00:00:00', 'normal', 'NULL','7', '0', '0','NULL', '0', '1', '0', '', '', '3');
INSERT INTO `forms` (`id`, `date`, `encounter`, `form_name`, `form_id`, `pid`, `user`, `groupname`, `authorized`, `deleted`, `formdir`) VALUES
    ('329','2017-8-28 11:00:00','329', 'Patient Encounter', '329', '55', 'admin', 'Default', '1', '0', 'patient_encounter');
INSERT INTO `libreehr_postcalendar_events` 
        (`pc_catid`,`pc_multiple`,`pc_aid`,`pc_pid`,`pc_title`,`pc_time`,`pc_hometext`,`pc_comments`,`pc_counter`,`pc_topic`,`pc_informant`,`pc_eventDate`,
        `pc_endDate`,`pc_duration`,`pc_recurrtype`,`pc_recurrspec`,`pc_recurrfreq`,`pc_startTime`,`pc_endTime`,`pc_alldayevent`,`pc_location`,`pc_eventstatus`,
        `pc_sharing`,`pc_apptstatus`,`pc_prefcatid`,`pc_facility`,`pc_billing_location`)VALUES
        ( 1,328,'1','55','Office Visit','2017-8-28 11:00:00','Clinical Appointment',0,0,1,'1',
        '2017-8-28 11:00:00','0000-00-00',900,0,
        'a:6:{s:17:"event_repeat_freq";s:1:"0";s:22:"event_repeat_freq_type";s:1:"0";s:19:"event_repeat_on_num";s:1:"1";s:19:"event_repeat_on_day";s:1:"0";s:20:"event_repeat_on_freq";s:1:"0";s:6:"exdate";s:0:"";}',
        0,'11:00:00','11:15:00',0,
        'a:6:{s:14:"event_location";s:0:"";s:13:"event_street1";s:0:"";s:13:"event_street2";s:0:"";s:10:"event_city";s:0:"";s:11:"event_state";s:0:"";s:12:"event_postal";s:0:"";}',
        1,1,'-',0,1,1);
INSERT INTO `form_encounter` (`id`, `date`, `reason`, `facility`, `facility_id`, `pid`, `encounter`,
     `onset_date`, `sensitivity`, `billing_note`, `pc_catid`, `last_level_billed`, `last_level_closed`, `last_stmt_date`, `stmt_count`,
      `provider_id`, `supervisor_id`, `invoice_refno`, `referral_source`, `billing_facility`) VALUES
    ('330','2017-9-27 13:15:00', 'Test Encounter', 'Your Clinic Name Here', '3','55','330', '0000-00-00 00:00:00', 'normal', 'NULL','8', '0', '0','NULL', '0', '1', '0', '', '', '3');
INSERT INTO `forms` (`id`, `date`, `encounter`, `form_name`, `form_id`, `pid`, `user`, `groupname`, `authorized`, `deleted`, `formdir`) VALUES
    ('330','2017-9-27 13:15:00','330', 'Patient Encounter', '330', '55', 'admin', 'Default', '1', '0', 'patient_encounter');
INSERT INTO `libreehr_postcalendar_events` 
        (`pc_catid`,`pc_multiple`,`pc_aid`,`pc_pid`,`pc_title`,`pc_time`,`pc_hometext`,`pc_comments`,`pc_counter`,`pc_topic`,`pc_informant`,`pc_eventDate`,
        `pc_endDate`,`pc_duration`,`pc_recurrtype`,`pc_recurrspec`,`pc_recurrfreq`,`pc_startTime`,`pc_endTime`,`pc_alldayevent`,`pc_location`,`pc_eventstatus`,
        `pc_sharing`,`pc_apptstatus`,`pc_prefcatid`,`pc_facility`,`pc_billing_location`)VALUES
        ( 1,329,'1','55','Office Visit','2017-9-27 13:15:00','Clinical Appointment',0,0,1,'1',
        '2017-9-27 13:15:00','0000-00-00',900,0,
        'a:6:{s:17:"event_repeat_freq";s:1:"0";s:22:"event_repeat_freq_type";s:1:"0";s:19:"event_repeat_on_num";s:1:"1";s:19:"event_repeat_on_day";s:1:"0";s:20:"event_repeat_on_freq";s:1:"0";s:6:"exdate";s:0:"";}',
        0,'13:15:00','13:30:00',0,
        'a:6:{s:14:"event_location";s:0:"";s:13:"event_street1";s:0:"";s:13:"event_street2";s:0:"";s:10:"event_city";s:0:"";s:11:"event_state";s:0:"";s:12:"event_postal";s:0:"";}',
        1,1,'-',0,1,1);
INSERT INTO `patient_data` (`title`, `language`, `financial`, `fname`, `lname`, `mname`, `DOB`,`street`, `postal_code`, `city`, `state`,  `drivers_license`, `ss`,`occupation`, `phone_home`, `phone_biz`, `phone_contact`, `phone_cell`,`status`, `contact_relationship`, `date`, `sex`, `referrer`, `referrerID`,`providerID`, `email`, `ethnoracial`, `interpretter`, `migrantseasonal`,`family_size`, `monthly_income`, `homeless`, `financial_review`, `pubpid`,`pid`, `genericname1`, `genericval1`, `genericname2`, `genericval2`) VALUES
 ('Mrs.','English','','JEAN','MARSHALL','C.','1989-10-8','5857 MapleAve.','48134','Franklin','MD','580594320','543753481',' ','(505) 263-1554','(505) 263-1554','(505) 263-1554','(505) 263-1554','married','Friend','2003-11-17 12:06:00','Female','CARLOS BARNES','1','1','JEAN@LibreEHR.org','Black',' ',' ','0','6465',' ','000-00-00 00:00:00','56','56',' ',' ',' ',' ');
INSERT INTO `insurance_data` (`id`, `type`, `provider`, `plan_name`, `policy_number`,`group_number`, `subscriber_lname`, `subscriber_mname`, `subscriber_fname`, `subscriber_relationship`, `subscriber_ss`,`subscriber_DOB`, `subscriber_street`, `subscriber_postal_code`, `subscriber_city`, `subscriber_state`, `subscriber_country`,`subscriber_phone`, `subscriber_employer`, `subscriber_employer_street`, `subscriber_employer_postal_code`,`subscriber_employer_state`, `subscriber_employer_country`, `subscriber_employer_city`, `copay`, `date`, `pid`,`subscriber_sex`, `accept_assignment`) VALUES('163','primary','6887','Impersonal Insurance HMO','247251303','431158460','MARSHALL','C.','JEAN','self','543753481','1989-10-8','5857 MapleAve.','48134','Franklin','MD','Openemria','(505) 263-1554','OEMR.org','','','MD','Openemria','Franklin','','2011-10-10','56','Female','TRUE');
INSERT INTO `insurance_data` (`id`, `type`, `provider`, `plan_name`, `policy_number`,`group_number`, `subscriber_lname`, `subscriber_mname`, `subscriber_fname`, `subscriber_relationship`, `subscriber_ss`,`subscriber_DOB`, `subscriber_street`, `subscriber_postal_code`, `subscriber_city`, `subscriber_state`, `subscriber_country`,`subscriber_phone`, `subscriber_employer`, `subscriber_employer_street`, `subscriber_employer_postal_code`,`subscriber_employer_state`, `subscriber_employer_country`, `subscriber_employer_city`, `copay`, `date`, `pid`,`subscriber_sex`, `accept_assignment`) VALUES('164','secondary','6186','Green Mutual LTD','32079789','655343756','MARSHALL','C.','JEAN','self','543753481','1989-10-8','5857 MapleAve.','48134','Franklin','MD','Openemria','(505) 263-1554','OEMR.org','','','MD','Openemria','Franklin','','2011-10-10','56','Female','FALSE');
INSERT INTO `insurance_data` (`id`, `type`, `provider`, `plan_name`, `policy_number`,`group_number`, `subscriber_lname`, `subscriber_mname`, `subscriber_fname`, `subscriber_relationship`, `subscriber_ss`,`subscriber_DOB`, `subscriber_street`, `subscriber_postal_code`, `subscriber_city`, `subscriber_state`, `subscriber_country`,`subscriber_phone`, `subscriber_employer`, `subscriber_employer_street`, `subscriber_employer_postal_code`,`subscriber_employer_state`, `subscriber_employer_country`, `subscriber_employer_city`, `copay`, `date`, `pid`,`subscriber_sex`, `accept_assignment`) VALUES('165','tertiary','7519','Litigeous Heartless LTD','242615340','732178798','MARSHALL','C.','JEAN','self','543753481','1989-10-8','5857 MapleAve.','48134','Franklin','MD','Openemria','(505) 263-1554','OEMR.org','','','MD','Openemria','Franklin','','2011-10-10','56','Female','FALSE');
INSERT INTO `form_encounter` (`id`, `date`, `reason`, `facility`, `facility_id`, `pid`, `encounter`,
     `onset_date`, `sensitivity`, `billing_note`, `pc_catid`, `last_level_billed`, `last_level_closed`, `last_stmt_date`, `stmt_count`,
      `provider_id`, `supervisor_id`, `invoice_refno`, `referral_source`, `billing_facility`) VALUES
    ('331','2017-4-30 10:00:00', 'Test Encounter', 'Your Clinic Name Here', '3','56','331', '0000-00-00 00:00:00', 'normal', 'NULL','9', '0', '0','NULL', '0', '1', '0', '', '', '3');
INSERT INTO `forms` (`id`, `date`, `encounter`, `form_name`, `form_id`, `pid`, `user`, `groupname`, `authorized`, `deleted`, `formdir`) VALUES
    ('331','2017-4-30 10:00:00','331', 'Patient Encounter', '331', '56', 'admin', 'Default', '1', '0', 'patient_encounter');
INSERT INTO `libreehr_postcalendar_events` 
        (`pc_catid`,`pc_multiple`,`pc_aid`,`pc_pid`,`pc_title`,`pc_time`,`pc_hometext`,`pc_comments`,`pc_counter`,`pc_topic`,`pc_informant`,`pc_eventDate`,
        `pc_endDate`,`pc_duration`,`pc_recurrtype`,`pc_recurrspec`,`pc_recurrfreq`,`pc_startTime`,`pc_endTime`,`pc_alldayevent`,`pc_location`,`pc_eventstatus`,
        `pc_sharing`,`pc_apptstatus`,`pc_prefcatid`,`pc_facility`,`pc_billing_location`)VALUES
        ( 1,330,'1','56','Office Visit','2017-4-30 10:00:00','Clinical Appointment',0,0,1,'1',
        '2017-4-30 10:00:00','0000-00-00',900,0,
        'a:6:{s:17:"event_repeat_freq";s:1:"0";s:22:"event_repeat_freq_type";s:1:"0";s:19:"event_repeat_on_num";s:1:"1";s:19:"event_repeat_on_day";s:1:"0";s:20:"event_repeat_on_freq";s:1:"0";s:6:"exdate";s:0:"";}',
        0,'10:00:00','10:15:00',0,
        'a:6:{s:14:"event_location";s:0:"";s:13:"event_street1";s:0:"";s:13:"event_street2";s:0:"";s:10:"event_city";s:0:"";s:11:"event_state";s:0:"";s:12:"event_postal";s:0:"";}',
        1,1,'-',0,1,1);
INSERT INTO `form_encounter` (`id`, `date`, `reason`, `facility`, `facility_id`, `pid`, `encounter`,
     `onset_date`, `sensitivity`, `billing_note`, `pc_catid`, `last_level_billed`, `last_level_closed`, `last_stmt_date`, `stmt_count`,
      `provider_id`, `supervisor_id`, `invoice_refno`, `referral_source`, `billing_facility`) VALUES
    ('332','2017-5-30 16:00:00', 'Test Encounter', 'Your Clinic Name Here', '3','56','332', '0000-00-00 00:00:00', 'normal', 'NULL','7', '0', '0','NULL', '0', '1', '0', '', '', '3');
INSERT INTO `forms` (`id`, `date`, `encounter`, `form_name`, `form_id`, `pid`, `user`, `groupname`, `authorized`, `deleted`, `formdir`) VALUES
    ('332','2017-5-30 16:00:00','332', 'Patient Encounter', '332', '56', 'admin', 'Default', '1', '0', 'patient_encounter');
INSERT INTO `libreehr_postcalendar_events` 
        (`pc_catid`,`pc_multiple`,`pc_aid`,`pc_pid`,`pc_title`,`pc_time`,`pc_hometext`,`pc_comments`,`pc_counter`,`pc_topic`,`pc_informant`,`pc_eventDate`,
        `pc_endDate`,`pc_duration`,`pc_recurrtype`,`pc_recurrspec`,`pc_recurrfreq`,`pc_startTime`,`pc_endTime`,`pc_alldayevent`,`pc_location`,`pc_eventstatus`,
        `pc_sharing`,`pc_apptstatus`,`pc_prefcatid`,`pc_facility`,`pc_billing_location`)VALUES
        ( 1,331,'1','56','Office Visit','2017-5-30 16:00:00','Clinical Appointment',0,0,1,'1',
        '2017-5-30 16:00:00','0000-00-00',900,0,
        'a:6:{s:17:"event_repeat_freq";s:1:"0";s:22:"event_repeat_freq_type";s:1:"0";s:19:"event_repeat_on_num";s:1:"1";s:19:"event_repeat_on_day";s:1:"0";s:20:"event_repeat_on_freq";s:1:"0";s:6:"exdate";s:0:"";}',
        0,'16:00:00','16:15:00',0,
        'a:6:{s:14:"event_location";s:0:"";s:13:"event_street1";s:0:"";s:13:"event_street2";s:0:"";s:10:"event_city";s:0:"";s:11:"event_state";s:0:"";s:12:"event_postal";s:0:"";}',
        1,1,'-',0,1,1);
INSERT INTO `form_encounter` (`id`, `date`, `reason`, `facility`, `facility_id`, `pid`, `encounter`,
     `onset_date`, `sensitivity`, `billing_note`, `pc_catid`, `last_level_billed`, `last_level_closed`, `last_stmt_date`, `stmt_count`,
      `provider_id`, `supervisor_id`, `invoice_refno`, `referral_source`, `billing_facility`) VALUES
    ('333','2017-6-29 17:30:00', 'Test Encounter', 'Your Clinic Name Here', '3','56','333', '0000-00-00 00:00:00', 'normal', 'NULL','9', '0', '0','NULL', '0', '1', '0', '', '', '3');
INSERT INTO `forms` (`id`, `date`, `encounter`, `form_name`, `form_id`, `pid`, `user`, `groupname`, `authorized`, `deleted`, `formdir`) VALUES
    ('333','2017-6-29 17:30:00','333', 'Patient Encounter', '333', '56', 'admin', 'Default', '1', '0', 'patient_encounter');
INSERT INTO `libreehr_postcalendar_events` 
        (`pc_catid`,`pc_multiple`,`pc_aid`,`pc_pid`,`pc_title`,`pc_time`,`pc_hometext`,`pc_comments`,`pc_counter`,`pc_topic`,`pc_informant`,`pc_eventDate`,
        `pc_endDate`,`pc_duration`,`pc_recurrtype`,`pc_recurrspec`,`pc_recurrfreq`,`pc_startTime`,`pc_endTime`,`pc_alldayevent`,`pc_location`,`pc_eventstatus`,
        `pc_sharing`,`pc_apptstatus`,`pc_prefcatid`,`pc_facility`,`pc_billing_location`)VALUES
        ( 1,332,'1','56','Office Visit','2017-6-29 17:30:00','Clinical Appointment',0,0,1,'1',
        '2017-6-29 17:30:00','0000-00-00',900,0,
        'a:6:{s:17:"event_repeat_freq";s:1:"0";s:22:"event_repeat_freq_type";s:1:"0";s:19:"event_repeat_on_num";s:1:"1";s:19:"event_repeat_on_day";s:1:"0";s:20:"event_repeat_on_freq";s:1:"0";s:6:"exdate";s:0:"";}',
        0,'17:30:00','17:45:00',0,
        'a:6:{s:14:"event_location";s:0:"";s:13:"event_street1";s:0:"";s:13:"event_street2";s:0:"";s:10:"event_city";s:0:"";s:11:"event_state";s:0:"";s:12:"event_postal";s:0:"";}',
        1,1,'-',0,1,1);
INSERT INTO `form_encounter` (`id`, `date`, `reason`, `facility`, `facility_id`, `pid`, `encounter`,
     `onset_date`, `sensitivity`, `billing_note`, `pc_catid`, `last_level_billed`, `last_level_closed`, `last_stmt_date`, `stmt_count`,
      `provider_id`, `supervisor_id`, `invoice_refno`, `referral_source`, `billing_facility`) VALUES
    ('334','2017-7-29 12:15:00', 'Test Encounter', 'Your Clinic Name Here', '3','56','334', '0000-00-00 00:00:00', 'normal', 'NULL','4', '0', '0','NULL', '0', '1', '0', '', '', '3');
INSERT INTO `forms` (`id`, `date`, `encounter`, `form_name`, `form_id`, `pid`, `user`, `groupname`, `authorized`, `deleted`, `formdir`) VALUES
    ('334','2017-7-29 12:15:00','334', 'Patient Encounter', '334', '56', 'admin', 'Default', '1', '0', 'patient_encounter');
INSERT INTO `libreehr_postcalendar_events` 
        (`pc_catid`,`pc_multiple`,`pc_aid`,`pc_pid`,`pc_title`,`pc_time`,`pc_hometext`,`pc_comments`,`pc_counter`,`pc_topic`,`pc_informant`,`pc_eventDate`,
        `pc_endDate`,`pc_duration`,`pc_recurrtype`,`pc_recurrspec`,`pc_recurrfreq`,`pc_startTime`,`pc_endTime`,`pc_alldayevent`,`pc_location`,`pc_eventstatus`,
        `pc_sharing`,`pc_apptstatus`,`pc_prefcatid`,`pc_facility`,`pc_billing_location`)VALUES
        ( 1,333,'1','56','Office Visit','2017-7-29 12:15:00','Clinical Appointment',0,0,1,'1',
        '2017-7-29 12:15:00','0000-00-00',900,0,
        'a:6:{s:17:"event_repeat_freq";s:1:"0";s:22:"event_repeat_freq_type";s:1:"0";s:19:"event_repeat_on_num";s:1:"1";s:19:"event_repeat_on_day";s:1:"0";s:20:"event_repeat_on_freq";s:1:"0";s:6:"exdate";s:0:"";}',
        0,'12:15:00','12:30:00',0,
        'a:6:{s:14:"event_location";s:0:"";s:13:"event_street1";s:0:"";s:13:"event_street2";s:0:"";s:10:"event_city";s:0:"";s:11:"event_state";s:0:"";s:12:"event_postal";s:0:"";}',
        1,1,'-',0,1,1);
INSERT INTO `form_encounter` (`id`, `date`, `reason`, `facility`, `facility_id`, `pid`, `encounter`,
     `onset_date`, `sensitivity`, `billing_note`, `pc_catid`, `last_level_billed`, `last_level_closed`, `last_stmt_date`, `stmt_count`,
      `provider_id`, `supervisor_id`, `invoice_refno`, `referral_source`, `billing_facility`) VALUES
    ('335','2017-8-28 15:00:00', 'Test Encounter', 'Your Clinic Name Here', '3','56','335', '0000-00-00 00:00:00', 'normal', 'NULL','10', '0', '0','NULL', '0', '1', '0', '', '', '3');
INSERT INTO `forms` (`id`, `date`, `encounter`, `form_name`, `form_id`, `pid`, `user`, `groupname`, `authorized`, `deleted`, `formdir`) VALUES
    ('335','2017-8-28 15:00:00','335', 'Patient Encounter', '335', '56', 'admin', 'Default', '1', '0', 'patient_encounter');
INSERT INTO `libreehr_postcalendar_events` 
        (`pc_catid`,`pc_multiple`,`pc_aid`,`pc_pid`,`pc_title`,`pc_time`,`pc_hometext`,`pc_comments`,`pc_counter`,`pc_topic`,`pc_informant`,`pc_eventDate`,
        `pc_endDate`,`pc_duration`,`pc_recurrtype`,`pc_recurrspec`,`pc_recurrfreq`,`pc_startTime`,`pc_endTime`,`pc_alldayevent`,`pc_location`,`pc_eventstatus`,
        `pc_sharing`,`pc_apptstatus`,`pc_prefcatid`,`pc_facility`,`pc_billing_location`)VALUES
        ( 1,334,'1','56','Office Visit','2017-8-28 15:00:00','Clinical Appointment',0,0,1,'1',
        '2017-8-28 15:00:00','0000-00-00',900,0,
        'a:6:{s:17:"event_repeat_freq";s:1:"0";s:22:"event_repeat_freq_type";s:1:"0";s:19:"event_repeat_on_num";s:1:"1";s:19:"event_repeat_on_day";s:1:"0";s:20:"event_repeat_on_freq";s:1:"0";s:6:"exdate";s:0:"";}',
        0,'15:00:00','15:15:00',0,
        'a:6:{s:14:"event_location";s:0:"";s:13:"event_street1";s:0:"";s:13:"event_street2";s:0:"";s:10:"event_city";s:0:"";s:11:"event_state";s:0:"";s:12:"event_postal";s:0:"";}',
        1,1,'-',0,1,1);
INSERT INTO `form_encounter` (`id`, `date`, `reason`, `facility`, `facility_id`, `pid`, `encounter`,
     `onset_date`, `sensitivity`, `billing_note`, `pc_catid`, `last_level_billed`, `last_level_closed`, `last_stmt_date`, `stmt_count`,
      `provider_id`, `supervisor_id`, `invoice_refno`, `referral_source`, `billing_facility`) VALUES
    ('336','2017-9-27 11:30:00', 'Test Encounter', 'Your Clinic Name Here', '3','56','336', '0000-00-00 00:00:00', 'normal', 'NULL','3', '0', '0','NULL', '0', '1', '0', '', '', '3');
INSERT INTO `forms` (`id`, `date`, `encounter`, `form_name`, `form_id`, `pid`, `user`, `groupname`, `authorized`, `deleted`, `formdir`) VALUES
    ('336','2017-9-27 11:30:00','336', 'Patient Encounter', '336', '56', 'admin', 'Default', '1', '0', 'patient_encounter');
INSERT INTO `libreehr_postcalendar_events` 
        (`pc_catid`,`pc_multiple`,`pc_aid`,`pc_pid`,`pc_title`,`pc_time`,`pc_hometext`,`pc_comments`,`pc_counter`,`pc_topic`,`pc_informant`,`pc_eventDate`,
        `pc_endDate`,`pc_duration`,`pc_recurrtype`,`pc_recurrspec`,`pc_recurrfreq`,`pc_startTime`,`pc_endTime`,`pc_alldayevent`,`pc_location`,`pc_eventstatus`,
        `pc_sharing`,`pc_apptstatus`,`pc_prefcatid`,`pc_facility`,`pc_billing_location`)VALUES
        ( 1,335,'1','56','Office Visit','2017-9-27 11:30:00','Clinical Appointment',0,0,1,'1',
        '2017-9-27 11:30:00','0000-00-00',900,0,
        'a:6:{s:17:"event_repeat_freq";s:1:"0";s:22:"event_repeat_freq_type";s:1:"0";s:19:"event_repeat_on_num";s:1:"1";s:19:"event_repeat_on_day";s:1:"0";s:20:"event_repeat_on_freq";s:1:"0";s:6:"exdate";s:0:"";}',
        0,'11:30:00','11:45:00',0,
        'a:6:{s:14:"event_location";s:0:"";s:13:"event_street1";s:0:"";s:13:"event_street2";s:0:"";s:10:"event_city";s:0:"";s:11:"event_state";s:0:"";s:12:"event_postal";s:0:"";}',
        1,1,'-',0,1,1);
INSERT INTO `patient_data` (`title`, `language`, `financial`, `fname`, `lname`, `mname`, `DOB`,`street`, `postal_code`, `city`, `state`,  `drivers_license`, `ss`,`occupation`, `phone_home`, `phone_biz`, `phone_contact`, `phone_cell`,`status`, `contact_relationship`, `date`, `sex`, `referrer`, `referrerID`,`providerID`, `email`, `ethnoracial`, `interpretter`, `migrantseasonal`,`family_size`, `monthly_income`, `homeless`, `financial_review`, `pubpid`,`pid`, `genericname1`, `genericval1`, `genericname2`, `genericval2`) VALUES
 ('Mr.','Spanish','','ANTONIO','FLORES','M.','1965-11-9','8842 CentralAve.','50200','Fairview','MI','283931062','823426953',' ','(43) 28-9784','(43) 28-9784','(43) 28-9784','(43) 28-9784','married','Friend','2003-11-17 12:06:00','Male','ALLEN JOHNSTON','1','1','ANTONIO@LibreEHR.org','Vietnamese',' ',' ','6','5795',' ','000-00-00 00:00:00','57','57',' ',' ',' ',' ');
INSERT INTO `insurance_data` (`id`, `type`, `provider`, `plan_name`, `policy_number`,`group_number`, `subscriber_lname`, `subscriber_mname`, `subscriber_fname`, `subscriber_relationship`, `subscriber_ss`,`subscriber_DOB`, `subscriber_street`, `subscriber_postal_code`, `subscriber_city`, `subscriber_state`, `subscriber_country`,`subscriber_phone`, `subscriber_employer`, `subscriber_employer_street`, `subscriber_employer_postal_code`,`subscriber_employer_state`, `subscriber_employer_country`, `subscriber_employer_city`, `copay`, `date`, `pid`,`subscriber_sex`, `accept_assignment`) VALUES('166','primary','7687','Green Assurance INC.','312735492','268635663','FLORES','M.','ANTONIO','self','823426953','1965-11-9','8842 CentralAve.','50200','Fairview','MI','Openemria','(43) 28-9784','OEMR.org','','','MI','Openemria','Fairview','','2011-10-10','57','Male','FALSE');
INSERT INTO `insurance_data` (`id`, `type`, `provider`, `plan_name`, `policy_number`,`group_number`, `subscriber_lname`, `subscriber_mname`, `subscriber_fname`, `subscriber_relationship`, `subscriber_ss`,`subscriber_DOB`, `subscriber_street`, `subscriber_postal_code`, `subscriber_city`, `subscriber_state`, `subscriber_country`,`subscriber_phone`, `subscriber_employer`, `subscriber_employer_street`, `subscriber_employer_postal_code`,`subscriber_employer_state`, `subscriber_employer_country`, `subscriber_employer_city`, `copay`, `date`, `pid`,`subscriber_sex`, `accept_assignment`) VALUES('167','secondary','6887','Impersonal Insurance HMO','162496560','17828908','FLORES','M.','ANTONIO','self','823426953','1965-11-9','8842 CentralAve.','50200','Fairview','MI','Openemria','(43) 28-9784','OEMR.org','','','MI','Openemria','Fairview','','2011-10-10','57','Male','FALSE');
INSERT INTO `insurance_data` (`id`, `type`, `provider`, `plan_name`, `policy_number`,`group_number`, `subscriber_lname`, `subscriber_mname`, `subscriber_fname`, `subscriber_relationship`, `subscriber_ss`,`subscriber_DOB`, `subscriber_street`, `subscriber_postal_code`, `subscriber_city`, `subscriber_state`, `subscriber_country`,`subscriber_phone`, `subscriber_employer`, `subscriber_employer_street`, `subscriber_employer_postal_code`,`subscriber_employer_state`, `subscriber_employer_country`, `subscriber_employer_city`, `copay`, `date`, `pid`,`subscriber_sex`, `accept_assignment`) VALUES('168','tertiary','6186','Green Mutual LTD','909037497','785594239','FLORES','M.','ANTONIO','self','823426953','1965-11-9','8842 CentralAve.','50200','Fairview','MI','Openemria','(43) 28-9784','OEMR.org','','','MI','Openemria','Fairview','','2011-10-10','57','Male','TRUE');
INSERT INTO `form_encounter` (`id`, `date`, `reason`, `facility`, `facility_id`, `pid`, `encounter`,
     `onset_date`, `sensitivity`, `billing_note`, `pc_catid`, `last_level_billed`, `last_level_closed`, `last_stmt_date`, `stmt_count`,
      `provider_id`, `supervisor_id`, `invoice_refno`, `referral_source`, `billing_facility`) VALUES
    ('337','2017-7-29 14:30:00', 'Test Encounter', 'Your Clinic Name Here', '3','57','337', '0000-00-00 00:00:00', 'normal', 'NULL','6', '0', '0','NULL', '0', '1', '0', '', '', '3');
INSERT INTO `forms` (`id`, `date`, `encounter`, `form_name`, `form_id`, `pid`, `user`, `groupname`, `authorized`, `deleted`, `formdir`) VALUES
    ('337','2017-7-29 14:30:00','337', 'Patient Encounter', '337', '57', 'admin', 'Default', '1', '0', 'patient_encounter');
INSERT INTO `libreehr_postcalendar_events` 
        (`pc_catid`,`pc_multiple`,`pc_aid`,`pc_pid`,`pc_title`,`pc_time`,`pc_hometext`,`pc_comments`,`pc_counter`,`pc_topic`,`pc_informant`,`pc_eventDate`,
        `pc_endDate`,`pc_duration`,`pc_recurrtype`,`pc_recurrspec`,`pc_recurrfreq`,`pc_startTime`,`pc_endTime`,`pc_alldayevent`,`pc_location`,`pc_eventstatus`,
        `pc_sharing`,`pc_apptstatus`,`pc_prefcatid`,`pc_facility`,`pc_billing_location`)VALUES
        ( 1,336,'1','57','Office Visit','2017-7-29 14:30:00','Clinical Appointment',0,0,1,'1',
        '2017-7-29 14:30:00','0000-00-00',900,0,
        'a:6:{s:17:"event_repeat_freq";s:1:"0";s:22:"event_repeat_freq_type";s:1:"0";s:19:"event_repeat_on_num";s:1:"1";s:19:"event_repeat_on_day";s:1:"0";s:20:"event_repeat_on_freq";s:1:"0";s:6:"exdate";s:0:"";}',
        0,'14:30:00','14:45:00',0,
        'a:6:{s:14:"event_location";s:0:"";s:13:"event_street1";s:0:"";s:13:"event_street2";s:0:"";s:10:"event_city";s:0:"";s:11:"event_state";s:0:"";s:12:"event_postal";s:0:"";}',
        1,1,'-',0,1,1);
INSERT INTO `form_encounter` (`id`, `date`, `reason`, `facility`, `facility_id`, `pid`, `encounter`,
     `onset_date`, `sensitivity`, `billing_note`, `pc_catid`, `last_level_billed`, `last_level_closed`, `last_stmt_date`, `stmt_count`,
      `provider_id`, `supervisor_id`, `invoice_refno`, `referral_source`, `billing_facility`) VALUES
    ('338','2017-8-28 13:30:00', 'Test Encounter', 'Your Clinic Name Here', '3','57','338', '0000-00-00 00:00:00', 'normal', 'NULL','9', '0', '0','NULL', '0', '1', '0', '', '', '3');
INSERT INTO `forms` (`id`, `date`, `encounter`, `form_name`, `form_id`, `pid`, `user`, `groupname`, `authorized`, `deleted`, `formdir`) VALUES
    ('338','2017-8-28 13:30:00','338', 'Patient Encounter', '338', '57', 'admin', 'Default', '1', '0', 'patient_encounter');
INSERT INTO `libreehr_postcalendar_events` 
        (`pc_catid`,`pc_multiple`,`pc_aid`,`pc_pid`,`pc_title`,`pc_time`,`pc_hometext`,`pc_comments`,`pc_counter`,`pc_topic`,`pc_informant`,`pc_eventDate`,
        `pc_endDate`,`pc_duration`,`pc_recurrtype`,`pc_recurrspec`,`pc_recurrfreq`,`pc_startTime`,`pc_endTime`,`pc_alldayevent`,`pc_location`,`pc_eventstatus`,
        `pc_sharing`,`pc_apptstatus`,`pc_prefcatid`,`pc_facility`,`pc_billing_location`)VALUES
        ( 1,337,'1','57','Office Visit','2017-8-28 13:30:00','Clinical Appointment',0,0,1,'1',
        '2017-8-28 13:30:00','0000-00-00',900,0,
        'a:6:{s:17:"event_repeat_freq";s:1:"0";s:22:"event_repeat_freq_type";s:1:"0";s:19:"event_repeat_on_num";s:1:"1";s:19:"event_repeat_on_day";s:1:"0";s:20:"event_repeat_on_freq";s:1:"0";s:6:"exdate";s:0:"";}',
        0,'13:30:00','13:45:00',0,
        'a:6:{s:14:"event_location";s:0:"";s:13:"event_street1";s:0:"";s:13:"event_street2";s:0:"";s:10:"event_city";s:0:"";s:11:"event_state";s:0:"";s:12:"event_postal";s:0:"";}',
        1,1,'-',0,1,1);
INSERT INTO `form_encounter` (`id`, `date`, `reason`, `facility`, `facility_id`, `pid`, `encounter`,
     `onset_date`, `sensitivity`, `billing_note`, `pc_catid`, `last_level_billed`, `last_level_closed`, `last_stmt_date`, `stmt_count`,
      `provider_id`, `supervisor_id`, `invoice_refno`, `referral_source`, `billing_facility`) VALUES
    ('339','2017-9-27 16:00:00', 'Test Encounter', 'Your Clinic Name Here', '3','57','339', '0000-00-00 00:00:00', 'normal', 'NULL','1', '0', '0','NULL', '0', '1', '0', '', '', '3');
INSERT INTO `forms` (`id`, `date`, `encounter`, `form_name`, `form_id`, `pid`, `user`, `groupname`, `authorized`, `deleted`, `formdir`) VALUES
    ('339','2017-9-27 16:00:00','339', 'Patient Encounter', '339', '57', 'admin', 'Default', '1', '0', 'patient_encounter');
INSERT INTO `libreehr_postcalendar_events` 
        (`pc_catid`,`pc_multiple`,`pc_aid`,`pc_pid`,`pc_title`,`pc_time`,`pc_hometext`,`pc_comments`,`pc_counter`,`pc_topic`,`pc_informant`,`pc_eventDate`,
        `pc_endDate`,`pc_duration`,`pc_recurrtype`,`pc_recurrspec`,`pc_recurrfreq`,`pc_startTime`,`pc_endTime`,`pc_alldayevent`,`pc_location`,`pc_eventstatus`,
        `pc_sharing`,`pc_apptstatus`,`pc_prefcatid`,`pc_facility`,`pc_billing_location`)VALUES
        ( 1,338,'1','57','Office Visit','2017-9-27 16:00:00','Clinical Appointment',0,0,1,'1',
        '2017-9-27 16:00:00','0000-00-00',900,0,
        'a:6:{s:17:"event_repeat_freq";s:1:"0";s:22:"event_repeat_freq_type";s:1:"0";s:19:"event_repeat_on_num";s:1:"1";s:19:"event_repeat_on_day";s:1:"0";s:20:"event_repeat_on_freq";s:1:"0";s:6:"exdate";s:0:"";}',
        0,'16:00:00','16:15:00',0,
        'a:6:{s:14:"event_location";s:0:"";s:13:"event_street1";s:0:"";s:13:"event_street2";s:0:"";s:10:"event_city";s:0:"";s:11:"event_state";s:0:"";s:12:"event_postal";s:0:"";}',
        1,1,'-',0,1,1);
INSERT INTO `patient_data` (`title`, `language`, `financial`, `fname`, `lname`, `mname`, `DOB`,`street`, `postal_code`, `city`, `state`,  `drivers_license`, `ss`,`occupation`, `phone_home`, `phone_biz`, `phone_contact`, `phone_cell`,`status`, `contact_relationship`, `date`, `sex`, `referrer`, `referrerID`,`providerID`, `email`, `ethnoracial`, `interpretter`, `migrantseasonal`,`family_size`, `monthly_income`, `homeless`, `financial_review`, `pubpid`,`pid`, `genericname1`, `genericval1`, `genericname2`, `genericval2`) VALUES
 ('Ms.','English','','CHRISTINE','HAWKINS','C.','1932-9-9','6410 CherryWay','18130','Winchester','MA','434481249','592954685',' ','(771) 805-9553','(771) 805-9553','(771) 805-9553','(771) 805-9553','married','Friend','2003-11-17 12:06:00','Female','CHESTER HOLMES','1','1','CHRISTINE@LibreEHR.org','Martian',' ',' ','2','9465',' ','000-00-00 00:00:00','58','58',' ',' ',' ',' ');
INSERT INTO `insurance_data` (`id`, `type`, `provider`, `plan_name`, `policy_number`,`group_number`, `subscriber_lname`, `subscriber_mname`, `subscriber_fname`, `subscriber_relationship`, `subscriber_ss`,`subscriber_DOB`, `subscriber_street`, `subscriber_postal_code`, `subscriber_city`, `subscriber_state`, `subscriber_country`,`subscriber_phone`, `subscriber_employer`, `subscriber_employer_street`, `subscriber_employer_postal_code`,`subscriber_employer_state`, `subscriber_employer_country`, `subscriber_employer_city`, `copay`, `date`, `pid`,`subscriber_sex`, `accept_assignment`) VALUES('169','primary','7687','Green Assurance INC.','837337112','32180784','HAWKINS','C.','CHRISTINE','self','592954685','1932-9-9','6410 CherryWay','18130','Winchester','MA','Openemria','(771) 805-9553','OEMR.org','','','MA','Openemria','Winchester','','2011-10-10','58','Female','TRUE');
INSERT INTO `insurance_data` (`id`, `type`, `provider`, `plan_name`, `policy_number`,`group_number`, `subscriber_lname`, `subscriber_mname`, `subscriber_fname`, `subscriber_relationship`, `subscriber_ss`,`subscriber_DOB`, `subscriber_street`, `subscriber_postal_code`, `subscriber_city`, `subscriber_state`, `subscriber_country`,`subscriber_phone`, `subscriber_employer`, `subscriber_employer_street`, `subscriber_employer_postal_code`,`subscriber_employer_state`, `subscriber_employer_country`, `subscriber_employer_city`, `copay`, `date`, `pid`,`subscriber_sex`, `accept_assignment`) VALUES('170','secondary','6887','Impersonal Insurance HMO','559469898','477294248','HAWKINS','C.','CHRISTINE','self','592954685','1932-9-9','6410 CherryWay','18130','Winchester','MA','Openemria','(771) 805-9553','OEMR.org','','','MA','Openemria','Winchester','','2011-10-10','58','Female','TRUE');
INSERT INTO `insurance_data` (`id`, `type`, `provider`, `plan_name`, `policy_number`,`group_number`, `subscriber_lname`, `subscriber_mname`, `subscriber_fname`, `subscriber_relationship`, `subscriber_ss`,`subscriber_DOB`, `subscriber_street`, `subscriber_postal_code`, `subscriber_city`, `subscriber_state`, `subscriber_country`,`subscriber_phone`, `subscriber_employer`, `subscriber_employer_street`, `subscriber_employer_postal_code`,`subscriber_employer_state`, `subscriber_employer_country`, `subscriber_employer_city`, `copay`, `date`, `pid`,`subscriber_sex`, `accept_assignment`) VALUES('171','tertiary','6186','Green Mutual LTD','62370872','60929775','HAWKINS','C.','CHRISTINE','self','592954685','1932-9-9','6410 CherryWay','18130','Winchester','MA','Openemria','(771) 805-9553','OEMR.org','','','MA','Openemria','Winchester','','2011-10-10','58','Female','TRUE');
INSERT INTO `form_encounter` (`id`, `date`, `reason`, `facility`, `facility_id`, `pid`, `encounter`,
     `onset_date`, `sensitivity`, `billing_note`, `pc_catid`, `last_level_billed`, `last_level_closed`, `last_stmt_date`, `stmt_count`,
      `provider_id`, `supervisor_id`, `invoice_refno`, `referral_source`, `billing_facility`) VALUES
    ('340','2017-5-30 15:30:00', 'Test Encounter', 'Your Clinic Name Here', '3','58','340', '0000-00-00 00:00:00', 'normal', 'NULL','9', '0', '0','NULL', '0', '1', '0', '', '', '3');
INSERT INTO `forms` (`id`, `date`, `encounter`, `form_name`, `form_id`, `pid`, `user`, `groupname`, `authorized`, `deleted`, `formdir`) VALUES
    ('340','2017-5-30 15:30:00','340', 'Patient Encounter', '340', '58', 'admin', 'Default', '1', '0', 'patient_encounter');
INSERT INTO `libreehr_postcalendar_events` 
        (`pc_catid`,`pc_multiple`,`pc_aid`,`pc_pid`,`pc_title`,`pc_time`,`pc_hometext`,`pc_comments`,`pc_counter`,`pc_topic`,`pc_informant`,`pc_eventDate`,
        `pc_endDate`,`pc_duration`,`pc_recurrtype`,`pc_recurrspec`,`pc_recurrfreq`,`pc_startTime`,`pc_endTime`,`pc_alldayevent`,`pc_location`,`pc_eventstatus`,
        `pc_sharing`,`pc_apptstatus`,`pc_prefcatid`,`pc_facility`,`pc_billing_location`)VALUES
        ( 1,339,'1','58','Office Visit','2017-5-30 15:30:00','Clinical Appointment',0,0,1,'1',
        '2017-5-30 15:30:00','0000-00-00',900,0,
        'a:6:{s:17:"event_repeat_freq";s:1:"0";s:22:"event_repeat_freq_type";s:1:"0";s:19:"event_repeat_on_num";s:1:"1";s:19:"event_repeat_on_day";s:1:"0";s:20:"event_repeat_on_freq";s:1:"0";s:6:"exdate";s:0:"";}',
        0,'15:30:00','15:45:00',0,
        'a:6:{s:14:"event_location";s:0:"";s:13:"event_street1";s:0:"";s:13:"event_street2";s:0:"";s:10:"event_city";s:0:"";s:11:"event_state";s:0:"";s:12:"event_postal";s:0:"";}',
        1,1,'-',0,1,1);
INSERT INTO `form_encounter` (`id`, `date`, `reason`, `facility`, `facility_id`, `pid`, `encounter`,
     `onset_date`, `sensitivity`, `billing_note`, `pc_catid`, `last_level_billed`, `last_level_closed`, `last_stmt_date`, `stmt_count`,
      `provider_id`, `supervisor_id`, `invoice_refno`, `referral_source`, `billing_facility`) VALUES
    ('341','2017-6-29 11:00:00', 'Test Encounter', 'Your Clinic Name Here', '3','58','341', '0000-00-00 00:00:00', 'normal', 'NULL','6', '0', '0','NULL', '0', '1', '0', '', '', '3');
INSERT INTO `forms` (`id`, `date`, `encounter`, `form_name`, `form_id`, `pid`, `user`, `groupname`, `authorized`, `deleted`, `formdir`) VALUES
    ('341','2017-6-29 11:00:00','341', 'Patient Encounter', '341', '58', 'admin', 'Default', '1', '0', 'patient_encounter');
INSERT INTO `libreehr_postcalendar_events` 
        (`pc_catid`,`pc_multiple`,`pc_aid`,`pc_pid`,`pc_title`,`pc_time`,`pc_hometext`,`pc_comments`,`pc_counter`,`pc_topic`,`pc_informant`,`pc_eventDate`,
        `pc_endDate`,`pc_duration`,`pc_recurrtype`,`pc_recurrspec`,`pc_recurrfreq`,`pc_startTime`,`pc_endTime`,`pc_alldayevent`,`pc_location`,`pc_eventstatus`,
        `pc_sharing`,`pc_apptstatus`,`pc_prefcatid`,`pc_facility`,`pc_billing_location`)VALUES
        ( 1,340,'1','58','Office Visit','2017-6-29 11:00:00','Clinical Appointment',0,0,1,'1',
        '2017-6-29 11:00:00','0000-00-00',900,0,
        'a:6:{s:17:"event_repeat_freq";s:1:"0";s:22:"event_repeat_freq_type";s:1:"0";s:19:"event_repeat_on_num";s:1:"1";s:19:"event_repeat_on_day";s:1:"0";s:20:"event_repeat_on_freq";s:1:"0";s:6:"exdate";s:0:"";}',
        0,'11:00:00','11:15:00',0,
        'a:6:{s:14:"event_location";s:0:"";s:13:"event_street1";s:0:"";s:13:"event_street2";s:0:"";s:10:"event_city";s:0:"";s:11:"event_state";s:0:"";s:12:"event_postal";s:0:"";}',
        1,1,'-',0,1,1);
INSERT INTO `form_encounter` (`id`, `date`, `reason`, `facility`, `facility_id`, `pid`, `encounter`,
     `onset_date`, `sensitivity`, `billing_note`, `pc_catid`, `last_level_billed`, `last_level_closed`, `last_stmt_date`, `stmt_count`,
      `provider_id`, `supervisor_id`, `invoice_refno`, `referral_source`, `billing_facility`) VALUES
    ('342','2017-7-29 10:30:00', 'Test Encounter', 'Your Clinic Name Here', '3','58','342', '0000-00-00 00:00:00', 'normal', 'NULL','8', '0', '0','NULL', '0', '1', '0', '', '', '3');
INSERT INTO `forms` (`id`, `date`, `encounter`, `form_name`, `form_id`, `pid`, `user`, `groupname`, `authorized`, `deleted`, `formdir`) VALUES
    ('342','2017-7-29 10:30:00','342', 'Patient Encounter', '342', '58', 'admin', 'Default', '1', '0', 'patient_encounter');
INSERT INTO `libreehr_postcalendar_events` 
        (`pc_catid`,`pc_multiple`,`pc_aid`,`pc_pid`,`pc_title`,`pc_time`,`pc_hometext`,`pc_comments`,`pc_counter`,`pc_topic`,`pc_informant`,`pc_eventDate`,
        `pc_endDate`,`pc_duration`,`pc_recurrtype`,`pc_recurrspec`,`pc_recurrfreq`,`pc_startTime`,`pc_endTime`,`pc_alldayevent`,`pc_location`,`pc_eventstatus`,
        `pc_sharing`,`pc_apptstatus`,`pc_prefcatid`,`pc_facility`,`pc_billing_location`)VALUES
        ( 1,341,'1','58','Office Visit','2017-7-29 10:30:00','Clinical Appointment',0,0,1,'1',
        '2017-7-29 10:30:00','0000-00-00',900,0,
        'a:6:{s:17:"event_repeat_freq";s:1:"0";s:22:"event_repeat_freq_type";s:1:"0";s:19:"event_repeat_on_num";s:1:"1";s:19:"event_repeat_on_day";s:1:"0";s:20:"event_repeat_on_freq";s:1:"0";s:6:"exdate";s:0:"";}',
        0,'10:30:00','10:45:00',0,
        'a:6:{s:14:"event_location";s:0:"";s:13:"event_street1";s:0:"";s:13:"event_street2";s:0:"";s:10:"event_city";s:0:"";s:11:"event_state";s:0:"";s:12:"event_postal";s:0:"";}',
        1,1,'-',0,1,1);
INSERT INTO `form_encounter` (`id`, `date`, `reason`, `facility`, `facility_id`, `pid`, `encounter`,
     `onset_date`, `sensitivity`, `billing_note`, `pc_catid`, `last_level_billed`, `last_level_closed`, `last_stmt_date`, `stmt_count`,
      `provider_id`, `supervisor_id`, `invoice_refno`, `referral_source`, `billing_facility`) VALUES
    ('343','2017-8-28 16:15:00', 'Test Encounter', 'Your Clinic Name Here', '3','58','343', '0000-00-00 00:00:00', 'normal', 'NULL','2', '0', '0','NULL', '0', '1', '0', '', '', '3');
INSERT INTO `forms` (`id`, `date`, `encounter`, `form_name`, `form_id`, `pid`, `user`, `groupname`, `authorized`, `deleted`, `formdir`) VALUES
    ('343','2017-8-28 16:15:00','343', 'Patient Encounter', '343', '58', 'admin', 'Default', '1', '0', 'patient_encounter');
INSERT INTO `libreehr_postcalendar_events` 
        (`pc_catid`,`pc_multiple`,`pc_aid`,`pc_pid`,`pc_title`,`pc_time`,`pc_hometext`,`pc_comments`,`pc_counter`,`pc_topic`,`pc_informant`,`pc_eventDate`,
        `pc_endDate`,`pc_duration`,`pc_recurrtype`,`pc_recurrspec`,`pc_recurrfreq`,`pc_startTime`,`pc_endTime`,`pc_alldayevent`,`pc_location`,`pc_eventstatus`,
        `pc_sharing`,`pc_apptstatus`,`pc_prefcatid`,`pc_facility`,`pc_billing_location`)VALUES
        ( 1,342,'1','58','Office Visit','2017-8-28 16:15:00','Clinical Appointment',0,0,1,'1',
        '2017-8-28 16:15:00','0000-00-00',900,0,
        'a:6:{s:17:"event_repeat_freq";s:1:"0";s:22:"event_repeat_freq_type";s:1:"0";s:19:"event_repeat_on_num";s:1:"1";s:19:"event_repeat_on_day";s:1:"0";s:20:"event_repeat_on_freq";s:1:"0";s:6:"exdate";s:0:"";}',
        0,'16:15:00','16:30:00',0,
        'a:6:{s:14:"event_location";s:0:"";s:13:"event_street1";s:0:"";s:13:"event_street2";s:0:"";s:10:"event_city";s:0:"";s:11:"event_state";s:0:"";s:12:"event_postal";s:0:"";}',
        1,1,'-',0,1,1);
INSERT INTO `form_encounter` (`id`, `date`, `reason`, `facility`, `facility_id`, `pid`, `encounter`,
     `onset_date`, `sensitivity`, `billing_note`, `pc_catid`, `last_level_billed`, `last_level_closed`, `last_stmt_date`, `stmt_count`,
      `provider_id`, `supervisor_id`, `invoice_refno`, `referral_source`, `billing_facility`) VALUES
    ('344','2017-9-27 16:00:00', 'Test Encounter', 'Your Clinic Name Here', '3','58','344', '0000-00-00 00:00:00', 'normal', 'NULL','6', '0', '0','NULL', '0', '1', '0', '', '', '3');
INSERT INTO `forms` (`id`, `date`, `encounter`, `form_name`, `form_id`, `pid`, `user`, `groupname`, `authorized`, `deleted`, `formdir`) VALUES
    ('344','2017-9-27 16:00:00','344', 'Patient Encounter', '344', '58', 'admin', 'Default', '1', '0', 'patient_encounter');
INSERT INTO `libreehr_postcalendar_events` 
        (`pc_catid`,`pc_multiple`,`pc_aid`,`pc_pid`,`pc_title`,`pc_time`,`pc_hometext`,`pc_comments`,`pc_counter`,`pc_topic`,`pc_informant`,`pc_eventDate`,
        `pc_endDate`,`pc_duration`,`pc_recurrtype`,`pc_recurrspec`,`pc_recurrfreq`,`pc_startTime`,`pc_endTime`,`pc_alldayevent`,`pc_location`,`pc_eventstatus`,
        `pc_sharing`,`pc_apptstatus`,`pc_prefcatid`,`pc_facility`,`pc_billing_location`)VALUES
        ( 1,343,'1','58','Office Visit','2017-9-27 16:00:00','Clinical Appointment',0,0,1,'1',
        '2017-9-27 16:00:00','0000-00-00',900,0,
        'a:6:{s:17:"event_repeat_freq";s:1:"0";s:22:"event_repeat_freq_type";s:1:"0";s:19:"event_repeat_on_num";s:1:"1";s:19:"event_repeat_on_day";s:1:"0";s:20:"event_repeat_on_freq";s:1:"0";s:6:"exdate";s:0:"";}',
        0,'16:00:00','16:15:00',0,
        'a:6:{s:14:"event_location";s:0:"";s:13:"event_street1";s:0:"";s:13:"event_street2";s:0:"";s:10:"event_city";s:0:"";s:11:"event_state";s:0:"";s:12:"event_postal";s:0:"";}',
        1,1,'-',0,1,1);
INSERT INTO `patient_data` (`title`, `language`, `financial`, `fname`, `lname`, `mname`, `DOB`,`street`, `postal_code`, `city`, `state`,  `drivers_license`, `ss`,`occupation`, `phone_home`, `phone_biz`, `phone_contact`, `phone_cell`,`status`, `contact_relationship`, `date`, `sex`, `referrer`, `referrerID`,`providerID`, `email`, `ethnoracial`, `interpretter`, `migrantseasonal`,`family_size`, `monthly_income`, `homeless`, `financial_review`, `pubpid`,`pid`, `genericname1`, `genericval1`, `genericname2`, `genericval2`) VALUES
 ('Mr.','English','','TIMOTHY','GARZA','A.','1960-12-19','4394 WallAve.','26408','Marion','TX','223098274','300424080',' ','(704) 309-194','(704) 309-194','(704) 309-194','(704) 309-194','single','Friend','2003-11-17 12:06:00','Male','SAMUEL LYNCH','1','1','TIMOTHY@LibreEHR.org','Americano',' ',' ','10','1776',' ','000-00-00 00:00:00','59','59',' ',' ',' ',' ');
INSERT INTO `insurance_data` (`id`, `type`, `provider`, `plan_name`, `policy_number`,`group_number`, `subscriber_lname`, `subscriber_mname`, `subscriber_fname`, `subscriber_relationship`, `subscriber_ss`,`subscriber_DOB`, `subscriber_street`, `subscriber_postal_code`, `subscriber_city`, `subscriber_state`, `subscriber_country`,`subscriber_phone`, `subscriber_employer`, `subscriber_employer_street`, `subscriber_employer_postal_code`,`subscriber_employer_state`, `subscriber_employer_country`, `subscriber_employer_city`, `copay`, `date`, `pid`,`subscriber_sex`, `accept_assignment`) VALUES('172','primary','3362','Incompetent Provider Company','935957760','111796592','GARZA','A.','TIMOTHY','self','300424080','1960-12-19','4394 WallAve.','26408','Marion','TX','Openemria','(704) 309-194','OEMR.org','','','TX','Openemria','Marion','','2011-10-10','59','Male','FALSE');
INSERT INTO `insurance_data` (`id`, `type`, `provider`, `plan_name`, `policy_number`,`group_number`, `subscriber_lname`, `subscriber_mname`, `subscriber_fname`, `subscriber_relationship`, `subscriber_ss`,`subscriber_DOB`, `subscriber_street`, `subscriber_postal_code`, `subscriber_city`, `subscriber_state`, `subscriber_country`,`subscriber_phone`, `subscriber_employer`, `subscriber_employer_street`, `subscriber_employer_postal_code`,`subscriber_employer_state`, `subscriber_employer_country`, `subscriber_employer_city`, `copay`, `date`, `pid`,`subscriber_sex`, `accept_assignment`) VALUES('173','secondary','0','0','864751194','264060489','GARZA','A.','TIMOTHY','self','300424080','1960-12-19','4394 WallAve.','26408','Marion','TX','Openemria','(704) 309-194','OEMR.org','','','TX','Openemria','Marion','','2011-10-10','59','Male','TRUE');
INSERT INTO `insurance_data` (`id`, `type`, `provider`, `plan_name`, `policy_number`,`group_number`, `subscriber_lname`, `subscriber_mname`, `subscriber_fname`, `subscriber_relationship`, `subscriber_ss`,`subscriber_DOB`, `subscriber_street`, `subscriber_postal_code`, `subscriber_city`, `subscriber_state`, `subscriber_country`,`subscriber_phone`, `subscriber_employer`, `subscriber_employer_street`, `subscriber_employer_postal_code`,`subscriber_employer_state`, `subscriber_employer_country`, `subscriber_employer_city`, `copay`, `date`, `pid`,`subscriber_sex`, `accept_assignment`) VALUES('174','tertiary','3362','Incompetent Provider Company','406741672','613887101','GARZA','A.','TIMOTHY','self','300424080','1960-12-19','4394 WallAve.','26408','Marion','TX','Openemria','(704) 309-194','OEMR.org','','','TX','Openemria','Marion','','2011-10-10','59','Male','TRUE');
INSERT INTO `form_encounter` (`id`, `date`, `reason`, `facility`, `facility_id`, `pid`, `encounter`,
     `onset_date`, `sensitivity`, `billing_note`, `pc_catid`, `last_level_billed`, `last_level_closed`, `last_stmt_date`, `stmt_count`,
      `provider_id`, `supervisor_id`, `invoice_refno`, `referral_source`, `billing_facility`) VALUES
    ('345','2016-12-31 17:30:00', 'Test Encounter', 'Your Clinic Name Here', '3','59','345', '0000-00-00 00:00:00', 'normal', 'NULL','7', '0', '0','NULL', '0', '1', '0', '', '', '3');
INSERT INTO `forms` (`id`, `date`, `encounter`, `form_name`, `form_id`, `pid`, `user`, `groupname`, `authorized`, `deleted`, `formdir`) VALUES
    ('345','2016-12-31 17:30:00','345', 'Patient Encounter', '345', '59', 'admin', 'Default', '1', '0', 'patient_encounter');
INSERT INTO `libreehr_postcalendar_events` 
        (`pc_catid`,`pc_multiple`,`pc_aid`,`pc_pid`,`pc_title`,`pc_time`,`pc_hometext`,`pc_comments`,`pc_counter`,`pc_topic`,`pc_informant`,`pc_eventDate`,
        `pc_endDate`,`pc_duration`,`pc_recurrtype`,`pc_recurrspec`,`pc_recurrfreq`,`pc_startTime`,`pc_endTime`,`pc_alldayevent`,`pc_location`,`pc_eventstatus`,
        `pc_sharing`,`pc_apptstatus`,`pc_prefcatid`,`pc_facility`,`pc_billing_location`)VALUES
        ( 1,344,'1','59','Office Visit','2016-12-31 17:30:00','Clinical Appointment',0,0,1,'1',
        '2016-12-31 17:30:00','0000-00-00',900,0,
        'a:6:{s:17:"event_repeat_freq";s:1:"0";s:22:"event_repeat_freq_type";s:1:"0";s:19:"event_repeat_on_num";s:1:"1";s:19:"event_repeat_on_day";s:1:"0";s:20:"event_repeat_on_freq";s:1:"0";s:6:"exdate";s:0:"";}',
        0,'17:30:00','17:45:00',0,
        'a:6:{s:14:"event_location";s:0:"";s:13:"event_street1";s:0:"";s:13:"event_street2";s:0:"";s:10:"event_city";s:0:"";s:11:"event_state";s:0:"";s:12:"event_postal";s:0:"";}',
        1,1,'-',0,1,1);
INSERT INTO `form_encounter` (`id`, `date`, `reason`, `facility`, `facility_id`, `pid`, `encounter`,
     `onset_date`, `sensitivity`, `billing_note`, `pc_catid`, `last_level_billed`, `last_level_closed`, `last_stmt_date`, `stmt_count`,
      `provider_id`, `supervisor_id`, `invoice_refno`, `referral_source`, `billing_facility`) VALUES
    ('346','2017-1-30 17:15:00', 'Test Encounter', 'Your Clinic Name Here', '3','59','346', '0000-00-00 00:00:00', 'normal', 'NULL','10', '0', '0','NULL', '0', '1', '0', '', '', '3');
INSERT INTO `forms` (`id`, `date`, `encounter`, `form_name`, `form_id`, `pid`, `user`, `groupname`, `authorized`, `deleted`, `formdir`) VALUES
    ('346','2017-1-30 17:15:00','346', 'Patient Encounter', '346', '59', 'admin', 'Default', '1', '0', 'patient_encounter');
INSERT INTO `libreehr_postcalendar_events` 
        (`pc_catid`,`pc_multiple`,`pc_aid`,`pc_pid`,`pc_title`,`pc_time`,`pc_hometext`,`pc_comments`,`pc_counter`,`pc_topic`,`pc_informant`,`pc_eventDate`,
        `pc_endDate`,`pc_duration`,`pc_recurrtype`,`pc_recurrspec`,`pc_recurrfreq`,`pc_startTime`,`pc_endTime`,`pc_alldayevent`,`pc_location`,`pc_eventstatus`,
        `pc_sharing`,`pc_apptstatus`,`pc_prefcatid`,`pc_facility`,`pc_billing_location`)VALUES
        ( 1,345,'1','59','Office Visit','2017-1-30 17:15:00','Clinical Appointment',0,0,1,'1',
        '2017-1-30 17:15:00','0000-00-00',900,0,
        'a:6:{s:17:"event_repeat_freq";s:1:"0";s:22:"event_repeat_freq_type";s:1:"0";s:19:"event_repeat_on_num";s:1:"1";s:19:"event_repeat_on_day";s:1:"0";s:20:"event_repeat_on_freq";s:1:"0";s:6:"exdate";s:0:"";}',
        0,'17:15:00','17:30:00',0,
        'a:6:{s:14:"event_location";s:0:"";s:13:"event_street1";s:0:"";s:13:"event_street2";s:0:"";s:10:"event_city";s:0:"";s:11:"event_state";s:0:"";s:12:"event_postal";s:0:"";}',
        1,1,'-',0,1,1);
INSERT INTO `form_encounter` (`id`, `date`, `reason`, `facility`, `facility_id`, `pid`, `encounter`,
     `onset_date`, `sensitivity`, `billing_note`, `pc_catid`, `last_level_billed`, `last_level_closed`, `last_stmt_date`, `stmt_count`,
      `provider_id`, `supervisor_id`, `invoice_refno`, `referral_source`, `billing_facility`) VALUES
    ('347','2017-3-1 11:15:00', 'Test Encounter', 'Your Clinic Name Here', '3','59','347', '0000-00-00 00:00:00', 'normal', 'NULL','8', '0', '0','NULL', '0', '1', '0', '', '', '3');
INSERT INTO `forms` (`id`, `date`, `encounter`, `form_name`, `form_id`, `pid`, `user`, `groupname`, `authorized`, `deleted`, `formdir`) VALUES
    ('347','2017-3-1 11:15:00','347', 'Patient Encounter', '347', '59', 'admin', 'Default', '1', '0', 'patient_encounter');
INSERT INTO `libreehr_postcalendar_events` 
        (`pc_catid`,`pc_multiple`,`pc_aid`,`pc_pid`,`pc_title`,`pc_time`,`pc_hometext`,`pc_comments`,`pc_counter`,`pc_topic`,`pc_informant`,`pc_eventDate`,
        `pc_endDate`,`pc_duration`,`pc_recurrtype`,`pc_recurrspec`,`pc_recurrfreq`,`pc_startTime`,`pc_endTime`,`pc_alldayevent`,`pc_location`,`pc_eventstatus`,
        `pc_sharing`,`pc_apptstatus`,`pc_prefcatid`,`pc_facility`,`pc_billing_location`)VALUES
        ( 1,346,'1','59','Office Visit','2017-3-1 11:15:00','Clinical Appointment',0,0,1,'1',
        '2017-3-1 11:15:00','0000-00-00',900,0,
        'a:6:{s:17:"event_repeat_freq";s:1:"0";s:22:"event_repeat_freq_type";s:1:"0";s:19:"event_repeat_on_num";s:1:"1";s:19:"event_repeat_on_day";s:1:"0";s:20:"event_repeat_on_freq";s:1:"0";s:6:"exdate";s:0:"";}',
        0,'11:15:00','11:30:00',0,
        'a:6:{s:14:"event_location";s:0:"";s:13:"event_street1";s:0:"";s:13:"event_street2";s:0:"";s:10:"event_city";s:0:"";s:11:"event_state";s:0:"";s:12:"event_postal";s:0:"";}',
        1,1,'-',0,1,1);
INSERT INTO `form_encounter` (`id`, `date`, `reason`, `facility`, `facility_id`, `pid`, `encounter`,
     `onset_date`, `sensitivity`, `billing_note`, `pc_catid`, `last_level_billed`, `last_level_closed`, `last_stmt_date`, `stmt_count`,
      `provider_id`, `supervisor_id`, `invoice_refno`, `referral_source`, `billing_facility`) VALUES
    ('348','2017-3-31 14:30:00', 'Test Encounter', 'Your Clinic Name Here', '3','59','348', '0000-00-00 00:00:00', 'normal', 'NULL','3', '0', '0','NULL', '0', '1', '0', '', '', '3');
INSERT INTO `forms` (`id`, `date`, `encounter`, `form_name`, `form_id`, `pid`, `user`, `groupname`, `authorized`, `deleted`, `formdir`) VALUES
    ('348','2017-3-31 14:30:00','348', 'Patient Encounter', '348', '59', 'admin', 'Default', '1', '0', 'patient_encounter');
INSERT INTO `libreehr_postcalendar_events` 
        (`pc_catid`,`pc_multiple`,`pc_aid`,`pc_pid`,`pc_title`,`pc_time`,`pc_hometext`,`pc_comments`,`pc_counter`,`pc_topic`,`pc_informant`,`pc_eventDate`,
        `pc_endDate`,`pc_duration`,`pc_recurrtype`,`pc_recurrspec`,`pc_recurrfreq`,`pc_startTime`,`pc_endTime`,`pc_alldayevent`,`pc_location`,`pc_eventstatus`,
        `pc_sharing`,`pc_apptstatus`,`pc_prefcatid`,`pc_facility`,`pc_billing_location`)VALUES
        ( 1,347,'1','59','Office Visit','2017-3-31 14:30:00','Clinical Appointment',0,0,1,'1',
        '2017-3-31 14:30:00','0000-00-00',900,0,
        'a:6:{s:17:"event_repeat_freq";s:1:"0";s:22:"event_repeat_freq_type";s:1:"0";s:19:"event_repeat_on_num";s:1:"1";s:19:"event_repeat_on_day";s:1:"0";s:20:"event_repeat_on_freq";s:1:"0";s:6:"exdate";s:0:"";}',
        0,'14:30:00','14:45:00',0,
        'a:6:{s:14:"event_location";s:0:"";s:13:"event_street1";s:0:"";s:13:"event_street2";s:0:"";s:10:"event_city";s:0:"";s:11:"event_state";s:0:"";s:12:"event_postal";s:0:"";}',
        1,1,'-',0,1,1);
INSERT INTO `form_encounter` (`id`, `date`, `reason`, `facility`, `facility_id`, `pid`, `encounter`,
     `onset_date`, `sensitivity`, `billing_note`, `pc_catid`, `last_level_billed`, `last_level_closed`, `last_stmt_date`, `stmt_count`,
      `provider_id`, `supervisor_id`, `invoice_refno`, `referral_source`, `billing_facility`) VALUES
    ('349','2017-4-30 15:00:00', 'Test Encounter', 'Your Clinic Name Here', '3','59','349', '0000-00-00 00:00:00', 'normal', 'NULL','6', '0', '0','NULL', '0', '1', '0', '', '', '3');
INSERT INTO `forms` (`id`, `date`, `encounter`, `form_name`, `form_id`, `pid`, `user`, `groupname`, `authorized`, `deleted`, `formdir`) VALUES
    ('349','2017-4-30 15:00:00','349', 'Patient Encounter', '349', '59', 'admin', 'Default', '1', '0', 'patient_encounter');
INSERT INTO `libreehr_postcalendar_events` 
        (`pc_catid`,`pc_multiple`,`pc_aid`,`pc_pid`,`pc_title`,`pc_time`,`pc_hometext`,`pc_comments`,`pc_counter`,`pc_topic`,`pc_informant`,`pc_eventDate`,
        `pc_endDate`,`pc_duration`,`pc_recurrtype`,`pc_recurrspec`,`pc_recurrfreq`,`pc_startTime`,`pc_endTime`,`pc_alldayevent`,`pc_location`,`pc_eventstatus`,
        `pc_sharing`,`pc_apptstatus`,`pc_prefcatid`,`pc_facility`,`pc_billing_location`)VALUES
        ( 1,348,'1','59','Office Visit','2017-4-30 15:00:00','Clinical Appointment',0,0,1,'1',
        '2017-4-30 15:00:00','0000-00-00',900,0,
        'a:6:{s:17:"event_repeat_freq";s:1:"0";s:22:"event_repeat_freq_type";s:1:"0";s:19:"event_repeat_on_num";s:1:"1";s:19:"event_repeat_on_day";s:1:"0";s:20:"event_repeat_on_freq";s:1:"0";s:6:"exdate";s:0:"";}',
        0,'15:00:00','15:15:00',0,
        'a:6:{s:14:"event_location";s:0:"";s:13:"event_street1";s:0:"";s:13:"event_street2";s:0:"";s:10:"event_city";s:0:"";s:11:"event_state";s:0:"";s:12:"event_postal";s:0:"";}',
        1,1,'-',0,1,1);
INSERT INTO `form_encounter` (`id`, `date`, `reason`, `facility`, `facility_id`, `pid`, `encounter`,
     `onset_date`, `sensitivity`, `billing_note`, `pc_catid`, `last_level_billed`, `last_level_closed`, `last_stmt_date`, `stmt_count`,
      `provider_id`, `supervisor_id`, `invoice_refno`, `referral_source`, `billing_facility`) VALUES
    ('350','2017-5-30 10:30:00', 'Test Encounter', 'Your Clinic Name Here', '3','59','350', '0000-00-00 00:00:00', 'normal', 'NULL','5', '0', '0','NULL', '0', '1', '0', '', '', '3');
INSERT INTO `forms` (`id`, `date`, `encounter`, `form_name`, `form_id`, `pid`, `user`, `groupname`, `authorized`, `deleted`, `formdir`) VALUES
    ('350','2017-5-30 10:30:00','350', 'Patient Encounter', '350', '59', 'admin', 'Default', '1', '0', 'patient_encounter');
INSERT INTO `libreehr_postcalendar_events` 
        (`pc_catid`,`pc_multiple`,`pc_aid`,`pc_pid`,`pc_title`,`pc_time`,`pc_hometext`,`pc_comments`,`pc_counter`,`pc_topic`,`pc_informant`,`pc_eventDate`,
        `pc_endDate`,`pc_duration`,`pc_recurrtype`,`pc_recurrspec`,`pc_recurrfreq`,`pc_startTime`,`pc_endTime`,`pc_alldayevent`,`pc_location`,`pc_eventstatus`,
        `pc_sharing`,`pc_apptstatus`,`pc_prefcatid`,`pc_facility`,`pc_billing_location`)VALUES
        ( 1,349,'1','59','Office Visit','2017-5-30 10:30:00','Clinical Appointment',0,0,1,'1',
        '2017-5-30 10:30:00','0000-00-00',900,0,
        'a:6:{s:17:"event_repeat_freq";s:1:"0";s:22:"event_repeat_freq_type";s:1:"0";s:19:"event_repeat_on_num";s:1:"1";s:19:"event_repeat_on_day";s:1:"0";s:20:"event_repeat_on_freq";s:1:"0";s:6:"exdate";s:0:"";}',
        0,'10:30:00','10:45:00',0,
        'a:6:{s:14:"event_location";s:0:"";s:13:"event_street1";s:0:"";s:13:"event_street2";s:0:"";s:10:"event_city";s:0:"";s:11:"event_state";s:0:"";s:12:"event_postal";s:0:"";}',
        1,1,'-',0,1,1);
INSERT INTO `form_encounter` (`id`, `date`, `reason`, `facility`, `facility_id`, `pid`, `encounter`,
     `onset_date`, `sensitivity`, `billing_note`, `pc_catid`, `last_level_billed`, `last_level_closed`, `last_stmt_date`, `stmt_count`,
      `provider_id`, `supervisor_id`, `invoice_refno`, `referral_source`, `billing_facility`) VALUES
    ('351','2017-6-29 16:15:00', 'Test Encounter', 'Your Clinic Name Here', '3','59','351', '0000-00-00 00:00:00', 'normal', 'NULL','7', '0', '0','NULL', '0', '1', '0', '', '', '3');
INSERT INTO `forms` (`id`, `date`, `encounter`, `form_name`, `form_id`, `pid`, `user`, `groupname`, `authorized`, `deleted`, `formdir`) VALUES
    ('351','2017-6-29 16:15:00','351', 'Patient Encounter', '351', '59', 'admin', 'Default', '1', '0', 'patient_encounter');
INSERT INTO `libreehr_postcalendar_events` 
        (`pc_catid`,`pc_multiple`,`pc_aid`,`pc_pid`,`pc_title`,`pc_time`,`pc_hometext`,`pc_comments`,`pc_counter`,`pc_topic`,`pc_informant`,`pc_eventDate`,
        `pc_endDate`,`pc_duration`,`pc_recurrtype`,`pc_recurrspec`,`pc_recurrfreq`,`pc_startTime`,`pc_endTime`,`pc_alldayevent`,`pc_location`,`pc_eventstatus`,
        `pc_sharing`,`pc_apptstatus`,`pc_prefcatid`,`pc_facility`,`pc_billing_location`)VALUES
        ( 1,350,'1','59','Office Visit','2017-6-29 16:15:00','Clinical Appointment',0,0,1,'1',
        '2017-6-29 16:15:00','0000-00-00',900,0,
        'a:6:{s:17:"event_repeat_freq";s:1:"0";s:22:"event_repeat_freq_type";s:1:"0";s:19:"event_repeat_on_num";s:1:"1";s:19:"event_repeat_on_day";s:1:"0";s:20:"event_repeat_on_freq";s:1:"0";s:6:"exdate";s:0:"";}',
        0,'16:15:00','16:30:00',0,
        'a:6:{s:14:"event_location";s:0:"";s:13:"event_street1";s:0:"";s:13:"event_street2";s:0:"";s:10:"event_city";s:0:"";s:11:"event_state";s:0:"";s:12:"event_postal";s:0:"";}',
        1,1,'-',0,1,1);
INSERT INTO `form_encounter` (`id`, `date`, `reason`, `facility`, `facility_id`, `pid`, `encounter`,
     `onset_date`, `sensitivity`, `billing_note`, `pc_catid`, `last_level_billed`, `last_level_closed`, `last_stmt_date`, `stmt_count`,
      `provider_id`, `supervisor_id`, `invoice_refno`, `referral_source`, `billing_facility`) VALUES
    ('352','2017-7-29 16:30:00', 'Test Encounter', 'Your Clinic Name Here', '3','59','352', '0000-00-00 00:00:00', 'normal', 'NULL','5', '0', '0','NULL', '0', '1', '0', '', '', '3');
INSERT INTO `forms` (`id`, `date`, `encounter`, `form_name`, `form_id`, `pid`, `user`, `groupname`, `authorized`, `deleted`, `formdir`) VALUES
    ('352','2017-7-29 16:30:00','352', 'Patient Encounter', '352', '59', 'admin', 'Default', '1', '0', 'patient_encounter');
INSERT INTO `libreehr_postcalendar_events` 
        (`pc_catid`,`pc_multiple`,`pc_aid`,`pc_pid`,`pc_title`,`pc_time`,`pc_hometext`,`pc_comments`,`pc_counter`,`pc_topic`,`pc_informant`,`pc_eventDate`,
        `pc_endDate`,`pc_duration`,`pc_recurrtype`,`pc_recurrspec`,`pc_recurrfreq`,`pc_startTime`,`pc_endTime`,`pc_alldayevent`,`pc_location`,`pc_eventstatus`,
        `pc_sharing`,`pc_apptstatus`,`pc_prefcatid`,`pc_facility`,`pc_billing_location`)VALUES
        ( 1,351,'1','59','Office Visit','2017-7-29 16:30:00','Clinical Appointment',0,0,1,'1',
        '2017-7-29 16:30:00','0000-00-00',900,0,
        'a:6:{s:17:"event_repeat_freq";s:1:"0";s:22:"event_repeat_freq_type";s:1:"0";s:19:"event_repeat_on_num";s:1:"1";s:19:"event_repeat_on_day";s:1:"0";s:20:"event_repeat_on_freq";s:1:"0";s:6:"exdate";s:0:"";}',
        0,'16:30:00','16:45:00',0,
        'a:6:{s:14:"event_location";s:0:"";s:13:"event_street1";s:0:"";s:13:"event_street2";s:0:"";s:10:"event_city";s:0:"";s:11:"event_state";s:0:"";s:12:"event_postal";s:0:"";}',
        1,1,'-',0,1,1);
INSERT INTO `form_encounter` (`id`, `date`, `reason`, `facility`, `facility_id`, `pid`, `encounter`,
     `onset_date`, `sensitivity`, `billing_note`, `pc_catid`, `last_level_billed`, `last_level_closed`, `last_stmt_date`, `stmt_count`,
      `provider_id`, `supervisor_id`, `invoice_refno`, `referral_source`, `billing_facility`) VALUES
    ('353','2017-8-28 17:00:00', 'Test Encounter', 'Your Clinic Name Here', '3','59','353', '0000-00-00 00:00:00', 'normal', 'NULL','10', '0', '0','NULL', '0', '1', '0', '', '', '3');
INSERT INTO `forms` (`id`, `date`, `encounter`, `form_name`, `form_id`, `pid`, `user`, `groupname`, `authorized`, `deleted`, `formdir`) VALUES
    ('353','2017-8-28 17:00:00','353', 'Patient Encounter', '353', '59', 'admin', 'Default', '1', '0', 'patient_encounter');
INSERT INTO `libreehr_postcalendar_events` 
        (`pc_catid`,`pc_multiple`,`pc_aid`,`pc_pid`,`pc_title`,`pc_time`,`pc_hometext`,`pc_comments`,`pc_counter`,`pc_topic`,`pc_informant`,`pc_eventDate`,
        `pc_endDate`,`pc_duration`,`pc_recurrtype`,`pc_recurrspec`,`pc_recurrfreq`,`pc_startTime`,`pc_endTime`,`pc_alldayevent`,`pc_location`,`pc_eventstatus`,
        `pc_sharing`,`pc_apptstatus`,`pc_prefcatid`,`pc_facility`,`pc_billing_location`)VALUES
        ( 1,352,'1','59','Office Visit','2017-8-28 17:00:00','Clinical Appointment',0,0,1,'1',
        '2017-8-28 17:00:00','0000-00-00',900,0,
        'a:6:{s:17:"event_repeat_freq";s:1:"0";s:22:"event_repeat_freq_type";s:1:"0";s:19:"event_repeat_on_num";s:1:"1";s:19:"event_repeat_on_day";s:1:"0";s:20:"event_repeat_on_freq";s:1:"0";s:6:"exdate";s:0:"";}',
        0,'17:00:00','17:15:00',0,
        'a:6:{s:14:"event_location";s:0:"";s:13:"event_street1";s:0:"";s:13:"event_street2";s:0:"";s:10:"event_city";s:0:"";s:11:"event_state";s:0:"";s:12:"event_postal";s:0:"";}',
        1,1,'-',0,1,1);
INSERT INTO `form_encounter` (`id`, `date`, `reason`, `facility`, `facility_id`, `pid`, `encounter`,
     `onset_date`, `sensitivity`, `billing_note`, `pc_catid`, `last_level_billed`, `last_level_closed`, `last_stmt_date`, `stmt_count`,
      `provider_id`, `supervisor_id`, `invoice_refno`, `referral_source`, `billing_facility`) VALUES
    ('354','2017-9-27 15:00:00', 'Test Encounter', 'Your Clinic Name Here', '3','59','354', '0000-00-00 00:00:00', 'normal', 'NULL','3', '0', '0','NULL', '0', '1', '0', '', '', '3');
INSERT INTO `forms` (`id`, `date`, `encounter`, `form_name`, `form_id`, `pid`, `user`, `groupname`, `authorized`, `deleted`, `formdir`) VALUES
    ('354','2017-9-27 15:00:00','354', 'Patient Encounter', '354', '59', 'admin', 'Default', '1', '0', 'patient_encounter');
INSERT INTO `libreehr_postcalendar_events` 
        (`pc_catid`,`pc_multiple`,`pc_aid`,`pc_pid`,`pc_title`,`pc_time`,`pc_hometext`,`pc_comments`,`pc_counter`,`pc_topic`,`pc_informant`,`pc_eventDate`,
        `pc_endDate`,`pc_duration`,`pc_recurrtype`,`pc_recurrspec`,`pc_recurrfreq`,`pc_startTime`,`pc_endTime`,`pc_alldayevent`,`pc_location`,`pc_eventstatus`,
        `pc_sharing`,`pc_apptstatus`,`pc_prefcatid`,`pc_facility`,`pc_billing_location`)VALUES
        ( 1,353,'1','59','Office Visit','2017-9-27 15:00:00','Clinical Appointment',0,0,1,'1',
        '2017-9-27 15:00:00','0000-00-00',900,0,
        'a:6:{s:17:"event_repeat_freq";s:1:"0";s:22:"event_repeat_freq_type";s:1:"0";s:19:"event_repeat_on_num";s:1:"1";s:19:"event_repeat_on_day";s:1:"0";s:20:"event_repeat_on_freq";s:1:"0";s:6:"exdate";s:0:"";}',
        0,'15:00:00','15:15:00',0,
        'a:6:{s:14:"event_location";s:0:"";s:13:"event_street1";s:0:"";s:13:"event_street2";s:0:"";s:10:"event_city";s:0:"";s:11:"event_state";s:0:"";s:12:"event_postal";s:0:"";}',
        1,1,'-',0,1,1);
INSERT INTO `patient_data` (`title`, `language`, `financial`, `fname`, `lname`, `mname`, `DOB`,`street`, `postal_code`, `city`, `state`,  `drivers_license`, `ss`,`occupation`, `phone_home`, `phone_biz`, `phone_contact`, `phone_cell`,`status`, `contact_relationship`, `date`, `sex`, `referrer`, `referrerID`,`providerID`, `email`, `ethnoracial`, `interpretter`, `migrantseasonal`,`family_size`, `monthly_income`, `homeless`, `financial_review`, `pubpid`,`pid`, `genericname1`, `genericval1`, `genericname2`, `genericval2`) VALUES
 ('Mr.','English','','THEODORE','THOMAS','H.','1936-9-17','7920 FirstWay','84144','Burlington','MA','183175388','905435877',' ','(556) 482-472','(556) 482-472','(556) 482-472','(556) 482-472','single','Friend','2003-11-17 12:06:00','Male','MATHEW HART','1','1','THEODORE@LibreEHR.org','Cubano',' ',' ','6','1570',' ','000-00-00 00:00:00','60','60',' ',' ',' ',' ');
INSERT INTO `insurance_data` (`id`, `type`, `provider`, `plan_name`, `policy_number`,`group_number`, `subscriber_lname`, `subscriber_mname`, `subscriber_fname`, `subscriber_relationship`, `subscriber_ss`,`subscriber_DOB`, `subscriber_street`, `subscriber_postal_code`, `subscriber_city`, `subscriber_state`, `subscriber_country`,`subscriber_phone`, `subscriber_employer`, `subscriber_employer_street`, `subscriber_employer_postal_code`,`subscriber_employer_state`, `subscriber_employer_country`, `subscriber_employer_city`, `copay`, `date`, `pid`,`subscriber_sex`, `accept_assignment`) VALUES('175','primary','3362','Incompetent Provider Company','155886311','406061150','THOMAS','H.','THEODORE','self','905435877','1936-9-17','7920 FirstWay','84144','Burlington','MA','Openemria','(556) 482-472','OEMR.org','','','MA','Openemria','Burlington','','2011-10-10','60','Male','FALSE');
INSERT INTO `insurance_data` (`id`, `type`, `provider`, `plan_name`, `policy_number`,`group_number`, `subscriber_lname`, `subscriber_mname`, `subscriber_fname`, `subscriber_relationship`, `subscriber_ss`,`subscriber_DOB`, `subscriber_street`, `subscriber_postal_code`, `subscriber_city`, `subscriber_state`, `subscriber_country`,`subscriber_phone`, `subscriber_employer`, `subscriber_employer_street`, `subscriber_employer_postal_code`,`subscriber_employer_state`, `subscriber_employer_country`, `subscriber_employer_city`, `copay`, `date`, `pid`,`subscriber_sex`, `accept_assignment`) VALUES('176','secondary','0','0','726136842','267122104','THOMAS','H.','THEODORE','self','905435877','1936-9-17','7920 FirstWay','84144','Burlington','MA','Openemria','(556) 482-472','OEMR.org','','','MA','Openemria','Burlington','','2011-10-10','60','Male','FALSE');
INSERT INTO `insurance_data` (`id`, `type`, `provider`, `plan_name`, `policy_number`,`group_number`, `subscriber_lname`, `subscriber_mname`, `subscriber_fname`, `subscriber_relationship`, `subscriber_ss`,`subscriber_DOB`, `subscriber_street`, `subscriber_postal_code`, `subscriber_city`, `subscriber_state`, `subscriber_country`,`subscriber_phone`, `subscriber_employer`, `subscriber_employer_street`, `subscriber_employer_postal_code`,`subscriber_employer_state`, `subscriber_employer_country`, `subscriber_employer_city`, `copay`, `date`, `pid`,`subscriber_sex`, `accept_assignment`) VALUES('177','tertiary','3362','Incompetent Provider Company','750155876','148655407','THOMAS','H.','THEODORE','self','905435877','1936-9-17','7920 FirstWay','84144','Burlington','MA','Openemria','(556) 482-472','OEMR.org','','','MA','Openemria','Burlington','','2011-10-10','60','Male','TRUE');
INSERT INTO `form_encounter` (`id`, `date`, `reason`, `facility`, `facility_id`, `pid`, `encounter`,
     `onset_date`, `sensitivity`, `billing_note`, `pc_catid`, `last_level_billed`, `last_level_closed`, `last_stmt_date`, `stmt_count`,
      `provider_id`, `supervisor_id`, `invoice_refno`, `referral_source`, `billing_facility`) VALUES
    ('355','2017-5-30 15:30:00', 'Test Encounter', 'Your Clinic Name Here', '3','60','355', '0000-00-00 00:00:00', 'normal', 'NULL','9', '0', '0','NULL', '0', '1', '0', '', '', '3');
INSERT INTO `forms` (`id`, `date`, `encounter`, `form_name`, `form_id`, `pid`, `user`, `groupname`, `authorized`, `deleted`, `formdir`) VALUES
    ('355','2017-5-30 15:30:00','355', 'Patient Encounter', '355', '60', 'admin', 'Default', '1', '0', 'patient_encounter');
INSERT INTO `libreehr_postcalendar_events` 
        (`pc_catid`,`pc_multiple`,`pc_aid`,`pc_pid`,`pc_title`,`pc_time`,`pc_hometext`,`pc_comments`,`pc_counter`,`pc_topic`,`pc_informant`,`pc_eventDate`,
        `pc_endDate`,`pc_duration`,`pc_recurrtype`,`pc_recurrspec`,`pc_recurrfreq`,`pc_startTime`,`pc_endTime`,`pc_alldayevent`,`pc_location`,`pc_eventstatus`,
        `pc_sharing`,`pc_apptstatus`,`pc_prefcatid`,`pc_facility`,`pc_billing_location`)VALUES
        ( 1,354,'1','60','Office Visit','2017-5-30 15:30:00','Clinical Appointment',0,0,1,'1',
        '2017-5-30 15:30:00','0000-00-00',900,0,
        'a:6:{s:17:"event_repeat_freq";s:1:"0";s:22:"event_repeat_freq_type";s:1:"0";s:19:"event_repeat_on_num";s:1:"1";s:19:"event_repeat_on_day";s:1:"0";s:20:"event_repeat_on_freq";s:1:"0";s:6:"exdate";s:0:"";}',
        0,'15:30:00','15:45:00',0,
        'a:6:{s:14:"event_location";s:0:"";s:13:"event_street1";s:0:"";s:13:"event_street2";s:0:"";s:10:"event_city";s:0:"";s:11:"event_state";s:0:"";s:12:"event_postal";s:0:"";}',
        1,1,'-',0,1,1);
INSERT INTO `form_encounter` (`id`, `date`, `reason`, `facility`, `facility_id`, `pid`, `encounter`,
     `onset_date`, `sensitivity`, `billing_note`, `pc_catid`, `last_level_billed`, `last_level_closed`, `last_stmt_date`, `stmt_count`,
      `provider_id`, `supervisor_id`, `invoice_refno`, `referral_source`, `billing_facility`) VALUES
    ('356','2017-6-29 15:00:00', 'Test Encounter', 'Your Clinic Name Here', '3','60','356', '0000-00-00 00:00:00', 'normal', 'NULL','4', '0', '0','NULL', '0', '1', '0', '', '', '3');
INSERT INTO `forms` (`id`, `date`, `encounter`, `form_name`, `form_id`, `pid`, `user`, `groupname`, `authorized`, `deleted`, `formdir`) VALUES
    ('356','2017-6-29 15:00:00','356', 'Patient Encounter', '356', '60', 'admin', 'Default', '1', '0', 'patient_encounter');
INSERT INTO `libreehr_postcalendar_events` 
        (`pc_catid`,`pc_multiple`,`pc_aid`,`pc_pid`,`pc_title`,`pc_time`,`pc_hometext`,`pc_comments`,`pc_counter`,`pc_topic`,`pc_informant`,`pc_eventDate`,
        `pc_endDate`,`pc_duration`,`pc_recurrtype`,`pc_recurrspec`,`pc_recurrfreq`,`pc_startTime`,`pc_endTime`,`pc_alldayevent`,`pc_location`,`pc_eventstatus`,
        `pc_sharing`,`pc_apptstatus`,`pc_prefcatid`,`pc_facility`,`pc_billing_location`)VALUES
        ( 1,355,'1','60','Office Visit','2017-6-29 15:00:00','Clinical Appointment',0,0,1,'1',
        '2017-6-29 15:00:00','0000-00-00',900,0,
        'a:6:{s:17:"event_repeat_freq";s:1:"0";s:22:"event_repeat_freq_type";s:1:"0";s:19:"event_repeat_on_num";s:1:"1";s:19:"event_repeat_on_day";s:1:"0";s:20:"event_repeat_on_freq";s:1:"0";s:6:"exdate";s:0:"";}',
        0,'15:00:00','15:15:00',0,
        'a:6:{s:14:"event_location";s:0:"";s:13:"event_street1";s:0:"";s:13:"event_street2";s:0:"";s:10:"event_city";s:0:"";s:11:"event_state";s:0:"";s:12:"event_postal";s:0:"";}',
        1,1,'-',0,1,1);
INSERT INTO `form_encounter` (`id`, `date`, `reason`, `facility`, `facility_id`, `pid`, `encounter`,
     `onset_date`, `sensitivity`, `billing_note`, `pc_catid`, `last_level_billed`, `last_level_closed`, `last_stmt_date`, `stmt_count`,
      `provider_id`, `supervisor_id`, `invoice_refno`, `referral_source`, `billing_facility`) VALUES
    ('357','2017-7-29 17:15:00', 'Test Encounter', 'Your Clinic Name Here', '3','60','357', '0000-00-00 00:00:00', 'normal', 'NULL','9', '0', '0','NULL', '0', '1', '0', '', '', '3');
INSERT INTO `forms` (`id`, `date`, `encounter`, `form_name`, `form_id`, `pid`, `user`, `groupname`, `authorized`, `deleted`, `formdir`) VALUES
    ('357','2017-7-29 17:15:00','357', 'Patient Encounter', '357', '60', 'admin', 'Default', '1', '0', 'patient_encounter');
INSERT INTO `libreehr_postcalendar_events` 
        (`pc_catid`,`pc_multiple`,`pc_aid`,`pc_pid`,`pc_title`,`pc_time`,`pc_hometext`,`pc_comments`,`pc_counter`,`pc_topic`,`pc_informant`,`pc_eventDate`,
        `pc_endDate`,`pc_duration`,`pc_recurrtype`,`pc_recurrspec`,`pc_recurrfreq`,`pc_startTime`,`pc_endTime`,`pc_alldayevent`,`pc_location`,`pc_eventstatus`,
        `pc_sharing`,`pc_apptstatus`,`pc_prefcatid`,`pc_facility`,`pc_billing_location`)VALUES
        ( 1,356,'1','60','Office Visit','2017-7-29 17:15:00','Clinical Appointment',0,0,1,'1',
        '2017-7-29 17:15:00','0000-00-00',900,0,
        'a:6:{s:17:"event_repeat_freq";s:1:"0";s:22:"event_repeat_freq_type";s:1:"0";s:19:"event_repeat_on_num";s:1:"1";s:19:"event_repeat_on_day";s:1:"0";s:20:"event_repeat_on_freq";s:1:"0";s:6:"exdate";s:0:"";}',
        0,'17:15:00','17:30:00',0,
        'a:6:{s:14:"event_location";s:0:"";s:13:"event_street1";s:0:"";s:13:"event_street2";s:0:"";s:10:"event_city";s:0:"";s:11:"event_state";s:0:"";s:12:"event_postal";s:0:"";}',
        1,1,'-',0,1,1);
INSERT INTO `form_encounter` (`id`, `date`, `reason`, `facility`, `facility_id`, `pid`, `encounter`,
     `onset_date`, `sensitivity`, `billing_note`, `pc_catid`, `last_level_billed`, `last_level_closed`, `last_stmt_date`, `stmt_count`,
      `provider_id`, `supervisor_id`, `invoice_refno`, `referral_source`, `billing_facility`) VALUES
    ('358','2017-8-28 11:15:00', 'Test Encounter', 'Your Clinic Name Here', '3','60','358', '0000-00-00 00:00:00', 'normal', 'NULL','10', '0', '0','NULL', '0', '1', '0', '', '', '3');
INSERT INTO `forms` (`id`, `date`, `encounter`, `form_name`, `form_id`, `pid`, `user`, `groupname`, `authorized`, `deleted`, `formdir`) VALUES
    ('358','2017-8-28 11:15:00','358', 'Patient Encounter', '358', '60', 'admin', 'Default', '1', '0', 'patient_encounter');
INSERT INTO `libreehr_postcalendar_events` 
        (`pc_catid`,`pc_multiple`,`pc_aid`,`pc_pid`,`pc_title`,`pc_time`,`pc_hometext`,`pc_comments`,`pc_counter`,`pc_topic`,`pc_informant`,`pc_eventDate`,
        `pc_endDate`,`pc_duration`,`pc_recurrtype`,`pc_recurrspec`,`pc_recurrfreq`,`pc_startTime`,`pc_endTime`,`pc_alldayevent`,`pc_location`,`pc_eventstatus`,
        `pc_sharing`,`pc_apptstatus`,`pc_prefcatid`,`pc_facility`,`pc_billing_location`)VALUES
        ( 1,357,'1','60','Office Visit','2017-8-28 11:15:00','Clinical Appointment',0,0,1,'1',
        '2017-8-28 11:15:00','0000-00-00',900,0,
        'a:6:{s:17:"event_repeat_freq";s:1:"0";s:22:"event_repeat_freq_type";s:1:"0";s:19:"event_repeat_on_num";s:1:"1";s:19:"event_repeat_on_day";s:1:"0";s:20:"event_repeat_on_freq";s:1:"0";s:6:"exdate";s:0:"";}',
        0,'11:15:00','11:30:00',0,
        'a:6:{s:14:"event_location";s:0:"";s:13:"event_street1";s:0:"";s:13:"event_street2";s:0:"";s:10:"event_city";s:0:"";s:11:"event_state";s:0:"";s:12:"event_postal";s:0:"";}',
        1,1,'-',0,1,1);
INSERT INTO `form_encounter` (`id`, `date`, `reason`, `facility`, `facility_id`, `pid`, `encounter`,
     `onset_date`, `sensitivity`, `billing_note`, `pc_catid`, `last_level_billed`, `last_level_closed`, `last_stmt_date`, `stmt_count`,
      `provider_id`, `supervisor_id`, `invoice_refno`, `referral_source`, `billing_facility`) VALUES
    ('359','2017-9-27 15:00:00', 'Test Encounter', 'Your Clinic Name Here', '3','60','359', '0000-00-00 00:00:00', 'normal', 'NULL','8', '0', '0','NULL', '0', '1', '0', '', '', '3');
INSERT INTO `forms` (`id`, `date`, `encounter`, `form_name`, `form_id`, `pid`, `user`, `groupname`, `authorized`, `deleted`, `formdir`) VALUES
    ('359','2017-9-27 15:00:00','359', 'Patient Encounter', '359', '60', 'admin', 'Default', '1', '0', 'patient_encounter');
INSERT INTO `libreehr_postcalendar_events` 
        (`pc_catid`,`pc_multiple`,`pc_aid`,`pc_pid`,`pc_title`,`pc_time`,`pc_hometext`,`pc_comments`,`pc_counter`,`pc_topic`,`pc_informant`,`pc_eventDate`,
        `pc_endDate`,`pc_duration`,`pc_recurrtype`,`pc_recurrspec`,`pc_recurrfreq`,`pc_startTime`,`pc_endTime`,`pc_alldayevent`,`pc_location`,`pc_eventstatus`,
        `pc_sharing`,`pc_apptstatus`,`pc_prefcatid`,`pc_facility`,`pc_billing_location`)VALUES
        ( 1,358,'1','60','Office Visit','2017-9-27 15:00:00','Clinical Appointment',0,0,1,'1',
        '2017-9-27 15:00:00','0000-00-00',900,0,
        'a:6:{s:17:"event_repeat_freq";s:1:"0";s:22:"event_repeat_freq_type";s:1:"0";s:19:"event_repeat_on_num";s:1:"1";s:19:"event_repeat_on_day";s:1:"0";s:20:"event_repeat_on_freq";s:1:"0";s:6:"exdate";s:0:"";}',
        0,'15:00:00','15:15:00',0,
        'a:6:{s:14:"event_location";s:0:"";s:13:"event_street1";s:0:"";s:13:"event_street2";s:0:"";s:10:"event_city";s:0:"";s:11:"event_state";s:0:"";s:12:"event_postal";s:0:"";}',
        1,1,'-',0,1,1);
INSERT INTO `patient_data` (`title`, `language`, `financial`, `fname`, `lname`, `mname`, `DOB`,`street`, `postal_code`, `city`, `state`,  `drivers_license`, `ss`,`occupation`, `phone_home`, `phone_biz`, `phone_contact`, `phone_cell`,`status`, `contact_relationship`, `date`, `sex`, `referrer`, `referrerID`,`providerID`, `email`, `ethnoracial`, `interpretter`, `migrantseasonal`,`family_size`, `monthly_income`, `homeless`, `financial_review`, `pubpid`,`pid`, `genericname1`, `genericval1`, `genericname2`, `genericval2`) VALUES
 ('Mr.','English','','NEIL','BURNS','N.','1952-11-12','552 OakAve.','98460','Winchester','NJ','599624979','50198135',' ','(576) 978-951','(576) 978-951','(576) 978-951','(576) 978-951','single','Friend','2003-11-17 12:06:00','Male','JIMMY AUSTIN','1','1','NEIL@LibreEHR.org','Tejano',' ',' ','6','8711',' ','000-00-00 00:00:00','61','61',' ',' ',' ',' ');
INSERT INTO `insurance_data` (`id`, `type`, `provider`, `plan_name`, `policy_number`,`group_number`, `subscriber_lname`, `subscriber_mname`, `subscriber_fname`, `subscriber_relationship`, `subscriber_ss`,`subscriber_DOB`, `subscriber_street`, `subscriber_postal_code`, `subscriber_city`, `subscriber_state`, `subscriber_country`,`subscriber_phone`, `subscriber_employer`, `subscriber_employer_street`, `subscriber_employer_postal_code`,`subscriber_employer_state`, `subscriber_employer_country`, `subscriber_employer_city`, `copay`, `date`, `pid`,`subscriber_sex`, `accept_assignment`) VALUES('178','primary','7519','Litigeous Heartless LTD','305670607','649793687','BURNS','N.','NEIL','self','50198135','1952-11-12','552 OakAve.','98460','Winchester','NJ','Openemria','(576) 978-951','OEMR.org','','','NJ','Openemria','Winchester','','2011-10-10','61','Male','TRUE');
INSERT INTO `insurance_data` (`id`, `type`, `provider`, `plan_name`, `policy_number`,`group_number`, `subscriber_lname`, `subscriber_mname`, `subscriber_fname`, `subscriber_relationship`, `subscriber_ss`,`subscriber_DOB`, `subscriber_street`, `subscriber_postal_code`, `subscriber_city`, `subscriber_state`, `subscriber_country`,`subscriber_phone`, `subscriber_employer`, `subscriber_employer_street`, `subscriber_employer_postal_code`,`subscriber_employer_state`, `subscriber_employer_country`, `subscriber_employer_city`, `copay`, `date`, `pid`,`subscriber_sex`, `accept_assignment`) VALUES('179','secondary','2651','Puce Mutual HMO','889104735','578851639','BURNS','N.','NEIL','self','50198135','1952-11-12','552 OakAve.','98460','Winchester','NJ','Openemria','(576) 978-951','OEMR.org','','','NJ','Openemria','Winchester','','2011-10-10','61','Male','TRUE');
INSERT INTO `insurance_data` (`id`, `type`, `provider`, `plan_name`, `policy_number`,`group_number`, `subscriber_lname`, `subscriber_mname`, `subscriber_fname`, `subscriber_relationship`, `subscriber_ss`,`subscriber_DOB`, `subscriber_street`, `subscriber_postal_code`, `subscriber_city`, `subscriber_state`, `subscriber_country`,`subscriber_phone`, `subscriber_employer`, `subscriber_employer_street`, `subscriber_employer_postal_code`,`subscriber_employer_state`, `subscriber_employer_country`, `subscriber_employer_city`, `copay`, `date`, `pid`,`subscriber_sex`, `accept_assignment`) VALUES('180','tertiary','6843','Pink Provider Very LTD.','525592955','825575869','BURNS','N.','NEIL','self','50198135','1952-11-12','552 OakAve.','98460','Winchester','NJ','Openemria','(576) 978-951','OEMR.org','','','NJ','Openemria','Winchester','','2011-10-10','61','Male','FALSE');
INSERT INTO `form_encounter` (`id`, `date`, `reason`, `facility`, `facility_id`, `pid`, `encounter`,
     `onset_date`, `sensitivity`, `billing_note`, `pc_catid`, `last_level_billed`, `last_level_closed`, `last_stmt_date`, `stmt_count`,
      `provider_id`, `supervisor_id`, `invoice_refno`, `referral_source`, `billing_facility`) VALUES
    ('360','2017-3-31 12:15:00', 'Test Encounter', 'Your Clinic Name Here', '3','61','360', '0000-00-00 00:00:00', 'normal', 'NULL','6', '0', '0','NULL', '0', '1', '0', '', '', '3');
INSERT INTO `forms` (`id`, `date`, `encounter`, `form_name`, `form_id`, `pid`, `user`, `groupname`, `authorized`, `deleted`, `formdir`) VALUES
    ('360','2017-3-31 12:15:00','360', 'Patient Encounter', '360', '61', 'admin', 'Default', '1', '0', 'patient_encounter');
INSERT INTO `libreehr_postcalendar_events` 
        (`pc_catid`,`pc_multiple`,`pc_aid`,`pc_pid`,`pc_title`,`pc_time`,`pc_hometext`,`pc_comments`,`pc_counter`,`pc_topic`,`pc_informant`,`pc_eventDate`,
        `pc_endDate`,`pc_duration`,`pc_recurrtype`,`pc_recurrspec`,`pc_recurrfreq`,`pc_startTime`,`pc_endTime`,`pc_alldayevent`,`pc_location`,`pc_eventstatus`,
        `pc_sharing`,`pc_apptstatus`,`pc_prefcatid`,`pc_facility`,`pc_billing_location`)VALUES
        ( 1,359,'1','61','Office Visit','2017-3-31 12:15:00','Clinical Appointment',0,0,1,'1',
        '2017-3-31 12:15:00','0000-00-00',900,0,
        'a:6:{s:17:"event_repeat_freq";s:1:"0";s:22:"event_repeat_freq_type";s:1:"0";s:19:"event_repeat_on_num";s:1:"1";s:19:"event_repeat_on_day";s:1:"0";s:20:"event_repeat_on_freq";s:1:"0";s:6:"exdate";s:0:"";}',
        0,'12:15:00','12:30:00',0,
        'a:6:{s:14:"event_location";s:0:"";s:13:"event_street1";s:0:"";s:13:"event_street2";s:0:"";s:10:"event_city";s:0:"";s:11:"event_state";s:0:"";s:12:"event_postal";s:0:"";}',
        1,1,'-',0,1,1);
INSERT INTO `form_encounter` (`id`, `date`, `reason`, `facility`, `facility_id`, `pid`, `encounter`,
     `onset_date`, `sensitivity`, `billing_note`, `pc_catid`, `last_level_billed`, `last_level_closed`, `last_stmt_date`, `stmt_count`,
      `provider_id`, `supervisor_id`, `invoice_refno`, `referral_source`, `billing_facility`) VALUES
    ('361','2017-4-30 16:30:00', 'Test Encounter', 'Your Clinic Name Here', '3','61','361', '0000-00-00 00:00:00', 'normal', 'NULL','4', '0', '0','NULL', '0', '1', '0', '', '', '3');
INSERT INTO `forms` (`id`, `date`, `encounter`, `form_name`, `form_id`, `pid`, `user`, `groupname`, `authorized`, `deleted`, `formdir`) VALUES
    ('361','2017-4-30 16:30:00','361', 'Patient Encounter', '361', '61', 'admin', 'Default', '1', '0', 'patient_encounter');
INSERT INTO `libreehr_postcalendar_events` 
        (`pc_catid`,`pc_multiple`,`pc_aid`,`pc_pid`,`pc_title`,`pc_time`,`pc_hometext`,`pc_comments`,`pc_counter`,`pc_topic`,`pc_informant`,`pc_eventDate`,
        `pc_endDate`,`pc_duration`,`pc_recurrtype`,`pc_recurrspec`,`pc_recurrfreq`,`pc_startTime`,`pc_endTime`,`pc_alldayevent`,`pc_location`,`pc_eventstatus`,
        `pc_sharing`,`pc_apptstatus`,`pc_prefcatid`,`pc_facility`,`pc_billing_location`)VALUES
        ( 1,360,'1','61','Office Visit','2017-4-30 16:30:00','Clinical Appointment',0,0,1,'1',
        '2017-4-30 16:30:00','0000-00-00',900,0,
        'a:6:{s:17:"event_repeat_freq";s:1:"0";s:22:"event_repeat_freq_type";s:1:"0";s:19:"event_repeat_on_num";s:1:"1";s:19:"event_repeat_on_day";s:1:"0";s:20:"event_repeat_on_freq";s:1:"0";s:6:"exdate";s:0:"";}',
        0,'16:30:00','16:45:00',0,
        'a:6:{s:14:"event_location";s:0:"";s:13:"event_street1";s:0:"";s:13:"event_street2";s:0:"";s:10:"event_city";s:0:"";s:11:"event_state";s:0:"";s:12:"event_postal";s:0:"";}',
        1,1,'-',0,1,1);
INSERT INTO `form_encounter` (`id`, `date`, `reason`, `facility`, `facility_id`, `pid`, `encounter`,
     `onset_date`, `sensitivity`, `billing_note`, `pc_catid`, `last_level_billed`, `last_level_closed`, `last_stmt_date`, `stmt_count`,
      `provider_id`, `supervisor_id`, `invoice_refno`, `referral_source`, `billing_facility`) VALUES
    ('362','2017-5-30 17:00:00', 'Test Encounter', 'Your Clinic Name Here', '3','61','362', '0000-00-00 00:00:00', 'normal', 'NULL','4', '0', '0','NULL', '0', '1', '0', '', '', '3');
INSERT INTO `forms` (`id`, `date`, `encounter`, `form_name`, `form_id`, `pid`, `user`, `groupname`, `authorized`, `deleted`, `formdir`) VALUES
    ('362','2017-5-30 17:00:00','362', 'Patient Encounter', '362', '61', 'admin', 'Default', '1', '0', 'patient_encounter');
INSERT INTO `libreehr_postcalendar_events` 
        (`pc_catid`,`pc_multiple`,`pc_aid`,`pc_pid`,`pc_title`,`pc_time`,`pc_hometext`,`pc_comments`,`pc_counter`,`pc_topic`,`pc_informant`,`pc_eventDate`,
        `pc_endDate`,`pc_duration`,`pc_recurrtype`,`pc_recurrspec`,`pc_recurrfreq`,`pc_startTime`,`pc_endTime`,`pc_alldayevent`,`pc_location`,`pc_eventstatus`,
        `pc_sharing`,`pc_apptstatus`,`pc_prefcatid`,`pc_facility`,`pc_billing_location`)VALUES
        ( 1,361,'1','61','Office Visit','2017-5-30 17:00:00','Clinical Appointment',0,0,1,'1',
        '2017-5-30 17:00:00','0000-00-00',900,0,
        'a:6:{s:17:"event_repeat_freq";s:1:"0";s:22:"event_repeat_freq_type";s:1:"0";s:19:"event_repeat_on_num";s:1:"1";s:19:"event_repeat_on_day";s:1:"0";s:20:"event_repeat_on_freq";s:1:"0";s:6:"exdate";s:0:"";}',
        0,'17:00:00','17:15:00',0,
        'a:6:{s:14:"event_location";s:0:"";s:13:"event_street1";s:0:"";s:13:"event_street2";s:0:"";s:10:"event_city";s:0:"";s:11:"event_state";s:0:"";s:12:"event_postal";s:0:"";}',
        1,1,'-',0,1,1);
INSERT INTO `form_encounter` (`id`, `date`, `reason`, `facility`, `facility_id`, `pid`, `encounter`,
     `onset_date`, `sensitivity`, `billing_note`, `pc_catid`, `last_level_billed`, `last_level_closed`, `last_stmt_date`, `stmt_count`,
      `provider_id`, `supervisor_id`, `invoice_refno`, `referral_source`, `billing_facility`) VALUES
    ('363','2017-6-29 13:30:00', 'Test Encounter', 'Your Clinic Name Here', '3','61','363', '0000-00-00 00:00:00', 'normal', 'NULL','3', '0', '0','NULL', '0', '1', '0', '', '', '3');
INSERT INTO `forms` (`id`, `date`, `encounter`, `form_name`, `form_id`, `pid`, `user`, `groupname`, `authorized`, `deleted`, `formdir`) VALUES
    ('363','2017-6-29 13:30:00','363', 'Patient Encounter', '363', '61', 'admin', 'Default', '1', '0', 'patient_encounter');
INSERT INTO `libreehr_postcalendar_events` 
        (`pc_catid`,`pc_multiple`,`pc_aid`,`pc_pid`,`pc_title`,`pc_time`,`pc_hometext`,`pc_comments`,`pc_counter`,`pc_topic`,`pc_informant`,`pc_eventDate`,
        `pc_endDate`,`pc_duration`,`pc_recurrtype`,`pc_recurrspec`,`pc_recurrfreq`,`pc_startTime`,`pc_endTime`,`pc_alldayevent`,`pc_location`,`pc_eventstatus`,
        `pc_sharing`,`pc_apptstatus`,`pc_prefcatid`,`pc_facility`,`pc_billing_location`)VALUES
        ( 1,362,'1','61','Office Visit','2017-6-29 13:30:00','Clinical Appointment',0,0,1,'1',
        '2017-6-29 13:30:00','0000-00-00',900,0,
        'a:6:{s:17:"event_repeat_freq";s:1:"0";s:22:"event_repeat_freq_type";s:1:"0";s:19:"event_repeat_on_num";s:1:"1";s:19:"event_repeat_on_day";s:1:"0";s:20:"event_repeat_on_freq";s:1:"0";s:6:"exdate";s:0:"";}',
        0,'13:30:00','13:45:00',0,
        'a:6:{s:14:"event_location";s:0:"";s:13:"event_street1";s:0:"";s:13:"event_street2";s:0:"";s:10:"event_city";s:0:"";s:11:"event_state";s:0:"";s:12:"event_postal";s:0:"";}',
        1,1,'-',0,1,1);
INSERT INTO `form_encounter` (`id`, `date`, `reason`, `facility`, `facility_id`, `pid`, `encounter`,
     `onset_date`, `sensitivity`, `billing_note`, `pc_catid`, `last_level_billed`, `last_level_closed`, `last_stmt_date`, `stmt_count`,
      `provider_id`, `supervisor_id`, `invoice_refno`, `referral_source`, `billing_facility`) VALUES
    ('364','2017-7-29 14:00:00', 'Test Encounter', 'Your Clinic Name Here', '3','61','364', '0000-00-00 00:00:00', 'normal', 'NULL','4', '0', '0','NULL', '0', '1', '0', '', '', '3');
INSERT INTO `forms` (`id`, `date`, `encounter`, `form_name`, `form_id`, `pid`, `user`, `groupname`, `authorized`, `deleted`, `formdir`) VALUES
    ('364','2017-7-29 14:00:00','364', 'Patient Encounter', '364', '61', 'admin', 'Default', '1', '0', 'patient_encounter');
INSERT INTO `libreehr_postcalendar_events` 
        (`pc_catid`,`pc_multiple`,`pc_aid`,`pc_pid`,`pc_title`,`pc_time`,`pc_hometext`,`pc_comments`,`pc_counter`,`pc_topic`,`pc_informant`,`pc_eventDate`,
        `pc_endDate`,`pc_duration`,`pc_recurrtype`,`pc_recurrspec`,`pc_recurrfreq`,`pc_startTime`,`pc_endTime`,`pc_alldayevent`,`pc_location`,`pc_eventstatus`,
        `pc_sharing`,`pc_apptstatus`,`pc_prefcatid`,`pc_facility`,`pc_billing_location`)VALUES
        ( 1,363,'1','61','Office Visit','2017-7-29 14:00:00','Clinical Appointment',0,0,1,'1',
        '2017-7-29 14:00:00','0000-00-00',900,0,
        'a:6:{s:17:"event_repeat_freq";s:1:"0";s:22:"event_repeat_freq_type";s:1:"0";s:19:"event_repeat_on_num";s:1:"1";s:19:"event_repeat_on_day";s:1:"0";s:20:"event_repeat_on_freq";s:1:"0";s:6:"exdate";s:0:"";}',
        0,'14:00:00','14:15:00',0,
        'a:6:{s:14:"event_location";s:0:"";s:13:"event_street1";s:0:"";s:13:"event_street2";s:0:"";s:10:"event_city";s:0:"";s:11:"event_state";s:0:"";s:12:"event_postal";s:0:"";}',
        1,1,'-',0,1,1);
INSERT INTO `form_encounter` (`id`, `date`, `reason`, `facility`, `facility_id`, `pid`, `encounter`,
     `onset_date`, `sensitivity`, `billing_note`, `pc_catid`, `last_level_billed`, `last_level_closed`, `last_stmt_date`, `stmt_count`,
      `provider_id`, `supervisor_id`, `invoice_refno`, `referral_source`, `billing_facility`) VALUES
    ('365','2017-8-28 12:30:00', 'Test Encounter', 'Your Clinic Name Here', '3','61','365', '0000-00-00 00:00:00', 'normal', 'NULL','6', '0', '0','NULL', '0', '1', '0', '', '', '3');
INSERT INTO `forms` (`id`, `date`, `encounter`, `form_name`, `form_id`, `pid`, `user`, `groupname`, `authorized`, `deleted`, `formdir`) VALUES
    ('365','2017-8-28 12:30:00','365', 'Patient Encounter', '365', '61', 'admin', 'Default', '1', '0', 'patient_encounter');
INSERT INTO `libreehr_postcalendar_events` 
        (`pc_catid`,`pc_multiple`,`pc_aid`,`pc_pid`,`pc_title`,`pc_time`,`pc_hometext`,`pc_comments`,`pc_counter`,`pc_topic`,`pc_informant`,`pc_eventDate`,
        `pc_endDate`,`pc_duration`,`pc_recurrtype`,`pc_recurrspec`,`pc_recurrfreq`,`pc_startTime`,`pc_endTime`,`pc_alldayevent`,`pc_location`,`pc_eventstatus`,
        `pc_sharing`,`pc_apptstatus`,`pc_prefcatid`,`pc_facility`,`pc_billing_location`)VALUES
        ( 1,364,'1','61','Office Visit','2017-8-28 12:30:00','Clinical Appointment',0,0,1,'1',
        '2017-8-28 12:30:00','0000-00-00',900,0,
        'a:6:{s:17:"event_repeat_freq";s:1:"0";s:22:"event_repeat_freq_type";s:1:"0";s:19:"event_repeat_on_num";s:1:"1";s:19:"event_repeat_on_day";s:1:"0";s:20:"event_repeat_on_freq";s:1:"0";s:6:"exdate";s:0:"";}',
        0,'12:30:00','12:45:00',0,
        'a:6:{s:14:"event_location";s:0:"";s:13:"event_street1";s:0:"";s:13:"event_street2";s:0:"";s:10:"event_city";s:0:"";s:11:"event_state";s:0:"";s:12:"event_postal";s:0:"";}',
        1,1,'-',0,1,1);
INSERT INTO `form_encounter` (`id`, `date`, `reason`, `facility`, `facility_id`, `pid`, `encounter`,
     `onset_date`, `sensitivity`, `billing_note`, `pc_catid`, `last_level_billed`, `last_level_closed`, `last_stmt_date`, `stmt_count`,
      `provider_id`, `supervisor_id`, `invoice_refno`, `referral_source`, `billing_facility`) VALUES
    ('366','2017-9-27 16:15:00', 'Test Encounter', 'Your Clinic Name Here', '3','61','366', '0000-00-00 00:00:00', 'normal', 'NULL','9', '0', '0','NULL', '0', '1', '0', '', '', '3');
INSERT INTO `forms` (`id`, `date`, `encounter`, `form_name`, `form_id`, `pid`, `user`, `groupname`, `authorized`, `deleted`, `formdir`) VALUES
    ('366','2017-9-27 16:15:00','366', 'Patient Encounter', '366', '61', 'admin', 'Default', '1', '0', 'patient_encounter');
INSERT INTO `libreehr_postcalendar_events` 
        (`pc_catid`,`pc_multiple`,`pc_aid`,`pc_pid`,`pc_title`,`pc_time`,`pc_hometext`,`pc_comments`,`pc_counter`,`pc_topic`,`pc_informant`,`pc_eventDate`,
        `pc_endDate`,`pc_duration`,`pc_recurrtype`,`pc_recurrspec`,`pc_recurrfreq`,`pc_startTime`,`pc_endTime`,`pc_alldayevent`,`pc_location`,`pc_eventstatus`,
        `pc_sharing`,`pc_apptstatus`,`pc_prefcatid`,`pc_facility`,`pc_billing_location`)VALUES
        ( 1,365,'1','61','Office Visit','2017-9-27 16:15:00','Clinical Appointment',0,0,1,'1',
        '2017-9-27 16:15:00','0000-00-00',900,0,
        'a:6:{s:17:"event_repeat_freq";s:1:"0";s:22:"event_repeat_freq_type";s:1:"0";s:19:"event_repeat_on_num";s:1:"1";s:19:"event_repeat_on_day";s:1:"0";s:20:"event_repeat_on_freq";s:1:"0";s:6:"exdate";s:0:"";}',
        0,'16:15:00','16:30:00',0,
        'a:6:{s:14:"event_location";s:0:"";s:13:"event_street1";s:0:"";s:13:"event_street2";s:0:"";s:10:"event_city";s:0:"";s:11:"event_state";s:0:"";s:12:"event_postal";s:0:"";}',
        1,1,'-',0,1,1);
INSERT INTO `patient_data` (`title`, `language`, `financial`, `fname`, `lname`, `mname`, `DOB`,`street`, `postal_code`, `city`, `state`,  `drivers_license`, `ss`,`occupation`, `phone_home`, `phone_biz`, `phone_contact`, `phone_cell`,`status`, `contact_relationship`, `date`, `sex`, `referrer`, `referrerID`,`providerID`, `email`, `ethnoracial`, `interpretter`, `migrantseasonal`,`family_size`, `monthly_income`, `homeless`, `financial_review`, `pubpid`,`pid`, `genericname1`, `genericval1`, `genericname2`, `genericval2`) VALUES
 ('Mr.','English','','RICHARD','HARPER','B.','1960-7-6','5853 PeachWay','5029','Hudson','MT','462518707','783930139',' ','(839) 248-6691','(839) 248-6691','(839) 248-6691','(839) 248-6691','married','Friend','2003-11-17 12:06:00','Male','HUGH LEWIS','1','1','RICHARD@LibreEHR.org','Vietnamese',' ',' ','2','1464',' ','000-00-00 00:00:00','62','62',' ',' ',' ',' ');
INSERT INTO `insurance_data` (`id`, `type`, `provider`, `plan_name`, `policy_number`,`group_number`, `subscriber_lname`, `subscriber_mname`, `subscriber_fname`, `subscriber_relationship`, `subscriber_ss`,`subscriber_DOB`, `subscriber_street`, `subscriber_postal_code`, `subscriber_city`, `subscriber_state`, `subscriber_country`,`subscriber_phone`, `subscriber_employer`, `subscriber_employer_street`, `subscriber_employer_postal_code`,`subscriber_employer_state`, `subscriber_employer_country`, `subscriber_employer_city`, `copay`, `date`, `pid`,`subscriber_sex`, `accept_assignment`) VALUES('181','primary','7519','Litigeous Heartless LTD','454239436','372257335','HARPER','B.','RICHARD','self','783930139','1960-7-6','5853 PeachWay','5029','Hudson','MT','Openemria','(839) 248-6691','OEMR.org','','','MT','Openemria','Hudson','','2011-10-10','62','Male','TRUE');
INSERT INTO `insurance_data` (`id`, `type`, `provider`, `plan_name`, `policy_number`,`group_number`, `subscriber_lname`, `subscriber_mname`, `subscriber_fname`, `subscriber_relationship`, `subscriber_ss`,`subscriber_DOB`, `subscriber_street`, `subscriber_postal_code`, `subscriber_city`, `subscriber_state`, `subscriber_country`,`subscriber_phone`, `subscriber_employer`, `subscriber_employer_street`, `subscriber_employer_postal_code`,`subscriber_employer_state`, `subscriber_employer_country`, `subscriber_employer_city`, `copay`, `date`, `pid`,`subscriber_sex`, `accept_assignment`) VALUES('182','secondary','2651','Puce Mutual HMO','215362500','81035372','HARPER','B.','RICHARD','self','783930139','1960-7-6','5853 PeachWay','5029','Hudson','MT','Openemria','(839) 248-6691','OEMR.org','','','MT','Openemria','Hudson','','2011-10-10','62','Male','TRUE');
INSERT INTO `insurance_data` (`id`, `type`, `provider`, `plan_name`, `policy_number`,`group_number`, `subscriber_lname`, `subscriber_mname`, `subscriber_fname`, `subscriber_relationship`, `subscriber_ss`,`subscriber_DOB`, `subscriber_street`, `subscriber_postal_code`, `subscriber_city`, `subscriber_state`, `subscriber_country`,`subscriber_phone`, `subscriber_employer`, `subscriber_employer_street`, `subscriber_employer_postal_code`,`subscriber_employer_state`, `subscriber_employer_country`, `subscriber_employer_city`, `copay`, `date`, `pid`,`subscriber_sex`, `accept_assignment`) VALUES('183','tertiary','6843','Pink Provider Very LTD.','586357507','798391151','HARPER','B.','RICHARD','self','783930139','1960-7-6','5853 PeachWay','5029','Hudson','MT','Openemria','(839) 248-6691','OEMR.org','','','MT','Openemria','Hudson','','2011-10-10','62','Male','FALSE');
INSERT INTO `form_encounter` (`id`, `date`, `reason`, `facility`, `facility_id`, `pid`, `encounter`,
     `onset_date`, `sensitivity`, `billing_note`, `pc_catid`, `last_level_billed`, `last_level_closed`, `last_stmt_date`, `stmt_count`,
      `provider_id`, `supervisor_id`, `invoice_refno`, `referral_source`, `billing_facility`) VALUES
    ('367','2017-9-27 14:15:00', 'Test Encounter', 'Your Clinic Name Here', '3','62','367', '0000-00-00 00:00:00', 'normal', 'NULL','1', '0', '0','NULL', '0', '1', '0', '', '', '3');
INSERT INTO `forms` (`id`, `date`, `encounter`, `form_name`, `form_id`, `pid`, `user`, `groupname`, `authorized`, `deleted`, `formdir`) VALUES
    ('367','2017-9-27 14:15:00','367', 'Patient Encounter', '367', '62', 'admin', 'Default', '1', '0', 'patient_encounter');
INSERT INTO `libreehr_postcalendar_events` 
        (`pc_catid`,`pc_multiple`,`pc_aid`,`pc_pid`,`pc_title`,`pc_time`,`pc_hometext`,`pc_comments`,`pc_counter`,`pc_topic`,`pc_informant`,`pc_eventDate`,
        `pc_endDate`,`pc_duration`,`pc_recurrtype`,`pc_recurrspec`,`pc_recurrfreq`,`pc_startTime`,`pc_endTime`,`pc_alldayevent`,`pc_location`,`pc_eventstatus`,
        `pc_sharing`,`pc_apptstatus`,`pc_prefcatid`,`pc_facility`,`pc_billing_location`)VALUES
        ( 1,366,'1','62','Office Visit','2017-9-27 14:15:00','Clinical Appointment',0,0,1,'1',
        '2017-9-27 14:15:00','0000-00-00',900,0,
        'a:6:{s:17:"event_repeat_freq";s:1:"0";s:22:"event_repeat_freq_type";s:1:"0";s:19:"event_repeat_on_num";s:1:"1";s:19:"event_repeat_on_day";s:1:"0";s:20:"event_repeat_on_freq";s:1:"0";s:6:"exdate";s:0:"";}',
        0,'14:15:00','14:30:00',0,
        'a:6:{s:14:"event_location";s:0:"";s:13:"event_street1";s:0:"";s:13:"event_street2";s:0:"";s:10:"event_city";s:0:"";s:11:"event_state";s:0:"";s:12:"event_postal";s:0:"";}',
        1,1,'-',0,1,1);
INSERT INTO `patient_data` (`title`, `language`, `financial`, `fname`, `lname`, `mname`, `DOB`,`street`, `postal_code`, `city`, `state`,  `drivers_license`, `ss`,`occupation`, `phone_home`, `phone_biz`, `phone_contact`, `phone_cell`,`status`, `contact_relationship`, `date`, `sex`, `referrer`, `referrerID`,`providerID`, `email`, `ethnoracial`, `interpretter`, `migrantseasonal`,`family_size`, `monthly_income`, `homeless`, `financial_review`, `pubpid`,`pid`, `genericname1`, `genericval1`, `genericname2`, `genericval2`) VALUES
 ('Mr.','English','','WILLARD','JENKINS','E.','1955-10-8','4351 AppleWay','89479','Franklin','DE','484454808','743324927',' ','(429) 892-9746','(429) 892-9746','(429) 892-9746','(429) 892-9746','married','Friend','2003-11-17 12:06:00','Male','MARVIN GARRETT','1','1','WILLARD@LibreEHR.org','Puerto Rican',' ',' ','7','7400',' ','000-00-00 00:00:00','63','63',' ',' ',' ',' ');
INSERT INTO `insurance_data` (`id`, `type`, `provider`, `plan_name`, `policy_number`,`group_number`, `subscriber_lname`, `subscriber_mname`, `subscriber_fname`, `subscriber_relationship`, `subscriber_ss`,`subscriber_DOB`, `subscriber_street`, `subscriber_postal_code`, `subscriber_city`, `subscriber_state`, `subscriber_country`,`subscriber_phone`, `subscriber_employer`, `subscriber_employer_street`, `subscriber_employer_postal_code`,`subscriber_employer_state`, `subscriber_employer_country`, `subscriber_employer_city`, `copay`, `date`, `pid`,`subscriber_sex`, `accept_assignment`) VALUES('184','primary','5612','Violet Group HMO','767344317','259755541','JENKINS','E.','WILLARD','self','743324927','1955-10-8','4351 AppleWay','89479','Franklin','DE','Openemria','(429) 892-9746','OEMR.org','','','DE','Openemria','Franklin','','2011-10-10','63','Male','TRUE');
INSERT INTO `insurance_data` (`id`, `type`, `provider`, `plan_name`, `policy_number`,`group_number`, `subscriber_lname`, `subscriber_mname`, `subscriber_fname`, `subscriber_relationship`, `subscriber_ss`,`subscriber_DOB`, `subscriber_street`, `subscriber_postal_code`, `subscriber_city`, `subscriber_state`, `subscriber_country`,`subscriber_phone`, `subscriber_employer`, `subscriber_employer_street`, `subscriber_employer_postal_code`,`subscriber_employer_state`, `subscriber_employer_country`, `subscriber_employer_city`, `copay`, `date`, `pid`,`subscriber_sex`, `accept_assignment`) VALUES('185','secondary','3362','Incompetent Provider Company','581585796','559267560','JENKINS','E.','WILLARD','self','743324927','1955-10-8','4351 AppleWay','89479','Franklin','DE','Openemria','(429) 892-9746','OEMR.org','','','DE','Openemria','Franklin','','2011-10-10','63','Male','TRUE');
INSERT INTO `insurance_data` (`id`, `type`, `provider`, `plan_name`, `policy_number`,`group_number`, `subscriber_lname`, `subscriber_mname`, `subscriber_fname`, `subscriber_relationship`, `subscriber_ss`,`subscriber_DOB`, `subscriber_street`, `subscriber_postal_code`, `subscriber_city`, `subscriber_state`, `subscriber_country`,`subscriber_phone`, `subscriber_employer`, `subscriber_employer_street`, `subscriber_employer_postal_code`,`subscriber_employer_state`, `subscriber_employer_country`, `subscriber_employer_city`, `copay`, `date`, `pid`,`subscriber_sex`, `accept_assignment`) VALUES('186','tertiary','0','0','907713206','343461194','JENKINS','E.','WILLARD','self','743324927','1955-10-8','4351 AppleWay','89479','Franklin','DE','Openemria','(429) 892-9746','OEMR.org','','','DE','Openemria','Franklin','','2011-10-10','63','Male','FALSE');
INSERT INTO `form_encounter` (`id`, `date`, `reason`, `facility`, `facility_id`, `pid`, `encounter`,
     `onset_date`, `sensitivity`, `billing_note`, `pc_catid`, `last_level_billed`, `last_level_closed`, `last_stmt_date`, `stmt_count`,
      `provider_id`, `supervisor_id`, `invoice_refno`, `referral_source`, `billing_facility`) VALUES
    ('368','2017-1-30 16:00:00', 'Test Encounter', 'Your Clinic Name Here', '3','63','368', '0000-00-00 00:00:00', 'normal', 'NULL','2', '0', '0','NULL', '0', '1', '0', '', '', '3');
INSERT INTO `forms` (`id`, `date`, `encounter`, `form_name`, `form_id`, `pid`, `user`, `groupname`, `authorized`, `deleted`, `formdir`) VALUES
    ('368','2017-1-30 16:00:00','368', 'Patient Encounter', '368', '63', 'admin', 'Default', '1', '0', 'patient_encounter');
INSERT INTO `libreehr_postcalendar_events` 
        (`pc_catid`,`pc_multiple`,`pc_aid`,`pc_pid`,`pc_title`,`pc_time`,`pc_hometext`,`pc_comments`,`pc_counter`,`pc_topic`,`pc_informant`,`pc_eventDate`,
        `pc_endDate`,`pc_duration`,`pc_recurrtype`,`pc_recurrspec`,`pc_recurrfreq`,`pc_startTime`,`pc_endTime`,`pc_alldayevent`,`pc_location`,`pc_eventstatus`,
        `pc_sharing`,`pc_apptstatus`,`pc_prefcatid`,`pc_facility`,`pc_billing_location`)VALUES
        ( 1,367,'1','63','Office Visit','2017-1-30 16:00:00','Clinical Appointment',0,0,1,'1',
        '2017-1-30 16:00:00','0000-00-00',900,0,
        'a:6:{s:17:"event_repeat_freq";s:1:"0";s:22:"event_repeat_freq_type";s:1:"0";s:19:"event_repeat_on_num";s:1:"1";s:19:"event_repeat_on_day";s:1:"0";s:20:"event_repeat_on_freq";s:1:"0";s:6:"exdate";s:0:"";}',
        0,'16:00:00','16:15:00',0,
        'a:6:{s:14:"event_location";s:0:"";s:13:"event_street1";s:0:"";s:13:"event_street2";s:0:"";s:10:"event_city";s:0:"";s:11:"event_state";s:0:"";s:12:"event_postal";s:0:"";}',
        1,1,'-',0,1,1);
INSERT INTO `form_encounter` (`id`, `date`, `reason`, `facility`, `facility_id`, `pid`, `encounter`,
     `onset_date`, `sensitivity`, `billing_note`, `pc_catid`, `last_level_billed`, `last_level_closed`, `last_stmt_date`, `stmt_count`,
      `provider_id`, `supervisor_id`, `invoice_refno`, `referral_source`, `billing_facility`) VALUES
    ('369','2017-3-1 13:00:00', 'Test Encounter', 'Your Clinic Name Here', '3','63','369', '0000-00-00 00:00:00', 'normal', 'NULL','7', '0', '0','NULL', '0', '1', '0', '', '', '3');
INSERT INTO `forms` (`id`, `date`, `encounter`, `form_name`, `form_id`, `pid`, `user`, `groupname`, `authorized`, `deleted`, `formdir`) VALUES
    ('369','2017-3-1 13:00:00','369', 'Patient Encounter', '369', '63', 'admin', 'Default', '1', '0', 'patient_encounter');
INSERT INTO `libreehr_postcalendar_events` 
        (`pc_catid`,`pc_multiple`,`pc_aid`,`pc_pid`,`pc_title`,`pc_time`,`pc_hometext`,`pc_comments`,`pc_counter`,`pc_topic`,`pc_informant`,`pc_eventDate`,
        `pc_endDate`,`pc_duration`,`pc_recurrtype`,`pc_recurrspec`,`pc_recurrfreq`,`pc_startTime`,`pc_endTime`,`pc_alldayevent`,`pc_location`,`pc_eventstatus`,
        `pc_sharing`,`pc_apptstatus`,`pc_prefcatid`,`pc_facility`,`pc_billing_location`)VALUES
        ( 1,368,'1','63','Office Visit','2017-3-1 13:00:00','Clinical Appointment',0,0,1,'1',
        '2017-3-1 13:00:00','0000-00-00',900,0,
        'a:6:{s:17:"event_repeat_freq";s:1:"0";s:22:"event_repeat_freq_type";s:1:"0";s:19:"event_repeat_on_num";s:1:"1";s:19:"event_repeat_on_day";s:1:"0";s:20:"event_repeat_on_freq";s:1:"0";s:6:"exdate";s:0:"";}',
        0,'13:00:00','13:15:00',0,
        'a:6:{s:14:"event_location";s:0:"";s:13:"event_street1";s:0:"";s:13:"event_street2";s:0:"";s:10:"event_city";s:0:"";s:11:"event_state";s:0:"";s:12:"event_postal";s:0:"";}',
        1,1,'-',0,1,1);
INSERT INTO `form_encounter` (`id`, `date`, `reason`, `facility`, `facility_id`, `pid`, `encounter`,
     `onset_date`, `sensitivity`, `billing_note`, `pc_catid`, `last_level_billed`, `last_level_closed`, `last_stmt_date`, `stmt_count`,
      `provider_id`, `supervisor_id`, `invoice_refno`, `referral_source`, `billing_facility`) VALUES
    ('370','2017-3-31 11:00:00', 'Test Encounter', 'Your Clinic Name Here', '3','63','370', '0000-00-00 00:00:00', 'normal', 'NULL','7', '0', '0','NULL', '0', '1', '0', '', '', '3');
INSERT INTO `forms` (`id`, `date`, `encounter`, `form_name`, `form_id`, `pid`, `user`, `groupname`, `authorized`, `deleted`, `formdir`) VALUES
    ('370','2017-3-31 11:00:00','370', 'Patient Encounter', '370', '63', 'admin', 'Default', '1', '0', 'patient_encounter');
INSERT INTO `libreehr_postcalendar_events` 
        (`pc_catid`,`pc_multiple`,`pc_aid`,`pc_pid`,`pc_title`,`pc_time`,`pc_hometext`,`pc_comments`,`pc_counter`,`pc_topic`,`pc_informant`,`pc_eventDate`,
        `pc_endDate`,`pc_duration`,`pc_recurrtype`,`pc_recurrspec`,`pc_recurrfreq`,`pc_startTime`,`pc_endTime`,`pc_alldayevent`,`pc_location`,`pc_eventstatus`,
        `pc_sharing`,`pc_apptstatus`,`pc_prefcatid`,`pc_facility`,`pc_billing_location`)VALUES
        ( 1,369,'1','63','Office Visit','2017-3-31 11:00:00','Clinical Appointment',0,0,1,'1',
        '2017-3-31 11:00:00','0000-00-00',900,0,
        'a:6:{s:17:"event_repeat_freq";s:1:"0";s:22:"event_repeat_freq_type";s:1:"0";s:19:"event_repeat_on_num";s:1:"1";s:19:"event_repeat_on_day";s:1:"0";s:20:"event_repeat_on_freq";s:1:"0";s:6:"exdate";s:0:"";}',
        0,'11:00:00','11:15:00',0,
        'a:6:{s:14:"event_location";s:0:"";s:13:"event_street1";s:0:"";s:13:"event_street2";s:0:"";s:10:"event_city";s:0:"";s:11:"event_state";s:0:"";s:12:"event_postal";s:0:"";}',
        1,1,'-',0,1,1);
INSERT INTO `form_encounter` (`id`, `date`, `reason`, `facility`, `facility_id`, `pid`, `encounter`,
     `onset_date`, `sensitivity`, `billing_note`, `pc_catid`, `last_level_billed`, `last_level_closed`, `last_stmt_date`, `stmt_count`,
      `provider_id`, `supervisor_id`, `invoice_refno`, `referral_source`, `billing_facility`) VALUES
    ('371','2017-4-30 14:15:00', 'Test Encounter', 'Your Clinic Name Here', '3','63','371', '0000-00-00 00:00:00', 'normal', 'NULL','3', '0', '0','NULL', '0', '1', '0', '', '', '3');
INSERT INTO `forms` (`id`, `date`, `encounter`, `form_name`, `form_id`, `pid`, `user`, `groupname`, `authorized`, `deleted`, `formdir`) VALUES
    ('371','2017-4-30 14:15:00','371', 'Patient Encounter', '371', '63', 'admin', 'Default', '1', '0', 'patient_encounter');
INSERT INTO `libreehr_postcalendar_events` 
        (`pc_catid`,`pc_multiple`,`pc_aid`,`pc_pid`,`pc_title`,`pc_time`,`pc_hometext`,`pc_comments`,`pc_counter`,`pc_topic`,`pc_informant`,`pc_eventDate`,
        `pc_endDate`,`pc_duration`,`pc_recurrtype`,`pc_recurrspec`,`pc_recurrfreq`,`pc_startTime`,`pc_endTime`,`pc_alldayevent`,`pc_location`,`pc_eventstatus`,
        `pc_sharing`,`pc_apptstatus`,`pc_prefcatid`,`pc_facility`,`pc_billing_location`)VALUES
        ( 1,370,'1','63','Office Visit','2017-4-30 14:15:00','Clinical Appointment',0,0,1,'1',
        '2017-4-30 14:15:00','0000-00-00',900,0,
        'a:6:{s:17:"event_repeat_freq";s:1:"0";s:22:"event_repeat_freq_type";s:1:"0";s:19:"event_repeat_on_num";s:1:"1";s:19:"event_repeat_on_day";s:1:"0";s:20:"event_repeat_on_freq";s:1:"0";s:6:"exdate";s:0:"";}',
        0,'14:15:00','14:30:00',0,
        'a:6:{s:14:"event_location";s:0:"";s:13:"event_street1";s:0:"";s:13:"event_street2";s:0:"";s:10:"event_city";s:0:"";s:11:"event_state";s:0:"";s:12:"event_postal";s:0:"";}',
        1,1,'-',0,1,1);
INSERT INTO `form_encounter` (`id`, `date`, `reason`, `facility`, `facility_id`, `pid`, `encounter`,
     `onset_date`, `sensitivity`, `billing_note`, `pc_catid`, `last_level_billed`, `last_level_closed`, `last_stmt_date`, `stmt_count`,
      `provider_id`, `supervisor_id`, `invoice_refno`, `referral_source`, `billing_facility`) VALUES
    ('372','2017-5-30 14:00:00', 'Test Encounter', 'Your Clinic Name Here', '3','63','372', '0000-00-00 00:00:00', 'normal', 'NULL','10', '0', '0','NULL', '0', '1', '0', '', '', '3');
INSERT INTO `forms` (`id`, `date`, `encounter`, `form_name`, `form_id`, `pid`, `user`, `groupname`, `authorized`, `deleted`, `formdir`) VALUES
    ('372','2017-5-30 14:00:00','372', 'Patient Encounter', '372', '63', 'admin', 'Default', '1', '0', 'patient_encounter');
INSERT INTO `libreehr_postcalendar_events` 
        (`pc_catid`,`pc_multiple`,`pc_aid`,`pc_pid`,`pc_title`,`pc_time`,`pc_hometext`,`pc_comments`,`pc_counter`,`pc_topic`,`pc_informant`,`pc_eventDate`,
        `pc_endDate`,`pc_duration`,`pc_recurrtype`,`pc_recurrspec`,`pc_recurrfreq`,`pc_startTime`,`pc_endTime`,`pc_alldayevent`,`pc_location`,`pc_eventstatus`,
        `pc_sharing`,`pc_apptstatus`,`pc_prefcatid`,`pc_facility`,`pc_billing_location`)VALUES
        ( 1,371,'1','63','Office Visit','2017-5-30 14:00:00','Clinical Appointment',0,0,1,'1',
        '2017-5-30 14:00:00','0000-00-00',900,0,
        'a:6:{s:17:"event_repeat_freq";s:1:"0";s:22:"event_repeat_freq_type";s:1:"0";s:19:"event_repeat_on_num";s:1:"1";s:19:"event_repeat_on_day";s:1:"0";s:20:"event_repeat_on_freq";s:1:"0";s:6:"exdate";s:0:"";}',
        0,'14:00:00','14:15:00',0,
        'a:6:{s:14:"event_location";s:0:"";s:13:"event_street1";s:0:"";s:13:"event_street2";s:0:"";s:10:"event_city";s:0:"";s:11:"event_state";s:0:"";s:12:"event_postal";s:0:"";}',
        1,1,'-',0,1,1);
INSERT INTO `form_encounter` (`id`, `date`, `reason`, `facility`, `facility_id`, `pid`, `encounter`,
     `onset_date`, `sensitivity`, `billing_note`, `pc_catid`, `last_level_billed`, `last_level_closed`, `last_stmt_date`, `stmt_count`,
      `provider_id`, `supervisor_id`, `invoice_refno`, `referral_source`, `billing_facility`) VALUES
    ('373','2017-6-29 17:15:00', 'Test Encounter', 'Your Clinic Name Here', '3','63','373', '0000-00-00 00:00:00', 'normal', 'NULL','6', '0', '0','NULL', '0', '1', '0', '', '', '3');
INSERT INTO `forms` (`id`, `date`, `encounter`, `form_name`, `form_id`, `pid`, `user`, `groupname`, `authorized`, `deleted`, `formdir`) VALUES
    ('373','2017-6-29 17:15:00','373', 'Patient Encounter', '373', '63', 'admin', 'Default', '1', '0', 'patient_encounter');
INSERT INTO `libreehr_postcalendar_events` 
        (`pc_catid`,`pc_multiple`,`pc_aid`,`pc_pid`,`pc_title`,`pc_time`,`pc_hometext`,`pc_comments`,`pc_counter`,`pc_topic`,`pc_informant`,`pc_eventDate`,
        `pc_endDate`,`pc_duration`,`pc_recurrtype`,`pc_recurrspec`,`pc_recurrfreq`,`pc_startTime`,`pc_endTime`,`pc_alldayevent`,`pc_location`,`pc_eventstatus`,
        `pc_sharing`,`pc_apptstatus`,`pc_prefcatid`,`pc_facility`,`pc_billing_location`)VALUES
        ( 1,372,'1','63','Office Visit','2017-6-29 17:15:00','Clinical Appointment',0,0,1,'1',
        '2017-6-29 17:15:00','0000-00-00',900,0,
        'a:6:{s:17:"event_repeat_freq";s:1:"0";s:22:"event_repeat_freq_type";s:1:"0";s:19:"event_repeat_on_num";s:1:"1";s:19:"event_repeat_on_day";s:1:"0";s:20:"event_repeat_on_freq";s:1:"0";s:6:"exdate";s:0:"";}',
        0,'17:15:00','17:30:00',0,
        'a:6:{s:14:"event_location";s:0:"";s:13:"event_street1";s:0:"";s:13:"event_street2";s:0:"";s:10:"event_city";s:0:"";s:11:"event_state";s:0:"";s:12:"event_postal";s:0:"";}',
        1,1,'-',0,1,1);
INSERT INTO `form_encounter` (`id`, `date`, `reason`, `facility`, `facility_id`, `pid`, `encounter`,
     `onset_date`, `sensitivity`, `billing_note`, `pc_catid`, `last_level_billed`, `last_level_closed`, `last_stmt_date`, `stmt_count`,
      `provider_id`, `supervisor_id`, `invoice_refno`, `referral_source`, `billing_facility`) VALUES
    ('374','2017-7-29 14:00:00', 'Test Encounter', 'Your Clinic Name Here', '3','63','374', '0000-00-00 00:00:00', 'normal', 'NULL','2', '0', '0','NULL', '0', '1', '0', '', '', '3');
INSERT INTO `forms` (`id`, `date`, `encounter`, `form_name`, `form_id`, `pid`, `user`, `groupname`, `authorized`, `deleted`, `formdir`) VALUES
    ('374','2017-7-29 14:00:00','374', 'Patient Encounter', '374', '63', 'admin', 'Default', '1', '0', 'patient_encounter');
INSERT INTO `libreehr_postcalendar_events` 
        (`pc_catid`,`pc_multiple`,`pc_aid`,`pc_pid`,`pc_title`,`pc_time`,`pc_hometext`,`pc_comments`,`pc_counter`,`pc_topic`,`pc_informant`,`pc_eventDate`,
        `pc_endDate`,`pc_duration`,`pc_recurrtype`,`pc_recurrspec`,`pc_recurrfreq`,`pc_startTime`,`pc_endTime`,`pc_alldayevent`,`pc_location`,`pc_eventstatus`,
        `pc_sharing`,`pc_apptstatus`,`pc_prefcatid`,`pc_facility`,`pc_billing_location`)VALUES
        ( 1,373,'1','63','Office Visit','2017-7-29 14:00:00','Clinical Appointment',0,0,1,'1',
        '2017-7-29 14:00:00','0000-00-00',900,0,
        'a:6:{s:17:"event_repeat_freq";s:1:"0";s:22:"event_repeat_freq_type";s:1:"0";s:19:"event_repeat_on_num";s:1:"1";s:19:"event_repeat_on_day";s:1:"0";s:20:"event_repeat_on_freq";s:1:"0";s:6:"exdate";s:0:"";}',
        0,'14:00:00','14:15:00',0,
        'a:6:{s:14:"event_location";s:0:"";s:13:"event_street1";s:0:"";s:13:"event_street2";s:0:"";s:10:"event_city";s:0:"";s:11:"event_state";s:0:"";s:12:"event_postal";s:0:"";}',
        1,1,'-',0,1,1);
INSERT INTO `form_encounter` (`id`, `date`, `reason`, `facility`, `facility_id`, `pid`, `encounter`,
     `onset_date`, `sensitivity`, `billing_note`, `pc_catid`, `last_level_billed`, `last_level_closed`, `last_stmt_date`, `stmt_count`,
      `provider_id`, `supervisor_id`, `invoice_refno`, `referral_source`, `billing_facility`) VALUES
    ('375','2017-8-28 11:15:00', 'Test Encounter', 'Your Clinic Name Here', '3','63','375', '0000-00-00 00:00:00', 'normal', 'NULL','10', '0', '0','NULL', '0', '1', '0', '', '', '3');
INSERT INTO `forms` (`id`, `date`, `encounter`, `form_name`, `form_id`, `pid`, `user`, `groupname`, `authorized`, `deleted`, `formdir`) VALUES
    ('375','2017-8-28 11:15:00','375', 'Patient Encounter', '375', '63', 'admin', 'Default', '1', '0', 'patient_encounter');
INSERT INTO `libreehr_postcalendar_events` 
        (`pc_catid`,`pc_multiple`,`pc_aid`,`pc_pid`,`pc_title`,`pc_time`,`pc_hometext`,`pc_comments`,`pc_counter`,`pc_topic`,`pc_informant`,`pc_eventDate`,
        `pc_endDate`,`pc_duration`,`pc_recurrtype`,`pc_recurrspec`,`pc_recurrfreq`,`pc_startTime`,`pc_endTime`,`pc_alldayevent`,`pc_location`,`pc_eventstatus`,
        `pc_sharing`,`pc_apptstatus`,`pc_prefcatid`,`pc_facility`,`pc_billing_location`)VALUES
        ( 1,374,'1','63','Office Visit','2017-8-28 11:15:00','Clinical Appointment',0,0,1,'1',
        '2017-8-28 11:15:00','0000-00-00',900,0,
        'a:6:{s:17:"event_repeat_freq";s:1:"0";s:22:"event_repeat_freq_type";s:1:"0";s:19:"event_repeat_on_num";s:1:"1";s:19:"event_repeat_on_day";s:1:"0";s:20:"event_repeat_on_freq";s:1:"0";s:6:"exdate";s:0:"";}',
        0,'11:15:00','11:30:00',0,
        'a:6:{s:14:"event_location";s:0:"";s:13:"event_street1";s:0:"";s:13:"event_street2";s:0:"";s:10:"event_city";s:0:"";s:11:"event_state";s:0:"";s:12:"event_postal";s:0:"";}',
        1,1,'-',0,1,1);
INSERT INTO `form_encounter` (`id`, `date`, `reason`, `facility`, `facility_id`, `pid`, `encounter`,
     `onset_date`, `sensitivity`, `billing_note`, `pc_catid`, `last_level_billed`, `last_level_closed`, `last_stmt_date`, `stmt_count`,
      `provider_id`, `supervisor_id`, `invoice_refno`, `referral_source`, `billing_facility`) VALUES
    ('376','2017-9-27 15:00:00', 'Test Encounter', 'Your Clinic Name Here', '3','63','376', '0000-00-00 00:00:00', 'normal', 'NULL','5', '0', '0','NULL', '0', '1', '0', '', '', '3');
INSERT INTO `forms` (`id`, `date`, `encounter`, `form_name`, `form_id`, `pid`, `user`, `groupname`, `authorized`, `deleted`, `formdir`) VALUES
    ('376','2017-9-27 15:00:00','376', 'Patient Encounter', '376', '63', 'admin', 'Default', '1', '0', 'patient_encounter');
INSERT INTO `libreehr_postcalendar_events` 
        (`pc_catid`,`pc_multiple`,`pc_aid`,`pc_pid`,`pc_title`,`pc_time`,`pc_hometext`,`pc_comments`,`pc_counter`,`pc_topic`,`pc_informant`,`pc_eventDate`,
        `pc_endDate`,`pc_duration`,`pc_recurrtype`,`pc_recurrspec`,`pc_recurrfreq`,`pc_startTime`,`pc_endTime`,`pc_alldayevent`,`pc_location`,`pc_eventstatus`,
        `pc_sharing`,`pc_apptstatus`,`pc_prefcatid`,`pc_facility`,`pc_billing_location`)VALUES
        ( 1,375,'1','63','Office Visit','2017-9-27 15:00:00','Clinical Appointment',0,0,1,'1',
        '2017-9-27 15:00:00','0000-00-00',900,0,
        'a:6:{s:17:"event_repeat_freq";s:1:"0";s:22:"event_repeat_freq_type";s:1:"0";s:19:"event_repeat_on_num";s:1:"1";s:19:"event_repeat_on_day";s:1:"0";s:20:"event_repeat_on_freq";s:1:"0";s:6:"exdate";s:0:"";}',
        0,'15:00:00','15:15:00',0,
        'a:6:{s:14:"event_location";s:0:"";s:13:"event_street1";s:0:"";s:13:"event_street2";s:0:"";s:10:"event_city";s:0:"";s:11:"event_state";s:0:"";s:12:"event_postal";s:0:"";}',
        1,1,'-',0,1,1);
INSERT INTO `patient_data` (`title`, `language`, `financial`, `fname`, `lname`, `mname`, `DOB`,`street`, `postal_code`, `city`, `state`,  `drivers_license`, `ss`,`occupation`, `phone_home`, `phone_biz`, `phone_contact`, `phone_cell`,`status`, `contact_relationship`, `date`, `sex`, `referrer`, `referrerID`,`providerID`, `email`, `ethnoracial`, `interpretter`, `migrantseasonal`,`family_size`, `monthly_income`, `homeless`, `financial_review`, `pubpid`,`pid`, `genericname1`, `genericval1`, `genericname2`, `genericval2`) VALUES
 ('Mr.','English','','JAIME','SPENCER','J.','1991-11-17','6433 MainAve.','15304','Marion','RI','152319533','28373039',' ','(505) 133-5336','(505) 133-5336','(505) 133-5336','(505) 133-5336','single','Friend','2003-11-17 12:06:00','Male','SHAWN ARMSTRONG','1','1','JAIME@LibreEHR.org','Cubano',' ',' ','9','1023',' ','000-00-00 00:00:00','64','64',' ',' ',' ',' ');
INSERT INTO `insurance_data` (`id`, `type`, `provider`, `plan_name`, `policy_number`,`group_number`, `subscriber_lname`, `subscriber_mname`, `subscriber_fname`, `subscriber_relationship`, `subscriber_ss`,`subscriber_DOB`, `subscriber_street`, `subscriber_postal_code`, `subscriber_city`, `subscriber_state`, `subscriber_country`,`subscriber_phone`, `subscriber_employer`, `subscriber_employer_street`, `subscriber_employer_postal_code`,`subscriber_employer_state`, `subscriber_employer_country`, `subscriber_employer_city`, `copay`, `date`, `pid`,`subscriber_sex`, `accept_assignment`) VALUES('187','primary','6843','Pink Provider Very LTD.','682373906','16601092','SPENCER','J.','JAIME','self','28373039','1991-11-17','6433 MainAve.','15304','Marion','RI','Openemria','(505) 133-5336','OEMR.org','','','RI','Openemria','Marion','','2011-10-10','64','Male','FALSE');
INSERT INTO `insurance_data` (`id`, `type`, `provider`, `plan_name`, `policy_number`,`group_number`, `subscriber_lname`, `subscriber_mname`, `subscriber_fname`, `subscriber_relationship`, `subscriber_ss`,`subscriber_DOB`, `subscriber_street`, `subscriber_postal_code`, `subscriber_city`, `subscriber_state`, `subscriber_country`,`subscriber_phone`, `subscriber_employer`, `subscriber_employer_street`, `subscriber_employer_postal_code`,`subscriber_employer_state`, `subscriber_employer_country`, `subscriber_employer_city`, `copay`, `date`, `pid`,`subscriber_sex`, `accept_assignment`) VALUES('188','secondary','8435','Backstreet Helpful Company','345661571','382130520','SPENCER','J.','JAIME','self','28373039','1991-11-17','6433 MainAve.','15304','Marion','RI','Openemria','(505) 133-5336','OEMR.org','','','RI','Openemria','Marion','','2011-10-10','64','Male','FALSE');
INSERT INTO `insurance_data` (`id`, `type`, `provider`, `plan_name`, `policy_number`,`group_number`, `subscriber_lname`, `subscriber_mname`, `subscriber_fname`, `subscriber_relationship`, `subscriber_ss`,`subscriber_DOB`, `subscriber_street`, `subscriber_postal_code`, `subscriber_city`, `subscriber_state`, `subscriber_country`,`subscriber_phone`, `subscriber_employer`, `subscriber_employer_street`, `subscriber_employer_postal_code`,`subscriber_employer_state`, `subscriber_employer_country`, `subscriber_employer_city`, `copay`, `date`, `pid`,`subscriber_sex`, `accept_assignment`) VALUES('189','tertiary','5612','Violet Group HMO','110571447','703663186','SPENCER','J.','JAIME','self','28373039','1991-11-17','6433 MainAve.','15304','Marion','RI','Openemria','(505) 133-5336','OEMR.org','','','RI','Openemria','Marion','','2011-10-10','64','Male','TRUE');
INSERT INTO `form_encounter` (`id`, `date`, `reason`, `facility`, `facility_id`, `pid`, `encounter`,
     `onset_date`, `sensitivity`, `billing_note`, `pc_catid`, `last_level_billed`, `last_level_closed`, `last_stmt_date`, `stmt_count`,
      `provider_id`, `supervisor_id`, `invoice_refno`, `referral_source`, `billing_facility`) VALUES
    ('377','2017-7-29 13:30:00', 'Test Encounter', 'Your Clinic Name Here', '3','64','377', '0000-00-00 00:00:00', 'normal', 'NULL','3', '0', '0','NULL', '0', '1', '0', '', '', '3');
INSERT INTO `forms` (`id`, `date`, `encounter`, `form_name`, `form_id`, `pid`, `user`, `groupname`, `authorized`, `deleted`, `formdir`) VALUES
    ('377','2017-7-29 13:30:00','377', 'Patient Encounter', '377', '64', 'admin', 'Default', '1', '0', 'patient_encounter');
INSERT INTO `libreehr_postcalendar_events` 
        (`pc_catid`,`pc_multiple`,`pc_aid`,`pc_pid`,`pc_title`,`pc_time`,`pc_hometext`,`pc_comments`,`pc_counter`,`pc_topic`,`pc_informant`,`pc_eventDate`,
        `pc_endDate`,`pc_duration`,`pc_recurrtype`,`pc_recurrspec`,`pc_recurrfreq`,`pc_startTime`,`pc_endTime`,`pc_alldayevent`,`pc_location`,`pc_eventstatus`,
        `pc_sharing`,`pc_apptstatus`,`pc_prefcatid`,`pc_facility`,`pc_billing_location`)VALUES
        ( 1,376,'1','64','Office Visit','2017-7-29 13:30:00','Clinical Appointment',0,0,1,'1',
        '2017-7-29 13:30:00','0000-00-00',900,0,
        'a:6:{s:17:"event_repeat_freq";s:1:"0";s:22:"event_repeat_freq_type";s:1:"0";s:19:"event_repeat_on_num";s:1:"1";s:19:"event_repeat_on_day";s:1:"0";s:20:"event_repeat_on_freq";s:1:"0";s:6:"exdate";s:0:"";}',
        0,'13:30:00','13:45:00',0,
        'a:6:{s:14:"event_location";s:0:"";s:13:"event_street1";s:0:"";s:13:"event_street2";s:0:"";s:10:"event_city";s:0:"";s:11:"event_state";s:0:"";s:12:"event_postal";s:0:"";}',
        1,1,'-',0,1,1);
INSERT INTO `form_encounter` (`id`, `date`, `reason`, `facility`, `facility_id`, `pid`, `encounter`,
     `onset_date`, `sensitivity`, `billing_note`, `pc_catid`, `last_level_billed`, `last_level_closed`, `last_stmt_date`, `stmt_count`,
      `provider_id`, `supervisor_id`, `invoice_refno`, `referral_source`, `billing_facility`) VALUES
    ('378','2017-8-28 13:00:00', 'Test Encounter', 'Your Clinic Name Here', '3','64','378', '0000-00-00 00:00:00', 'normal', 'NULL','1', '0', '0','NULL', '0', '1', '0', '', '', '3');
INSERT INTO `forms` (`id`, `date`, `encounter`, `form_name`, `form_id`, `pid`, `user`, `groupname`, `authorized`, `deleted`, `formdir`) VALUES
    ('378','2017-8-28 13:00:00','378', 'Patient Encounter', '378', '64', 'admin', 'Default', '1', '0', 'patient_encounter');
INSERT INTO `libreehr_postcalendar_events` 
        (`pc_catid`,`pc_multiple`,`pc_aid`,`pc_pid`,`pc_title`,`pc_time`,`pc_hometext`,`pc_comments`,`pc_counter`,`pc_topic`,`pc_informant`,`pc_eventDate`,
        `pc_endDate`,`pc_duration`,`pc_recurrtype`,`pc_recurrspec`,`pc_recurrfreq`,`pc_startTime`,`pc_endTime`,`pc_alldayevent`,`pc_location`,`pc_eventstatus`,
        `pc_sharing`,`pc_apptstatus`,`pc_prefcatid`,`pc_facility`,`pc_billing_location`)VALUES
        ( 1,377,'1','64','Office Visit','2017-8-28 13:00:00','Clinical Appointment',0,0,1,'1',
        '2017-8-28 13:00:00','0000-00-00',900,0,
        'a:6:{s:17:"event_repeat_freq";s:1:"0";s:22:"event_repeat_freq_type";s:1:"0";s:19:"event_repeat_on_num";s:1:"1";s:19:"event_repeat_on_day";s:1:"0";s:20:"event_repeat_on_freq";s:1:"0";s:6:"exdate";s:0:"";}',
        0,'13:00:00','13:15:00',0,
        'a:6:{s:14:"event_location";s:0:"";s:13:"event_street1";s:0:"";s:13:"event_street2";s:0:"";s:10:"event_city";s:0:"";s:11:"event_state";s:0:"";s:12:"event_postal";s:0:"";}',
        1,1,'-',0,1,1);
INSERT INTO `form_encounter` (`id`, `date`, `reason`, `facility`, `facility_id`, `pid`, `encounter`,
     `onset_date`, `sensitivity`, `billing_note`, `pc_catid`, `last_level_billed`, `last_level_closed`, `last_stmt_date`, `stmt_count`,
      `provider_id`, `supervisor_id`, `invoice_refno`, `referral_source`, `billing_facility`) VALUES
    ('379','2017-9-27 10:15:00', 'Test Encounter', 'Your Clinic Name Here', '3','64','379', '0000-00-00 00:00:00', 'normal', 'NULL','9', '0', '0','NULL', '0', '1', '0', '', '', '3');
INSERT INTO `forms` (`id`, `date`, `encounter`, `form_name`, `form_id`, `pid`, `user`, `groupname`, `authorized`, `deleted`, `formdir`) VALUES
    ('379','2017-9-27 10:15:00','379', 'Patient Encounter', '379', '64', 'admin', 'Default', '1', '0', 'patient_encounter');
INSERT INTO `libreehr_postcalendar_events` 
        (`pc_catid`,`pc_multiple`,`pc_aid`,`pc_pid`,`pc_title`,`pc_time`,`pc_hometext`,`pc_comments`,`pc_counter`,`pc_topic`,`pc_informant`,`pc_eventDate`,
        `pc_endDate`,`pc_duration`,`pc_recurrtype`,`pc_recurrspec`,`pc_recurrfreq`,`pc_startTime`,`pc_endTime`,`pc_alldayevent`,`pc_location`,`pc_eventstatus`,
        `pc_sharing`,`pc_apptstatus`,`pc_prefcatid`,`pc_facility`,`pc_billing_location`)VALUES
        ( 1,378,'1','64','Office Visit','2017-9-27 10:15:00','Clinical Appointment',0,0,1,'1',
        '2017-9-27 10:15:00','0000-00-00',900,0,
        'a:6:{s:17:"event_repeat_freq";s:1:"0";s:22:"event_repeat_freq_type";s:1:"0";s:19:"event_repeat_on_num";s:1:"1";s:19:"event_repeat_on_day";s:1:"0";s:20:"event_repeat_on_freq";s:1:"0";s:6:"exdate";s:0:"";}',
        0,'10:15:00','10:30:00',0,
        'a:6:{s:14:"event_location";s:0:"";s:13:"event_street1";s:0:"";s:13:"event_street2";s:0:"";s:10:"event_city";s:0:"";s:11:"event_state";s:0:"";s:12:"event_postal";s:0:"";}',
        1,1,'-',0,1,1);
INSERT INTO `patient_data` (`title`, `language`, `financial`, `fname`, `lname`, `mname`, `DOB`,`street`, `postal_code`, `city`, `state`,  `drivers_license`, `ss`,`occupation`, `phone_home`, `phone_biz`, `phone_contact`, `phone_cell`,`status`, `contact_relationship`, `date`, `sex`, `referrer`, `referrerID`,`providerID`, `email`, `ethnoracial`, `interpretter`, `migrantseasonal`,`family_size`, `monthly_income`, `homeless`, `financial_review`, `pubpid`,`pid`, `genericname1`, `genericval1`, `genericname2`, `genericval2`) VALUES
 ('Ms.','English','','VIRGINIA','BRYANT','P.','2000-10-21','9820 WallBLVD','74189','Centerville','NV','435480429','939279923',' ','(285) 418-6336','(285) 418-6336','(285) 418-6336','(285) 418-6336','single','Friend','2003-11-17 12:06:00','Female','MICHEAL WHITE','1','1','VIRGINIA@LibreEHR.org','Yankee',' ',' ','2','4120',' ','000-00-00 00:00:00','65','65',' ',' ',' ',' ');
INSERT INTO `insurance_data` (`id`, `type`, `provider`, `plan_name`, `policy_number`,`group_number`, `subscriber_lname`, `subscriber_mname`, `subscriber_fname`, `subscriber_relationship`, `subscriber_ss`,`subscriber_DOB`, `subscriber_street`, `subscriber_postal_code`, `subscriber_city`, `subscriber_state`, `subscriber_country`,`subscriber_phone`, `subscriber_employer`, `subscriber_employer_street`, `subscriber_employer_postal_code`,`subscriber_employer_state`, `subscriber_employer_country`, `subscriber_employer_city`, `copay`, `date`, `pid`,`subscriber_sex`, `accept_assignment`) VALUES('190','primary','7519','Litigeous Heartless LTD','845003226','813053145','BRYANT','P.','VIRGINIA','self','939279923','2000-10-21','9820 WallBLVD','74189','Centerville','NV','Openemria','(285) 418-6336','OEMR.org','','','NV','Openemria','Centerville','','2011-10-10','65','Female','FALSE');
INSERT INTO `insurance_data` (`id`, `type`, `provider`, `plan_name`, `policy_number`,`group_number`, `subscriber_lname`, `subscriber_mname`, `subscriber_fname`, `subscriber_relationship`, `subscriber_ss`,`subscriber_DOB`, `subscriber_street`, `subscriber_postal_code`, `subscriber_city`, `subscriber_state`, `subscriber_country`,`subscriber_phone`, `subscriber_employer`, `subscriber_employer_street`, `subscriber_employer_postal_code`,`subscriber_employer_state`, `subscriber_employer_country`, `subscriber_employer_city`, `copay`, `date`, `pid`,`subscriber_sex`, `accept_assignment`) VALUES('191','secondary','2651','Puce Mutual HMO','540887962','864705972','BRYANT','P.','VIRGINIA','self','939279923','2000-10-21','9820 WallBLVD','74189','Centerville','NV','Openemria','(285) 418-6336','OEMR.org','','','NV','Openemria','Centerville','','2011-10-10','65','Female','TRUE');
INSERT INTO `insurance_data` (`id`, `type`, `provider`, `plan_name`, `policy_number`,`group_number`, `subscriber_lname`, `subscriber_mname`, `subscriber_fname`, `subscriber_relationship`, `subscriber_ss`,`subscriber_DOB`, `subscriber_street`, `subscriber_postal_code`, `subscriber_city`, `subscriber_state`, `subscriber_country`,`subscriber_phone`, `subscriber_employer`, `subscriber_employer_street`, `subscriber_employer_postal_code`,`subscriber_employer_state`, `subscriber_employer_country`, `subscriber_employer_city`, `copay`, `date`, `pid`,`subscriber_sex`, `accept_assignment`) VALUES('192','tertiary','6843','Pink Provider Very LTD.','828675752','257337121','BRYANT','P.','VIRGINIA','self','939279923','2000-10-21','9820 WallBLVD','74189','Centerville','NV','Openemria','(285) 418-6336','OEMR.org','','','NV','Openemria','Centerville','','2011-10-10','65','Female','FALSE');
INSERT INTO `form_encounter` (`id`, `date`, `reason`, `facility`, `facility_id`, `pid`, `encounter`,
     `onset_date`, `sensitivity`, `billing_note`, `pc_catid`, `last_level_billed`, `last_level_closed`, `last_stmt_date`, `stmt_count`,
      `provider_id`, `supervisor_id`, `invoice_refno`, `referral_source`, `billing_facility`) VALUES
    ('380','2017-7-29 11:00:00', 'Test Encounter', 'Your Clinic Name Here', '3','65','380', '0000-00-00 00:00:00', 'normal', 'NULL','6', '0', '0','NULL', '0', '1', '0', '', '', '3');
INSERT INTO `forms` (`id`, `date`, `encounter`, `form_name`, `form_id`, `pid`, `user`, `groupname`, `authorized`, `deleted`, `formdir`) VALUES
    ('380','2017-7-29 11:00:00','380', 'Patient Encounter', '380', '65', 'admin', 'Default', '1', '0', 'patient_encounter');
INSERT INTO `libreehr_postcalendar_events` 
        (`pc_catid`,`pc_multiple`,`pc_aid`,`pc_pid`,`pc_title`,`pc_time`,`pc_hometext`,`pc_comments`,`pc_counter`,`pc_topic`,`pc_informant`,`pc_eventDate`,
        `pc_endDate`,`pc_duration`,`pc_recurrtype`,`pc_recurrspec`,`pc_recurrfreq`,`pc_startTime`,`pc_endTime`,`pc_alldayevent`,`pc_location`,`pc_eventstatus`,
        `pc_sharing`,`pc_apptstatus`,`pc_prefcatid`,`pc_facility`,`pc_billing_location`)VALUES
        ( 1,379,'1','65','Office Visit','2017-7-29 11:00:00','Clinical Appointment',0,0,1,'1',
        '2017-7-29 11:00:00','0000-00-00',900,0,
        'a:6:{s:17:"event_repeat_freq";s:1:"0";s:22:"event_repeat_freq_type";s:1:"0";s:19:"event_repeat_on_num";s:1:"1";s:19:"event_repeat_on_day";s:1:"0";s:20:"event_repeat_on_freq";s:1:"0";s:6:"exdate";s:0:"";}',
        0,'11:00:00','11:15:00',0,
        'a:6:{s:14:"event_location";s:0:"";s:13:"event_street1";s:0:"";s:13:"event_street2";s:0:"";s:10:"event_city";s:0:"";s:11:"event_state";s:0:"";s:12:"event_postal";s:0:"";}',
        1,1,'-',0,1,1);
INSERT INTO `form_encounter` (`id`, `date`, `reason`, `facility`, `facility_id`, `pid`, `encounter`,
     `onset_date`, `sensitivity`, `billing_note`, `pc_catid`, `last_level_billed`, `last_level_closed`, `last_stmt_date`, `stmt_count`,
      `provider_id`, `supervisor_id`, `invoice_refno`, `referral_source`, `billing_facility`) VALUES
    ('381','2017-8-28 11:15:00', 'Test Encounter', 'Your Clinic Name Here', '3','65','381', '0000-00-00 00:00:00', 'normal', 'NULL','6', '0', '0','NULL', '0', '1', '0', '', '', '3');
INSERT INTO `forms` (`id`, `date`, `encounter`, `form_name`, `form_id`, `pid`, `user`, `groupname`, `authorized`, `deleted`, `formdir`) VALUES
    ('381','2017-8-28 11:15:00','381', 'Patient Encounter', '381', '65', 'admin', 'Default', '1', '0', 'patient_encounter');
INSERT INTO `libreehr_postcalendar_events` 
        (`pc_catid`,`pc_multiple`,`pc_aid`,`pc_pid`,`pc_title`,`pc_time`,`pc_hometext`,`pc_comments`,`pc_counter`,`pc_topic`,`pc_informant`,`pc_eventDate`,
        `pc_endDate`,`pc_duration`,`pc_recurrtype`,`pc_recurrspec`,`pc_recurrfreq`,`pc_startTime`,`pc_endTime`,`pc_alldayevent`,`pc_location`,`pc_eventstatus`,
        `pc_sharing`,`pc_apptstatus`,`pc_prefcatid`,`pc_facility`,`pc_billing_location`)VALUES
        ( 1,380,'1','65','Office Visit','2017-8-28 11:15:00','Clinical Appointment',0,0,1,'1',
        '2017-8-28 11:15:00','0000-00-00',900,0,
        'a:6:{s:17:"event_repeat_freq";s:1:"0";s:22:"event_repeat_freq_type";s:1:"0";s:19:"event_repeat_on_num";s:1:"1";s:19:"event_repeat_on_day";s:1:"0";s:20:"event_repeat_on_freq";s:1:"0";s:6:"exdate";s:0:"";}',
        0,'11:15:00','11:30:00',0,
        'a:6:{s:14:"event_location";s:0:"";s:13:"event_street1";s:0:"";s:13:"event_street2";s:0:"";s:10:"event_city";s:0:"";s:11:"event_state";s:0:"";s:12:"event_postal";s:0:"";}',
        1,1,'-',0,1,1);
INSERT INTO `form_encounter` (`id`, `date`, `reason`, `facility`, `facility_id`, `pid`, `encounter`,
     `onset_date`, `sensitivity`, `billing_note`, `pc_catid`, `last_level_billed`, `last_level_closed`, `last_stmt_date`, `stmt_count`,
      `provider_id`, `supervisor_id`, `invoice_refno`, `referral_source`, `billing_facility`) VALUES
    ('382','2017-9-27 13:15:00', 'Test Encounter', 'Your Clinic Name Here', '3','65','382', '0000-00-00 00:00:00', 'normal', 'NULL','5', '0', '0','NULL', '0', '1', '0', '', '', '3');
INSERT INTO `forms` (`id`, `date`, `encounter`, `form_name`, `form_id`, `pid`, `user`, `groupname`, `authorized`, `deleted`, `formdir`) VALUES
    ('382','2017-9-27 13:15:00','382', 'Patient Encounter', '382', '65', 'admin', 'Default', '1', '0', 'patient_encounter');
INSERT INTO `libreehr_postcalendar_events` 
        (`pc_catid`,`pc_multiple`,`pc_aid`,`pc_pid`,`pc_title`,`pc_time`,`pc_hometext`,`pc_comments`,`pc_counter`,`pc_topic`,`pc_informant`,`pc_eventDate`,
        `pc_endDate`,`pc_duration`,`pc_recurrtype`,`pc_recurrspec`,`pc_recurrfreq`,`pc_startTime`,`pc_endTime`,`pc_alldayevent`,`pc_location`,`pc_eventstatus`,
        `pc_sharing`,`pc_apptstatus`,`pc_prefcatid`,`pc_facility`,`pc_billing_location`)VALUES
        ( 1,381,'1','65','Office Visit','2017-9-27 13:15:00','Clinical Appointment',0,0,1,'1',
        '2017-9-27 13:15:00','0000-00-00',900,0,
        'a:6:{s:17:"event_repeat_freq";s:1:"0";s:22:"event_repeat_freq_type";s:1:"0";s:19:"event_repeat_on_num";s:1:"1";s:19:"event_repeat_on_day";s:1:"0";s:20:"event_repeat_on_freq";s:1:"0";s:6:"exdate";s:0:"";}',
        0,'13:15:00','13:30:00',0,
        'a:6:{s:14:"event_location";s:0:"";s:13:"event_street1";s:0:"";s:13:"event_street2";s:0:"";s:10:"event_city";s:0:"";s:11:"event_state";s:0:"";s:12:"event_postal";s:0:"";}',
        1,1,'-',0,1,1);
INSERT INTO `patient_data` (`title`, `language`, `financial`, `fname`, `lname`, `mname`, `DOB`,`street`, `postal_code`, `city`, `state`,  `drivers_license`, `ss`,`occupation`, `phone_home`, `phone_biz`, `phone_contact`, `phone_cell`,`status`, `contact_relationship`, `date`, `sex`, `referrer`, `referrerID`,`providerID`, `email`, `ethnoracial`, `interpretter`, `migrantseasonal`,`family_size`, `monthly_income`, `homeless`, `financial_review`, `pubpid`,`pid`, `genericname1`, `genericval1`, `genericname2`, `genericval2`) VALUES
 ('Mr.','English','','BRADLEY','PETERS','H.','1963-11-17','8607 SesameAve.','20645','Salem','FL','840306944','575961563',' ','(915) 958-3832','(915) 958-3832','(915) 958-3832','(915) 958-3832','married','Friend','2003-11-17 12:06:00','Male','WILLARD GUERRERO','1','1','BRADLEY@LibreEHR.org','White',' ',' ','8','7692',' ','000-00-00 00:00:00','66','66',' ',' ',' ',' ');
INSERT INTO `insurance_data` (`id`, `type`, `provider`, `plan_name`, `policy_number`,`group_number`, `subscriber_lname`, `subscriber_mname`, `subscriber_fname`, `subscriber_relationship`, `subscriber_ss`,`subscriber_DOB`, `subscriber_street`, `subscriber_postal_code`, `subscriber_city`, `subscriber_state`, `subscriber_country`,`subscriber_phone`, `subscriber_employer`, `subscriber_employer_street`, `subscriber_employer_postal_code`,`subscriber_employer_state`, `subscriber_employer_country`, `subscriber_employer_city`, `copay`, `date`, `pid`,`subscriber_sex`, `accept_assignment`) VALUES('193','primary','6843','Pink Provider Very LTD.','198383715','475587856','PETERS','H.','BRADLEY','self','575961563','1963-11-17','8607 SesameAve.','20645','Salem','FL','Openemria','(915) 958-3832','OEMR.org','','','FL','Openemria','Salem','','2011-10-10','66','Male','FALSE');
INSERT INTO `insurance_data` (`id`, `type`, `provider`, `plan_name`, `policy_number`,`group_number`, `subscriber_lname`, `subscriber_mname`, `subscriber_fname`, `subscriber_relationship`, `subscriber_ss`,`subscriber_DOB`, `subscriber_street`, `subscriber_postal_code`, `subscriber_city`, `subscriber_state`, `subscriber_country`,`subscriber_phone`, `subscriber_employer`, `subscriber_employer_street`, `subscriber_employer_postal_code`,`subscriber_employer_state`, `subscriber_employer_country`, `subscriber_employer_city`, `copay`, `date`, `pid`,`subscriber_sex`, `accept_assignment`) VALUES('194','secondary','8435','Backstreet Helpful Company','219365168','878605845','PETERS','H.','BRADLEY','self','575961563','1963-11-17','8607 SesameAve.','20645','Salem','FL','Openemria','(915) 958-3832','OEMR.org','','','FL','Openemria','Salem','','2011-10-10','66','Male','TRUE');
INSERT INTO `insurance_data` (`id`, `type`, `provider`, `plan_name`, `policy_number`,`group_number`, `subscriber_lname`, `subscriber_mname`, `subscriber_fname`, `subscriber_relationship`, `subscriber_ss`,`subscriber_DOB`, `subscriber_street`, `subscriber_postal_code`, `subscriber_city`, `subscriber_state`, `subscriber_country`,`subscriber_phone`, `subscriber_employer`, `subscriber_employer_street`, `subscriber_employer_postal_code`,`subscriber_employer_state`, `subscriber_employer_country`, `subscriber_employer_city`, `copay`, `date`, `pid`,`subscriber_sex`, `accept_assignment`) VALUES('195','tertiary','5612','Violet Group HMO','438876461','932629703','PETERS','H.','BRADLEY','self','575961563','1963-11-17','8607 SesameAve.','20645','Salem','FL','Openemria','(915) 958-3832','OEMR.org','','','FL','Openemria','Salem','','2011-10-10','66','Male','TRUE');
INSERT INTO `form_encounter` (`id`, `date`, `reason`, `facility`, `facility_id`, `pid`, `encounter`,
     `onset_date`, `sensitivity`, `billing_note`, `pc_catid`, `last_level_billed`, `last_level_closed`, `last_stmt_date`, `stmt_count`,
      `provider_id`, `supervisor_id`, `invoice_refno`, `referral_source`, `billing_facility`) VALUES
    ('383','2017-8-28 14:00:00', 'Test Encounter', 'Your Clinic Name Here', '3','66','383', '0000-00-00 00:00:00', 'normal', 'NULL','7', '0', '0','NULL', '0', '1', '0', '', '', '3');
INSERT INTO `forms` (`id`, `date`, `encounter`, `form_name`, `form_id`, `pid`, `user`, `groupname`, `authorized`, `deleted`, `formdir`) VALUES
    ('383','2017-8-28 14:00:00','383', 'Patient Encounter', '383', '66', 'admin', 'Default', '1', '0', 'patient_encounter');
INSERT INTO `libreehr_postcalendar_events` 
        (`pc_catid`,`pc_multiple`,`pc_aid`,`pc_pid`,`pc_title`,`pc_time`,`pc_hometext`,`pc_comments`,`pc_counter`,`pc_topic`,`pc_informant`,`pc_eventDate`,
        `pc_endDate`,`pc_duration`,`pc_recurrtype`,`pc_recurrspec`,`pc_recurrfreq`,`pc_startTime`,`pc_endTime`,`pc_alldayevent`,`pc_location`,`pc_eventstatus`,
        `pc_sharing`,`pc_apptstatus`,`pc_prefcatid`,`pc_facility`,`pc_billing_location`)VALUES
        ( 1,382,'1','66','Office Visit','2017-8-28 14:00:00','Clinical Appointment',0,0,1,'1',
        '2017-8-28 14:00:00','0000-00-00',900,0,
        'a:6:{s:17:"event_repeat_freq";s:1:"0";s:22:"event_repeat_freq_type";s:1:"0";s:19:"event_repeat_on_num";s:1:"1";s:19:"event_repeat_on_day";s:1:"0";s:20:"event_repeat_on_freq";s:1:"0";s:6:"exdate";s:0:"";}',
        0,'14:00:00','14:15:00',0,
        'a:6:{s:14:"event_location";s:0:"";s:13:"event_street1";s:0:"";s:13:"event_street2";s:0:"";s:10:"event_city";s:0:"";s:11:"event_state";s:0:"";s:12:"event_postal";s:0:"";}',
        1,1,'-',0,1,1);
INSERT INTO `form_encounter` (`id`, `date`, `reason`, `facility`, `facility_id`, `pid`, `encounter`,
     `onset_date`, `sensitivity`, `billing_note`, `pc_catid`, `last_level_billed`, `last_level_closed`, `last_stmt_date`, `stmt_count`,
      `provider_id`, `supervisor_id`, `invoice_refno`, `referral_source`, `billing_facility`) VALUES
    ('384','2017-9-27 12:00:00', 'Test Encounter', 'Your Clinic Name Here', '3','66','384', '0000-00-00 00:00:00', 'normal', 'NULL','2', '0', '0','NULL', '0', '1', '0', '', '', '3');
INSERT INTO `forms` (`id`, `date`, `encounter`, `form_name`, `form_id`, `pid`, `user`, `groupname`, `authorized`, `deleted`, `formdir`) VALUES
    ('384','2017-9-27 12:00:00','384', 'Patient Encounter', '384', '66', 'admin', 'Default', '1', '0', 'patient_encounter');
INSERT INTO `libreehr_postcalendar_events` 
        (`pc_catid`,`pc_multiple`,`pc_aid`,`pc_pid`,`pc_title`,`pc_time`,`pc_hometext`,`pc_comments`,`pc_counter`,`pc_topic`,`pc_informant`,`pc_eventDate`,
        `pc_endDate`,`pc_duration`,`pc_recurrtype`,`pc_recurrspec`,`pc_recurrfreq`,`pc_startTime`,`pc_endTime`,`pc_alldayevent`,`pc_location`,`pc_eventstatus`,
        `pc_sharing`,`pc_apptstatus`,`pc_prefcatid`,`pc_facility`,`pc_billing_location`)VALUES
        ( 1,383,'1','66','Office Visit','2017-9-27 12:00:00','Clinical Appointment',0,0,1,'1',
        '2017-9-27 12:00:00','0000-00-00',900,0,
        'a:6:{s:17:"event_repeat_freq";s:1:"0";s:22:"event_repeat_freq_type";s:1:"0";s:19:"event_repeat_on_num";s:1:"1";s:19:"event_repeat_on_day";s:1:"0";s:20:"event_repeat_on_freq";s:1:"0";s:6:"exdate";s:0:"";}',
        0,'12:00:00','12:15:00',0,
        'a:6:{s:14:"event_location";s:0:"";s:13:"event_street1";s:0:"";s:13:"event_street2";s:0:"";s:10:"event_city";s:0:"";s:11:"event_state";s:0:"";s:12:"event_postal";s:0:"";}',
        1,1,'-',0,1,1);
INSERT INTO `patient_data` (`title`, `language`, `financial`, `fname`, `lname`, `mname`, `DOB`,`street`, `postal_code`, `city`, `state`,  `drivers_license`, `ss`,`occupation`, `phone_home`, `phone_biz`, `phone_contact`, `phone_cell`,`status`, `contact_relationship`, `date`, `sex`, `referrer`, `referrerID`,`providerID`, `email`, `ethnoracial`, `interpretter`, `migrantseasonal`,`family_size`, `monthly_income`, `homeless`, `financial_review`, `pubpid`,`pid`, `genericname1`, `genericval1`, `genericname2`, `genericval2`) VALUES
 ('Mrs.','Spanish','','EILEEN','WARD','P.','1931-4-23','9400 WallBLVD','55825','Kingston','NC','798706669','711569998',' ','(73) 970-5922','(73) 970-5922','(73) 970-5922','(73) 970-5922','married','Friend','2003-11-17 12:06:00','Female','KEN MITCHELL','1','1','EILEEN@LibreEHR.org','Mexicano',' ',' ','0','7243',' ','000-00-00 00:00:00','67','67',' ',' ',' ',' ');
INSERT INTO `insurance_data` (`id`, `type`, `provider`, `plan_name`, `policy_number`,`group_number`, `subscriber_lname`, `subscriber_mname`, `subscriber_fname`, `subscriber_relationship`, `subscriber_ss`,`subscriber_DOB`, `subscriber_street`, `subscriber_postal_code`, `subscriber_city`, `subscriber_state`, `subscriber_country`,`subscriber_phone`, `subscriber_employer`, `subscriber_employer_street`, `subscriber_employer_postal_code`,`subscriber_employer_state`, `subscriber_employer_country`, `subscriber_employer_city`, `copay`, `date`, `pid`,`subscriber_sex`, `accept_assignment`) VALUES('196','primary','5612','Violet Group HMO','204185360','911697712','WARD','P.','EILEEN','self','711569998','1931-4-23','9400 WallBLVD','55825','Kingston','NC','Openemria','(73) 970-5922','OEMR.org','','','NC','Openemria','Kingston','','2011-10-10','67','Female','TRUE');
INSERT INTO `insurance_data` (`id`, `type`, `provider`, `plan_name`, `policy_number`,`group_number`, `subscriber_lname`, `subscriber_mname`, `subscriber_fname`, `subscriber_relationship`, `subscriber_ss`,`subscriber_DOB`, `subscriber_street`, `subscriber_postal_code`, `subscriber_city`, `subscriber_state`, `subscriber_country`,`subscriber_phone`, `subscriber_employer`, `subscriber_employer_street`, `subscriber_employer_postal_code`,`subscriber_employer_state`, `subscriber_employer_country`, `subscriber_employer_city`, `copay`, `date`, `pid`,`subscriber_sex`, `accept_assignment`) VALUES('197','secondary','3362','Incompetent Provider Company','651997831','803496494','WARD','P.','EILEEN','self','711569998','1931-4-23','9400 WallBLVD','55825','Kingston','NC','Openemria','(73) 970-5922','OEMR.org','','','NC','Openemria','Kingston','','2011-10-10','67','Female','TRUE');
INSERT INTO `insurance_data` (`id`, `type`, `provider`, `plan_name`, `policy_number`,`group_number`, `subscriber_lname`, `subscriber_mname`, `subscriber_fname`, `subscriber_relationship`, `subscriber_ss`,`subscriber_DOB`, `subscriber_street`, `subscriber_postal_code`, `subscriber_city`, `subscriber_state`, `subscriber_country`,`subscriber_phone`, `subscriber_employer`, `subscriber_employer_street`, `subscriber_employer_postal_code`,`subscriber_employer_state`, `subscriber_employer_country`, `subscriber_employer_city`, `copay`, `date`, `pid`,`subscriber_sex`, `accept_assignment`) VALUES('198','tertiary','0','0','498095290','697570167','WARD','P.','EILEEN','self','711569998','1931-4-23','9400 WallBLVD','55825','Kingston','NC','Openemria','(73) 970-5922','OEMR.org','','','NC','Openemria','Kingston','','2011-10-10','67','Female','TRUE');
INSERT INTO `form_encounter` (`id`, `date`, `reason`, `facility`, `facility_id`, `pid`, `encounter`,
     `onset_date`, `sensitivity`, `billing_note`, `pc_catid`, `last_level_billed`, `last_level_closed`, `last_stmt_date`, `stmt_count`,
      `provider_id`, `supervisor_id`, `invoice_refno`, `referral_source`, `billing_facility`) VALUES
    ('385','2017-9-27 11:00:00', 'Test Encounter', 'Your Clinic Name Here', '3','67','385', '0000-00-00 00:00:00', 'normal', 'NULL','8', '0', '0','NULL', '0', '1', '0', '', '', '3');
INSERT INTO `forms` (`id`, `date`, `encounter`, `form_name`, `form_id`, `pid`, `user`, `groupname`, `authorized`, `deleted`, `formdir`) VALUES
    ('385','2017-9-27 11:00:00','385', 'Patient Encounter', '385', '67', 'admin', 'Default', '1', '0', 'patient_encounter');
INSERT INTO `libreehr_postcalendar_events` 
        (`pc_catid`,`pc_multiple`,`pc_aid`,`pc_pid`,`pc_title`,`pc_time`,`pc_hometext`,`pc_comments`,`pc_counter`,`pc_topic`,`pc_informant`,`pc_eventDate`,
        `pc_endDate`,`pc_duration`,`pc_recurrtype`,`pc_recurrspec`,`pc_recurrfreq`,`pc_startTime`,`pc_endTime`,`pc_alldayevent`,`pc_location`,`pc_eventstatus`,
        `pc_sharing`,`pc_apptstatus`,`pc_prefcatid`,`pc_facility`,`pc_billing_location`)VALUES
        ( 1,384,'1','67','Office Visit','2017-9-27 11:00:00','Clinical Appointment',0,0,1,'1',
        '2017-9-27 11:00:00','0000-00-00',900,0,
        'a:6:{s:17:"event_repeat_freq";s:1:"0";s:22:"event_repeat_freq_type";s:1:"0";s:19:"event_repeat_on_num";s:1:"1";s:19:"event_repeat_on_day";s:1:"0";s:20:"event_repeat_on_freq";s:1:"0";s:6:"exdate";s:0:"";}',
        0,'11:00:00','11:15:00',0,
        'a:6:{s:14:"event_location";s:0:"";s:13:"event_street1";s:0:"";s:13:"event_street2";s:0:"";s:10:"event_city";s:0:"";s:11:"event_state";s:0:"";s:12:"event_postal";s:0:"";}',
        1,1,'-',0,1,1);
INSERT INTO `patient_data` (`title`, `language`, `financial`, `fname`, `lname`, `mname`, `DOB`,`street`, `postal_code`, `city`, `state`,  `drivers_license`, `ss`,`occupation`, `phone_home`, `phone_biz`, `phone_contact`, `phone_cell`,`status`, `contact_relationship`, `date`, `sex`, `referrer`, `referrerID`,`providerID`, `email`, `ethnoracial`, `interpretter`, `migrantseasonal`,`family_size`, `monthly_income`, `homeless`, `financial_review`, `pubpid`,`pid`, `genericname1`, `genericval1`, `genericname2`, `genericval2`) VALUES
 ('Mr.','Spanish','','SAM','SMITH','I.','1962-8-8','2575 22ndSt.','77923','Salem','ME','143167832','70005195',' ','(130) 997-5428','(130) 997-5428','(130) 997-5428','(130) 997-5428','single','Friend','2003-11-17 12:06:00','Male','JIMMIE POWELL','1','1','SAM@LibreEHR.org','Cubano',' ',' ','2','549',' ','000-00-00 00:00:00','68','68',' ',' ',' ',' ');
INSERT INTO `insurance_data` (`id`, `type`, `provider`, `plan_name`, `policy_number`,`group_number`, `subscriber_lname`, `subscriber_mname`, `subscriber_fname`, `subscriber_relationship`, `subscriber_ss`,`subscriber_DOB`, `subscriber_street`, `subscriber_postal_code`, `subscriber_city`, `subscriber_state`, `subscriber_country`,`subscriber_phone`, `subscriber_employer`, `subscriber_employer_street`, `subscriber_employer_postal_code`,`subscriber_employer_state`, `subscriber_employer_country`, `subscriber_employer_city`, `copay`, `date`, `pid`,`subscriber_sex`, `accept_assignment`) VALUES('199','primary','7687','Green Assurance INC.','317422195','440885047','SMITH','I.','SAM','self','70005195','1962-8-8','2575 22ndSt.','77923','Salem','ME','Openemria','(130) 997-5428','OEMR.org','','','ME','Openemria','Salem','','2011-10-10','68','Male','FALSE');
INSERT INTO `insurance_data` (`id`, `type`, `provider`, `plan_name`, `policy_number`,`group_number`, `subscriber_lname`, `subscriber_mname`, `subscriber_fname`, `subscriber_relationship`, `subscriber_ss`,`subscriber_DOB`, `subscriber_street`, `subscriber_postal_code`, `subscriber_city`, `subscriber_state`, `subscriber_country`,`subscriber_phone`, `subscriber_employer`, `subscriber_employer_street`, `subscriber_employer_postal_code`,`subscriber_employer_state`, `subscriber_employer_country`, `subscriber_employer_city`, `copay`, `date`, `pid`,`subscriber_sex`, `accept_assignment`) VALUES('200','secondary','6887','Impersonal Insurance HMO','72854752','488254046','SMITH','I.','SAM','self','70005195','1962-8-8','2575 22ndSt.','77923','Salem','ME','Openemria','(130) 997-5428','OEMR.org','','','ME','Openemria','Salem','','2011-10-10','68','Male','TRUE');
INSERT INTO `insurance_data` (`id`, `type`, `provider`, `plan_name`, `policy_number`,`group_number`, `subscriber_lname`, `subscriber_mname`, `subscriber_fname`, `subscriber_relationship`, `subscriber_ss`,`subscriber_DOB`, `subscriber_street`, `subscriber_postal_code`, `subscriber_city`, `subscriber_state`, `subscriber_country`,`subscriber_phone`, `subscriber_employer`, `subscriber_employer_street`, `subscriber_employer_postal_code`,`subscriber_employer_state`, `subscriber_employer_country`, `subscriber_employer_city`, `copay`, `date`, `pid`,`subscriber_sex`, `accept_assignment`) VALUES('201','tertiary','6186','Green Mutual LTD','767634503','239150127','SMITH','I.','SAM','self','70005195','1962-8-8','2575 22ndSt.','77923','Salem','ME','Openemria','(130) 997-5428','OEMR.org','','','ME','Openemria','Salem','','2011-10-10','68','Male','FALSE');
INSERT INTO `form_encounter` (`id`, `date`, `reason`, `facility`, `facility_id`, `pid`, `encounter`,
     `onset_date`, `sensitivity`, `billing_note`, `pc_catid`, `last_level_billed`, `last_level_closed`, `last_stmt_date`, `stmt_count`,
      `provider_id`, `supervisor_id`, `invoice_refno`, `referral_source`, `billing_facility`) VALUES
    ('386','2017-8-28 12:30:00', 'Test Encounter', 'Your Clinic Name Here', '3','68','386', '0000-00-00 00:00:00', 'normal', 'NULL','9', '0', '0','NULL', '0', '1', '0', '', '', '3');
INSERT INTO `forms` (`id`, `date`, `encounter`, `form_name`, `form_id`, `pid`, `user`, `groupname`, `authorized`, `deleted`, `formdir`) VALUES
    ('386','2017-8-28 12:30:00','386', 'Patient Encounter', '386', '68', 'admin', 'Default', '1', '0', 'patient_encounter');
INSERT INTO `libreehr_postcalendar_events` 
        (`pc_catid`,`pc_multiple`,`pc_aid`,`pc_pid`,`pc_title`,`pc_time`,`pc_hometext`,`pc_comments`,`pc_counter`,`pc_topic`,`pc_informant`,`pc_eventDate`,
        `pc_endDate`,`pc_duration`,`pc_recurrtype`,`pc_recurrspec`,`pc_recurrfreq`,`pc_startTime`,`pc_endTime`,`pc_alldayevent`,`pc_location`,`pc_eventstatus`,
        `pc_sharing`,`pc_apptstatus`,`pc_prefcatid`,`pc_facility`,`pc_billing_location`)VALUES
        ( 1,385,'1','68','Office Visit','2017-8-28 12:30:00','Clinical Appointment',0,0,1,'1',
        '2017-8-28 12:30:00','0000-00-00',900,0,
        'a:6:{s:17:"event_repeat_freq";s:1:"0";s:22:"event_repeat_freq_type";s:1:"0";s:19:"event_repeat_on_num";s:1:"1";s:19:"event_repeat_on_day";s:1:"0";s:20:"event_repeat_on_freq";s:1:"0";s:6:"exdate";s:0:"";}',
        0,'12:30:00','12:45:00',0,
        'a:6:{s:14:"event_location";s:0:"";s:13:"event_street1";s:0:"";s:13:"event_street2";s:0:"";s:10:"event_city";s:0:"";s:11:"event_state";s:0:"";s:12:"event_postal";s:0:"";}',
        1,1,'-',0,1,1);
INSERT INTO `form_encounter` (`id`, `date`, `reason`, `facility`, `facility_id`, `pid`, `encounter`,
     `onset_date`, `sensitivity`, `billing_note`, `pc_catid`, `last_level_billed`, `last_level_closed`, `last_stmt_date`, `stmt_count`,
      `provider_id`, `supervisor_id`, `invoice_refno`, `referral_source`, `billing_facility`) VALUES
    ('387','2017-9-27 12:15:00', 'Test Encounter', 'Your Clinic Name Here', '3','68','387', '0000-00-00 00:00:00', 'normal', 'NULL','4', '0', '0','NULL', '0', '1', '0', '', '', '3');
INSERT INTO `forms` (`id`, `date`, `encounter`, `form_name`, `form_id`, `pid`, `user`, `groupname`, `authorized`, `deleted`, `formdir`) VALUES
    ('387','2017-9-27 12:15:00','387', 'Patient Encounter', '387', '68', 'admin', 'Default', '1', '0', 'patient_encounter');
INSERT INTO `libreehr_postcalendar_events` 
        (`pc_catid`,`pc_multiple`,`pc_aid`,`pc_pid`,`pc_title`,`pc_time`,`pc_hometext`,`pc_comments`,`pc_counter`,`pc_topic`,`pc_informant`,`pc_eventDate`,
        `pc_endDate`,`pc_duration`,`pc_recurrtype`,`pc_recurrspec`,`pc_recurrfreq`,`pc_startTime`,`pc_endTime`,`pc_alldayevent`,`pc_location`,`pc_eventstatus`,
        `pc_sharing`,`pc_apptstatus`,`pc_prefcatid`,`pc_facility`,`pc_billing_location`)VALUES
        ( 1,386,'1','68','Office Visit','2017-9-27 12:15:00','Clinical Appointment',0,0,1,'1',
        '2017-9-27 12:15:00','0000-00-00',900,0,
        'a:6:{s:17:"event_repeat_freq";s:1:"0";s:22:"event_repeat_freq_type";s:1:"0";s:19:"event_repeat_on_num";s:1:"1";s:19:"event_repeat_on_day";s:1:"0";s:20:"event_repeat_on_freq";s:1:"0";s:6:"exdate";s:0:"";}',
        0,'12:15:00','12:30:00',0,
        'a:6:{s:14:"event_location";s:0:"";s:13:"event_street1";s:0:"";s:13:"event_street2";s:0:"";s:10:"event_city";s:0:"";s:11:"event_state";s:0:"";s:12:"event_postal";s:0:"";}',
        1,1,'-',0,1,1);
INSERT INTO `patient_data` (`title`, `language`, `financial`, `fname`, `lname`, `mname`, `DOB`,`street`, `postal_code`, `city`, `state`,  `drivers_license`, `ss`,`occupation`, `phone_home`, `phone_biz`, `phone_contact`, `phone_cell`,`status`, `contact_relationship`, `date`, `sex`, `referrer`, `referrerID`,`providerID`, `email`, `ethnoracial`, `interpretter`, `migrantseasonal`,`family_size`, `monthly_income`, `homeless`, `financial_review`, `pubpid`,`pid`, `genericname1`, `genericval1`, `genericname2`, `genericval2`) VALUES
 ('Mrs.','Spanish','','LENA','WASHINGTON','K.','1977-9-21','8078 PecanWay','6781','Fairview','WV','527091181','557215514',' ','(26) 888-6022','(26) 888-6022','(26) 888-6022','(26) 888-6022','single','Friend','2003-11-17 12:06:00','Female','KIRK GOMEZ','1','1','LENA@LibreEHR.org','Tejano',' ',' ','4','2240',' ','000-00-00 00:00:00','69','69',' ',' ',' ',' ');
INSERT INTO `insurance_data` (`id`, `type`, `provider`, `plan_name`, `policy_number`,`group_number`, `subscriber_lname`, `subscriber_mname`, `subscriber_fname`, `subscriber_relationship`, `subscriber_ss`,`subscriber_DOB`, `subscriber_street`, `subscriber_postal_code`, `subscriber_city`, `subscriber_state`, `subscriber_country`,`subscriber_phone`, `subscriber_employer`, `subscriber_employer_street`, `subscriber_employer_postal_code`,`subscriber_employer_state`, `subscriber_employer_country`, `subscriber_employer_city`, `copay`, `date`, `pid`,`subscriber_sex`, `accept_assignment`) VALUES('202','primary','5612','Violet Group HMO','863353129','931263786','WASHINGTON','K.','LENA','self','557215514','1977-9-21','8078 PecanWay','6781','Fairview','WV','Openemria','(26) 888-6022','OEMR.org','','','WV','Openemria','Fairview','','2011-10-10','69','Female','FALSE');
INSERT INTO `insurance_data` (`id`, `type`, `provider`, `plan_name`, `policy_number`,`group_number`, `subscriber_lname`, `subscriber_mname`, `subscriber_fname`, `subscriber_relationship`, `subscriber_ss`,`subscriber_DOB`, `subscriber_street`, `subscriber_postal_code`, `subscriber_city`, `subscriber_state`, `subscriber_country`,`subscriber_phone`, `subscriber_employer`, `subscriber_employer_street`, `subscriber_employer_postal_code`,`subscriber_employer_state`, `subscriber_employer_country`, `subscriber_employer_city`, `copay`, `date`, `pid`,`subscriber_sex`, `accept_assignment`) VALUES('203','secondary','3362','Incompetent Provider Company','683956283','211418601','WASHINGTON','K.','LENA','self','557215514','1977-9-21','8078 PecanWay','6781','Fairview','WV','Openemria','(26) 888-6022','OEMR.org','','','WV','Openemria','Fairview','','2011-10-10','69','Female','FALSE');
INSERT INTO `insurance_data` (`id`, `type`, `provider`, `plan_name`, `policy_number`,`group_number`, `subscriber_lname`, `subscriber_mname`, `subscriber_fname`, `subscriber_relationship`, `subscriber_ss`,`subscriber_DOB`, `subscriber_street`, `subscriber_postal_code`, `subscriber_city`, `subscriber_state`, `subscriber_country`,`subscriber_phone`, `subscriber_employer`, `subscriber_employer_street`, `subscriber_employer_postal_code`,`subscriber_employer_state`, `subscriber_employer_country`, `subscriber_employer_city`, `copay`, `date`, `pid`,`subscriber_sex`, `accept_assignment`) VALUES('204','tertiary','0','0','658304255','293165891','WASHINGTON','K.','LENA','self','557215514','1977-9-21','8078 PecanWay','6781','Fairview','WV','Openemria','(26) 888-6022','OEMR.org','','','WV','Openemria','Fairview','','2011-10-10','69','Female','TRUE');
INSERT INTO `form_encounter` (`id`, `date`, `reason`, `facility`, `facility_id`, `pid`, `encounter`,
     `onset_date`, `sensitivity`, `billing_note`, `pc_catid`, `last_level_billed`, `last_level_closed`, `last_stmt_date`, `stmt_count`,
      `provider_id`, `supervisor_id`, `invoice_refno`, `referral_source`, `billing_facility`) VALUES
    ('388','2017-8-28 11:15:00', 'Test Encounter', 'Your Clinic Name Here', '3','69','388', '0000-00-00 00:00:00', 'normal', 'NULL','2', '0', '0','NULL', '0', '1', '0', '', '', '3');
INSERT INTO `forms` (`id`, `date`, `encounter`, `form_name`, `form_id`, `pid`, `user`, `groupname`, `authorized`, `deleted`, `formdir`) VALUES
    ('388','2017-8-28 11:15:00','388', 'Patient Encounter', '388', '69', 'admin', 'Default', '1', '0', 'patient_encounter');
INSERT INTO `libreehr_postcalendar_events` 
        (`pc_catid`,`pc_multiple`,`pc_aid`,`pc_pid`,`pc_title`,`pc_time`,`pc_hometext`,`pc_comments`,`pc_counter`,`pc_topic`,`pc_informant`,`pc_eventDate`,
        `pc_endDate`,`pc_duration`,`pc_recurrtype`,`pc_recurrspec`,`pc_recurrfreq`,`pc_startTime`,`pc_endTime`,`pc_alldayevent`,`pc_location`,`pc_eventstatus`,
        `pc_sharing`,`pc_apptstatus`,`pc_prefcatid`,`pc_facility`,`pc_billing_location`)VALUES
        ( 1,387,'1','69','Office Visit','2017-8-28 11:15:00','Clinical Appointment',0,0,1,'1',
        '2017-8-28 11:15:00','0000-00-00',900,0,
        'a:6:{s:17:"event_repeat_freq";s:1:"0";s:22:"event_repeat_freq_type";s:1:"0";s:19:"event_repeat_on_num";s:1:"1";s:19:"event_repeat_on_day";s:1:"0";s:20:"event_repeat_on_freq";s:1:"0";s:6:"exdate";s:0:"";}',
        0,'11:15:00','11:30:00',0,
        'a:6:{s:14:"event_location";s:0:"";s:13:"event_street1";s:0:"";s:13:"event_street2";s:0:"";s:10:"event_city";s:0:"";s:11:"event_state";s:0:"";s:12:"event_postal";s:0:"";}',
        1,1,'-',0,1,1);
INSERT INTO `form_encounter` (`id`, `date`, `reason`, `facility`, `facility_id`, `pid`, `encounter`,
     `onset_date`, `sensitivity`, `billing_note`, `pc_catid`, `last_level_billed`, `last_level_closed`, `last_stmt_date`, `stmt_count`,
      `provider_id`, `supervisor_id`, `invoice_refno`, `referral_source`, `billing_facility`) VALUES
    ('389','2017-9-27 10:15:00', 'Test Encounter', 'Your Clinic Name Here', '3','69','389', '0000-00-00 00:00:00', 'normal', 'NULL','3', '0', '0','NULL', '0', '1', '0', '', '', '3');
INSERT INTO `forms` (`id`, `date`, `encounter`, `form_name`, `form_id`, `pid`, `user`, `groupname`, `authorized`, `deleted`, `formdir`) VALUES
    ('389','2017-9-27 10:15:00','389', 'Patient Encounter', '389', '69', 'admin', 'Default', '1', '0', 'patient_encounter');
INSERT INTO `libreehr_postcalendar_events` 
        (`pc_catid`,`pc_multiple`,`pc_aid`,`pc_pid`,`pc_title`,`pc_time`,`pc_hometext`,`pc_comments`,`pc_counter`,`pc_topic`,`pc_informant`,`pc_eventDate`,
        `pc_endDate`,`pc_duration`,`pc_recurrtype`,`pc_recurrspec`,`pc_recurrfreq`,`pc_startTime`,`pc_endTime`,`pc_alldayevent`,`pc_location`,`pc_eventstatus`,
        `pc_sharing`,`pc_apptstatus`,`pc_prefcatid`,`pc_facility`,`pc_billing_location`)VALUES
        ( 1,388,'1','69','Office Visit','2017-9-27 10:15:00','Clinical Appointment',0,0,1,'1',
        '2017-9-27 10:15:00','0000-00-00',900,0,
        'a:6:{s:17:"event_repeat_freq";s:1:"0";s:22:"event_repeat_freq_type";s:1:"0";s:19:"event_repeat_on_num";s:1:"1";s:19:"event_repeat_on_day";s:1:"0";s:20:"event_repeat_on_freq";s:1:"0";s:6:"exdate";s:0:"";}',
        0,'10:15:00','10:30:00',0,
        'a:6:{s:14:"event_location";s:0:"";s:13:"event_street1";s:0:"";s:13:"event_street2";s:0:"";s:10:"event_city";s:0:"";s:11:"event_state";s:0:"";s:12:"event_postal";s:0:"";}',
        1,1,'-',0,1,1);
INSERT INTO `patient_data` (`title`, `language`, `financial`, `fname`, `lname`, `mname`, `DOB`,`street`, `postal_code`, `city`, `state`,  `drivers_license`, `ss`,`occupation`, `phone_home`, `phone_biz`, `phone_contact`, `phone_cell`,`status`, `contact_relationship`, `date`, `sex`, `referrer`, `referrerID`,`providerID`, `email`, `ethnoracial`, `interpretter`, `migrantseasonal`,`family_size`, `monthly_income`, `homeless`, `financial_review`, `pubpid`,`pid`, `genericname1`, `genericval1`, `genericname2`, `genericval2`) VALUES
 ('Mrs.','English','','FRANCES','MENDOZA','J.','2007-11-12','7274 FirstHwy','36347','Franklin','MA','844783414','451688830',' ','(291) 491-5702','(291) 491-5702','(291) 491-5702','(291) 491-5702','single','Friend','2003-11-17 12:06:00','Female','SCOTT CHAVEZ','1','1','FRANCES@LibreEHR.org','Cubano',' ',' ','6','5839',' ','000-00-00 00:00:00','70','70',' ',' ',' ',' ');
INSERT INTO `insurance_data` (`id`, `type`, `provider`, `plan_name`, `policy_number`,`group_number`, `subscriber_lname`, `subscriber_mname`, `subscriber_fname`, `subscriber_relationship`, `subscriber_ss`,`subscriber_DOB`, `subscriber_street`, `subscriber_postal_code`, `subscriber_city`, `subscriber_state`, `subscriber_country`,`subscriber_phone`, `subscriber_employer`, `subscriber_employer_street`, `subscriber_employer_postal_code`,`subscriber_employer_state`, `subscriber_employer_country`, `subscriber_employer_city`, `copay`, `date`, `pid`,`subscriber_sex`, `accept_assignment`) VALUES('205','primary','6186','Green Mutual LTD','181049840','418869339','MENDOZA','J.','FRANCES','self','451688830','2007-11-12','7274 FirstHwy','36347','Franklin','MA','Openemria','(291) 491-5702','OEMR.org','','','MA','Openemria','Franklin','','2011-10-10','70','Female','FALSE');
INSERT INTO `insurance_data` (`id`, `type`, `provider`, `plan_name`, `policy_number`,`group_number`, `subscriber_lname`, `subscriber_mname`, `subscriber_fname`, `subscriber_relationship`, `subscriber_ss`,`subscriber_DOB`, `subscriber_street`, `subscriber_postal_code`, `subscriber_city`, `subscriber_state`, `subscriber_country`,`subscriber_phone`, `subscriber_employer`, `subscriber_employer_street`, `subscriber_employer_postal_code`,`subscriber_employer_state`, `subscriber_employer_country`, `subscriber_employer_city`, `copay`, `date`, `pid`,`subscriber_sex`, `accept_assignment`) VALUES('206','secondary','7519','Litigeous Heartless LTD','664423631','175147888','MENDOZA','J.','FRANCES','self','451688830','2007-11-12','7274 FirstHwy','36347','Franklin','MA','Openemria','(291) 491-5702','OEMR.org','','','MA','Openemria','Franklin','','2011-10-10','70','Female','TRUE');
INSERT INTO `insurance_data` (`id`, `type`, `provider`, `plan_name`, `policy_number`,`group_number`, `subscriber_lname`, `subscriber_mname`, `subscriber_fname`, `subscriber_relationship`, `subscriber_ss`,`subscriber_DOB`, `subscriber_street`, `subscriber_postal_code`, `subscriber_city`, `subscriber_state`, `subscriber_country`,`subscriber_phone`, `subscriber_employer`, `subscriber_employer_street`, `subscriber_employer_postal_code`,`subscriber_employer_state`, `subscriber_employer_country`, `subscriber_employer_city`, `copay`, `date`, `pid`,`subscriber_sex`, `accept_assignment`) VALUES('207','tertiary','2651','Puce Mutual HMO','849728152','567175851','MENDOZA','J.','FRANCES','self','451688830','2007-11-12','7274 FirstHwy','36347','Franklin','MA','Openemria','(291) 491-5702','OEMR.org','','','MA','Openemria','Franklin','','2011-10-10','70','Female','FALSE');
INSERT INTO `form_encounter` (`id`, `date`, `reason`, `facility`, `facility_id`, `pid`, `encounter`,
     `onset_date`, `sensitivity`, `billing_note`, `pc_catid`, `last_level_billed`, `last_level_closed`, `last_stmt_date`, `stmt_count`,
      `provider_id`, `supervisor_id`, `invoice_refno`, `referral_source`, `billing_facility`) VALUES
    ('390','2017-8-28 17:00:00', 'Test Encounter', 'Your Clinic Name Here', '3','70','390', '0000-00-00 00:00:00', 'normal', 'NULL','5', '0', '0','NULL', '0', '1', '0', '', '', '3');
INSERT INTO `forms` (`id`, `date`, `encounter`, `form_name`, `form_id`, `pid`, `user`, `groupname`, `authorized`, `deleted`, `formdir`) VALUES
    ('390','2017-8-28 17:00:00','390', 'Patient Encounter', '390', '70', 'admin', 'Default', '1', '0', 'patient_encounter');
INSERT INTO `libreehr_postcalendar_events` 
        (`pc_catid`,`pc_multiple`,`pc_aid`,`pc_pid`,`pc_title`,`pc_time`,`pc_hometext`,`pc_comments`,`pc_counter`,`pc_topic`,`pc_informant`,`pc_eventDate`,
        `pc_endDate`,`pc_duration`,`pc_recurrtype`,`pc_recurrspec`,`pc_recurrfreq`,`pc_startTime`,`pc_endTime`,`pc_alldayevent`,`pc_location`,`pc_eventstatus`,
        `pc_sharing`,`pc_apptstatus`,`pc_prefcatid`,`pc_facility`,`pc_billing_location`)VALUES
        ( 1,389,'1','70','Office Visit','2017-8-28 17:00:00','Clinical Appointment',0,0,1,'1',
        '2017-8-28 17:00:00','0000-00-00',900,0,
        'a:6:{s:17:"event_repeat_freq";s:1:"0";s:22:"event_repeat_freq_type";s:1:"0";s:19:"event_repeat_on_num";s:1:"1";s:19:"event_repeat_on_day";s:1:"0";s:20:"event_repeat_on_freq";s:1:"0";s:6:"exdate";s:0:"";}',
        0,'17:00:00','17:15:00',0,
        'a:6:{s:14:"event_location";s:0:"";s:13:"event_street1";s:0:"";s:13:"event_street2";s:0:"";s:10:"event_city";s:0:"";s:11:"event_state";s:0:"";s:12:"event_postal";s:0:"";}',
        1,1,'-',0,1,1);
INSERT INTO `form_encounter` (`id`, `date`, `reason`, `facility`, `facility_id`, `pid`, `encounter`,
     `onset_date`, `sensitivity`, `billing_note`, `pc_catid`, `last_level_billed`, `last_level_closed`, `last_stmt_date`, `stmt_count`,
      `provider_id`, `supervisor_id`, `invoice_refno`, `referral_source`, `billing_facility`) VALUES
    ('391','2017-9-27 13:00:00', 'Test Encounter', 'Your Clinic Name Here', '3','70','391', '0000-00-00 00:00:00', 'normal', 'NULL','5', '0', '0','NULL', '0', '1', '0', '', '', '3');
INSERT INTO `forms` (`id`, `date`, `encounter`, `form_name`, `form_id`, `pid`, `user`, `groupname`, `authorized`, `deleted`, `formdir`) VALUES
    ('391','2017-9-27 13:00:00','391', 'Patient Encounter', '391', '70', 'admin', 'Default', '1', '0', 'patient_encounter');
INSERT INTO `libreehr_postcalendar_events` 
        (`pc_catid`,`pc_multiple`,`pc_aid`,`pc_pid`,`pc_title`,`pc_time`,`pc_hometext`,`pc_comments`,`pc_counter`,`pc_topic`,`pc_informant`,`pc_eventDate`,
        `pc_endDate`,`pc_duration`,`pc_recurrtype`,`pc_recurrspec`,`pc_recurrfreq`,`pc_startTime`,`pc_endTime`,`pc_alldayevent`,`pc_location`,`pc_eventstatus`,
        `pc_sharing`,`pc_apptstatus`,`pc_prefcatid`,`pc_facility`,`pc_billing_location`)VALUES
        ( 1,390,'1','70','Office Visit','2017-9-27 13:00:00','Clinical Appointment',0,0,1,'1',
        '2017-9-27 13:00:00','0000-00-00',900,0,
        'a:6:{s:17:"event_repeat_freq";s:1:"0";s:22:"event_repeat_freq_type";s:1:"0";s:19:"event_repeat_on_num";s:1:"1";s:19:"event_repeat_on_day";s:1:"0";s:20:"event_repeat_on_freq";s:1:"0";s:6:"exdate";s:0:"";}',
        0,'13:00:00','13:15:00',0,
        'a:6:{s:14:"event_location";s:0:"";s:13:"event_street1";s:0:"";s:13:"event_street2";s:0:"";s:10:"event_city";s:0:"";s:11:"event_state";s:0:"";s:12:"event_postal";s:0:"";}',
        1,1,'-',0,1,1);
INSERT INTO `patient_data` (`title`, `language`, `financial`, `fname`, `lname`, `mname`, `DOB`,`street`, `postal_code`, `city`, `state`,  `drivers_license`, `ss`,`occupation`, `phone_home`, `phone_biz`, `phone_contact`, `phone_cell`,`status`, `contact_relationship`, `date`, `sex`, `referrer`, `referrerID`,`providerID`, `email`, `ethnoracial`, `interpretter`, `migrantseasonal`,`family_size`, `monthly_income`, `homeless`, `financial_review`, `pubpid`,`pid`, `genericname1`, `genericval1`, `genericname2`, `genericval2`) VALUES
 ('Mrs.','English','','RUTH','WRIGHT','D.','1989-1-7','7860 MainAve.','73916','Kingston','SC','545809784','472428278',' ','(260) 842-5453','(260) 842-5453','(260) 842-5453','(260) 842-5453','married','Friend','2003-11-17 12:06:00','Female','DARYL WELLS','1','1','RUTH@LibreEHR.org','Mexicano',' ',' ','1','7918',' ','000-00-00 00:00:00','71','71',' ',' ',' ',' ');
INSERT INTO `insurance_data` (`id`, `type`, `provider`, `plan_name`, `policy_number`,`group_number`, `subscriber_lname`, `subscriber_mname`, `subscriber_fname`, `subscriber_relationship`, `subscriber_ss`,`subscriber_DOB`, `subscriber_street`, `subscriber_postal_code`, `subscriber_city`, `subscriber_state`, `subscriber_country`,`subscriber_phone`, `subscriber_employer`, `subscriber_employer_street`, `subscriber_employer_postal_code`,`subscriber_employer_state`, `subscriber_employer_country`, `subscriber_employer_city`, `copay`, `date`, `pid`,`subscriber_sex`, `accept_assignment`) VALUES('208','primary','6887','Impersonal Insurance HMO','206708277','132710879','WRIGHT','D.','RUTH','self','472428278','1989-1-7','7860 MainAve.','73916','Kingston','SC','Openemria','(260) 842-5453','OEMR.org','','','SC','Openemria','Kingston','','2011-10-10','71','Female','FALSE');
INSERT INTO `insurance_data` (`id`, `type`, `provider`, `plan_name`, `policy_number`,`group_number`, `subscriber_lname`, `subscriber_mname`, `subscriber_fname`, `subscriber_relationship`, `subscriber_ss`,`subscriber_DOB`, `subscriber_street`, `subscriber_postal_code`, `subscriber_city`, `subscriber_state`, `subscriber_country`,`subscriber_phone`, `subscriber_employer`, `subscriber_employer_street`, `subscriber_employer_postal_code`,`subscriber_employer_state`, `subscriber_employer_country`, `subscriber_employer_city`, `copay`, `date`, `pid`,`subscriber_sex`, `accept_assignment`) VALUES('209','secondary','6186','Green Mutual LTD','544765792','554707696','WRIGHT','D.','RUTH','self','472428278','1989-1-7','7860 MainAve.','73916','Kingston','SC','Openemria','(260) 842-5453','OEMR.org','','','SC','Openemria','Kingston','','2011-10-10','71','Female','FALSE');
INSERT INTO `insurance_data` (`id`, `type`, `provider`, `plan_name`, `policy_number`,`group_number`, `subscriber_lname`, `subscriber_mname`, `subscriber_fname`, `subscriber_relationship`, `subscriber_ss`,`subscriber_DOB`, `subscriber_street`, `subscriber_postal_code`, `subscriber_city`, `subscriber_state`, `subscriber_country`,`subscriber_phone`, `subscriber_employer`, `subscriber_employer_street`, `subscriber_employer_postal_code`,`subscriber_employer_state`, `subscriber_employer_country`, `subscriber_employer_city`, `copay`, `date`, `pid`,`subscriber_sex`, `accept_assignment`) VALUES('210','tertiary','7519','Litigeous Heartless LTD','835665882','750451272','WRIGHT','D.','RUTH','self','472428278','1989-1-7','7860 MainAve.','73916','Kingston','SC','Openemria','(260) 842-5453','OEMR.org','','','SC','Openemria','Kingston','','2011-10-10','71','Female','TRUE');
INSERT INTO `form_encounter` (`id`, `date`, `reason`, `facility`, `facility_id`, `pid`, `encounter`,
     `onset_date`, `sensitivity`, `billing_note`, `pc_catid`, `last_level_billed`, `last_level_closed`, `last_stmt_date`, `stmt_count`,
      `provider_id`, `supervisor_id`, `invoice_refno`, `referral_source`, `billing_facility`) VALUES
    ('392','2016-12-31 14:30:00', 'Test Encounter', 'Your Clinic Name Here', '3','71','392', '0000-00-00 00:00:00', 'normal', 'NULL','5', '0', '0','NULL', '0', '1', '0', '', '', '3');
INSERT INTO `forms` (`id`, `date`, `encounter`, `form_name`, `form_id`, `pid`, `user`, `groupname`, `authorized`, `deleted`, `formdir`) VALUES
    ('392','2016-12-31 14:30:00','392', 'Patient Encounter', '392', '71', 'admin', 'Default', '1', '0', 'patient_encounter');
INSERT INTO `libreehr_postcalendar_events` 
        (`pc_catid`,`pc_multiple`,`pc_aid`,`pc_pid`,`pc_title`,`pc_time`,`pc_hometext`,`pc_comments`,`pc_counter`,`pc_topic`,`pc_informant`,`pc_eventDate`,
        `pc_endDate`,`pc_duration`,`pc_recurrtype`,`pc_recurrspec`,`pc_recurrfreq`,`pc_startTime`,`pc_endTime`,`pc_alldayevent`,`pc_location`,`pc_eventstatus`,
        `pc_sharing`,`pc_apptstatus`,`pc_prefcatid`,`pc_facility`,`pc_billing_location`)VALUES
        ( 1,391,'1','71','Office Visit','2016-12-31 14:30:00','Clinical Appointment',0,0,1,'1',
        '2016-12-31 14:30:00','0000-00-00',900,0,
        'a:6:{s:17:"event_repeat_freq";s:1:"0";s:22:"event_repeat_freq_type";s:1:"0";s:19:"event_repeat_on_num";s:1:"1";s:19:"event_repeat_on_day";s:1:"0";s:20:"event_repeat_on_freq";s:1:"0";s:6:"exdate";s:0:"";}',
        0,'14:30:00','14:45:00',0,
        'a:6:{s:14:"event_location";s:0:"";s:13:"event_street1";s:0:"";s:13:"event_street2";s:0:"";s:10:"event_city";s:0:"";s:11:"event_state";s:0:"";s:12:"event_postal";s:0:"";}',
        1,1,'-',0,1,1);
INSERT INTO `form_encounter` (`id`, `date`, `reason`, `facility`, `facility_id`, `pid`, `encounter`,
     `onset_date`, `sensitivity`, `billing_note`, `pc_catid`, `last_level_billed`, `last_level_closed`, `last_stmt_date`, `stmt_count`,
      `provider_id`, `supervisor_id`, `invoice_refno`, `referral_source`, `billing_facility`) VALUES
    ('393','2017-1-30 14:00:00', 'Test Encounter', 'Your Clinic Name Here', '3','71','393', '0000-00-00 00:00:00', 'normal', 'NULL','8', '0', '0','NULL', '0', '1', '0', '', '', '3');
INSERT INTO `forms` (`id`, `date`, `encounter`, `form_name`, `form_id`, `pid`, `user`, `groupname`, `authorized`, `deleted`, `formdir`) VALUES
    ('393','2017-1-30 14:00:00','393', 'Patient Encounter', '393', '71', 'admin', 'Default', '1', '0', 'patient_encounter');
INSERT INTO `libreehr_postcalendar_events` 
        (`pc_catid`,`pc_multiple`,`pc_aid`,`pc_pid`,`pc_title`,`pc_time`,`pc_hometext`,`pc_comments`,`pc_counter`,`pc_topic`,`pc_informant`,`pc_eventDate`,
        `pc_endDate`,`pc_duration`,`pc_recurrtype`,`pc_recurrspec`,`pc_recurrfreq`,`pc_startTime`,`pc_endTime`,`pc_alldayevent`,`pc_location`,`pc_eventstatus`,
        `pc_sharing`,`pc_apptstatus`,`pc_prefcatid`,`pc_facility`,`pc_billing_location`)VALUES
        ( 1,392,'1','71','Office Visit','2017-1-30 14:00:00','Clinical Appointment',0,0,1,'1',
        '2017-1-30 14:00:00','0000-00-00',900,0,
        'a:6:{s:17:"event_repeat_freq";s:1:"0";s:22:"event_repeat_freq_type";s:1:"0";s:19:"event_repeat_on_num";s:1:"1";s:19:"event_repeat_on_day";s:1:"0";s:20:"event_repeat_on_freq";s:1:"0";s:6:"exdate";s:0:"";}',
        0,'14:00:00','14:15:00',0,
        'a:6:{s:14:"event_location";s:0:"";s:13:"event_street1";s:0:"";s:13:"event_street2";s:0:"";s:10:"event_city";s:0:"";s:11:"event_state";s:0:"";s:12:"event_postal";s:0:"";}',
        1,1,'-',0,1,1);
INSERT INTO `form_encounter` (`id`, `date`, `reason`, `facility`, `facility_id`, `pid`, `encounter`,
     `onset_date`, `sensitivity`, `billing_note`, `pc_catid`, `last_level_billed`, `last_level_closed`, `last_stmt_date`, `stmt_count`,
      `provider_id`, `supervisor_id`, `invoice_refno`, `referral_source`, `billing_facility`) VALUES
    ('394','2017-3-1 15:15:00', 'Test Encounter', 'Your Clinic Name Here', '3','71','394', '0000-00-00 00:00:00', 'normal', 'NULL','6', '0', '0','NULL', '0', '1', '0', '', '', '3');
INSERT INTO `forms` (`id`, `date`, `encounter`, `form_name`, `form_id`, `pid`, `user`, `groupname`, `authorized`, `deleted`, `formdir`) VALUES
    ('394','2017-3-1 15:15:00','394', 'Patient Encounter', '394', '71', 'admin', 'Default', '1', '0', 'patient_encounter');
INSERT INTO `libreehr_postcalendar_events` 
        (`pc_catid`,`pc_multiple`,`pc_aid`,`pc_pid`,`pc_title`,`pc_time`,`pc_hometext`,`pc_comments`,`pc_counter`,`pc_topic`,`pc_informant`,`pc_eventDate`,
        `pc_endDate`,`pc_duration`,`pc_recurrtype`,`pc_recurrspec`,`pc_recurrfreq`,`pc_startTime`,`pc_endTime`,`pc_alldayevent`,`pc_location`,`pc_eventstatus`,
        `pc_sharing`,`pc_apptstatus`,`pc_prefcatid`,`pc_facility`,`pc_billing_location`)VALUES
        ( 1,393,'1','71','Office Visit','2017-3-1 15:15:00','Clinical Appointment',0,0,1,'1',
        '2017-3-1 15:15:00','0000-00-00',900,0,
        'a:6:{s:17:"event_repeat_freq";s:1:"0";s:22:"event_repeat_freq_type";s:1:"0";s:19:"event_repeat_on_num";s:1:"1";s:19:"event_repeat_on_day";s:1:"0";s:20:"event_repeat_on_freq";s:1:"0";s:6:"exdate";s:0:"";}',
        0,'15:15:00','15:30:00',0,
        'a:6:{s:14:"event_location";s:0:"";s:13:"event_street1";s:0:"";s:13:"event_street2";s:0:"";s:10:"event_city";s:0:"";s:11:"event_state";s:0:"";s:12:"event_postal";s:0:"";}',
        1,1,'-',0,1,1);
INSERT INTO `form_encounter` (`id`, `date`, `reason`, `facility`, `facility_id`, `pid`, `encounter`,
     `onset_date`, `sensitivity`, `billing_note`, `pc_catid`, `last_level_billed`, `last_level_closed`, `last_stmt_date`, `stmt_count`,
      `provider_id`, `supervisor_id`, `invoice_refno`, `referral_source`, `billing_facility`) VALUES
    ('395','2017-3-31 10:30:00', 'Test Encounter', 'Your Clinic Name Here', '3','71','395', '0000-00-00 00:00:00', 'normal', 'NULL','5', '0', '0','NULL', '0', '1', '0', '', '', '3');
INSERT INTO `forms` (`id`, `date`, `encounter`, `form_name`, `form_id`, `pid`, `user`, `groupname`, `authorized`, `deleted`, `formdir`) VALUES
    ('395','2017-3-31 10:30:00','395', 'Patient Encounter', '395', '71', 'admin', 'Default', '1', '0', 'patient_encounter');
INSERT INTO `libreehr_postcalendar_events` 
        (`pc_catid`,`pc_multiple`,`pc_aid`,`pc_pid`,`pc_title`,`pc_time`,`pc_hometext`,`pc_comments`,`pc_counter`,`pc_topic`,`pc_informant`,`pc_eventDate`,
        `pc_endDate`,`pc_duration`,`pc_recurrtype`,`pc_recurrspec`,`pc_recurrfreq`,`pc_startTime`,`pc_endTime`,`pc_alldayevent`,`pc_location`,`pc_eventstatus`,
        `pc_sharing`,`pc_apptstatus`,`pc_prefcatid`,`pc_facility`,`pc_billing_location`)VALUES
        ( 1,394,'1','71','Office Visit','2017-3-31 10:30:00','Clinical Appointment',0,0,1,'1',
        '2017-3-31 10:30:00','0000-00-00',900,0,
        'a:6:{s:17:"event_repeat_freq";s:1:"0";s:22:"event_repeat_freq_type";s:1:"0";s:19:"event_repeat_on_num";s:1:"1";s:19:"event_repeat_on_day";s:1:"0";s:20:"event_repeat_on_freq";s:1:"0";s:6:"exdate";s:0:"";}',
        0,'10:30:00','10:45:00',0,
        'a:6:{s:14:"event_location";s:0:"";s:13:"event_street1";s:0:"";s:13:"event_street2";s:0:"";s:10:"event_city";s:0:"";s:11:"event_state";s:0:"";s:12:"event_postal";s:0:"";}',
        1,1,'-',0,1,1);
INSERT INTO `form_encounter` (`id`, `date`, `reason`, `facility`, `facility_id`, `pid`, `encounter`,
     `onset_date`, `sensitivity`, `billing_note`, `pc_catid`, `last_level_billed`, `last_level_closed`, `last_stmt_date`, `stmt_count`,
      `provider_id`, `supervisor_id`, `invoice_refno`, `referral_source`, `billing_facility`) VALUES
    ('396','2017-4-30 11:00:00', 'Test Encounter', 'Your Clinic Name Here', '3','71','396', '0000-00-00 00:00:00', 'normal', 'NULL','7', '0', '0','NULL', '0', '1', '0', '', '', '3');
INSERT INTO `forms` (`id`, `date`, `encounter`, `form_name`, `form_id`, `pid`, `user`, `groupname`, `authorized`, `deleted`, `formdir`) VALUES
    ('396','2017-4-30 11:00:00','396', 'Patient Encounter', '396', '71', 'admin', 'Default', '1', '0', 'patient_encounter');
INSERT INTO `libreehr_postcalendar_events` 
        (`pc_catid`,`pc_multiple`,`pc_aid`,`pc_pid`,`pc_title`,`pc_time`,`pc_hometext`,`pc_comments`,`pc_counter`,`pc_topic`,`pc_informant`,`pc_eventDate`,
        `pc_endDate`,`pc_duration`,`pc_recurrtype`,`pc_recurrspec`,`pc_recurrfreq`,`pc_startTime`,`pc_endTime`,`pc_alldayevent`,`pc_location`,`pc_eventstatus`,
        `pc_sharing`,`pc_apptstatus`,`pc_prefcatid`,`pc_facility`,`pc_billing_location`)VALUES
        ( 1,395,'1','71','Office Visit','2017-4-30 11:00:00','Clinical Appointment',0,0,1,'1',
        '2017-4-30 11:00:00','0000-00-00',900,0,
        'a:6:{s:17:"event_repeat_freq";s:1:"0";s:22:"event_repeat_freq_type";s:1:"0";s:19:"event_repeat_on_num";s:1:"1";s:19:"event_repeat_on_day";s:1:"0";s:20:"event_repeat_on_freq";s:1:"0";s:6:"exdate";s:0:"";}',
        0,'11:00:00','11:15:00',0,
        'a:6:{s:14:"event_location";s:0:"";s:13:"event_street1";s:0:"";s:13:"event_street2";s:0:"";s:10:"event_city";s:0:"";s:11:"event_state";s:0:"";s:12:"event_postal";s:0:"";}',
        1,1,'-',0,1,1);
INSERT INTO `form_encounter` (`id`, `date`, `reason`, `facility`, `facility_id`, `pid`, `encounter`,
     `onset_date`, `sensitivity`, `billing_note`, `pc_catid`, `last_level_billed`, `last_level_closed`, `last_stmt_date`, `stmt_count`,
      `provider_id`, `supervisor_id`, `invoice_refno`, `referral_source`, `billing_facility`) VALUES
    ('397','2017-5-30 10:15:00', 'Test Encounter', 'Your Clinic Name Here', '3','71','397', '0000-00-00 00:00:00', 'normal', 'NULL','2', '0', '0','NULL', '0', '1', '0', '', '', '3');
INSERT INTO `forms` (`id`, `date`, `encounter`, `form_name`, `form_id`, `pid`, `user`, `groupname`, `authorized`, `deleted`, `formdir`) VALUES
    ('397','2017-5-30 10:15:00','397', 'Patient Encounter', '397', '71', 'admin', 'Default', '1', '0', 'patient_encounter');
INSERT INTO `libreehr_postcalendar_events` 
        (`pc_catid`,`pc_multiple`,`pc_aid`,`pc_pid`,`pc_title`,`pc_time`,`pc_hometext`,`pc_comments`,`pc_counter`,`pc_topic`,`pc_informant`,`pc_eventDate`,
        `pc_endDate`,`pc_duration`,`pc_recurrtype`,`pc_recurrspec`,`pc_recurrfreq`,`pc_startTime`,`pc_endTime`,`pc_alldayevent`,`pc_location`,`pc_eventstatus`,
        `pc_sharing`,`pc_apptstatus`,`pc_prefcatid`,`pc_facility`,`pc_billing_location`)VALUES
        ( 1,396,'1','71','Office Visit','2017-5-30 10:15:00','Clinical Appointment',0,0,1,'1',
        '2017-5-30 10:15:00','0000-00-00',900,0,
        'a:6:{s:17:"event_repeat_freq";s:1:"0";s:22:"event_repeat_freq_type";s:1:"0";s:19:"event_repeat_on_num";s:1:"1";s:19:"event_repeat_on_day";s:1:"0";s:20:"event_repeat_on_freq";s:1:"0";s:6:"exdate";s:0:"";}',
        0,'10:15:00','10:30:00',0,
        'a:6:{s:14:"event_location";s:0:"";s:13:"event_street1";s:0:"";s:13:"event_street2";s:0:"";s:10:"event_city";s:0:"";s:11:"event_state";s:0:"";s:12:"event_postal";s:0:"";}',
        1,1,'-',0,1,1);
INSERT INTO `form_encounter` (`id`, `date`, `reason`, `facility`, `facility_id`, `pid`, `encounter`,
     `onset_date`, `sensitivity`, `billing_note`, `pc_catid`, `last_level_billed`, `last_level_closed`, `last_stmt_date`, `stmt_count`,
      `provider_id`, `supervisor_id`, `invoice_refno`, `referral_source`, `billing_facility`) VALUES
    ('398','2017-6-29 12:15:00', 'Test Encounter', 'Your Clinic Name Here', '3','71','398', '0000-00-00 00:00:00', 'normal', 'NULL','5', '0', '0','NULL', '0', '1', '0', '', '', '3');
INSERT INTO `forms` (`id`, `date`, `encounter`, `form_name`, `form_id`, `pid`, `user`, `groupname`, `authorized`, `deleted`, `formdir`) VALUES
    ('398','2017-6-29 12:15:00','398', 'Patient Encounter', '398', '71', 'admin', 'Default', '1', '0', 'patient_encounter');
INSERT INTO `libreehr_postcalendar_events` 
        (`pc_catid`,`pc_multiple`,`pc_aid`,`pc_pid`,`pc_title`,`pc_time`,`pc_hometext`,`pc_comments`,`pc_counter`,`pc_topic`,`pc_informant`,`pc_eventDate`,
        `pc_endDate`,`pc_duration`,`pc_recurrtype`,`pc_recurrspec`,`pc_recurrfreq`,`pc_startTime`,`pc_endTime`,`pc_alldayevent`,`pc_location`,`pc_eventstatus`,
        `pc_sharing`,`pc_apptstatus`,`pc_prefcatid`,`pc_facility`,`pc_billing_location`)VALUES
        ( 1,397,'1','71','Office Visit','2017-6-29 12:15:00','Clinical Appointment',0,0,1,'1',
        '2017-6-29 12:15:00','0000-00-00',900,0,
        'a:6:{s:17:"event_repeat_freq";s:1:"0";s:22:"event_repeat_freq_type";s:1:"0";s:19:"event_repeat_on_num";s:1:"1";s:19:"event_repeat_on_day";s:1:"0";s:20:"event_repeat_on_freq";s:1:"0";s:6:"exdate";s:0:"";}',
        0,'12:15:00','12:30:00',0,
        'a:6:{s:14:"event_location";s:0:"";s:13:"event_street1";s:0:"";s:13:"event_street2";s:0:"";s:10:"event_city";s:0:"";s:11:"event_state";s:0:"";s:12:"event_postal";s:0:"";}',
        1,1,'-',0,1,1);
INSERT INTO `form_encounter` (`id`, `date`, `reason`, `facility`, `facility_id`, `pid`, `encounter`,
     `onset_date`, `sensitivity`, `billing_note`, `pc_catid`, `last_level_billed`, `last_level_closed`, `last_stmt_date`, `stmt_count`,
      `provider_id`, `supervisor_id`, `invoice_refno`, `referral_source`, `billing_facility`) VALUES
    ('399','2017-7-29 10:30:00', 'Test Encounter', 'Your Clinic Name Here', '3','71','399', '0000-00-00 00:00:00', 'normal', 'NULL','2', '0', '0','NULL', '0', '1', '0', '', '', '3');
INSERT INTO `forms` (`id`, `date`, `encounter`, `form_name`, `form_id`, `pid`, `user`, `groupname`, `authorized`, `deleted`, `formdir`) VALUES
    ('399','2017-7-29 10:30:00','399', 'Patient Encounter', '399', '71', 'admin', 'Default', '1', '0', 'patient_encounter');
INSERT INTO `libreehr_postcalendar_events` 
        (`pc_catid`,`pc_multiple`,`pc_aid`,`pc_pid`,`pc_title`,`pc_time`,`pc_hometext`,`pc_comments`,`pc_counter`,`pc_topic`,`pc_informant`,`pc_eventDate`,
        `pc_endDate`,`pc_duration`,`pc_recurrtype`,`pc_recurrspec`,`pc_recurrfreq`,`pc_startTime`,`pc_endTime`,`pc_alldayevent`,`pc_location`,`pc_eventstatus`,
        `pc_sharing`,`pc_apptstatus`,`pc_prefcatid`,`pc_facility`,`pc_billing_location`)VALUES
        ( 1,398,'1','71','Office Visit','2017-7-29 10:30:00','Clinical Appointment',0,0,1,'1',
        '2017-7-29 10:30:00','0000-00-00',900,0,
        'a:6:{s:17:"event_repeat_freq";s:1:"0";s:22:"event_repeat_freq_type";s:1:"0";s:19:"event_repeat_on_num";s:1:"1";s:19:"event_repeat_on_day";s:1:"0";s:20:"event_repeat_on_freq";s:1:"0";s:6:"exdate";s:0:"";}',
        0,'10:30:00','10:45:00',0,
        'a:6:{s:14:"event_location";s:0:"";s:13:"event_street1";s:0:"";s:13:"event_street2";s:0:"";s:10:"event_city";s:0:"";s:11:"event_state";s:0:"";s:12:"event_postal";s:0:"";}',
        1,1,'-',0,1,1);
INSERT INTO `form_encounter` (`id`, `date`, `reason`, `facility`, `facility_id`, `pid`, `encounter`,
     `onset_date`, `sensitivity`, `billing_note`, `pc_catid`, `last_level_billed`, `last_level_closed`, `last_stmt_date`, `stmt_count`,
      `provider_id`, `supervisor_id`, `invoice_refno`, `referral_source`, `billing_facility`) VALUES
    ('400','2017-8-28 10:00:00', 'Test Encounter', 'Your Clinic Name Here', '3','71','400', '0000-00-00 00:00:00', 'normal', 'NULL','4', '0', '0','NULL', '0', '1', '0', '', '', '3');
INSERT INTO `forms` (`id`, `date`, `encounter`, `form_name`, `form_id`, `pid`, `user`, `groupname`, `authorized`, `deleted`, `formdir`) VALUES
    ('400','2017-8-28 10:00:00','400', 'Patient Encounter', '400', '71', 'admin', 'Default', '1', '0', 'patient_encounter');
INSERT INTO `libreehr_postcalendar_events` 
        (`pc_catid`,`pc_multiple`,`pc_aid`,`pc_pid`,`pc_title`,`pc_time`,`pc_hometext`,`pc_comments`,`pc_counter`,`pc_topic`,`pc_informant`,`pc_eventDate`,
        `pc_endDate`,`pc_duration`,`pc_recurrtype`,`pc_recurrspec`,`pc_recurrfreq`,`pc_startTime`,`pc_endTime`,`pc_alldayevent`,`pc_location`,`pc_eventstatus`,
        `pc_sharing`,`pc_apptstatus`,`pc_prefcatid`,`pc_facility`,`pc_billing_location`)VALUES
        ( 1,399,'1','71','Office Visit','2017-8-28 10:00:00','Clinical Appointment',0,0,1,'1',
        '2017-8-28 10:00:00','0000-00-00',900,0,
        'a:6:{s:17:"event_repeat_freq";s:1:"0";s:22:"event_repeat_freq_type";s:1:"0";s:19:"event_repeat_on_num";s:1:"1";s:19:"event_repeat_on_day";s:1:"0";s:20:"event_repeat_on_freq";s:1:"0";s:6:"exdate";s:0:"";}',
        0,'10:00:00','10:15:00',0,
        'a:6:{s:14:"event_location";s:0:"";s:13:"event_street1";s:0:"";s:13:"event_street2";s:0:"";s:10:"event_city";s:0:"";s:11:"event_state";s:0:"";s:12:"event_postal";s:0:"";}',
        1,1,'-',0,1,1);
INSERT INTO `form_encounter` (`id`, `date`, `reason`, `facility`, `facility_id`, `pid`, `encounter`,
     `onset_date`, `sensitivity`, `billing_note`, `pc_catid`, `last_level_billed`, `last_level_closed`, `last_stmt_date`, `stmt_count`,
      `provider_id`, `supervisor_id`, `invoice_refno`, `referral_source`, `billing_facility`) VALUES
    ('401','2017-9-27 17:00:00', 'Test Encounter', 'Your Clinic Name Here', '3','71','401', '0000-00-00 00:00:00', 'normal', 'NULL','3', '0', '0','NULL', '0', '1', '0', '', '', '3');
INSERT INTO `forms` (`id`, `date`, `encounter`, `form_name`, `form_id`, `pid`, `user`, `groupname`, `authorized`, `deleted`, `formdir`) VALUES
    ('401','2017-9-27 17:00:00','401', 'Patient Encounter', '401', '71', 'admin', 'Default', '1', '0', 'patient_encounter');
INSERT INTO `libreehr_postcalendar_events` 
        (`pc_catid`,`pc_multiple`,`pc_aid`,`pc_pid`,`pc_title`,`pc_time`,`pc_hometext`,`pc_comments`,`pc_counter`,`pc_topic`,`pc_informant`,`pc_eventDate`,
        `pc_endDate`,`pc_duration`,`pc_recurrtype`,`pc_recurrspec`,`pc_recurrfreq`,`pc_startTime`,`pc_endTime`,`pc_alldayevent`,`pc_location`,`pc_eventstatus`,
        `pc_sharing`,`pc_apptstatus`,`pc_prefcatid`,`pc_facility`,`pc_billing_location`)VALUES
        ( 1,400,'1','71','Office Visit','2017-9-27 17:00:00','Clinical Appointment',0,0,1,'1',
        '2017-9-27 17:00:00','0000-00-00',900,0,
        'a:6:{s:17:"event_repeat_freq";s:1:"0";s:22:"event_repeat_freq_type";s:1:"0";s:19:"event_repeat_on_num";s:1:"1";s:19:"event_repeat_on_day";s:1:"0";s:20:"event_repeat_on_freq";s:1:"0";s:6:"exdate";s:0:"";}',
        0,'17:00:00','17:15:00',0,
        'a:6:{s:14:"event_location";s:0:"";s:13:"event_street1";s:0:"";s:13:"event_street2";s:0:"";s:10:"event_city";s:0:"";s:11:"event_state";s:0:"";s:12:"event_postal";s:0:"";}',
        1,1,'-',0,1,1);
INSERT INTO `patient_data` (`title`, `language`, `financial`, `fname`, `lname`, `mname`, `DOB`,`street`, `postal_code`, `city`, `state`,  `drivers_license`, `ss`,`occupation`, `phone_home`, `phone_biz`, `phone_contact`, `phone_cell`,`status`, `contact_relationship`, `date`, `sex`, `referrer`, `referrerID`,`providerID`, `email`, `ethnoracial`, `interpretter`, `migrantseasonal`,`family_size`, `monthly_income`, `homeless`, `financial_review`, `pubpid`,`pid`, `genericname1`, `genericval1`, `genericname2`, `genericval2`) VALUES
 ('Mrs.','Spanish','','BRENDA','ROMERO','N.','1990-8-9','8142 WallAve.','86566','Lexington','DE','129896466','863193832',' ','(529) 586-3456','(529) 586-3456','(529) 586-3456','(529) 586-3456','single','Friend','2003-11-17 12:06:00','Female','EDWARD CRUZ','1','1','BRENDA@LibreEHR.org','Vietnamese',' ',' ','7','3530',' ','000-00-00 00:00:00','72','72',' ',' ',' ',' ');
INSERT INTO `insurance_data` (`id`, `type`, `provider`, `plan_name`, `policy_number`,`group_number`, `subscriber_lname`, `subscriber_mname`, `subscriber_fname`, `subscriber_relationship`, `subscriber_ss`,`subscriber_DOB`, `subscriber_street`, `subscriber_postal_code`, `subscriber_city`, `subscriber_state`, `subscriber_country`,`subscriber_phone`, `subscriber_employer`, `subscriber_employer_street`, `subscriber_employer_postal_code`,`subscriber_employer_state`, `subscriber_employer_country`, `subscriber_employer_city`, `copay`, `date`, `pid`,`subscriber_sex`, `accept_assignment`) VALUES('211','primary','0','0','195376343','544195389','ROMERO','N.','BRENDA','self','863193832','1990-8-9','8142 WallAve.','86566','Lexington','DE','Openemria','(529) 586-3456','OEMR.org','','','DE','Openemria','Lexington','','2011-10-10','72','Female','TRUE');
INSERT INTO `insurance_data` (`id`, `type`, `provider`, `plan_name`, `policy_number`,`group_number`, `subscriber_lname`, `subscriber_mname`, `subscriber_fname`, `subscriber_relationship`, `subscriber_ss`,`subscriber_DOB`, `subscriber_street`, `subscriber_postal_code`, `subscriber_city`, `subscriber_state`, `subscriber_country`,`subscriber_phone`, `subscriber_employer`, `subscriber_employer_street`, `subscriber_employer_postal_code`,`subscriber_employer_state`, `subscriber_employer_country`, `subscriber_employer_city`, `copay`, `date`, `pid`,`subscriber_sex`, `accept_assignment`) VALUES('212','secondary','3362','Incompetent Provider Company','535230026','5764058','ROMERO','N.','BRENDA','self','863193832','1990-8-9','8142 WallAve.','86566','Lexington','DE','Openemria','(529) 586-3456','OEMR.org','','','DE','Openemria','Lexington','','2011-10-10','72','Female','FALSE');
INSERT INTO `insurance_data` (`id`, `type`, `provider`, `plan_name`, `policy_number`,`group_number`, `subscriber_lname`, `subscriber_mname`, `subscriber_fname`, `subscriber_relationship`, `subscriber_ss`,`subscriber_DOB`, `subscriber_street`, `subscriber_postal_code`, `subscriber_city`, `subscriber_state`, `subscriber_country`,`subscriber_phone`, `subscriber_employer`, `subscriber_employer_street`, `subscriber_employer_postal_code`,`subscriber_employer_state`, `subscriber_employer_country`, `subscriber_employer_city`, `copay`, `date`, `pid`,`subscriber_sex`, `accept_assignment`) VALUES('213','tertiary','0','0','816656667','336415205','ROMERO','N.','BRENDA','self','863193832','1990-8-9','8142 WallAve.','86566','Lexington','DE','Openemria','(529) 586-3456','OEMR.org','','','DE','Openemria','Lexington','','2011-10-10','72','Female','FALSE');
INSERT INTO `form_encounter` (`id`, `date`, `reason`, `facility`, `facility_id`, `pid`, `encounter`,
     `onset_date`, `sensitivity`, `billing_note`, `pc_catid`, `last_level_billed`, `last_level_closed`, `last_stmt_date`, `stmt_count`,
      `provider_id`, `supervisor_id`, `invoice_refno`, `referral_source`, `billing_facility`) VALUES
    ('402','2017-5-30 17:15:00', 'Test Encounter', 'Your Clinic Name Here', '3','72','402', '0000-00-00 00:00:00', 'normal', 'NULL','5', '0', '0','NULL', '0', '1', '0', '', '', '3');
INSERT INTO `forms` (`id`, `date`, `encounter`, `form_name`, `form_id`, `pid`, `user`, `groupname`, `authorized`, `deleted`, `formdir`) VALUES
    ('402','2017-5-30 17:15:00','402', 'Patient Encounter', '402', '72', 'admin', 'Default', '1', '0', 'patient_encounter');
INSERT INTO `libreehr_postcalendar_events` 
        (`pc_catid`,`pc_multiple`,`pc_aid`,`pc_pid`,`pc_title`,`pc_time`,`pc_hometext`,`pc_comments`,`pc_counter`,`pc_topic`,`pc_informant`,`pc_eventDate`,
        `pc_endDate`,`pc_duration`,`pc_recurrtype`,`pc_recurrspec`,`pc_recurrfreq`,`pc_startTime`,`pc_endTime`,`pc_alldayevent`,`pc_location`,`pc_eventstatus`,
        `pc_sharing`,`pc_apptstatus`,`pc_prefcatid`,`pc_facility`,`pc_billing_location`)VALUES
        ( 1,401,'1','72','Office Visit','2017-5-30 17:15:00','Clinical Appointment',0,0,1,'1',
        '2017-5-30 17:15:00','0000-00-00',900,0,
        'a:6:{s:17:"event_repeat_freq";s:1:"0";s:22:"event_repeat_freq_type";s:1:"0";s:19:"event_repeat_on_num";s:1:"1";s:19:"event_repeat_on_day";s:1:"0";s:20:"event_repeat_on_freq";s:1:"0";s:6:"exdate";s:0:"";}',
        0,'17:15:00','17:30:00',0,
        'a:6:{s:14:"event_location";s:0:"";s:13:"event_street1";s:0:"";s:13:"event_street2";s:0:"";s:10:"event_city";s:0:"";s:11:"event_state";s:0:"";s:12:"event_postal";s:0:"";}',
        1,1,'-',0,1,1);
INSERT INTO `form_encounter` (`id`, `date`, `reason`, `facility`, `facility_id`, `pid`, `encounter`,
     `onset_date`, `sensitivity`, `billing_note`, `pc_catid`, `last_level_billed`, `last_level_closed`, `last_stmt_date`, `stmt_count`,
      `provider_id`, `supervisor_id`, `invoice_refno`, `referral_source`, `billing_facility`) VALUES
    ('403','2017-6-29 17:30:00', 'Test Encounter', 'Your Clinic Name Here', '3','72','403', '0000-00-00 00:00:00', 'normal', 'NULL','6', '0', '0','NULL', '0', '1', '0', '', '', '3');
INSERT INTO `forms` (`id`, `date`, `encounter`, `form_name`, `form_id`, `pid`, `user`, `groupname`, `authorized`, `deleted`, `formdir`) VALUES
    ('403','2017-6-29 17:30:00','403', 'Patient Encounter', '403', '72', 'admin', 'Default', '1', '0', 'patient_encounter');
INSERT INTO `libreehr_postcalendar_events` 
        (`pc_catid`,`pc_multiple`,`pc_aid`,`pc_pid`,`pc_title`,`pc_time`,`pc_hometext`,`pc_comments`,`pc_counter`,`pc_topic`,`pc_informant`,`pc_eventDate`,
        `pc_endDate`,`pc_duration`,`pc_recurrtype`,`pc_recurrspec`,`pc_recurrfreq`,`pc_startTime`,`pc_endTime`,`pc_alldayevent`,`pc_location`,`pc_eventstatus`,
        `pc_sharing`,`pc_apptstatus`,`pc_prefcatid`,`pc_facility`,`pc_billing_location`)VALUES
        ( 1,402,'1','72','Office Visit','2017-6-29 17:30:00','Clinical Appointment',0,0,1,'1',
        '2017-6-29 17:30:00','0000-00-00',900,0,
        'a:6:{s:17:"event_repeat_freq";s:1:"0";s:22:"event_repeat_freq_type";s:1:"0";s:19:"event_repeat_on_num";s:1:"1";s:19:"event_repeat_on_day";s:1:"0";s:20:"event_repeat_on_freq";s:1:"0";s:6:"exdate";s:0:"";}',
        0,'17:30:00','17:45:00',0,
        'a:6:{s:14:"event_location";s:0:"";s:13:"event_street1";s:0:"";s:13:"event_street2";s:0:"";s:10:"event_city";s:0:"";s:11:"event_state";s:0:"";s:12:"event_postal";s:0:"";}',
        1,1,'-',0,1,1);
INSERT INTO `form_encounter` (`id`, `date`, `reason`, `facility`, `facility_id`, `pid`, `encounter`,
     `onset_date`, `sensitivity`, `billing_note`, `pc_catid`, `last_level_billed`, `last_level_closed`, `last_stmt_date`, `stmt_count`,
      `provider_id`, `supervisor_id`, `invoice_refno`, `referral_source`, `billing_facility`) VALUES
    ('404','2017-7-29 12:15:00', 'Test Encounter', 'Your Clinic Name Here', '3','72','404', '0000-00-00 00:00:00', 'normal', 'NULL','4', '0', '0','NULL', '0', '1', '0', '', '', '3');
INSERT INTO `forms` (`id`, `date`, `encounter`, `form_name`, `form_id`, `pid`, `user`, `groupname`, `authorized`, `deleted`, `formdir`) VALUES
    ('404','2017-7-29 12:15:00','404', 'Patient Encounter', '404', '72', 'admin', 'Default', '1', '0', 'patient_encounter');
INSERT INTO `libreehr_postcalendar_events` 
        (`pc_catid`,`pc_multiple`,`pc_aid`,`pc_pid`,`pc_title`,`pc_time`,`pc_hometext`,`pc_comments`,`pc_counter`,`pc_topic`,`pc_informant`,`pc_eventDate`,
        `pc_endDate`,`pc_duration`,`pc_recurrtype`,`pc_recurrspec`,`pc_recurrfreq`,`pc_startTime`,`pc_endTime`,`pc_alldayevent`,`pc_location`,`pc_eventstatus`,
        `pc_sharing`,`pc_apptstatus`,`pc_prefcatid`,`pc_facility`,`pc_billing_location`)VALUES
        ( 1,403,'1','72','Office Visit','2017-7-29 12:15:00','Clinical Appointment',0,0,1,'1',
        '2017-7-29 12:15:00','0000-00-00',900,0,
        'a:6:{s:17:"event_repeat_freq";s:1:"0";s:22:"event_repeat_freq_type";s:1:"0";s:19:"event_repeat_on_num";s:1:"1";s:19:"event_repeat_on_day";s:1:"0";s:20:"event_repeat_on_freq";s:1:"0";s:6:"exdate";s:0:"";}',
        0,'12:15:00','12:30:00',0,
        'a:6:{s:14:"event_location";s:0:"";s:13:"event_street1";s:0:"";s:13:"event_street2";s:0:"";s:10:"event_city";s:0:"";s:11:"event_state";s:0:"";s:12:"event_postal";s:0:"";}',
        1,1,'-',0,1,1);
INSERT INTO `form_encounter` (`id`, `date`, `reason`, `facility`, `facility_id`, `pid`, `encounter`,
     `onset_date`, `sensitivity`, `billing_note`, `pc_catid`, `last_level_billed`, `last_level_closed`, `last_stmt_date`, `stmt_count`,
      `provider_id`, `supervisor_id`, `invoice_refno`, `referral_source`, `billing_facility`) VALUES
    ('405','2017-8-28 10:15:00', 'Test Encounter', 'Your Clinic Name Here', '3','72','405', '0000-00-00 00:00:00', 'normal', 'NULL','7', '0', '0','NULL', '0', '1', '0', '', '', '3');
INSERT INTO `forms` (`id`, `date`, `encounter`, `form_name`, `form_id`, `pid`, `user`, `groupname`, `authorized`, `deleted`, `formdir`) VALUES
    ('405','2017-8-28 10:15:00','405', 'Patient Encounter', '405', '72', 'admin', 'Default', '1', '0', 'patient_encounter');
INSERT INTO `libreehr_postcalendar_events` 
        (`pc_catid`,`pc_multiple`,`pc_aid`,`pc_pid`,`pc_title`,`pc_time`,`pc_hometext`,`pc_comments`,`pc_counter`,`pc_topic`,`pc_informant`,`pc_eventDate`,
        `pc_endDate`,`pc_duration`,`pc_recurrtype`,`pc_recurrspec`,`pc_recurrfreq`,`pc_startTime`,`pc_endTime`,`pc_alldayevent`,`pc_location`,`pc_eventstatus`,
        `pc_sharing`,`pc_apptstatus`,`pc_prefcatid`,`pc_facility`,`pc_billing_location`)VALUES
        ( 1,404,'1','72','Office Visit','2017-8-28 10:15:00','Clinical Appointment',0,0,1,'1',
        '2017-8-28 10:15:00','0000-00-00',900,0,
        'a:6:{s:17:"event_repeat_freq";s:1:"0";s:22:"event_repeat_freq_type";s:1:"0";s:19:"event_repeat_on_num";s:1:"1";s:19:"event_repeat_on_day";s:1:"0";s:20:"event_repeat_on_freq";s:1:"0";s:6:"exdate";s:0:"";}',
        0,'10:15:00','10:30:00',0,
        'a:6:{s:14:"event_location";s:0:"";s:13:"event_street1";s:0:"";s:13:"event_street2";s:0:"";s:10:"event_city";s:0:"";s:11:"event_state";s:0:"";s:12:"event_postal";s:0:"";}',
        1,1,'-',0,1,1);
INSERT INTO `form_encounter` (`id`, `date`, `reason`, `facility`, `facility_id`, `pid`, `encounter`,
     `onset_date`, `sensitivity`, `billing_note`, `pc_catid`, `last_level_billed`, `last_level_closed`, `last_stmt_date`, `stmt_count`,
      `provider_id`, `supervisor_id`, `invoice_refno`, `referral_source`, `billing_facility`) VALUES
    ('406','2017-9-27 14:30:00', 'Test Encounter', 'Your Clinic Name Here', '3','72','406', '0000-00-00 00:00:00', 'normal', 'NULL','9', '0', '0','NULL', '0', '1', '0', '', '', '3');
INSERT INTO `forms` (`id`, `date`, `encounter`, `form_name`, `form_id`, `pid`, `user`, `groupname`, `authorized`, `deleted`, `formdir`) VALUES
    ('406','2017-9-27 14:30:00','406', 'Patient Encounter', '406', '72', 'admin', 'Default', '1', '0', 'patient_encounter');
INSERT INTO `libreehr_postcalendar_events` 
        (`pc_catid`,`pc_multiple`,`pc_aid`,`pc_pid`,`pc_title`,`pc_time`,`pc_hometext`,`pc_comments`,`pc_counter`,`pc_topic`,`pc_informant`,`pc_eventDate`,
        `pc_endDate`,`pc_duration`,`pc_recurrtype`,`pc_recurrspec`,`pc_recurrfreq`,`pc_startTime`,`pc_endTime`,`pc_alldayevent`,`pc_location`,`pc_eventstatus`,
        `pc_sharing`,`pc_apptstatus`,`pc_prefcatid`,`pc_facility`,`pc_billing_location`)VALUES
        ( 1,405,'1','72','Office Visit','2017-9-27 14:30:00','Clinical Appointment',0,0,1,'1',
        '2017-9-27 14:30:00','0000-00-00',900,0,
        'a:6:{s:17:"event_repeat_freq";s:1:"0";s:22:"event_repeat_freq_type";s:1:"0";s:19:"event_repeat_on_num";s:1:"1";s:19:"event_repeat_on_day";s:1:"0";s:20:"event_repeat_on_freq";s:1:"0";s:6:"exdate";s:0:"";}',
        0,'14:30:00','14:45:00',0,
        'a:6:{s:14:"event_location";s:0:"";s:13:"event_street1";s:0:"";s:13:"event_street2";s:0:"";s:10:"event_city";s:0:"";s:11:"event_state";s:0:"";s:12:"event_postal";s:0:"";}',
        1,1,'-',0,1,1);
INSERT INTO `patient_data` (`title`, `language`, `financial`, `fname`, `lname`, `mname`, `DOB`,`street`, `postal_code`, `city`, `state`,  `drivers_license`, `ss`,`occupation`, `phone_home`, `phone_biz`, `phone_contact`, `phone_cell`,`status`, `contact_relationship`, `date`, `sex`, `referrer`, `referrerID`,`providerID`, `email`, `ethnoracial`, `interpretter`, `migrantseasonal`,`family_size`, `monthly_income`, `homeless`, `financial_review`, `pubpid`,`pid`, `genericname1`, `genericval1`, `genericname2`, `genericval2`) VALUES
 ('Mr.','English','','RYAN','ROSE','P.','1987-11-21','9586 PineSt.','9476','Oxford','WA','898704392','128315720',' ','(547) 818-3922','(547) 818-3922','(547) 818-3922','(547) 818-3922','married','Friend','2003-11-17 12:06:00','Male','BENJAMIN GARCIA','1','1','RYAN@LibreEHR.org','Martian',' ',' ','8','8973',' ','000-00-00 00:00:00','73','73',' ',' ',' ',' ');
INSERT INTO `insurance_data` (`id`, `type`, `provider`, `plan_name`, `policy_number`,`group_number`, `subscriber_lname`, `subscriber_mname`, `subscriber_fname`, `subscriber_relationship`, `subscriber_ss`,`subscriber_DOB`, `subscriber_street`, `subscriber_postal_code`, `subscriber_city`, `subscriber_state`, `subscriber_country`,`subscriber_phone`, `subscriber_employer`, `subscriber_employer_street`, `subscriber_employer_postal_code`,`subscriber_employer_state`, `subscriber_employer_country`, `subscriber_employer_city`, `copay`, `date`, `pid`,`subscriber_sex`, `accept_assignment`) VALUES('214','primary','7687','Green Assurance INC.','860399077','131488431','ROSE','P.','RYAN','self','128315720','1987-11-21','9586 PineSt.','9476','Oxford','WA','Openemria','(547) 818-3922','OEMR.org','','','WA','Openemria','Oxford','','2011-10-10','73','Male','TRUE');
INSERT INTO `insurance_data` (`id`, `type`, `provider`, `plan_name`, `policy_number`,`group_number`, `subscriber_lname`, `subscriber_mname`, `subscriber_fname`, `subscriber_relationship`, `subscriber_ss`,`subscriber_DOB`, `subscriber_street`, `subscriber_postal_code`, `subscriber_city`, `subscriber_state`, `subscriber_country`,`subscriber_phone`, `subscriber_employer`, `subscriber_employer_street`, `subscriber_employer_postal_code`,`subscriber_employer_state`, `subscriber_employer_country`, `subscriber_employer_city`, `copay`, `date`, `pid`,`subscriber_sex`, `accept_assignment`) VALUES('215','secondary','6887','Impersonal Insurance HMO','307970144','549113044','ROSE','P.','RYAN','self','128315720','1987-11-21','9586 PineSt.','9476','Oxford','WA','Openemria','(547) 818-3922','OEMR.org','','','WA','Openemria','Oxford','','2011-10-10','73','Male','FALSE');
INSERT INTO `insurance_data` (`id`, `type`, `provider`, `plan_name`, `policy_number`,`group_number`, `subscriber_lname`, `subscriber_mname`, `subscriber_fname`, `subscriber_relationship`, `subscriber_ss`,`subscriber_DOB`, `subscriber_street`, `subscriber_postal_code`, `subscriber_city`, `subscriber_state`, `subscriber_country`,`subscriber_phone`, `subscriber_employer`, `subscriber_employer_street`, `subscriber_employer_postal_code`,`subscriber_employer_state`, `subscriber_employer_country`, `subscriber_employer_city`, `copay`, `date`, `pid`,`subscriber_sex`, `accept_assignment`) VALUES('216','tertiary','6186','Green Mutual LTD','63465340','929828803','ROSE','P.','RYAN','self','128315720','1987-11-21','9586 PineSt.','9476','Oxford','WA','Openemria','(547) 818-3922','OEMR.org','','','WA','Openemria','Oxford','','2011-10-10','73','Male','FALSE');
INSERT INTO `form_encounter` (`id`, `date`, `reason`, `facility`, `facility_id`, `pid`, `encounter`,
     `onset_date`, `sensitivity`, `billing_note`, `pc_catid`, `last_level_billed`, `last_level_closed`, `last_stmt_date`, `stmt_count`,
      `provider_id`, `supervisor_id`, `invoice_refno`, `referral_source`, `billing_facility`) VALUES
    ('407','2017-7-29 16:00:00', 'Test Encounter', 'Your Clinic Name Here', '3','73','407', '0000-00-00 00:00:00', 'normal', 'NULL','10', '0', '0','NULL', '0', '1', '0', '', '', '3');
INSERT INTO `forms` (`id`, `date`, `encounter`, `form_name`, `form_id`, `pid`, `user`, `groupname`, `authorized`, `deleted`, `formdir`) VALUES
    ('407','2017-7-29 16:00:00','407', 'Patient Encounter', '407', '73', 'admin', 'Default', '1', '0', 'patient_encounter');
INSERT INTO `libreehr_postcalendar_events` 
        (`pc_catid`,`pc_multiple`,`pc_aid`,`pc_pid`,`pc_title`,`pc_time`,`pc_hometext`,`pc_comments`,`pc_counter`,`pc_topic`,`pc_informant`,`pc_eventDate`,
        `pc_endDate`,`pc_duration`,`pc_recurrtype`,`pc_recurrspec`,`pc_recurrfreq`,`pc_startTime`,`pc_endTime`,`pc_alldayevent`,`pc_location`,`pc_eventstatus`,
        `pc_sharing`,`pc_apptstatus`,`pc_prefcatid`,`pc_facility`,`pc_billing_location`)VALUES
        ( 1,406,'1','73','Office Visit','2017-7-29 16:00:00','Clinical Appointment',0,0,1,'1',
        '2017-7-29 16:00:00','0000-00-00',900,0,
        'a:6:{s:17:"event_repeat_freq";s:1:"0";s:22:"event_repeat_freq_type";s:1:"0";s:19:"event_repeat_on_num";s:1:"1";s:19:"event_repeat_on_day";s:1:"0";s:20:"event_repeat_on_freq";s:1:"0";s:6:"exdate";s:0:"";}',
        0,'16:00:00','16:15:00',0,
        'a:6:{s:14:"event_location";s:0:"";s:13:"event_street1";s:0:"";s:13:"event_street2";s:0:"";s:10:"event_city";s:0:"";s:11:"event_state";s:0:"";s:12:"event_postal";s:0:"";}',
        1,1,'-',0,1,1);
INSERT INTO `form_encounter` (`id`, `date`, `reason`, `facility`, `facility_id`, `pid`, `encounter`,
     `onset_date`, `sensitivity`, `billing_note`, `pc_catid`, `last_level_billed`, `last_level_closed`, `last_stmt_date`, `stmt_count`,
      `provider_id`, `supervisor_id`, `invoice_refno`, `referral_source`, `billing_facility`) VALUES
    ('408','2017-8-28 11:00:00', 'Test Encounter', 'Your Clinic Name Here', '3','73','408', '0000-00-00 00:00:00', 'normal', 'NULL','7', '0', '0','NULL', '0', '1', '0', '', '', '3');
INSERT INTO `forms` (`id`, `date`, `encounter`, `form_name`, `form_id`, `pid`, `user`, `groupname`, `authorized`, `deleted`, `formdir`) VALUES
    ('408','2017-8-28 11:00:00','408', 'Patient Encounter', '408', '73', 'admin', 'Default', '1', '0', 'patient_encounter');
INSERT INTO `libreehr_postcalendar_events` 
        (`pc_catid`,`pc_multiple`,`pc_aid`,`pc_pid`,`pc_title`,`pc_time`,`pc_hometext`,`pc_comments`,`pc_counter`,`pc_topic`,`pc_informant`,`pc_eventDate`,
        `pc_endDate`,`pc_duration`,`pc_recurrtype`,`pc_recurrspec`,`pc_recurrfreq`,`pc_startTime`,`pc_endTime`,`pc_alldayevent`,`pc_location`,`pc_eventstatus`,
        `pc_sharing`,`pc_apptstatus`,`pc_prefcatid`,`pc_facility`,`pc_billing_location`)VALUES
        ( 1,407,'1','73','Office Visit','2017-8-28 11:00:00','Clinical Appointment',0,0,1,'1',
        '2017-8-28 11:00:00','0000-00-00',900,0,
        'a:6:{s:17:"event_repeat_freq";s:1:"0";s:22:"event_repeat_freq_type";s:1:"0";s:19:"event_repeat_on_num";s:1:"1";s:19:"event_repeat_on_day";s:1:"0";s:20:"event_repeat_on_freq";s:1:"0";s:6:"exdate";s:0:"";}',
        0,'11:00:00','11:15:00',0,
        'a:6:{s:14:"event_location";s:0:"";s:13:"event_street1";s:0:"";s:13:"event_street2";s:0:"";s:10:"event_city";s:0:"";s:11:"event_state";s:0:"";s:12:"event_postal";s:0:"";}',
        1,1,'-',0,1,1);
INSERT INTO `form_encounter` (`id`, `date`, `reason`, `facility`, `facility_id`, `pid`, `encounter`,
     `onset_date`, `sensitivity`, `billing_note`, `pc_catid`, `last_level_billed`, `last_level_closed`, `last_stmt_date`, `stmt_count`,
      `provider_id`, `supervisor_id`, `invoice_refno`, `referral_source`, `billing_facility`) VALUES
    ('409','2017-9-27 16:00:00', 'Test Encounter', 'Your Clinic Name Here', '3','73','409', '0000-00-00 00:00:00', 'normal', 'NULL','2', '0', '0','NULL', '0', '1', '0', '', '', '3');
INSERT INTO `forms` (`id`, `date`, `encounter`, `form_name`, `form_id`, `pid`, `user`, `groupname`, `authorized`, `deleted`, `formdir`) VALUES
    ('409','2017-9-27 16:00:00','409', 'Patient Encounter', '409', '73', 'admin', 'Default', '1', '0', 'patient_encounter');
INSERT INTO `libreehr_postcalendar_events` 
        (`pc_catid`,`pc_multiple`,`pc_aid`,`pc_pid`,`pc_title`,`pc_time`,`pc_hometext`,`pc_comments`,`pc_counter`,`pc_topic`,`pc_informant`,`pc_eventDate`,
        `pc_endDate`,`pc_duration`,`pc_recurrtype`,`pc_recurrspec`,`pc_recurrfreq`,`pc_startTime`,`pc_endTime`,`pc_alldayevent`,`pc_location`,`pc_eventstatus`,
        `pc_sharing`,`pc_apptstatus`,`pc_prefcatid`,`pc_facility`,`pc_billing_location`)VALUES
        ( 1,408,'1','73','Office Visit','2017-9-27 16:00:00','Clinical Appointment',0,0,1,'1',
        '2017-9-27 16:00:00','0000-00-00',900,0,
        'a:6:{s:17:"event_repeat_freq";s:1:"0";s:22:"event_repeat_freq_type";s:1:"0";s:19:"event_repeat_on_num";s:1:"1";s:19:"event_repeat_on_day";s:1:"0";s:20:"event_repeat_on_freq";s:1:"0";s:6:"exdate";s:0:"";}',
        0,'16:00:00','16:15:00',0,
        'a:6:{s:14:"event_location";s:0:"";s:13:"event_street1";s:0:"";s:13:"event_street2";s:0:"";s:10:"event_city";s:0:"";s:11:"event_state";s:0:"";s:12:"event_postal";s:0:"";}',
        1,1,'-',0,1,1);
INSERT INTO `patient_data` (`title`, `language`, `financial`, `fname`, `lname`, `mname`, `DOB`,`street`, `postal_code`, `city`, `state`,  `drivers_license`, `ss`,`occupation`, `phone_home`, `phone_biz`, `phone_contact`, `phone_cell`,`status`, `contact_relationship`, `date`, `sex`, `referrer`, `referrerID`,`providerID`, `email`, `ethnoracial`, `interpretter`, `migrantseasonal`,`family_size`, `monthly_income`, `homeless`, `financial_review`, `pubpid`,`pid`, `genericname1`, `genericval1`, `genericname2`, `genericval2`) VALUES
 ('Ms.','Spanish','','PATRICIA','GRAY','P.','1970-3-25','293 MapleSt.','16171','Dover','ID','916759312','652102769',' ','(961) 754-5856','(961) 754-5856','(961) 754-5856','(961) 754-5856','single','Friend','2003-11-17 12:06:00','Female','FRED YOUNG','1','1','PATRICIA@LibreEHR.org','Puerto Rican',' ',' ','1','5040',' ','000-00-00 00:00:00','74','74',' ',' ',' ',' ');
INSERT INTO `insurance_data` (`id`, `type`, `provider`, `plan_name`, `policy_number`,`group_number`, `subscriber_lname`, `subscriber_mname`, `subscriber_fname`, `subscriber_relationship`, `subscriber_ss`,`subscriber_DOB`, `subscriber_street`, `subscriber_postal_code`, `subscriber_city`, `subscriber_state`, `subscriber_country`,`subscriber_phone`, `subscriber_employer`, `subscriber_employer_street`, `subscriber_employer_postal_code`,`subscriber_employer_state`, `subscriber_employer_country`, `subscriber_employer_city`, `copay`, `date`, `pid`,`subscriber_sex`, `accept_assignment`) VALUES('217','primary','6186','Green Mutual LTD','192606085','723316042','GRAY','P.','PATRICIA','self','652102769','1970-3-25','293 MapleSt.','16171','Dover','ID','Openemria','(961) 754-5856','OEMR.org','','','ID','Openemria','Dover','','2011-10-10','74','Female','FALSE');
INSERT INTO `insurance_data` (`id`, `type`, `provider`, `plan_name`, `policy_number`,`group_number`, `subscriber_lname`, `subscriber_mname`, `subscriber_fname`, `subscriber_relationship`, `subscriber_ss`,`subscriber_DOB`, `subscriber_street`, `subscriber_postal_code`, `subscriber_city`, `subscriber_state`, `subscriber_country`,`subscriber_phone`, `subscriber_employer`, `subscriber_employer_street`, `subscriber_employer_postal_code`,`subscriber_employer_state`, `subscriber_employer_country`, `subscriber_employer_city`, `copay`, `date`, `pid`,`subscriber_sex`, `accept_assignment`) VALUES('218','secondary','7519','Litigeous Heartless LTD','156228359','204172652','GRAY','P.','PATRICIA','self','652102769','1970-3-25','293 MapleSt.','16171','Dover','ID','Openemria','(961) 754-5856','OEMR.org','','','ID','Openemria','Dover','','2011-10-10','74','Female','TRUE');
INSERT INTO `insurance_data` (`id`, `type`, `provider`, `plan_name`, `policy_number`,`group_number`, `subscriber_lname`, `subscriber_mname`, `subscriber_fname`, `subscriber_relationship`, `subscriber_ss`,`subscriber_DOB`, `subscriber_street`, `subscriber_postal_code`, `subscriber_city`, `subscriber_state`, `subscriber_country`,`subscriber_phone`, `subscriber_employer`, `subscriber_employer_street`, `subscriber_employer_postal_code`,`subscriber_employer_state`, `subscriber_employer_country`, `subscriber_employer_city`, `copay`, `date`, `pid`,`subscriber_sex`, `accept_assignment`) VALUES('219','tertiary','2651','Puce Mutual HMO','995813686','149794968','GRAY','P.','PATRICIA','self','652102769','1970-3-25','293 MapleSt.','16171','Dover','ID','Openemria','(961) 754-5856','OEMR.org','','','ID','Openemria','Dover','','2011-10-10','74','Female','FALSE');
INSERT INTO `form_encounter` (`id`, `date`, `reason`, `facility`, `facility_id`, `pid`, `encounter`,
     `onset_date`, `sensitivity`, `billing_note`, `pc_catid`, `last_level_billed`, `last_level_closed`, `last_stmt_date`, `stmt_count`,
      `provider_id`, `supervisor_id`, `invoice_refno`, `referral_source`, `billing_facility`) VALUES
    ('410','2017-1-30 16:30:00', 'Test Encounter', 'Your Clinic Name Here', '3','74','410', '0000-00-00 00:00:00', 'normal', 'NULL','7', '0', '0','NULL', '0', '1', '0', '', '', '3');
INSERT INTO `forms` (`id`, `date`, `encounter`, `form_name`, `form_id`, `pid`, `user`, `groupname`, `authorized`, `deleted`, `formdir`) VALUES
    ('410','2017-1-30 16:30:00','410', 'Patient Encounter', '410', '74', 'admin', 'Default', '1', '0', 'patient_encounter');
INSERT INTO `libreehr_postcalendar_events` 
        (`pc_catid`,`pc_multiple`,`pc_aid`,`pc_pid`,`pc_title`,`pc_time`,`pc_hometext`,`pc_comments`,`pc_counter`,`pc_topic`,`pc_informant`,`pc_eventDate`,
        `pc_endDate`,`pc_duration`,`pc_recurrtype`,`pc_recurrspec`,`pc_recurrfreq`,`pc_startTime`,`pc_endTime`,`pc_alldayevent`,`pc_location`,`pc_eventstatus`,
        `pc_sharing`,`pc_apptstatus`,`pc_prefcatid`,`pc_facility`,`pc_billing_location`)VALUES
        ( 1,409,'1','74','Office Visit','2017-1-30 16:30:00','Clinical Appointment',0,0,1,'1',
        '2017-1-30 16:30:00','0000-00-00',900,0,
        'a:6:{s:17:"event_repeat_freq";s:1:"0";s:22:"event_repeat_freq_type";s:1:"0";s:19:"event_repeat_on_num";s:1:"1";s:19:"event_repeat_on_day";s:1:"0";s:20:"event_repeat_on_freq";s:1:"0";s:6:"exdate";s:0:"";}',
        0,'16:30:00','16:45:00',0,
        'a:6:{s:14:"event_location";s:0:"";s:13:"event_street1";s:0:"";s:13:"event_street2";s:0:"";s:10:"event_city";s:0:"";s:11:"event_state";s:0:"";s:12:"event_postal";s:0:"";}',
        1,1,'-',0,1,1);
INSERT INTO `form_encounter` (`id`, `date`, `reason`, `facility`, `facility_id`, `pid`, `encounter`,
     `onset_date`, `sensitivity`, `billing_note`, `pc_catid`, `last_level_billed`, `last_level_closed`, `last_stmt_date`, `stmt_count`,
      `provider_id`, `supervisor_id`, `invoice_refno`, `referral_source`, `billing_facility`) VALUES
    ('411','2017-3-1 14:30:00', 'Test Encounter', 'Your Clinic Name Here', '3','74','411', '0000-00-00 00:00:00', 'normal', 'NULL','4', '0', '0','NULL', '0', '1', '0', '', '', '3');
INSERT INTO `forms` (`id`, `date`, `encounter`, `form_name`, `form_id`, `pid`, `user`, `groupname`, `authorized`, `deleted`, `formdir`) VALUES
    ('411','2017-3-1 14:30:00','411', 'Patient Encounter', '411', '74', 'admin', 'Default', '1', '0', 'patient_encounter');
INSERT INTO `libreehr_postcalendar_events` 
        (`pc_catid`,`pc_multiple`,`pc_aid`,`pc_pid`,`pc_title`,`pc_time`,`pc_hometext`,`pc_comments`,`pc_counter`,`pc_topic`,`pc_informant`,`pc_eventDate`,
        `pc_endDate`,`pc_duration`,`pc_recurrtype`,`pc_recurrspec`,`pc_recurrfreq`,`pc_startTime`,`pc_endTime`,`pc_alldayevent`,`pc_location`,`pc_eventstatus`,
        `pc_sharing`,`pc_apptstatus`,`pc_prefcatid`,`pc_facility`,`pc_billing_location`)VALUES
        ( 1,410,'1','74','Office Visit','2017-3-1 14:30:00','Clinical Appointment',0,0,1,'1',
        '2017-3-1 14:30:00','0000-00-00',900,0,
        'a:6:{s:17:"event_repeat_freq";s:1:"0";s:22:"event_repeat_freq_type";s:1:"0";s:19:"event_repeat_on_num";s:1:"1";s:19:"event_repeat_on_day";s:1:"0";s:20:"event_repeat_on_freq";s:1:"0";s:6:"exdate";s:0:"";}',
        0,'14:30:00','14:45:00',0,
        'a:6:{s:14:"event_location";s:0:"";s:13:"event_street1";s:0:"";s:13:"event_street2";s:0:"";s:10:"event_city";s:0:"";s:11:"event_state";s:0:"";s:12:"event_postal";s:0:"";}',
        1,1,'-',0,1,1);
INSERT INTO `form_encounter` (`id`, `date`, `reason`, `facility`, `facility_id`, `pid`, `encounter`,
     `onset_date`, `sensitivity`, `billing_note`, `pc_catid`, `last_level_billed`, `last_level_closed`, `last_stmt_date`, `stmt_count`,
      `provider_id`, `supervisor_id`, `invoice_refno`, `referral_source`, `billing_facility`) VALUES
    ('412','2017-3-31 17:15:00', 'Test Encounter', 'Your Clinic Name Here', '3','74','412', '0000-00-00 00:00:00', 'normal', 'NULL','10', '0', '0','NULL', '0', '1', '0', '', '', '3');
INSERT INTO `forms` (`id`, `date`, `encounter`, `form_name`, `form_id`, `pid`, `user`, `groupname`, `authorized`, `deleted`, `formdir`) VALUES
    ('412','2017-3-31 17:15:00','412', 'Patient Encounter', '412', '74', 'admin', 'Default', '1', '0', 'patient_encounter');
INSERT INTO `libreehr_postcalendar_events` 
        (`pc_catid`,`pc_multiple`,`pc_aid`,`pc_pid`,`pc_title`,`pc_time`,`pc_hometext`,`pc_comments`,`pc_counter`,`pc_topic`,`pc_informant`,`pc_eventDate`,
        `pc_endDate`,`pc_duration`,`pc_recurrtype`,`pc_recurrspec`,`pc_recurrfreq`,`pc_startTime`,`pc_endTime`,`pc_alldayevent`,`pc_location`,`pc_eventstatus`,
        `pc_sharing`,`pc_apptstatus`,`pc_prefcatid`,`pc_facility`,`pc_billing_location`)VALUES
        ( 1,411,'1','74','Office Visit','2017-3-31 17:15:00','Clinical Appointment',0,0,1,'1',
        '2017-3-31 17:15:00','0000-00-00',900,0,
        'a:6:{s:17:"event_repeat_freq";s:1:"0";s:22:"event_repeat_freq_type";s:1:"0";s:19:"event_repeat_on_num";s:1:"1";s:19:"event_repeat_on_day";s:1:"0";s:20:"event_repeat_on_freq";s:1:"0";s:6:"exdate";s:0:"";}',
        0,'17:15:00','17:30:00',0,
        'a:6:{s:14:"event_location";s:0:"";s:13:"event_street1";s:0:"";s:13:"event_street2";s:0:"";s:10:"event_city";s:0:"";s:11:"event_state";s:0:"";s:12:"event_postal";s:0:"";}',
        1,1,'-',0,1,1);
INSERT INTO `form_encounter` (`id`, `date`, `reason`, `facility`, `facility_id`, `pid`, `encounter`,
     `onset_date`, `sensitivity`, `billing_note`, `pc_catid`, `last_level_billed`, `last_level_closed`, `last_stmt_date`, `stmt_count`,
      `provider_id`, `supervisor_id`, `invoice_refno`, `referral_source`, `billing_facility`) VALUES
    ('413','2017-4-30 13:00:00', 'Test Encounter', 'Your Clinic Name Here', '3','74','413', '0000-00-00 00:00:00', 'normal', 'NULL','6', '0', '0','NULL', '0', '1', '0', '', '', '3');
INSERT INTO `forms` (`id`, `date`, `encounter`, `form_name`, `form_id`, `pid`, `user`, `groupname`, `authorized`, `deleted`, `formdir`) VALUES
    ('413','2017-4-30 13:00:00','413', 'Patient Encounter', '413', '74', 'admin', 'Default', '1', '0', 'patient_encounter');
INSERT INTO `libreehr_postcalendar_events` 
        (`pc_catid`,`pc_multiple`,`pc_aid`,`pc_pid`,`pc_title`,`pc_time`,`pc_hometext`,`pc_comments`,`pc_counter`,`pc_topic`,`pc_informant`,`pc_eventDate`,
        `pc_endDate`,`pc_duration`,`pc_recurrtype`,`pc_recurrspec`,`pc_recurrfreq`,`pc_startTime`,`pc_endTime`,`pc_alldayevent`,`pc_location`,`pc_eventstatus`,
        `pc_sharing`,`pc_apptstatus`,`pc_prefcatid`,`pc_facility`,`pc_billing_location`)VALUES
        ( 1,412,'1','74','Office Visit','2017-4-30 13:00:00','Clinical Appointment',0,0,1,'1',
        '2017-4-30 13:00:00','0000-00-00',900,0,
        'a:6:{s:17:"event_repeat_freq";s:1:"0";s:22:"event_repeat_freq_type";s:1:"0";s:19:"event_repeat_on_num";s:1:"1";s:19:"event_repeat_on_day";s:1:"0";s:20:"event_repeat_on_freq";s:1:"0";s:6:"exdate";s:0:"";}',
        0,'13:00:00','13:15:00',0,
        'a:6:{s:14:"event_location";s:0:"";s:13:"event_street1";s:0:"";s:13:"event_street2";s:0:"";s:10:"event_city";s:0:"";s:11:"event_state";s:0:"";s:12:"event_postal";s:0:"";}',
        1,1,'-',0,1,1);
INSERT INTO `form_encounter` (`id`, `date`, `reason`, `facility`, `facility_id`, `pid`, `encounter`,
     `onset_date`, `sensitivity`, `billing_note`, `pc_catid`, `last_level_billed`, `last_level_closed`, `last_stmt_date`, `stmt_count`,
      `provider_id`, `supervisor_id`, `invoice_refno`, `referral_source`, `billing_facility`) VALUES
    ('414','2017-5-30 10:30:00', 'Test Encounter', 'Your Clinic Name Here', '3','74','414', '0000-00-00 00:00:00', 'normal', 'NULL','1', '0', '0','NULL', '0', '1', '0', '', '', '3');
INSERT INTO `forms` (`id`, `date`, `encounter`, `form_name`, `form_id`, `pid`, `user`, `groupname`, `authorized`, `deleted`, `formdir`) VALUES
    ('414','2017-5-30 10:30:00','414', 'Patient Encounter', '414', '74', 'admin', 'Default', '1', '0', 'patient_encounter');
INSERT INTO `libreehr_postcalendar_events` 
        (`pc_catid`,`pc_multiple`,`pc_aid`,`pc_pid`,`pc_title`,`pc_time`,`pc_hometext`,`pc_comments`,`pc_counter`,`pc_topic`,`pc_informant`,`pc_eventDate`,
        `pc_endDate`,`pc_duration`,`pc_recurrtype`,`pc_recurrspec`,`pc_recurrfreq`,`pc_startTime`,`pc_endTime`,`pc_alldayevent`,`pc_location`,`pc_eventstatus`,
        `pc_sharing`,`pc_apptstatus`,`pc_prefcatid`,`pc_facility`,`pc_billing_location`)VALUES
        ( 1,413,'1','74','Office Visit','2017-5-30 10:30:00','Clinical Appointment',0,0,1,'1',
        '2017-5-30 10:30:00','0000-00-00',900,0,
        'a:6:{s:17:"event_repeat_freq";s:1:"0";s:22:"event_repeat_freq_type";s:1:"0";s:19:"event_repeat_on_num";s:1:"1";s:19:"event_repeat_on_day";s:1:"0";s:20:"event_repeat_on_freq";s:1:"0";s:6:"exdate";s:0:"";}',
        0,'10:30:00','10:45:00',0,
        'a:6:{s:14:"event_location";s:0:"";s:13:"event_street1";s:0:"";s:13:"event_street2";s:0:"";s:10:"event_city";s:0:"";s:11:"event_state";s:0:"";s:12:"event_postal";s:0:"";}',
        1,1,'-',0,1,1);
INSERT INTO `form_encounter` (`id`, `date`, `reason`, `facility`, `facility_id`, `pid`, `encounter`,
     `onset_date`, `sensitivity`, `billing_note`, `pc_catid`, `last_level_billed`, `last_level_closed`, `last_stmt_date`, `stmt_count`,
      `provider_id`, `supervisor_id`, `invoice_refno`, `referral_source`, `billing_facility`) VALUES
    ('415','2017-6-29 15:15:00', 'Test Encounter', 'Your Clinic Name Here', '3','74','415', '0000-00-00 00:00:00', 'normal', 'NULL','9', '0', '0','NULL', '0', '1', '0', '', '', '3');
INSERT INTO `forms` (`id`, `date`, `encounter`, `form_name`, `form_id`, `pid`, `user`, `groupname`, `authorized`, `deleted`, `formdir`) VALUES
    ('415','2017-6-29 15:15:00','415', 'Patient Encounter', '415', '74', 'admin', 'Default', '1', '0', 'patient_encounter');
INSERT INTO `libreehr_postcalendar_events` 
        (`pc_catid`,`pc_multiple`,`pc_aid`,`pc_pid`,`pc_title`,`pc_time`,`pc_hometext`,`pc_comments`,`pc_counter`,`pc_topic`,`pc_informant`,`pc_eventDate`,
        `pc_endDate`,`pc_duration`,`pc_recurrtype`,`pc_recurrspec`,`pc_recurrfreq`,`pc_startTime`,`pc_endTime`,`pc_alldayevent`,`pc_location`,`pc_eventstatus`,
        `pc_sharing`,`pc_apptstatus`,`pc_prefcatid`,`pc_facility`,`pc_billing_location`)VALUES
        ( 1,414,'1','74','Office Visit','2017-6-29 15:15:00','Clinical Appointment',0,0,1,'1',
        '2017-6-29 15:15:00','0000-00-00',900,0,
        'a:6:{s:17:"event_repeat_freq";s:1:"0";s:22:"event_repeat_freq_type";s:1:"0";s:19:"event_repeat_on_num";s:1:"1";s:19:"event_repeat_on_day";s:1:"0";s:20:"event_repeat_on_freq";s:1:"0";s:6:"exdate";s:0:"";}',
        0,'15:15:00','15:30:00',0,
        'a:6:{s:14:"event_location";s:0:"";s:13:"event_street1";s:0:"";s:13:"event_street2";s:0:"";s:10:"event_city";s:0:"";s:11:"event_state";s:0:"";s:12:"event_postal";s:0:"";}',
        1,1,'-',0,1,1);
INSERT INTO `form_encounter` (`id`, `date`, `reason`, `facility`, `facility_id`, `pid`, `encounter`,
     `onset_date`, `sensitivity`, `billing_note`, `pc_catid`, `last_level_billed`, `last_level_closed`, `last_stmt_date`, `stmt_count`,
      `provider_id`, `supervisor_id`, `invoice_refno`, `referral_source`, `billing_facility`) VALUES
    ('416','2017-7-29 12:00:00', 'Test Encounter', 'Your Clinic Name Here', '3','74','416', '0000-00-00 00:00:00', 'normal', 'NULL','9', '0', '0','NULL', '0', '1', '0', '', '', '3');
INSERT INTO `forms` (`id`, `date`, `encounter`, `form_name`, `form_id`, `pid`, `user`, `groupname`, `authorized`, `deleted`, `formdir`) VALUES
    ('416','2017-7-29 12:00:00','416', 'Patient Encounter', '416', '74', 'admin', 'Default', '1', '0', 'patient_encounter');
INSERT INTO `libreehr_postcalendar_events` 
        (`pc_catid`,`pc_multiple`,`pc_aid`,`pc_pid`,`pc_title`,`pc_time`,`pc_hometext`,`pc_comments`,`pc_counter`,`pc_topic`,`pc_informant`,`pc_eventDate`,
        `pc_endDate`,`pc_duration`,`pc_recurrtype`,`pc_recurrspec`,`pc_recurrfreq`,`pc_startTime`,`pc_endTime`,`pc_alldayevent`,`pc_location`,`pc_eventstatus`,
        `pc_sharing`,`pc_apptstatus`,`pc_prefcatid`,`pc_facility`,`pc_billing_location`)VALUES
        ( 1,415,'1','74','Office Visit','2017-7-29 12:00:00','Clinical Appointment',0,0,1,'1',
        '2017-7-29 12:00:00','0000-00-00',900,0,
        'a:6:{s:17:"event_repeat_freq";s:1:"0";s:22:"event_repeat_freq_type";s:1:"0";s:19:"event_repeat_on_num";s:1:"1";s:19:"event_repeat_on_day";s:1:"0";s:20:"event_repeat_on_freq";s:1:"0";s:6:"exdate";s:0:"";}',
        0,'12:00:00','12:15:00',0,
        'a:6:{s:14:"event_location";s:0:"";s:13:"event_street1";s:0:"";s:13:"event_street2";s:0:"";s:10:"event_city";s:0:"";s:11:"event_state";s:0:"";s:12:"event_postal";s:0:"";}',
        1,1,'-',0,1,1);
INSERT INTO `form_encounter` (`id`, `date`, `reason`, `facility`, `facility_id`, `pid`, `encounter`,
     `onset_date`, `sensitivity`, `billing_note`, `pc_catid`, `last_level_billed`, `last_level_closed`, `last_stmt_date`, `stmt_count`,
      `provider_id`, `supervisor_id`, `invoice_refno`, `referral_source`, `billing_facility`) VALUES
    ('417','2017-8-28 11:15:00', 'Test Encounter', 'Your Clinic Name Here', '3','74','417', '0000-00-00 00:00:00', 'normal', 'NULL','6', '0', '0','NULL', '0', '1', '0', '', '', '3');
INSERT INTO `forms` (`id`, `date`, `encounter`, `form_name`, `form_id`, `pid`, `user`, `groupname`, `authorized`, `deleted`, `formdir`) VALUES
    ('417','2017-8-28 11:15:00','417', 'Patient Encounter', '417', '74', 'admin', 'Default', '1', '0', 'patient_encounter');
INSERT INTO `libreehr_postcalendar_events` 
        (`pc_catid`,`pc_multiple`,`pc_aid`,`pc_pid`,`pc_title`,`pc_time`,`pc_hometext`,`pc_comments`,`pc_counter`,`pc_topic`,`pc_informant`,`pc_eventDate`,
        `pc_endDate`,`pc_duration`,`pc_recurrtype`,`pc_recurrspec`,`pc_recurrfreq`,`pc_startTime`,`pc_endTime`,`pc_alldayevent`,`pc_location`,`pc_eventstatus`,
        `pc_sharing`,`pc_apptstatus`,`pc_prefcatid`,`pc_facility`,`pc_billing_location`)VALUES
        ( 1,416,'1','74','Office Visit','2017-8-28 11:15:00','Clinical Appointment',0,0,1,'1',
        '2017-8-28 11:15:00','0000-00-00',900,0,
        'a:6:{s:17:"event_repeat_freq";s:1:"0";s:22:"event_repeat_freq_type";s:1:"0";s:19:"event_repeat_on_num";s:1:"1";s:19:"event_repeat_on_day";s:1:"0";s:20:"event_repeat_on_freq";s:1:"0";s:6:"exdate";s:0:"";}',
        0,'11:15:00','11:30:00',0,
        'a:6:{s:14:"event_location";s:0:"";s:13:"event_street1";s:0:"";s:13:"event_street2";s:0:"";s:10:"event_city";s:0:"";s:11:"event_state";s:0:"";s:12:"event_postal";s:0:"";}',
        1,1,'-',0,1,1);
INSERT INTO `form_encounter` (`id`, `date`, `reason`, `facility`, `facility_id`, `pid`, `encounter`,
     `onset_date`, `sensitivity`, `billing_note`, `pc_catid`, `last_level_billed`, `last_level_closed`, `last_stmt_date`, `stmt_count`,
      `provider_id`, `supervisor_id`, `invoice_refno`, `referral_source`, `billing_facility`) VALUES
    ('418','2017-9-27 17:30:00', 'Test Encounter', 'Your Clinic Name Here', '3','74','418', '0000-00-00 00:00:00', 'normal', 'NULL','6', '0', '0','NULL', '0', '1', '0', '', '', '3');
INSERT INTO `forms` (`id`, `date`, `encounter`, `form_name`, `form_id`, `pid`, `user`, `groupname`, `authorized`, `deleted`, `formdir`) VALUES
    ('418','2017-9-27 17:30:00','418', 'Patient Encounter', '418', '74', 'admin', 'Default', '1', '0', 'patient_encounter');
INSERT INTO `libreehr_postcalendar_events` 
        (`pc_catid`,`pc_multiple`,`pc_aid`,`pc_pid`,`pc_title`,`pc_time`,`pc_hometext`,`pc_comments`,`pc_counter`,`pc_topic`,`pc_informant`,`pc_eventDate`,
        `pc_endDate`,`pc_duration`,`pc_recurrtype`,`pc_recurrspec`,`pc_recurrfreq`,`pc_startTime`,`pc_endTime`,`pc_alldayevent`,`pc_location`,`pc_eventstatus`,
        `pc_sharing`,`pc_apptstatus`,`pc_prefcatid`,`pc_facility`,`pc_billing_location`)VALUES
        ( 1,417,'1','74','Office Visit','2017-9-27 17:30:00','Clinical Appointment',0,0,1,'1',
        '2017-9-27 17:30:00','0000-00-00',900,0,
        'a:6:{s:17:"event_repeat_freq";s:1:"0";s:22:"event_repeat_freq_type";s:1:"0";s:19:"event_repeat_on_num";s:1:"1";s:19:"event_repeat_on_day";s:1:"0";s:20:"event_repeat_on_freq";s:1:"0";s:6:"exdate";s:0:"";}',
        0,'17:30:00','17:45:00',0,
        'a:6:{s:14:"event_location";s:0:"";s:13:"event_street1";s:0:"";s:13:"event_street2";s:0:"";s:10:"event_city";s:0:"";s:11:"event_state";s:0:"";s:12:"event_postal";s:0:"";}',
        1,1,'-',0,1,1);
INSERT INTO `patient_data` (`title`, `language`, `financial`, `fname`, `lname`, `mname`, `DOB`,`street`, `postal_code`, `city`, `state`,  `drivers_license`, `ss`,`occupation`, `phone_home`, `phone_biz`, `phone_contact`, `phone_cell`,`status`, `contact_relationship`, `date`, `sex`, `referrer`, `referrerID`,`providerID`, `email`, `ethnoracial`, `interpretter`, `migrantseasonal`,`family_size`, `monthly_income`, `homeless`, `financial_review`, `pubpid`,`pid`, `genericname1`, `genericval1`, `genericname2`, `genericval2`) VALUES
 ('Mrs.','English','','MILDRED','LAWSON','F.','1961-10-14','6137 PineSt.','16540','Madison','NV','902770446','831938378',' ','(298) 820-406','(298) 820-406','(298) 820-406','(298) 820-406','single','Friend','2003-11-17 12:06:00','Female','TODD OLSON','1','1','MILDRED@LibreEHR.org','Yankee',' ',' ','7','381',' ','000-00-00 00:00:00','75','75',' ',' ',' ',' ');
INSERT INTO `insurance_data` (`id`, `type`, `provider`, `plan_name`, `policy_number`,`group_number`, `subscriber_lname`, `subscriber_mname`, `subscriber_fname`, `subscriber_relationship`, `subscriber_ss`,`subscriber_DOB`, `subscriber_street`, `subscriber_postal_code`, `subscriber_city`, `subscriber_state`, `subscriber_country`,`subscriber_phone`, `subscriber_employer`, `subscriber_employer_street`, `subscriber_employer_postal_code`,`subscriber_employer_state`, `subscriber_employer_country`, `subscriber_employer_city`, `copay`, `date`, `pid`,`subscriber_sex`, `accept_assignment`) VALUES('220','primary','8435','Backstreet Helpful Company','721817685','435655602','LAWSON','F.','MILDRED','self','831938378','1961-10-14','6137 PineSt.','16540','Madison','NV','Openemria','(298) 820-406','OEMR.org','','','NV','Openemria','Madison','','2011-10-10','75','Female','FALSE');
INSERT INTO `insurance_data` (`id`, `type`, `provider`, `plan_name`, `policy_number`,`group_number`, `subscriber_lname`, `subscriber_mname`, `subscriber_fname`, `subscriber_relationship`, `subscriber_ss`,`subscriber_DOB`, `subscriber_street`, `subscriber_postal_code`, `subscriber_city`, `subscriber_state`, `subscriber_country`,`subscriber_phone`, `subscriber_employer`, `subscriber_employer_street`, `subscriber_employer_postal_code`,`subscriber_employer_state`, `subscriber_employer_country`, `subscriber_employer_city`, `copay`, `date`, `pid`,`subscriber_sex`, `accept_assignment`) VALUES('221','secondary','5612','Violet Group HMO','699449505','808744502','LAWSON','F.','MILDRED','self','831938378','1961-10-14','6137 PineSt.','16540','Madison','NV','Openemria','(298) 820-406','OEMR.org','','','NV','Openemria','Madison','','2011-10-10','75','Female','FALSE');
INSERT INTO `insurance_data` (`id`, `type`, `provider`, `plan_name`, `policy_number`,`group_number`, `subscriber_lname`, `subscriber_mname`, `subscriber_fname`, `subscriber_relationship`, `subscriber_ss`,`subscriber_DOB`, `subscriber_street`, `subscriber_postal_code`, `subscriber_city`, `subscriber_state`, `subscriber_country`,`subscriber_phone`, `subscriber_employer`, `subscriber_employer_street`, `subscriber_employer_postal_code`,`subscriber_employer_state`, `subscriber_employer_country`, `subscriber_employer_city`, `copay`, `date`, `pid`,`subscriber_sex`, `accept_assignment`) VALUES('222','tertiary','3362','Incompetent Provider Company','365203040','713942258','LAWSON','F.','MILDRED','self','831938378','1961-10-14','6137 PineSt.','16540','Madison','NV','Openemria','(298) 820-406','OEMR.org','','','NV','Openemria','Madison','','2011-10-10','75','Female','TRUE');
INSERT INTO `form_encounter` (`id`, `date`, `reason`, `facility`, `facility_id`, `pid`, `encounter`,
     `onset_date`, `sensitivity`, `billing_note`, `pc_catid`, `last_level_billed`, `last_level_closed`, `last_stmt_date`, `stmt_count`,
      `provider_id`, `supervisor_id`, `invoice_refno`, `referral_source`, `billing_facility`) VALUES
    ('419','2017-9-27 10:00:00', 'Test Encounter', 'Your Clinic Name Here', '3','75','419', '0000-00-00 00:00:00', 'normal', 'NULL','3', '0', '0','NULL', '0', '1', '0', '', '', '3');
INSERT INTO `forms` (`id`, `date`, `encounter`, `form_name`, `form_id`, `pid`, `user`, `groupname`, `authorized`, `deleted`, `formdir`) VALUES
    ('419','2017-9-27 10:00:00','419', 'Patient Encounter', '419', '75', 'admin', 'Default', '1', '0', 'patient_encounter');
INSERT INTO `libreehr_postcalendar_events` 
        (`pc_catid`,`pc_multiple`,`pc_aid`,`pc_pid`,`pc_title`,`pc_time`,`pc_hometext`,`pc_comments`,`pc_counter`,`pc_topic`,`pc_informant`,`pc_eventDate`,
        `pc_endDate`,`pc_duration`,`pc_recurrtype`,`pc_recurrspec`,`pc_recurrfreq`,`pc_startTime`,`pc_endTime`,`pc_alldayevent`,`pc_location`,`pc_eventstatus`,
        `pc_sharing`,`pc_apptstatus`,`pc_prefcatid`,`pc_facility`,`pc_billing_location`)VALUES
        ( 1,418,'1','75','Office Visit','2017-9-27 10:00:00','Clinical Appointment',0,0,1,'1',
        '2017-9-27 10:00:00','0000-00-00',900,0,
        'a:6:{s:17:"event_repeat_freq";s:1:"0";s:22:"event_repeat_freq_type";s:1:"0";s:19:"event_repeat_on_num";s:1:"1";s:19:"event_repeat_on_day";s:1:"0";s:20:"event_repeat_on_freq";s:1:"0";s:6:"exdate";s:0:"";}',
        0,'10:00:00','10:15:00',0,
        'a:6:{s:14:"event_location";s:0:"";s:13:"event_street1";s:0:"";s:13:"event_street2";s:0:"";s:10:"event_city";s:0:"";s:11:"event_state";s:0:"";s:12:"event_postal";s:0:"";}',
        1,1,'-',0,1,1);
INSERT INTO `patient_data` (`title`, `language`, `financial`, `fname`, `lname`, `mname`, `DOB`,`street`, `postal_code`, `city`, `state`,  `drivers_license`, `ss`,`occupation`, `phone_home`, `phone_biz`, `phone_contact`, `phone_cell`,`status`, `contact_relationship`, `date`, `sex`, `referrer`, `referrerID`,`providerID`, `email`, `ethnoracial`, `interpretter`, `migrantseasonal`,`family_size`, `monthly_income`, `homeless`, `financial_review`, `pubpid`,`pid`, `genericname1`, `genericval1`, `genericname2`, `genericval2`) VALUES
 ('Mr.','English','','HERBERT','PETERSON','J.','1931-12-25','9601 22ndBLVD','73721','Ashland','PA','652418873','124650349',' ','(209) 230-4972','(209) 230-4972','(209) 230-4972','(209) 230-4972','single','Friend','2003-11-17 12:06:00','Male','WESLEY DUNN','1','1','HERBERT@LibreEHR.org','Puerto Rican',' ',' ','4','668',' ','000-00-00 00:00:00','76','76',' ',' ',' ',' ');
INSERT INTO `insurance_data` (`id`, `type`, `provider`, `plan_name`, `policy_number`,`group_number`, `subscriber_lname`, `subscriber_mname`, `subscriber_fname`, `subscriber_relationship`, `subscriber_ss`,`subscriber_DOB`, `subscriber_street`, `subscriber_postal_code`, `subscriber_city`, `subscriber_state`, `subscriber_country`,`subscriber_phone`, `subscriber_employer`, `subscriber_employer_street`, `subscriber_employer_postal_code`,`subscriber_employer_state`, `subscriber_employer_country`, `subscriber_employer_city`, `copay`, `date`, `pid`,`subscriber_sex`, `accept_assignment`) VALUES('223','primary','3362','Incompetent Provider Company','587145824','839938736','PETERSON','J.','HERBERT','self','124650349','1931-12-25','9601 22ndBLVD','73721','Ashland','PA','Openemria','(209) 230-4972','OEMR.org','','','PA','Openemria','Ashland','','2011-10-10','76','Male','TRUE');
INSERT INTO `insurance_data` (`id`, `type`, `provider`, `plan_name`, `policy_number`,`group_number`, `subscriber_lname`, `subscriber_mname`, `subscriber_fname`, `subscriber_relationship`, `subscriber_ss`,`subscriber_DOB`, `subscriber_street`, `subscriber_postal_code`, `subscriber_city`, `subscriber_state`, `subscriber_country`,`subscriber_phone`, `subscriber_employer`, `subscriber_employer_street`, `subscriber_employer_postal_code`,`subscriber_employer_state`, `subscriber_employer_country`, `subscriber_employer_city`, `copay`, `date`, `pid`,`subscriber_sex`, `accept_assignment`) VALUES('224','secondary','0','0','89040527','463957834','PETERSON','J.','HERBERT','self','124650349','1931-12-25','9601 22ndBLVD','73721','Ashland','PA','Openemria','(209) 230-4972','OEMR.org','','','PA','Openemria','Ashland','','2011-10-10','76','Male','TRUE');
INSERT INTO `insurance_data` (`id`, `type`, `provider`, `plan_name`, `policy_number`,`group_number`, `subscriber_lname`, `subscriber_mname`, `subscriber_fname`, `subscriber_relationship`, `subscriber_ss`,`subscriber_DOB`, `subscriber_street`, `subscriber_postal_code`, `subscriber_city`, `subscriber_state`, `subscriber_country`,`subscriber_phone`, `subscriber_employer`, `subscriber_employer_street`, `subscriber_employer_postal_code`,`subscriber_employer_state`, `subscriber_employer_country`, `subscriber_employer_city`, `copay`, `date`, `pid`,`subscriber_sex`, `accept_assignment`) VALUES('225','tertiary','3362','Incompetent Provider Company','157275685','325724167','PETERSON','J.','HERBERT','self','124650349','1931-12-25','9601 22ndBLVD','73721','Ashland','PA','Openemria','(209) 230-4972','OEMR.org','','','PA','Openemria','Ashland','','2011-10-10','76','Male','TRUE');
INSERT INTO `form_encounter` (`id`, `date`, `reason`, `facility`, `facility_id`, `pid`, `encounter`,
     `onset_date`, `sensitivity`, `billing_note`, `pc_catid`, `last_level_billed`, `last_level_closed`, `last_stmt_date`, `stmt_count`,
      `provider_id`, `supervisor_id`, `invoice_refno`, `referral_source`, `billing_facility`) VALUES
    ('420','2017-9-27 16:00:00', 'Test Encounter', 'Your Clinic Name Here', '3','76','420', '0000-00-00 00:00:00', 'normal', 'NULL','2', '0', '0','NULL', '0', '1', '0', '', '', '3');
INSERT INTO `forms` (`id`, `date`, `encounter`, `form_name`, `form_id`, `pid`, `user`, `groupname`, `authorized`, `deleted`, `formdir`) VALUES
    ('420','2017-9-27 16:00:00','420', 'Patient Encounter', '420', '76', 'admin', 'Default', '1', '0', 'patient_encounter');
INSERT INTO `libreehr_postcalendar_events` 
        (`pc_catid`,`pc_multiple`,`pc_aid`,`pc_pid`,`pc_title`,`pc_time`,`pc_hometext`,`pc_comments`,`pc_counter`,`pc_topic`,`pc_informant`,`pc_eventDate`,
        `pc_endDate`,`pc_duration`,`pc_recurrtype`,`pc_recurrspec`,`pc_recurrfreq`,`pc_startTime`,`pc_endTime`,`pc_alldayevent`,`pc_location`,`pc_eventstatus`,
        `pc_sharing`,`pc_apptstatus`,`pc_prefcatid`,`pc_facility`,`pc_billing_location`)VALUES
        ( 1,419,'1','76','Office Visit','2017-9-27 16:00:00','Clinical Appointment',0,0,1,'1',
        '2017-9-27 16:00:00','0000-00-00',900,0,
        'a:6:{s:17:"event_repeat_freq";s:1:"0";s:22:"event_repeat_freq_type";s:1:"0";s:19:"event_repeat_on_num";s:1:"1";s:19:"event_repeat_on_day";s:1:"0";s:20:"event_repeat_on_freq";s:1:"0";s:6:"exdate";s:0:"";}',
        0,'16:00:00','16:15:00',0,
        'a:6:{s:14:"event_location";s:0:"";s:13:"event_street1";s:0:"";s:13:"event_street2";s:0:"";s:10:"event_city";s:0:"";s:11:"event_state";s:0:"";s:12:"event_postal";s:0:"";}',
        1,1,'-',0,1,1);
INSERT INTO `patient_data` (`title`, `language`, `financial`, `fname`, `lname`, `mname`, `DOB`,`street`, `postal_code`, `city`, `state`,  `drivers_license`, `ss`,`occupation`, `phone_home`, `phone_biz`, `phone_contact`, `phone_cell`,`status`, `contact_relationship`, `date`, `sex`, `referrer`, `referrerID`,`providerID`, `email`, `ethnoracial`, `interpretter`, `migrantseasonal`,`family_size`, `monthly_income`, `homeless`, `financial_review`, `pubpid`,`pid`, `genericname1`, `genericval1`, `genericname2`, `genericval2`) VALUES
 ('Ms.','English','','LOIS','WALLACE','P.','2000-7-12','5720 OakBLVD','26850','Marion','RI','389954972','489733579',' ','(339) 251-8906','(339) 251-8906','(339) 251-8906','(339) 251-8906','single','Friend','2003-11-17 12:06:00','Female','RICK SCOTT','1','1','LOIS@LibreEHR.org','White',' ',' ','0','3450',' ','000-00-00 00:00:00','77','77',' ',' ',' ',' ');
INSERT INTO `insurance_data` (`id`, `type`, `provider`, `plan_name`, `policy_number`,`group_number`, `subscriber_lname`, `subscriber_mname`, `subscriber_fname`, `subscriber_relationship`, `subscriber_ss`,`subscriber_DOB`, `subscriber_street`, `subscriber_postal_code`, `subscriber_city`, `subscriber_state`, `subscriber_country`,`subscriber_phone`, `subscriber_employer`, `subscriber_employer_street`, `subscriber_employer_postal_code`,`subscriber_employer_state`, `subscriber_employer_country`, `subscriber_employer_city`, `copay`, `date`, `pid`,`subscriber_sex`, `accept_assignment`) VALUES('226','primary','7687','Green Assurance INC.','246554757','824061874','WALLACE','P.','LOIS','self','489733579','2000-7-12','5720 OakBLVD','26850','Marion','RI','Openemria','(339) 251-8906','OEMR.org','','','RI','Openemria','Marion','','2011-10-10','77','Female','TRUE');
INSERT INTO `insurance_data` (`id`, `type`, `provider`, `plan_name`, `policy_number`,`group_number`, `subscriber_lname`, `subscriber_mname`, `subscriber_fname`, `subscriber_relationship`, `subscriber_ss`,`subscriber_DOB`, `subscriber_street`, `subscriber_postal_code`, `subscriber_city`, `subscriber_state`, `subscriber_country`,`subscriber_phone`, `subscriber_employer`, `subscriber_employer_street`, `subscriber_employer_postal_code`,`subscriber_employer_state`, `subscriber_employer_country`, `subscriber_employer_city`, `copay`, `date`, `pid`,`subscriber_sex`, `accept_assignment`) VALUES('227','secondary','6887','Impersonal Insurance HMO','383933417','512684905','WALLACE','P.','LOIS','self','489733579','2000-7-12','5720 OakBLVD','26850','Marion','RI','Openemria','(339) 251-8906','OEMR.org','','','RI','Openemria','Marion','','2011-10-10','77','Female','FALSE');
INSERT INTO `insurance_data` (`id`, `type`, `provider`, `plan_name`, `policy_number`,`group_number`, `subscriber_lname`, `subscriber_mname`, `subscriber_fname`, `subscriber_relationship`, `subscriber_ss`,`subscriber_DOB`, `subscriber_street`, `subscriber_postal_code`, `subscriber_city`, `subscriber_state`, `subscriber_country`,`subscriber_phone`, `subscriber_employer`, `subscriber_employer_street`, `subscriber_employer_postal_code`,`subscriber_employer_state`, `subscriber_employer_country`, `subscriber_employer_city`, `copay`, `date`, `pid`,`subscriber_sex`, `accept_assignment`) VALUES('228','tertiary','6186','Green Mutual LTD','324911533','128371413','WALLACE','P.','LOIS','self','489733579','2000-7-12','5720 OakBLVD','26850','Marion','RI','Openemria','(339) 251-8906','OEMR.org','','','RI','Openemria','Marion','','2011-10-10','77','Female','FALSE');
INSERT INTO `form_encounter` (`id`, `date`, `reason`, `facility`, `facility_id`, `pid`, `encounter`,
     `onset_date`, `sensitivity`, `billing_note`, `pc_catid`, `last_level_billed`, `last_level_closed`, `last_stmt_date`, `stmt_count`,
      `provider_id`, `supervisor_id`, `invoice_refno`, `referral_source`, `billing_facility`) VALUES
    ('421','2017-1-30 12:15:00', 'Test Encounter', 'Your Clinic Name Here', '3','77','421', '0000-00-00 00:00:00', 'normal', 'NULL','4', '0', '0','NULL', '0', '1', '0', '', '', '3');
INSERT INTO `forms` (`id`, `date`, `encounter`, `form_name`, `form_id`, `pid`, `user`, `groupname`, `authorized`, `deleted`, `formdir`) VALUES
    ('421','2017-1-30 12:15:00','421', 'Patient Encounter', '421', '77', 'admin', 'Default', '1', '0', 'patient_encounter');
INSERT INTO `libreehr_postcalendar_events` 
        (`pc_catid`,`pc_multiple`,`pc_aid`,`pc_pid`,`pc_title`,`pc_time`,`pc_hometext`,`pc_comments`,`pc_counter`,`pc_topic`,`pc_informant`,`pc_eventDate`,
        `pc_endDate`,`pc_duration`,`pc_recurrtype`,`pc_recurrspec`,`pc_recurrfreq`,`pc_startTime`,`pc_endTime`,`pc_alldayevent`,`pc_location`,`pc_eventstatus`,
        `pc_sharing`,`pc_apptstatus`,`pc_prefcatid`,`pc_facility`,`pc_billing_location`)VALUES
        ( 1,420,'1','77','Office Visit','2017-1-30 12:15:00','Clinical Appointment',0,0,1,'1',
        '2017-1-30 12:15:00','0000-00-00',900,0,
        'a:6:{s:17:"event_repeat_freq";s:1:"0";s:22:"event_repeat_freq_type";s:1:"0";s:19:"event_repeat_on_num";s:1:"1";s:19:"event_repeat_on_day";s:1:"0";s:20:"event_repeat_on_freq";s:1:"0";s:6:"exdate";s:0:"";}',
        0,'12:15:00','12:30:00',0,
        'a:6:{s:14:"event_location";s:0:"";s:13:"event_street1";s:0:"";s:13:"event_street2";s:0:"";s:10:"event_city";s:0:"";s:11:"event_state";s:0:"";s:12:"event_postal";s:0:"";}',
        1,1,'-',0,1,1);
INSERT INTO `form_encounter` (`id`, `date`, `reason`, `facility`, `facility_id`, `pid`, `encounter`,
     `onset_date`, `sensitivity`, `billing_note`, `pc_catid`, `last_level_billed`, `last_level_closed`, `last_stmt_date`, `stmt_count`,
      `provider_id`, `supervisor_id`, `invoice_refno`, `referral_source`, `billing_facility`) VALUES
    ('422','2017-3-1 17:15:00', 'Test Encounter', 'Your Clinic Name Here', '3','77','422', '0000-00-00 00:00:00', 'normal', 'NULL','4', '0', '0','NULL', '0', '1', '0', '', '', '3');
INSERT INTO `forms` (`id`, `date`, `encounter`, `form_name`, `form_id`, `pid`, `user`, `groupname`, `authorized`, `deleted`, `formdir`) VALUES
    ('422','2017-3-1 17:15:00','422', 'Patient Encounter', '422', '77', 'admin', 'Default', '1', '0', 'patient_encounter');
INSERT INTO `libreehr_postcalendar_events` 
        (`pc_catid`,`pc_multiple`,`pc_aid`,`pc_pid`,`pc_title`,`pc_time`,`pc_hometext`,`pc_comments`,`pc_counter`,`pc_topic`,`pc_informant`,`pc_eventDate`,
        `pc_endDate`,`pc_duration`,`pc_recurrtype`,`pc_recurrspec`,`pc_recurrfreq`,`pc_startTime`,`pc_endTime`,`pc_alldayevent`,`pc_location`,`pc_eventstatus`,
        `pc_sharing`,`pc_apptstatus`,`pc_prefcatid`,`pc_facility`,`pc_billing_location`)VALUES
        ( 1,421,'1','77','Office Visit','2017-3-1 17:15:00','Clinical Appointment',0,0,1,'1',
        '2017-3-1 17:15:00','0000-00-00',900,0,
        'a:6:{s:17:"event_repeat_freq";s:1:"0";s:22:"event_repeat_freq_type";s:1:"0";s:19:"event_repeat_on_num";s:1:"1";s:19:"event_repeat_on_day";s:1:"0";s:20:"event_repeat_on_freq";s:1:"0";s:6:"exdate";s:0:"";}',
        0,'17:15:00','17:30:00',0,
        'a:6:{s:14:"event_location";s:0:"";s:13:"event_street1";s:0:"";s:13:"event_street2";s:0:"";s:10:"event_city";s:0:"";s:11:"event_state";s:0:"";s:12:"event_postal";s:0:"";}',
        1,1,'-',0,1,1);
INSERT INTO `form_encounter` (`id`, `date`, `reason`, `facility`, `facility_id`, `pid`, `encounter`,
     `onset_date`, `sensitivity`, `billing_note`, `pc_catid`, `last_level_billed`, `last_level_closed`, `last_stmt_date`, `stmt_count`,
      `provider_id`, `supervisor_id`, `invoice_refno`, `referral_source`, `billing_facility`) VALUES
    ('423','2017-3-31 14:00:00', 'Test Encounter', 'Your Clinic Name Here', '3','77','423', '0000-00-00 00:00:00', 'normal', 'NULL','6', '0', '0','NULL', '0', '1', '0', '', '', '3');
INSERT INTO `forms` (`id`, `date`, `encounter`, `form_name`, `form_id`, `pid`, `user`, `groupname`, `authorized`, `deleted`, `formdir`) VALUES
    ('423','2017-3-31 14:00:00','423', 'Patient Encounter', '423', '77', 'admin', 'Default', '1', '0', 'patient_encounter');
INSERT INTO `libreehr_postcalendar_events` 
        (`pc_catid`,`pc_multiple`,`pc_aid`,`pc_pid`,`pc_title`,`pc_time`,`pc_hometext`,`pc_comments`,`pc_counter`,`pc_topic`,`pc_informant`,`pc_eventDate`,
        `pc_endDate`,`pc_duration`,`pc_recurrtype`,`pc_recurrspec`,`pc_recurrfreq`,`pc_startTime`,`pc_endTime`,`pc_alldayevent`,`pc_location`,`pc_eventstatus`,
        `pc_sharing`,`pc_apptstatus`,`pc_prefcatid`,`pc_facility`,`pc_billing_location`)VALUES
        ( 1,422,'1','77','Office Visit','2017-3-31 14:00:00','Clinical Appointment',0,0,1,'1',
        '2017-3-31 14:00:00','0000-00-00',900,0,
        'a:6:{s:17:"event_repeat_freq";s:1:"0";s:22:"event_repeat_freq_type";s:1:"0";s:19:"event_repeat_on_num";s:1:"1";s:19:"event_repeat_on_day";s:1:"0";s:20:"event_repeat_on_freq";s:1:"0";s:6:"exdate";s:0:"";}',
        0,'14:00:00','14:15:00',0,
        'a:6:{s:14:"event_location";s:0:"";s:13:"event_street1";s:0:"";s:13:"event_street2";s:0:"";s:10:"event_city";s:0:"";s:11:"event_state";s:0:"";s:12:"event_postal";s:0:"";}',
        1,1,'-',0,1,1);
INSERT INTO `form_encounter` (`id`, `date`, `reason`, `facility`, `facility_id`, `pid`, `encounter`,
     `onset_date`, `sensitivity`, `billing_note`, `pc_catid`, `last_level_billed`, `last_level_closed`, `last_stmt_date`, `stmt_count`,
      `provider_id`, `supervisor_id`, `invoice_refno`, `referral_source`, `billing_facility`) VALUES
    ('424','2017-4-30 13:30:00', 'Test Encounter', 'Your Clinic Name Here', '3','77','424', '0000-00-00 00:00:00', 'normal', 'NULL','6', '0', '0','NULL', '0', '1', '0', '', '', '3');
INSERT INTO `forms` (`id`, `date`, `encounter`, `form_name`, `form_id`, `pid`, `user`, `groupname`, `authorized`, `deleted`, `formdir`) VALUES
    ('424','2017-4-30 13:30:00','424', 'Patient Encounter', '424', '77', 'admin', 'Default', '1', '0', 'patient_encounter');
INSERT INTO `libreehr_postcalendar_events` 
        (`pc_catid`,`pc_multiple`,`pc_aid`,`pc_pid`,`pc_title`,`pc_time`,`pc_hometext`,`pc_comments`,`pc_counter`,`pc_topic`,`pc_informant`,`pc_eventDate`,
        `pc_endDate`,`pc_duration`,`pc_recurrtype`,`pc_recurrspec`,`pc_recurrfreq`,`pc_startTime`,`pc_endTime`,`pc_alldayevent`,`pc_location`,`pc_eventstatus`,
        `pc_sharing`,`pc_apptstatus`,`pc_prefcatid`,`pc_facility`,`pc_billing_location`)VALUES
        ( 1,423,'1','77','Office Visit','2017-4-30 13:30:00','Clinical Appointment',0,0,1,'1',
        '2017-4-30 13:30:00','0000-00-00',900,0,
        'a:6:{s:17:"event_repeat_freq";s:1:"0";s:22:"event_repeat_freq_type";s:1:"0";s:19:"event_repeat_on_num";s:1:"1";s:19:"event_repeat_on_day";s:1:"0";s:20:"event_repeat_on_freq";s:1:"0";s:6:"exdate";s:0:"";}',
        0,'13:30:00','13:45:00',0,
        'a:6:{s:14:"event_location";s:0:"";s:13:"event_street1";s:0:"";s:13:"event_street2";s:0:"";s:10:"event_city";s:0:"";s:11:"event_state";s:0:"";s:12:"event_postal";s:0:"";}',
        1,1,'-',0,1,1);
INSERT INTO `form_encounter` (`id`, `date`, `reason`, `facility`, `facility_id`, `pid`, `encounter`,
     `onset_date`, `sensitivity`, `billing_note`, `pc_catid`, `last_level_billed`, `last_level_closed`, `last_stmt_date`, `stmt_count`,
      `provider_id`, `supervisor_id`, `invoice_refno`, `referral_source`, `billing_facility`) VALUES
    ('425','2017-5-30 14:15:00', 'Test Encounter', 'Your Clinic Name Here', '3','77','425', '0000-00-00 00:00:00', 'normal', 'NULL','9', '0', '0','NULL', '0', '1', '0', '', '', '3');
INSERT INTO `forms` (`id`, `date`, `encounter`, `form_name`, `form_id`, `pid`, `user`, `groupname`, `authorized`, `deleted`, `formdir`) VALUES
    ('425','2017-5-30 14:15:00','425', 'Patient Encounter', '425', '77', 'admin', 'Default', '1', '0', 'patient_encounter');
INSERT INTO `libreehr_postcalendar_events` 
        (`pc_catid`,`pc_multiple`,`pc_aid`,`pc_pid`,`pc_title`,`pc_time`,`pc_hometext`,`pc_comments`,`pc_counter`,`pc_topic`,`pc_informant`,`pc_eventDate`,
        `pc_endDate`,`pc_duration`,`pc_recurrtype`,`pc_recurrspec`,`pc_recurrfreq`,`pc_startTime`,`pc_endTime`,`pc_alldayevent`,`pc_location`,`pc_eventstatus`,
        `pc_sharing`,`pc_apptstatus`,`pc_prefcatid`,`pc_facility`,`pc_billing_location`)VALUES
        ( 1,424,'1','77','Office Visit','2017-5-30 14:15:00','Clinical Appointment',0,0,1,'1',
        '2017-5-30 14:15:00','0000-00-00',900,0,
        'a:6:{s:17:"event_repeat_freq";s:1:"0";s:22:"event_repeat_freq_type";s:1:"0";s:19:"event_repeat_on_num";s:1:"1";s:19:"event_repeat_on_day";s:1:"0";s:20:"event_repeat_on_freq";s:1:"0";s:6:"exdate";s:0:"";}',
        0,'14:15:00','14:30:00',0,
        'a:6:{s:14:"event_location";s:0:"";s:13:"event_street1";s:0:"";s:13:"event_street2";s:0:"";s:10:"event_city";s:0:"";s:11:"event_state";s:0:"";s:12:"event_postal";s:0:"";}',
        1,1,'-',0,1,1);
INSERT INTO `form_encounter` (`id`, `date`, `reason`, `facility`, `facility_id`, `pid`, `encounter`,
     `onset_date`, `sensitivity`, `billing_note`, `pc_catid`, `last_level_billed`, `last_level_closed`, `last_stmt_date`, `stmt_count`,
      `provider_id`, `supervisor_id`, `invoice_refno`, `referral_source`, `billing_facility`) VALUES
    ('426','2017-6-29 15:30:00', 'Test Encounter', 'Your Clinic Name Here', '3','77','426', '0000-00-00 00:00:00', 'normal', 'NULL','7', '0', '0','NULL', '0', '1', '0', '', '', '3');
INSERT INTO `forms` (`id`, `date`, `encounter`, `form_name`, `form_id`, `pid`, `user`, `groupname`, `authorized`, `deleted`, `formdir`) VALUES
    ('426','2017-6-29 15:30:00','426', 'Patient Encounter', '426', '77', 'admin', 'Default', '1', '0', 'patient_encounter');
INSERT INTO `libreehr_postcalendar_events` 
        (`pc_catid`,`pc_multiple`,`pc_aid`,`pc_pid`,`pc_title`,`pc_time`,`pc_hometext`,`pc_comments`,`pc_counter`,`pc_topic`,`pc_informant`,`pc_eventDate`,
        `pc_endDate`,`pc_duration`,`pc_recurrtype`,`pc_recurrspec`,`pc_recurrfreq`,`pc_startTime`,`pc_endTime`,`pc_alldayevent`,`pc_location`,`pc_eventstatus`,
        `pc_sharing`,`pc_apptstatus`,`pc_prefcatid`,`pc_facility`,`pc_billing_location`)VALUES
        ( 1,425,'1','77','Office Visit','2017-6-29 15:30:00','Clinical Appointment',0,0,1,'1',
        '2017-6-29 15:30:00','0000-00-00',900,0,
        'a:6:{s:17:"event_repeat_freq";s:1:"0";s:22:"event_repeat_freq_type";s:1:"0";s:19:"event_repeat_on_num";s:1:"1";s:19:"event_repeat_on_day";s:1:"0";s:20:"event_repeat_on_freq";s:1:"0";s:6:"exdate";s:0:"";}',
        0,'15:30:00','15:45:00',0,
        'a:6:{s:14:"event_location";s:0:"";s:13:"event_street1";s:0:"";s:13:"event_street2";s:0:"";s:10:"event_city";s:0:"";s:11:"event_state";s:0:"";s:12:"event_postal";s:0:"";}',
        1,1,'-',0,1,1);
INSERT INTO `form_encounter` (`id`, `date`, `reason`, `facility`, `facility_id`, `pid`, `encounter`,
     `onset_date`, `sensitivity`, `billing_note`, `pc_catid`, `last_level_billed`, `last_level_closed`, `last_stmt_date`, `stmt_count`,
      `provider_id`, `supervisor_id`, `invoice_refno`, `referral_source`, `billing_facility`) VALUES
    ('427','2017-7-29 12:15:00', 'Test Encounter', 'Your Clinic Name Here', '3','77','427', '0000-00-00 00:00:00', 'normal', 'NULL','9', '0', '0','NULL', '0', '1', '0', '', '', '3');
INSERT INTO `forms` (`id`, `date`, `encounter`, `form_name`, `form_id`, `pid`, `user`, `groupname`, `authorized`, `deleted`, `formdir`) VALUES
    ('427','2017-7-29 12:15:00','427', 'Patient Encounter', '427', '77', 'admin', 'Default', '1', '0', 'patient_encounter');
INSERT INTO `libreehr_postcalendar_events` 
        (`pc_catid`,`pc_multiple`,`pc_aid`,`pc_pid`,`pc_title`,`pc_time`,`pc_hometext`,`pc_comments`,`pc_counter`,`pc_topic`,`pc_informant`,`pc_eventDate`,
        `pc_endDate`,`pc_duration`,`pc_recurrtype`,`pc_recurrspec`,`pc_recurrfreq`,`pc_startTime`,`pc_endTime`,`pc_alldayevent`,`pc_location`,`pc_eventstatus`,
        `pc_sharing`,`pc_apptstatus`,`pc_prefcatid`,`pc_facility`,`pc_billing_location`)VALUES
        ( 1,426,'1','77','Office Visit','2017-7-29 12:15:00','Clinical Appointment',0,0,1,'1',
        '2017-7-29 12:15:00','0000-00-00',900,0,
        'a:6:{s:17:"event_repeat_freq";s:1:"0";s:22:"event_repeat_freq_type";s:1:"0";s:19:"event_repeat_on_num";s:1:"1";s:19:"event_repeat_on_day";s:1:"0";s:20:"event_repeat_on_freq";s:1:"0";s:6:"exdate";s:0:"";}',
        0,'12:15:00','12:30:00',0,
        'a:6:{s:14:"event_location";s:0:"";s:13:"event_street1";s:0:"";s:13:"event_street2";s:0:"";s:10:"event_city";s:0:"";s:11:"event_state";s:0:"";s:12:"event_postal";s:0:"";}',
        1,1,'-',0,1,1);
INSERT INTO `form_encounter` (`id`, `date`, `reason`, `facility`, `facility_id`, `pid`, `encounter`,
     `onset_date`, `sensitivity`, `billing_note`, `pc_catid`, `last_level_billed`, `last_level_closed`, `last_stmt_date`, `stmt_count`,
      `provider_id`, `supervisor_id`, `invoice_refno`, `referral_source`, `billing_facility`) VALUES
    ('428','2017-8-28 17:00:00', 'Test Encounter', 'Your Clinic Name Here', '3','77','428', '0000-00-00 00:00:00', 'normal', 'NULL','10', '0', '0','NULL', '0', '1', '0', '', '', '3');
INSERT INTO `forms` (`id`, `date`, `encounter`, `form_name`, `form_id`, `pid`, `user`, `groupname`, `authorized`, `deleted`, `formdir`) VALUES
    ('428','2017-8-28 17:00:00','428', 'Patient Encounter', '428', '77', 'admin', 'Default', '1', '0', 'patient_encounter');
INSERT INTO `libreehr_postcalendar_events` 
        (`pc_catid`,`pc_multiple`,`pc_aid`,`pc_pid`,`pc_title`,`pc_time`,`pc_hometext`,`pc_comments`,`pc_counter`,`pc_topic`,`pc_informant`,`pc_eventDate`,
        `pc_endDate`,`pc_duration`,`pc_recurrtype`,`pc_recurrspec`,`pc_recurrfreq`,`pc_startTime`,`pc_endTime`,`pc_alldayevent`,`pc_location`,`pc_eventstatus`,
        `pc_sharing`,`pc_apptstatus`,`pc_prefcatid`,`pc_facility`,`pc_billing_location`)VALUES
        ( 1,427,'1','77','Office Visit','2017-8-28 17:00:00','Clinical Appointment',0,0,1,'1',
        '2017-8-28 17:00:00','0000-00-00',900,0,
        'a:6:{s:17:"event_repeat_freq";s:1:"0";s:22:"event_repeat_freq_type";s:1:"0";s:19:"event_repeat_on_num";s:1:"1";s:19:"event_repeat_on_day";s:1:"0";s:20:"event_repeat_on_freq";s:1:"0";s:6:"exdate";s:0:"";}',
        0,'17:00:00','17:15:00',0,
        'a:6:{s:14:"event_location";s:0:"";s:13:"event_street1";s:0:"";s:13:"event_street2";s:0:"";s:10:"event_city";s:0:"";s:11:"event_state";s:0:"";s:12:"event_postal";s:0:"";}',
        1,1,'-',0,1,1);
INSERT INTO `form_encounter` (`id`, `date`, `reason`, `facility`, `facility_id`, `pid`, `encounter`,
     `onset_date`, `sensitivity`, `billing_note`, `pc_catid`, `last_level_billed`, `last_level_closed`, `last_stmt_date`, `stmt_count`,
      `provider_id`, `supervisor_id`, `invoice_refno`, `referral_source`, `billing_facility`) VALUES
    ('429','2017-9-27 15:00:00', 'Test Encounter', 'Your Clinic Name Here', '3','77','429', '0000-00-00 00:00:00', 'normal', 'NULL','3', '0', '0','NULL', '0', '1', '0', '', '', '3');
INSERT INTO `forms` (`id`, `date`, `encounter`, `form_name`, `form_id`, `pid`, `user`, `groupname`, `authorized`, `deleted`, `formdir`) VALUES
    ('429','2017-9-27 15:00:00','429', 'Patient Encounter', '429', '77', 'admin', 'Default', '1', '0', 'patient_encounter');
INSERT INTO `libreehr_postcalendar_events` 
        (`pc_catid`,`pc_multiple`,`pc_aid`,`pc_pid`,`pc_title`,`pc_time`,`pc_hometext`,`pc_comments`,`pc_counter`,`pc_topic`,`pc_informant`,`pc_eventDate`,
        `pc_endDate`,`pc_duration`,`pc_recurrtype`,`pc_recurrspec`,`pc_recurrfreq`,`pc_startTime`,`pc_endTime`,`pc_alldayevent`,`pc_location`,`pc_eventstatus`,
        `pc_sharing`,`pc_apptstatus`,`pc_prefcatid`,`pc_facility`,`pc_billing_location`)VALUES
        ( 1,428,'1','77','Office Visit','2017-9-27 15:00:00','Clinical Appointment',0,0,1,'1',
        '2017-9-27 15:00:00','0000-00-00',900,0,
        'a:6:{s:17:"event_repeat_freq";s:1:"0";s:22:"event_repeat_freq_type";s:1:"0";s:19:"event_repeat_on_num";s:1:"1";s:19:"event_repeat_on_day";s:1:"0";s:20:"event_repeat_on_freq";s:1:"0";s:6:"exdate";s:0:"";}',
        0,'15:00:00','15:15:00',0,
        'a:6:{s:14:"event_location";s:0:"";s:13:"event_street1";s:0:"";s:13:"event_street2";s:0:"";s:10:"event_city";s:0:"";s:11:"event_state";s:0:"";s:12:"event_postal";s:0:"";}',
        1,1,'-',0,1,1);
INSERT INTO `patient_data` (`title`, `language`, `financial`, `fname`, `lname`, `mname`, `DOB`,`street`, `postal_code`, `city`, `state`,  `drivers_license`, `ss`,`occupation`, `phone_home`, `phone_biz`, `phone_contact`, `phone_cell`,`status`, `contact_relationship`, `date`, `sex`, `referrer`, `referrerID`,`providerID`, `email`, `ethnoracial`, `interpretter`, `migrantseasonal`,`family_size`, `monthly_income`, `homeless`, `financial_review`, `pubpid`,`pid`, `genericname1`, `genericval1`, `genericname2`, `genericval2`) VALUES
 ('Ms.','English','','RHONDA','SNYDER','G.','1954-8-26','4198 FlowerAve.','76581','Riverside','MT','484957668','69285023',' ','(307) 169-5675','(307) 169-5675','(307) 169-5675','(307) 169-5675','single','Friend','2003-11-17 12:06:00','Female','DEAN DUNN','1','1','RHONDA@LibreEHR.org','Yankee',' ',' ','7','837',' ','000-00-00 00:00:00','78','78',' ',' ',' ',' ');
INSERT INTO `insurance_data` (`id`, `type`, `provider`, `plan_name`, `policy_number`,`group_number`, `subscriber_lname`, `subscriber_mname`, `subscriber_fname`, `subscriber_relationship`, `subscriber_ss`,`subscriber_DOB`, `subscriber_street`, `subscriber_postal_code`, `subscriber_city`, `subscriber_state`, `subscriber_country`,`subscriber_phone`, `subscriber_employer`, `subscriber_employer_street`, `subscriber_employer_postal_code`,`subscriber_employer_state`, `subscriber_employer_country`, `subscriber_employer_city`, `copay`, `date`, `pid`,`subscriber_sex`, `accept_assignment`) VALUES('229','primary','5612','Violet Group HMO','929367829','839051015','SNYDER','G.','RHONDA','self','69285023','1954-8-26','4198 FlowerAve.','76581','Riverside','MT','Openemria','(307) 169-5675','OEMR.org','','','MT','Openemria','Riverside','','2011-10-10','78','Female','FALSE');
INSERT INTO `insurance_data` (`id`, `type`, `provider`, `plan_name`, `policy_number`,`group_number`, `subscriber_lname`, `subscriber_mname`, `subscriber_fname`, `subscriber_relationship`, `subscriber_ss`,`subscriber_DOB`, `subscriber_street`, `subscriber_postal_code`, `subscriber_city`, `subscriber_state`, `subscriber_country`,`subscriber_phone`, `subscriber_employer`, `subscriber_employer_street`, `subscriber_employer_postal_code`,`subscriber_employer_state`, `subscriber_employer_country`, `subscriber_employer_city`, `copay`, `date`, `pid`,`subscriber_sex`, `accept_assignment`) VALUES('230','secondary','3362','Incompetent Provider Company','173747250','921708568','SNYDER','G.','RHONDA','self','69285023','1954-8-26','4198 FlowerAve.','76581','Riverside','MT','Openemria','(307) 169-5675','OEMR.org','','','MT','Openemria','Riverside','','2011-10-10','78','Female','FALSE');
INSERT INTO `insurance_data` (`id`, `type`, `provider`, `plan_name`, `policy_number`,`group_number`, `subscriber_lname`, `subscriber_mname`, `subscriber_fname`, `subscriber_relationship`, `subscriber_ss`,`subscriber_DOB`, `subscriber_street`, `subscriber_postal_code`, `subscriber_city`, `subscriber_state`, `subscriber_country`,`subscriber_phone`, `subscriber_employer`, `subscriber_employer_street`, `subscriber_employer_postal_code`,`subscriber_employer_state`, `subscriber_employer_country`, `subscriber_employer_city`, `copay`, `date`, `pid`,`subscriber_sex`, `accept_assignment`) VALUES('231','tertiary','0','0','910288672','859872363','SNYDER','G.','RHONDA','self','69285023','1954-8-26','4198 FlowerAve.','76581','Riverside','MT','Openemria','(307) 169-5675','OEMR.org','','','MT','Openemria','Riverside','','2011-10-10','78','Female','FALSE');
INSERT INTO `form_encounter` (`id`, `date`, `reason`, `facility`, `facility_id`, `pid`, `encounter`,
     `onset_date`, `sensitivity`, `billing_note`, `pc_catid`, `last_level_billed`, `last_level_closed`, `last_stmt_date`, `stmt_count`,
      `provider_id`, `supervisor_id`, `invoice_refno`, `referral_source`, `billing_facility`) VALUES
    ('430','2017-1-30 10:15:00', 'Test Encounter', 'Your Clinic Name Here', '3','78','430', '0000-00-00 00:00:00', 'normal', 'NULL','5', '0', '0','NULL', '0', '1', '0', '', '', '3');
INSERT INTO `forms` (`id`, `date`, `encounter`, `form_name`, `form_id`, `pid`, `user`, `groupname`, `authorized`, `deleted`, `formdir`) VALUES
    ('430','2017-1-30 10:15:00','430', 'Patient Encounter', '430', '78', 'admin', 'Default', '1', '0', 'patient_encounter');
INSERT INTO `libreehr_postcalendar_events` 
        (`pc_catid`,`pc_multiple`,`pc_aid`,`pc_pid`,`pc_title`,`pc_time`,`pc_hometext`,`pc_comments`,`pc_counter`,`pc_topic`,`pc_informant`,`pc_eventDate`,
        `pc_endDate`,`pc_duration`,`pc_recurrtype`,`pc_recurrspec`,`pc_recurrfreq`,`pc_startTime`,`pc_endTime`,`pc_alldayevent`,`pc_location`,`pc_eventstatus`,
        `pc_sharing`,`pc_apptstatus`,`pc_prefcatid`,`pc_facility`,`pc_billing_location`)VALUES
        ( 1,429,'1','78','Office Visit','2017-1-30 10:15:00','Clinical Appointment',0,0,1,'1',
        '2017-1-30 10:15:00','0000-00-00',900,0,
        'a:6:{s:17:"event_repeat_freq";s:1:"0";s:22:"event_repeat_freq_type";s:1:"0";s:19:"event_repeat_on_num";s:1:"1";s:19:"event_repeat_on_day";s:1:"0";s:20:"event_repeat_on_freq";s:1:"0";s:6:"exdate";s:0:"";}',
        0,'10:15:00','10:30:00',0,
        'a:6:{s:14:"event_location";s:0:"";s:13:"event_street1";s:0:"";s:13:"event_street2";s:0:"";s:10:"event_city";s:0:"";s:11:"event_state";s:0:"";s:12:"event_postal";s:0:"";}',
        1,1,'-',0,1,1);
INSERT INTO `form_encounter` (`id`, `date`, `reason`, `facility`, `facility_id`, `pid`, `encounter`,
     `onset_date`, `sensitivity`, `billing_note`, `pc_catid`, `last_level_billed`, `last_level_closed`, `last_stmt_date`, `stmt_count`,
      `provider_id`, `supervisor_id`, `invoice_refno`, `referral_source`, `billing_facility`) VALUES
    ('431','2017-3-1 17:00:00', 'Test Encounter', 'Your Clinic Name Here', '3','78','431', '0000-00-00 00:00:00', 'normal', 'NULL','7', '0', '0','NULL', '0', '1', '0', '', '', '3');
INSERT INTO `forms` (`id`, `date`, `encounter`, `form_name`, `form_id`, `pid`, `user`, `groupname`, `authorized`, `deleted`, `formdir`) VALUES
    ('431','2017-3-1 17:00:00','431', 'Patient Encounter', '431', '78', 'admin', 'Default', '1', '0', 'patient_encounter');
INSERT INTO `libreehr_postcalendar_events` 
        (`pc_catid`,`pc_multiple`,`pc_aid`,`pc_pid`,`pc_title`,`pc_time`,`pc_hometext`,`pc_comments`,`pc_counter`,`pc_topic`,`pc_informant`,`pc_eventDate`,
        `pc_endDate`,`pc_duration`,`pc_recurrtype`,`pc_recurrspec`,`pc_recurrfreq`,`pc_startTime`,`pc_endTime`,`pc_alldayevent`,`pc_location`,`pc_eventstatus`,
        `pc_sharing`,`pc_apptstatus`,`pc_prefcatid`,`pc_facility`,`pc_billing_location`)VALUES
        ( 1,430,'1','78','Office Visit','2017-3-1 17:00:00','Clinical Appointment',0,0,1,'1',
        '2017-3-1 17:00:00','0000-00-00',900,0,
        'a:6:{s:17:"event_repeat_freq";s:1:"0";s:22:"event_repeat_freq_type";s:1:"0";s:19:"event_repeat_on_num";s:1:"1";s:19:"event_repeat_on_day";s:1:"0";s:20:"event_repeat_on_freq";s:1:"0";s:6:"exdate";s:0:"";}',
        0,'17:00:00','17:15:00',0,
        'a:6:{s:14:"event_location";s:0:"";s:13:"event_street1";s:0:"";s:13:"event_street2";s:0:"";s:10:"event_city";s:0:"";s:11:"event_state";s:0:"";s:12:"event_postal";s:0:"";}',
        1,1,'-',0,1,1);
INSERT INTO `form_encounter` (`id`, `date`, `reason`, `facility`, `facility_id`, `pid`, `encounter`,
     `onset_date`, `sensitivity`, `billing_note`, `pc_catid`, `last_level_billed`, `last_level_closed`, `last_stmt_date`, `stmt_count`,
      `provider_id`, `supervisor_id`, `invoice_refno`, `referral_source`, `billing_facility`) VALUES
    ('432','2017-3-31 16:15:00', 'Test Encounter', 'Your Clinic Name Here', '3','78','432', '0000-00-00 00:00:00', 'normal', 'NULL','8', '0', '0','NULL', '0', '1', '0', '', '', '3');
INSERT INTO `forms` (`id`, `date`, `encounter`, `form_name`, `form_id`, `pid`, `user`, `groupname`, `authorized`, `deleted`, `formdir`) VALUES
    ('432','2017-3-31 16:15:00','432', 'Patient Encounter', '432', '78', 'admin', 'Default', '1', '0', 'patient_encounter');
INSERT INTO `libreehr_postcalendar_events` 
        (`pc_catid`,`pc_multiple`,`pc_aid`,`pc_pid`,`pc_title`,`pc_time`,`pc_hometext`,`pc_comments`,`pc_counter`,`pc_topic`,`pc_informant`,`pc_eventDate`,
        `pc_endDate`,`pc_duration`,`pc_recurrtype`,`pc_recurrspec`,`pc_recurrfreq`,`pc_startTime`,`pc_endTime`,`pc_alldayevent`,`pc_location`,`pc_eventstatus`,
        `pc_sharing`,`pc_apptstatus`,`pc_prefcatid`,`pc_facility`,`pc_billing_location`)VALUES
        ( 1,431,'1','78','Office Visit','2017-3-31 16:15:00','Clinical Appointment',0,0,1,'1',
        '2017-3-31 16:15:00','0000-00-00',900,0,
        'a:6:{s:17:"event_repeat_freq";s:1:"0";s:22:"event_repeat_freq_type";s:1:"0";s:19:"event_repeat_on_num";s:1:"1";s:19:"event_repeat_on_day";s:1:"0";s:20:"event_repeat_on_freq";s:1:"0";s:6:"exdate";s:0:"";}',
        0,'16:15:00','16:30:00',0,
        'a:6:{s:14:"event_location";s:0:"";s:13:"event_street1";s:0:"";s:13:"event_street2";s:0:"";s:10:"event_city";s:0:"";s:11:"event_state";s:0:"";s:12:"event_postal";s:0:"";}',
        1,1,'-',0,1,1);
INSERT INTO `form_encounter` (`id`, `date`, `reason`, `facility`, `facility_id`, `pid`, `encounter`,
     `onset_date`, `sensitivity`, `billing_note`, `pc_catid`, `last_level_billed`, `last_level_closed`, `last_stmt_date`, `stmt_count`,
      `provider_id`, `supervisor_id`, `invoice_refno`, `referral_source`, `billing_facility`) VALUES
    ('433','2017-4-30 14:30:00', 'Test Encounter', 'Your Clinic Name Here', '3','78','433', '0000-00-00 00:00:00', 'normal', 'NULL','5', '0', '0','NULL', '0', '1', '0', '', '', '3');
INSERT INTO `forms` (`id`, `date`, `encounter`, `form_name`, `form_id`, `pid`, `user`, `groupname`, `authorized`, `deleted`, `formdir`) VALUES
    ('433','2017-4-30 14:30:00','433', 'Patient Encounter', '433', '78', 'admin', 'Default', '1', '0', 'patient_encounter');
INSERT INTO `libreehr_postcalendar_events` 
        (`pc_catid`,`pc_multiple`,`pc_aid`,`pc_pid`,`pc_title`,`pc_time`,`pc_hometext`,`pc_comments`,`pc_counter`,`pc_topic`,`pc_informant`,`pc_eventDate`,
        `pc_endDate`,`pc_duration`,`pc_recurrtype`,`pc_recurrspec`,`pc_recurrfreq`,`pc_startTime`,`pc_endTime`,`pc_alldayevent`,`pc_location`,`pc_eventstatus`,
        `pc_sharing`,`pc_apptstatus`,`pc_prefcatid`,`pc_facility`,`pc_billing_location`)VALUES
        ( 1,432,'1','78','Office Visit','2017-4-30 14:30:00','Clinical Appointment',0,0,1,'1',
        '2017-4-30 14:30:00','0000-00-00',900,0,
        'a:6:{s:17:"event_repeat_freq";s:1:"0";s:22:"event_repeat_freq_type";s:1:"0";s:19:"event_repeat_on_num";s:1:"1";s:19:"event_repeat_on_day";s:1:"0";s:20:"event_repeat_on_freq";s:1:"0";s:6:"exdate";s:0:"";}',
        0,'14:30:00','14:45:00',0,
        'a:6:{s:14:"event_location";s:0:"";s:13:"event_street1";s:0:"";s:13:"event_street2";s:0:"";s:10:"event_city";s:0:"";s:11:"event_state";s:0:"";s:12:"event_postal";s:0:"";}',
        1,1,'-',0,1,1);
INSERT INTO `form_encounter` (`id`, `date`, `reason`, `facility`, `facility_id`, `pid`, `encounter`,
     `onset_date`, `sensitivity`, `billing_note`, `pc_catid`, `last_level_billed`, `last_level_closed`, `last_stmt_date`, `stmt_count`,
      `provider_id`, `supervisor_id`, `invoice_refno`, `referral_source`, `billing_facility`) VALUES
    ('434','2017-5-30 14:30:00', 'Test Encounter', 'Your Clinic Name Here', '3','78','434', '0000-00-00 00:00:00', 'normal', 'NULL','4', '0', '0','NULL', '0', '1', '0', '', '', '3');
INSERT INTO `forms` (`id`, `date`, `encounter`, `form_name`, `form_id`, `pid`, `user`, `groupname`, `authorized`, `deleted`, `formdir`) VALUES
    ('434','2017-5-30 14:30:00','434', 'Patient Encounter', '434', '78', 'admin', 'Default', '1', '0', 'patient_encounter');
INSERT INTO `libreehr_postcalendar_events` 
        (`pc_catid`,`pc_multiple`,`pc_aid`,`pc_pid`,`pc_title`,`pc_time`,`pc_hometext`,`pc_comments`,`pc_counter`,`pc_topic`,`pc_informant`,`pc_eventDate`,
        `pc_endDate`,`pc_duration`,`pc_recurrtype`,`pc_recurrspec`,`pc_recurrfreq`,`pc_startTime`,`pc_endTime`,`pc_alldayevent`,`pc_location`,`pc_eventstatus`,
        `pc_sharing`,`pc_apptstatus`,`pc_prefcatid`,`pc_facility`,`pc_billing_location`)VALUES
        ( 1,433,'1','78','Office Visit','2017-5-30 14:30:00','Clinical Appointment',0,0,1,'1',
        '2017-5-30 14:30:00','0000-00-00',900,0,
        'a:6:{s:17:"event_repeat_freq";s:1:"0";s:22:"event_repeat_freq_type";s:1:"0";s:19:"event_repeat_on_num";s:1:"1";s:19:"event_repeat_on_day";s:1:"0";s:20:"event_repeat_on_freq";s:1:"0";s:6:"exdate";s:0:"";}',
        0,'14:30:00','14:45:00',0,
        'a:6:{s:14:"event_location";s:0:"";s:13:"event_street1";s:0:"";s:13:"event_street2";s:0:"";s:10:"event_city";s:0:"";s:11:"event_state";s:0:"";s:12:"event_postal";s:0:"";}',
        1,1,'-',0,1,1);
INSERT INTO `form_encounter` (`id`, `date`, `reason`, `facility`, `facility_id`, `pid`, `encounter`,
     `onset_date`, `sensitivity`, `billing_note`, `pc_catid`, `last_level_billed`, `last_level_closed`, `last_stmt_date`, `stmt_count`,
      `provider_id`, `supervisor_id`, `invoice_refno`, `referral_source`, `billing_facility`) VALUES
    ('435','2017-6-29 15:15:00', 'Test Encounter', 'Your Clinic Name Here', '3','78','435', '0000-00-00 00:00:00', 'normal', 'NULL','2', '0', '0','NULL', '0', '1', '0', '', '', '3');
INSERT INTO `forms` (`id`, `date`, `encounter`, `form_name`, `form_id`, `pid`, `user`, `groupname`, `authorized`, `deleted`, `formdir`) VALUES
    ('435','2017-6-29 15:15:00','435', 'Patient Encounter', '435', '78', 'admin', 'Default', '1', '0', 'patient_encounter');
INSERT INTO `libreehr_postcalendar_events` 
        (`pc_catid`,`pc_multiple`,`pc_aid`,`pc_pid`,`pc_title`,`pc_time`,`pc_hometext`,`pc_comments`,`pc_counter`,`pc_topic`,`pc_informant`,`pc_eventDate`,
        `pc_endDate`,`pc_duration`,`pc_recurrtype`,`pc_recurrspec`,`pc_recurrfreq`,`pc_startTime`,`pc_endTime`,`pc_alldayevent`,`pc_location`,`pc_eventstatus`,
        `pc_sharing`,`pc_apptstatus`,`pc_prefcatid`,`pc_facility`,`pc_billing_location`)VALUES
        ( 1,434,'1','78','Office Visit','2017-6-29 15:15:00','Clinical Appointment',0,0,1,'1',
        '2017-6-29 15:15:00','0000-00-00',900,0,
        'a:6:{s:17:"event_repeat_freq";s:1:"0";s:22:"event_repeat_freq_type";s:1:"0";s:19:"event_repeat_on_num";s:1:"1";s:19:"event_repeat_on_day";s:1:"0";s:20:"event_repeat_on_freq";s:1:"0";s:6:"exdate";s:0:"";}',
        0,'15:15:00','15:30:00',0,
        'a:6:{s:14:"event_location";s:0:"";s:13:"event_street1";s:0:"";s:13:"event_street2";s:0:"";s:10:"event_city";s:0:"";s:11:"event_state";s:0:"";s:12:"event_postal";s:0:"";}',
        1,1,'-',0,1,1);
INSERT INTO `form_encounter` (`id`, `date`, `reason`, `facility`, `facility_id`, `pid`, `encounter`,
     `onset_date`, `sensitivity`, `billing_note`, `pc_catid`, `last_level_billed`, `last_level_closed`, `last_stmt_date`, `stmt_count`,
      `provider_id`, `supervisor_id`, `invoice_refno`, `referral_source`, `billing_facility`) VALUES
    ('436','2017-7-29 13:00:00', 'Test Encounter', 'Your Clinic Name Here', '3','78','436', '0000-00-00 00:00:00', 'normal', 'NULL','2', '0', '0','NULL', '0', '1', '0', '', '', '3');
INSERT INTO `forms` (`id`, `date`, `encounter`, `form_name`, `form_id`, `pid`, `user`, `groupname`, `authorized`, `deleted`, `formdir`) VALUES
    ('436','2017-7-29 13:00:00','436', 'Patient Encounter', '436', '78', 'admin', 'Default', '1', '0', 'patient_encounter');
INSERT INTO `libreehr_postcalendar_events` 
        (`pc_catid`,`pc_multiple`,`pc_aid`,`pc_pid`,`pc_title`,`pc_time`,`pc_hometext`,`pc_comments`,`pc_counter`,`pc_topic`,`pc_informant`,`pc_eventDate`,
        `pc_endDate`,`pc_duration`,`pc_recurrtype`,`pc_recurrspec`,`pc_recurrfreq`,`pc_startTime`,`pc_endTime`,`pc_alldayevent`,`pc_location`,`pc_eventstatus`,
        `pc_sharing`,`pc_apptstatus`,`pc_prefcatid`,`pc_facility`,`pc_billing_location`)VALUES
        ( 1,435,'1','78','Office Visit','2017-7-29 13:00:00','Clinical Appointment',0,0,1,'1',
        '2017-7-29 13:00:00','0000-00-00',900,0,
        'a:6:{s:17:"event_repeat_freq";s:1:"0";s:22:"event_repeat_freq_type";s:1:"0";s:19:"event_repeat_on_num";s:1:"1";s:19:"event_repeat_on_day";s:1:"0";s:20:"event_repeat_on_freq";s:1:"0";s:6:"exdate";s:0:"";}',
        0,'13:00:00','13:15:00',0,
        'a:6:{s:14:"event_location";s:0:"";s:13:"event_street1";s:0:"";s:13:"event_street2";s:0:"";s:10:"event_city";s:0:"";s:11:"event_state";s:0:"";s:12:"event_postal";s:0:"";}',
        1,1,'-',0,1,1);
INSERT INTO `form_encounter` (`id`, `date`, `reason`, `facility`, `facility_id`, `pid`, `encounter`,
     `onset_date`, `sensitivity`, `billing_note`, `pc_catid`, `last_level_billed`, `last_level_closed`, `last_stmt_date`, `stmt_count`,
      `provider_id`, `supervisor_id`, `invoice_refno`, `referral_source`, `billing_facility`) VALUES
    ('437','2017-8-28 12:15:00', 'Test Encounter', 'Your Clinic Name Here', '3','78','437', '0000-00-00 00:00:00', 'normal', 'NULL','8', '0', '0','NULL', '0', '1', '0', '', '', '3');
INSERT INTO `forms` (`id`, `date`, `encounter`, `form_name`, `form_id`, `pid`, `user`, `groupname`, `authorized`, `deleted`, `formdir`) VALUES
    ('437','2017-8-28 12:15:00','437', 'Patient Encounter', '437', '78', 'admin', 'Default', '1', '0', 'patient_encounter');
INSERT INTO `libreehr_postcalendar_events` 
        (`pc_catid`,`pc_multiple`,`pc_aid`,`pc_pid`,`pc_title`,`pc_time`,`pc_hometext`,`pc_comments`,`pc_counter`,`pc_topic`,`pc_informant`,`pc_eventDate`,
        `pc_endDate`,`pc_duration`,`pc_recurrtype`,`pc_recurrspec`,`pc_recurrfreq`,`pc_startTime`,`pc_endTime`,`pc_alldayevent`,`pc_location`,`pc_eventstatus`,
        `pc_sharing`,`pc_apptstatus`,`pc_prefcatid`,`pc_facility`,`pc_billing_location`)VALUES
        ( 1,436,'1','78','Office Visit','2017-8-28 12:15:00','Clinical Appointment',0,0,1,'1',
        '2017-8-28 12:15:00','0000-00-00',900,0,
        'a:6:{s:17:"event_repeat_freq";s:1:"0";s:22:"event_repeat_freq_type";s:1:"0";s:19:"event_repeat_on_num";s:1:"1";s:19:"event_repeat_on_day";s:1:"0";s:20:"event_repeat_on_freq";s:1:"0";s:6:"exdate";s:0:"";}',
        0,'12:15:00','12:30:00',0,
        'a:6:{s:14:"event_location";s:0:"";s:13:"event_street1";s:0:"";s:13:"event_street2";s:0:"";s:10:"event_city";s:0:"";s:11:"event_state";s:0:"";s:12:"event_postal";s:0:"";}',
        1,1,'-',0,1,1);
INSERT INTO `form_encounter` (`id`, `date`, `reason`, `facility`, `facility_id`, `pid`, `encounter`,
     `onset_date`, `sensitivity`, `billing_note`, `pc_catid`, `last_level_billed`, `last_level_closed`, `last_stmt_date`, `stmt_count`,
      `provider_id`, `supervisor_id`, `invoice_refno`, `referral_source`, `billing_facility`) VALUES
    ('438','2017-9-27 12:00:00', 'Test Encounter', 'Your Clinic Name Here', '3','78','438', '0000-00-00 00:00:00', 'normal', 'NULL','5', '0', '0','NULL', '0', '1', '0', '', '', '3');
INSERT INTO `forms` (`id`, `date`, `encounter`, `form_name`, `form_id`, `pid`, `user`, `groupname`, `authorized`, `deleted`, `formdir`) VALUES
    ('438','2017-9-27 12:00:00','438', 'Patient Encounter', '438', '78', 'admin', 'Default', '1', '0', 'patient_encounter');
INSERT INTO `libreehr_postcalendar_events` 
        (`pc_catid`,`pc_multiple`,`pc_aid`,`pc_pid`,`pc_title`,`pc_time`,`pc_hometext`,`pc_comments`,`pc_counter`,`pc_topic`,`pc_informant`,`pc_eventDate`,
        `pc_endDate`,`pc_duration`,`pc_recurrtype`,`pc_recurrspec`,`pc_recurrfreq`,`pc_startTime`,`pc_endTime`,`pc_alldayevent`,`pc_location`,`pc_eventstatus`,
        `pc_sharing`,`pc_apptstatus`,`pc_prefcatid`,`pc_facility`,`pc_billing_location`)VALUES
        ( 1,437,'1','78','Office Visit','2017-9-27 12:00:00','Clinical Appointment',0,0,1,'1',
        '2017-9-27 12:00:00','0000-00-00',900,0,
        'a:6:{s:17:"event_repeat_freq";s:1:"0";s:22:"event_repeat_freq_type";s:1:"0";s:19:"event_repeat_on_num";s:1:"1";s:19:"event_repeat_on_day";s:1:"0";s:20:"event_repeat_on_freq";s:1:"0";s:6:"exdate";s:0:"";}',
        0,'12:00:00','12:15:00',0,
        'a:6:{s:14:"event_location";s:0:"";s:13:"event_street1";s:0:"";s:13:"event_street2";s:0:"";s:10:"event_city";s:0:"";s:11:"event_state";s:0:"";s:12:"event_postal";s:0:"";}',
        1,1,'-',0,1,1);
INSERT INTO `patient_data` (`title`, `language`, `financial`, `fname`, `lname`, `mname`, `DOB`,`street`, `postal_code`, `city`, `state`,  `drivers_license`, `ss`,`occupation`, `phone_home`, `phone_biz`, `phone_contact`, `phone_cell`,`status`, `contact_relationship`, `date`, `sex`, `referrer`, `referrerID`,`providerID`, `email`, `ethnoracial`, `interpretter`, `migrantseasonal`,`family_size`, `monthly_income`, `homeless`, `financial_review`, `pubpid`,`pid`, `genericname1`, `genericval1`, `genericname2`, `genericval2`) VALUES
 ('Mr.','Spanish','','VIRGIL','ALVARADO','I.','1941-8-11','541 CherryAve.','34760','Greenville','NC','307487983','899755808',' ','(595) 25-5898','(595) 25-5898','(595) 25-5898','(595) 25-5898','single','Friend','2003-11-17 12:06:00','Male','RUBEN PENA','1','1','VIRGIL@LibreEHR.org','Tejano',' ',' ','3','3147',' ','000-00-00 00:00:00','79','79',' ',' ',' ',' ');
INSERT INTO `insurance_data` (`id`, `type`, `provider`, `plan_name`, `policy_number`,`group_number`, `subscriber_lname`, `subscriber_mname`, `subscriber_fname`, `subscriber_relationship`, `subscriber_ss`,`subscriber_DOB`, `subscriber_street`, `subscriber_postal_code`, `subscriber_city`, `subscriber_state`, `subscriber_country`,`subscriber_phone`, `subscriber_employer`, `subscriber_employer_street`, `subscriber_employer_postal_code`,`subscriber_employer_state`, `subscriber_employer_country`, `subscriber_employer_city`, `copay`, `date`, `pid`,`subscriber_sex`, `accept_assignment`) VALUES('232','primary','2651','Puce Mutual HMO','919489000','612700693','ALVARADO','I.','VIRGIL','self','899755808','1941-8-11','541 CherryAve.','34760','Greenville','NC','Openemria','(595) 25-5898','OEMR.org','','','NC','Openemria','Greenville','','2011-10-10','79','Male','TRUE');
INSERT INTO `insurance_data` (`id`, `type`, `provider`, `plan_name`, `policy_number`,`group_number`, `subscriber_lname`, `subscriber_mname`, `subscriber_fname`, `subscriber_relationship`, `subscriber_ss`,`subscriber_DOB`, `subscriber_street`, `subscriber_postal_code`, `subscriber_city`, `subscriber_state`, `subscriber_country`,`subscriber_phone`, `subscriber_employer`, `subscriber_employer_street`, `subscriber_employer_postal_code`,`subscriber_employer_state`, `subscriber_employer_country`, `subscriber_employer_city`, `copay`, `date`, `pid`,`subscriber_sex`, `accept_assignment`) VALUES('233','secondary','6843','Pink Provider Very LTD.','120305353','800601988','ALVARADO','I.','VIRGIL','self','899755808','1941-8-11','541 CherryAve.','34760','Greenville','NC','Openemria','(595) 25-5898','OEMR.org','','','NC','Openemria','Greenville','','2011-10-10','79','Male','FALSE');
INSERT INTO `insurance_data` (`id`, `type`, `provider`, `plan_name`, `policy_number`,`group_number`, `subscriber_lname`, `subscriber_mname`, `subscriber_fname`, `subscriber_relationship`, `subscriber_ss`,`subscriber_DOB`, `subscriber_street`, `subscriber_postal_code`, `subscriber_city`, `subscriber_state`, `subscriber_country`,`subscriber_phone`, `subscriber_employer`, `subscriber_employer_street`, `subscriber_employer_postal_code`,`subscriber_employer_state`, `subscriber_employer_country`, `subscriber_employer_city`, `copay`, `date`, `pid`,`subscriber_sex`, `accept_assignment`) VALUES('234','tertiary','8435','Backstreet Helpful Company','828394438','916389354','ALVARADO','I.','VIRGIL','self','899755808','1941-8-11','541 CherryAve.','34760','Greenville','NC','Openemria','(595) 25-5898','OEMR.org','','','NC','Openemria','Greenville','','2011-10-10','79','Male','TRUE');
INSERT INTO `form_encounter` (`id`, `date`, `reason`, `facility`, `facility_id`, `pid`, `encounter`,
     `onset_date`, `sensitivity`, `billing_note`, `pc_catid`, `last_level_billed`, `last_level_closed`, `last_stmt_date`, `stmt_count`,
      `provider_id`, `supervisor_id`, `invoice_refno`, `referral_source`, `billing_facility`) VALUES
    ('439','2017-3-31 14:30:00', 'Test Encounter', 'Your Clinic Name Here', '3','79','439', '0000-00-00 00:00:00', 'normal', 'NULL','10', '0', '0','NULL', '0', '1', '0', '', '', '3');
INSERT INTO `forms` (`id`, `date`, `encounter`, `form_name`, `form_id`, `pid`, `user`, `groupname`, `authorized`, `deleted`, `formdir`) VALUES
    ('439','2017-3-31 14:30:00','439', 'Patient Encounter', '439', '79', 'admin', 'Default', '1', '0', 'patient_encounter');
INSERT INTO `libreehr_postcalendar_events` 
        (`pc_catid`,`pc_multiple`,`pc_aid`,`pc_pid`,`pc_title`,`pc_time`,`pc_hometext`,`pc_comments`,`pc_counter`,`pc_topic`,`pc_informant`,`pc_eventDate`,
        `pc_endDate`,`pc_duration`,`pc_recurrtype`,`pc_recurrspec`,`pc_recurrfreq`,`pc_startTime`,`pc_endTime`,`pc_alldayevent`,`pc_location`,`pc_eventstatus`,
        `pc_sharing`,`pc_apptstatus`,`pc_prefcatid`,`pc_facility`,`pc_billing_location`)VALUES
        ( 1,438,'1','79','Office Visit','2017-3-31 14:30:00','Clinical Appointment',0,0,1,'1',
        '2017-3-31 14:30:00','0000-00-00',900,0,
        'a:6:{s:17:"event_repeat_freq";s:1:"0";s:22:"event_repeat_freq_type";s:1:"0";s:19:"event_repeat_on_num";s:1:"1";s:19:"event_repeat_on_day";s:1:"0";s:20:"event_repeat_on_freq";s:1:"0";s:6:"exdate";s:0:"";}',
        0,'14:30:00','14:45:00',0,
        'a:6:{s:14:"event_location";s:0:"";s:13:"event_street1";s:0:"";s:13:"event_street2";s:0:"";s:10:"event_city";s:0:"";s:11:"event_state";s:0:"";s:12:"event_postal";s:0:"";}',
        1,1,'-',0,1,1);
INSERT INTO `form_encounter` (`id`, `date`, `reason`, `facility`, `facility_id`, `pid`, `encounter`,
     `onset_date`, `sensitivity`, `billing_note`, `pc_catid`, `last_level_billed`, `last_level_closed`, `last_stmt_date`, `stmt_count`,
      `provider_id`, `supervisor_id`, `invoice_refno`, `referral_source`, `billing_facility`) VALUES
    ('440','2017-4-30 11:00:00', 'Test Encounter', 'Your Clinic Name Here', '3','79','440', '0000-00-00 00:00:00', 'normal', 'NULL','1', '0', '0','NULL', '0', '1', '0', '', '', '3');
INSERT INTO `forms` (`id`, `date`, `encounter`, `form_name`, `form_id`, `pid`, `user`, `groupname`, `authorized`, `deleted`, `formdir`) VALUES
    ('440','2017-4-30 11:00:00','440', 'Patient Encounter', '440', '79', 'admin', 'Default', '1', '0', 'patient_encounter');
INSERT INTO `libreehr_postcalendar_events` 
        (`pc_catid`,`pc_multiple`,`pc_aid`,`pc_pid`,`pc_title`,`pc_time`,`pc_hometext`,`pc_comments`,`pc_counter`,`pc_topic`,`pc_informant`,`pc_eventDate`,
        `pc_endDate`,`pc_duration`,`pc_recurrtype`,`pc_recurrspec`,`pc_recurrfreq`,`pc_startTime`,`pc_endTime`,`pc_alldayevent`,`pc_location`,`pc_eventstatus`,
        `pc_sharing`,`pc_apptstatus`,`pc_prefcatid`,`pc_facility`,`pc_billing_location`)VALUES
        ( 1,439,'1','79','Office Visit','2017-4-30 11:00:00','Clinical Appointment',0,0,1,'1',
        '2017-4-30 11:00:00','0000-00-00',900,0,
        'a:6:{s:17:"event_repeat_freq";s:1:"0";s:22:"event_repeat_freq_type";s:1:"0";s:19:"event_repeat_on_num";s:1:"1";s:19:"event_repeat_on_day";s:1:"0";s:20:"event_repeat_on_freq";s:1:"0";s:6:"exdate";s:0:"";}',
        0,'11:00:00','11:15:00',0,
        'a:6:{s:14:"event_location";s:0:"";s:13:"event_street1";s:0:"";s:13:"event_street2";s:0:"";s:10:"event_city";s:0:"";s:11:"event_state";s:0:"";s:12:"event_postal";s:0:"";}',
        1,1,'-',0,1,1);
INSERT INTO `form_encounter` (`id`, `date`, `reason`, `facility`, `facility_id`, `pid`, `encounter`,
     `onset_date`, `sensitivity`, `billing_note`, `pc_catid`, `last_level_billed`, `last_level_closed`, `last_stmt_date`, `stmt_count`,
      `provider_id`, `supervisor_id`, `invoice_refno`, `referral_source`, `billing_facility`) VALUES
    ('441','2017-5-30 13:30:00', 'Test Encounter', 'Your Clinic Name Here', '3','79','441', '0000-00-00 00:00:00', 'normal', 'NULL','10', '0', '0','NULL', '0', '1', '0', '', '', '3');
INSERT INTO `forms` (`id`, `date`, `encounter`, `form_name`, `form_id`, `pid`, `user`, `groupname`, `authorized`, `deleted`, `formdir`) VALUES
    ('441','2017-5-30 13:30:00','441', 'Patient Encounter', '441', '79', 'admin', 'Default', '1', '0', 'patient_encounter');
INSERT INTO `libreehr_postcalendar_events` 
        (`pc_catid`,`pc_multiple`,`pc_aid`,`pc_pid`,`pc_title`,`pc_time`,`pc_hometext`,`pc_comments`,`pc_counter`,`pc_topic`,`pc_informant`,`pc_eventDate`,
        `pc_endDate`,`pc_duration`,`pc_recurrtype`,`pc_recurrspec`,`pc_recurrfreq`,`pc_startTime`,`pc_endTime`,`pc_alldayevent`,`pc_location`,`pc_eventstatus`,
        `pc_sharing`,`pc_apptstatus`,`pc_prefcatid`,`pc_facility`,`pc_billing_location`)VALUES
        ( 1,440,'1','79','Office Visit','2017-5-30 13:30:00','Clinical Appointment',0,0,1,'1',
        '2017-5-30 13:30:00','0000-00-00',900,0,
        'a:6:{s:17:"event_repeat_freq";s:1:"0";s:22:"event_repeat_freq_type";s:1:"0";s:19:"event_repeat_on_num";s:1:"1";s:19:"event_repeat_on_day";s:1:"0";s:20:"event_repeat_on_freq";s:1:"0";s:6:"exdate";s:0:"";}',
        0,'13:30:00','13:45:00',0,
        'a:6:{s:14:"event_location";s:0:"";s:13:"event_street1";s:0:"";s:13:"event_street2";s:0:"";s:10:"event_city";s:0:"";s:11:"event_state";s:0:"";s:12:"event_postal";s:0:"";}',
        1,1,'-',0,1,1);
INSERT INTO `form_encounter` (`id`, `date`, `reason`, `facility`, `facility_id`, `pid`, `encounter`,
     `onset_date`, `sensitivity`, `billing_note`, `pc_catid`, `last_level_billed`, `last_level_closed`, `last_stmt_date`, `stmt_count`,
      `provider_id`, `supervisor_id`, `invoice_refno`, `referral_source`, `billing_facility`) VALUES
    ('442','2017-6-29 15:00:00', 'Test Encounter', 'Your Clinic Name Here', '3','79','442', '0000-00-00 00:00:00', 'normal', 'NULL','6', '0', '0','NULL', '0', '1', '0', '', '', '3');
INSERT INTO `forms` (`id`, `date`, `encounter`, `form_name`, `form_id`, `pid`, `user`, `groupname`, `authorized`, `deleted`, `formdir`) VALUES
    ('442','2017-6-29 15:00:00','442', 'Patient Encounter', '442', '79', 'admin', 'Default', '1', '0', 'patient_encounter');
INSERT INTO `libreehr_postcalendar_events` 
        (`pc_catid`,`pc_multiple`,`pc_aid`,`pc_pid`,`pc_title`,`pc_time`,`pc_hometext`,`pc_comments`,`pc_counter`,`pc_topic`,`pc_informant`,`pc_eventDate`,
        `pc_endDate`,`pc_duration`,`pc_recurrtype`,`pc_recurrspec`,`pc_recurrfreq`,`pc_startTime`,`pc_endTime`,`pc_alldayevent`,`pc_location`,`pc_eventstatus`,
        `pc_sharing`,`pc_apptstatus`,`pc_prefcatid`,`pc_facility`,`pc_billing_location`)VALUES
        ( 1,441,'1','79','Office Visit','2017-6-29 15:00:00','Clinical Appointment',0,0,1,'1',
        '2017-6-29 15:00:00','0000-00-00',900,0,
        'a:6:{s:17:"event_repeat_freq";s:1:"0";s:22:"event_repeat_freq_type";s:1:"0";s:19:"event_repeat_on_num";s:1:"1";s:19:"event_repeat_on_day";s:1:"0";s:20:"event_repeat_on_freq";s:1:"0";s:6:"exdate";s:0:"";}',
        0,'15:00:00','15:15:00',0,
        'a:6:{s:14:"event_location";s:0:"";s:13:"event_street1";s:0:"";s:13:"event_street2";s:0:"";s:10:"event_city";s:0:"";s:11:"event_state";s:0:"";s:12:"event_postal";s:0:"";}',
        1,1,'-',0,1,1);
INSERT INTO `form_encounter` (`id`, `date`, `reason`, `facility`, `facility_id`, `pid`, `encounter`,
     `onset_date`, `sensitivity`, `billing_note`, `pc_catid`, `last_level_billed`, `last_level_closed`, `last_stmt_date`, `stmt_count`,
      `provider_id`, `supervisor_id`, `invoice_refno`, `referral_source`, `billing_facility`) VALUES
    ('443','2017-7-29 12:15:00', 'Test Encounter', 'Your Clinic Name Here', '3','79','443', '0000-00-00 00:00:00', 'normal', 'NULL','8', '0', '0','NULL', '0', '1', '0', '', '', '3');
INSERT INTO `forms` (`id`, `date`, `encounter`, `form_name`, `form_id`, `pid`, `user`, `groupname`, `authorized`, `deleted`, `formdir`) VALUES
    ('443','2017-7-29 12:15:00','443', 'Patient Encounter', '443', '79', 'admin', 'Default', '1', '0', 'patient_encounter');
INSERT INTO `libreehr_postcalendar_events` 
        (`pc_catid`,`pc_multiple`,`pc_aid`,`pc_pid`,`pc_title`,`pc_time`,`pc_hometext`,`pc_comments`,`pc_counter`,`pc_topic`,`pc_informant`,`pc_eventDate`,
        `pc_endDate`,`pc_duration`,`pc_recurrtype`,`pc_recurrspec`,`pc_recurrfreq`,`pc_startTime`,`pc_endTime`,`pc_alldayevent`,`pc_location`,`pc_eventstatus`,
        `pc_sharing`,`pc_apptstatus`,`pc_prefcatid`,`pc_facility`,`pc_billing_location`)VALUES
        ( 1,442,'1','79','Office Visit','2017-7-29 12:15:00','Clinical Appointment',0,0,1,'1',
        '2017-7-29 12:15:00','0000-00-00',900,0,
        'a:6:{s:17:"event_repeat_freq";s:1:"0";s:22:"event_repeat_freq_type";s:1:"0";s:19:"event_repeat_on_num";s:1:"1";s:19:"event_repeat_on_day";s:1:"0";s:20:"event_repeat_on_freq";s:1:"0";s:6:"exdate";s:0:"";}',
        0,'12:15:00','12:30:00',0,
        'a:6:{s:14:"event_location";s:0:"";s:13:"event_street1";s:0:"";s:13:"event_street2";s:0:"";s:10:"event_city";s:0:"";s:11:"event_state";s:0:"";s:12:"event_postal";s:0:"";}',
        1,1,'-',0,1,1);
INSERT INTO `form_encounter` (`id`, `date`, `reason`, `facility`, `facility_id`, `pid`, `encounter`,
     `onset_date`, `sensitivity`, `billing_note`, `pc_catid`, `last_level_billed`, `last_level_closed`, `last_stmt_date`, `stmt_count`,
      `provider_id`, `supervisor_id`, `invoice_refno`, `referral_source`, `billing_facility`) VALUES
    ('444','2017-8-28 14:30:00', 'Test Encounter', 'Your Clinic Name Here', '3','79','444', '0000-00-00 00:00:00', 'normal', 'NULL','1', '0', '0','NULL', '0', '1', '0', '', '', '3');
INSERT INTO `forms` (`id`, `date`, `encounter`, `form_name`, `form_id`, `pid`, `user`, `groupname`, `authorized`, `deleted`, `formdir`) VALUES
    ('444','2017-8-28 14:30:00','444', 'Patient Encounter', '444', '79', 'admin', 'Default', '1', '0', 'patient_encounter');
INSERT INTO `libreehr_postcalendar_events` 
        (`pc_catid`,`pc_multiple`,`pc_aid`,`pc_pid`,`pc_title`,`pc_time`,`pc_hometext`,`pc_comments`,`pc_counter`,`pc_topic`,`pc_informant`,`pc_eventDate`,
        `pc_endDate`,`pc_duration`,`pc_recurrtype`,`pc_recurrspec`,`pc_recurrfreq`,`pc_startTime`,`pc_endTime`,`pc_alldayevent`,`pc_location`,`pc_eventstatus`,
        `pc_sharing`,`pc_apptstatus`,`pc_prefcatid`,`pc_facility`,`pc_billing_location`)VALUES
        ( 1,443,'1','79','Office Visit','2017-8-28 14:30:00','Clinical Appointment',0,0,1,'1',
        '2017-8-28 14:30:00','0000-00-00',900,0,
        'a:6:{s:17:"event_repeat_freq";s:1:"0";s:22:"event_repeat_freq_type";s:1:"0";s:19:"event_repeat_on_num";s:1:"1";s:19:"event_repeat_on_day";s:1:"0";s:20:"event_repeat_on_freq";s:1:"0";s:6:"exdate";s:0:"";}',
        0,'14:30:00','14:45:00',0,
        'a:6:{s:14:"event_location";s:0:"";s:13:"event_street1";s:0:"";s:13:"event_street2";s:0:"";s:10:"event_city";s:0:"";s:11:"event_state";s:0:"";s:12:"event_postal";s:0:"";}',
        1,1,'-',0,1,1);
INSERT INTO `form_encounter` (`id`, `date`, `reason`, `facility`, `facility_id`, `pid`, `encounter`,
     `onset_date`, `sensitivity`, `billing_note`, `pc_catid`, `last_level_billed`, `last_level_closed`, `last_stmt_date`, `stmt_count`,
      `provider_id`, `supervisor_id`, `invoice_refno`, `referral_source`, `billing_facility`) VALUES
    ('445','2017-9-27 16:15:00', 'Test Encounter', 'Your Clinic Name Here', '3','79','445', '0000-00-00 00:00:00', 'normal', 'NULL','8', '0', '0','NULL', '0', '1', '0', '', '', '3');
INSERT INTO `forms` (`id`, `date`, `encounter`, `form_name`, `form_id`, `pid`, `user`, `groupname`, `authorized`, `deleted`, `formdir`) VALUES
    ('445','2017-9-27 16:15:00','445', 'Patient Encounter', '445', '79', 'admin', 'Default', '1', '0', 'patient_encounter');
INSERT INTO `libreehr_postcalendar_events` 
        (`pc_catid`,`pc_multiple`,`pc_aid`,`pc_pid`,`pc_title`,`pc_time`,`pc_hometext`,`pc_comments`,`pc_counter`,`pc_topic`,`pc_informant`,`pc_eventDate`,
        `pc_endDate`,`pc_duration`,`pc_recurrtype`,`pc_recurrspec`,`pc_recurrfreq`,`pc_startTime`,`pc_endTime`,`pc_alldayevent`,`pc_location`,`pc_eventstatus`,
        `pc_sharing`,`pc_apptstatus`,`pc_prefcatid`,`pc_facility`,`pc_billing_location`)VALUES
        ( 1,444,'1','79','Office Visit','2017-9-27 16:15:00','Clinical Appointment',0,0,1,'1',
        '2017-9-27 16:15:00','0000-00-00',900,0,
        'a:6:{s:17:"event_repeat_freq";s:1:"0";s:22:"event_repeat_freq_type";s:1:"0";s:19:"event_repeat_on_num";s:1:"1";s:19:"event_repeat_on_day";s:1:"0";s:20:"event_repeat_on_freq";s:1:"0";s:6:"exdate";s:0:"";}',
        0,'16:15:00','16:30:00',0,
        'a:6:{s:14:"event_location";s:0:"";s:13:"event_street1";s:0:"";s:13:"event_street2";s:0:"";s:10:"event_city";s:0:"";s:11:"event_state";s:0:"";s:12:"event_postal";s:0:"";}',
        1,1,'-',0,1,1);
INSERT INTO `patient_data` (`title`, `language`, `financial`, `fname`, `lname`, `mname`, `DOB`,`street`, `postal_code`, `city`, `state`,  `drivers_license`, `ss`,`occupation`, `phone_home`, `phone_biz`, `phone_contact`, `phone_cell`,`status`, `contact_relationship`, `date`, `sex`, `referrer`, `referrerID`,`providerID`, `email`, `ethnoracial`, `interpretter`, `migrantseasonal`,`family_size`, `monthly_income`, `homeless`, `financial_review`, `pubpid`,`pid`, `genericname1`, `genericval1`, `genericname2`, `genericval2`) VALUES
 ('Mr.','English','','RONALD','BLACK','C.','1964-9-11','2991 PeachBLVD','709','Milton','OR','548186280','696880473',' ','(351) 169-1797','(351) 169-1797','(351) 169-1797','(351) 169-1797','married','Friend','2003-11-17 12:06:00','Male','EUGENE GARCIA','1','1','RONALD@LibreEHR.org','Cubano',' ',' ','10','6948',' ','000-00-00 00:00:00','80','80',' ',' ',' ',' ');
INSERT INTO `insurance_data` (`id`, `type`, `provider`, `plan_name`, `policy_number`,`group_number`, `subscriber_lname`, `subscriber_mname`, `subscriber_fname`, `subscriber_relationship`, `subscriber_ss`,`subscriber_DOB`, `subscriber_street`, `subscriber_postal_code`, `subscriber_city`, `subscriber_state`, `subscriber_country`,`subscriber_phone`, `subscriber_employer`, `subscriber_employer_street`, `subscriber_employer_postal_code`,`subscriber_employer_state`, `subscriber_employer_country`, `subscriber_employer_city`, `copay`, `date`, `pid`,`subscriber_sex`, `accept_assignment`) VALUES('235','primary','3362','Incompetent Provider Company','851300226','168299849','BLACK','C.','RONALD','self','696880473','1964-9-11','2991 PeachBLVD','709','Milton','OR','Openemria','(351) 169-1797','OEMR.org','','','OR','Openemria','Milton','','2011-10-10','80','Male','TRUE');
INSERT INTO `insurance_data` (`id`, `type`, `provider`, `plan_name`, `policy_number`,`group_number`, `subscriber_lname`, `subscriber_mname`, `subscriber_fname`, `subscriber_relationship`, `subscriber_ss`,`subscriber_DOB`, `subscriber_street`, `subscriber_postal_code`, `subscriber_city`, `subscriber_state`, `subscriber_country`,`subscriber_phone`, `subscriber_employer`, `subscriber_employer_street`, `subscriber_employer_postal_code`,`subscriber_employer_state`, `subscriber_employer_country`, `subscriber_employer_city`, `copay`, `date`, `pid`,`subscriber_sex`, `accept_assignment`) VALUES('236','secondary','0','0','316439465','244170327','BLACK','C.','RONALD','self','696880473','1964-9-11','2991 PeachBLVD','709','Milton','OR','Openemria','(351) 169-1797','OEMR.org','','','OR','Openemria','Milton','','2011-10-10','80','Male','TRUE');
INSERT INTO `insurance_data` (`id`, `type`, `provider`, `plan_name`, `policy_number`,`group_number`, `subscriber_lname`, `subscriber_mname`, `subscriber_fname`, `subscriber_relationship`, `subscriber_ss`,`subscriber_DOB`, `subscriber_street`, `subscriber_postal_code`, `subscriber_city`, `subscriber_state`, `subscriber_country`,`subscriber_phone`, `subscriber_employer`, `subscriber_employer_street`, `subscriber_employer_postal_code`,`subscriber_employer_state`, `subscriber_employer_country`, `subscriber_employer_city`, `copay`, `date`, `pid`,`subscriber_sex`, `accept_assignment`) VALUES('237','tertiary','3362','Incompetent Provider Company','437980075','703981138','BLACK','C.','RONALD','self','696880473','1964-9-11','2991 PeachBLVD','709','Milton','OR','Openemria','(351) 169-1797','OEMR.org','','','OR','Openemria','Milton','','2011-10-10','80','Male','TRUE');
INSERT INTO `form_encounter` (`id`, `date`, `reason`, `facility`, `facility_id`, `pid`, `encounter`,
     `onset_date`, `sensitivity`, `billing_note`, `pc_catid`, `last_level_billed`, `last_level_closed`, `last_stmt_date`, `stmt_count`,
      `provider_id`, `supervisor_id`, `invoice_refno`, `referral_source`, `billing_facility`) VALUES
    ('446','2017-3-1 16:00:00', 'Test Encounter', 'Your Clinic Name Here', '3','80','446', '0000-00-00 00:00:00', 'normal', 'NULL','5', '0', '0','NULL', '0', '1', '0', '', '', '3');
INSERT INTO `forms` (`id`, `date`, `encounter`, `form_name`, `form_id`, `pid`, `user`, `groupname`, `authorized`, `deleted`, `formdir`) VALUES
    ('446','2017-3-1 16:00:00','446', 'Patient Encounter', '446', '80', 'admin', 'Default', '1', '0', 'patient_encounter');
INSERT INTO `libreehr_postcalendar_events` 
        (`pc_catid`,`pc_multiple`,`pc_aid`,`pc_pid`,`pc_title`,`pc_time`,`pc_hometext`,`pc_comments`,`pc_counter`,`pc_topic`,`pc_informant`,`pc_eventDate`,
        `pc_endDate`,`pc_duration`,`pc_recurrtype`,`pc_recurrspec`,`pc_recurrfreq`,`pc_startTime`,`pc_endTime`,`pc_alldayevent`,`pc_location`,`pc_eventstatus`,
        `pc_sharing`,`pc_apptstatus`,`pc_prefcatid`,`pc_facility`,`pc_billing_location`)VALUES
        ( 1,445,'1','80','Office Visit','2017-3-1 16:00:00','Clinical Appointment',0,0,1,'1',
        '2017-3-1 16:00:00','0000-00-00',900,0,
        'a:6:{s:17:"event_repeat_freq";s:1:"0";s:22:"event_repeat_freq_type";s:1:"0";s:19:"event_repeat_on_num";s:1:"1";s:19:"event_repeat_on_day";s:1:"0";s:20:"event_repeat_on_freq";s:1:"0";s:6:"exdate";s:0:"";}',
        0,'16:00:00','16:15:00',0,
        'a:6:{s:14:"event_location";s:0:"";s:13:"event_street1";s:0:"";s:13:"event_street2";s:0:"";s:10:"event_city";s:0:"";s:11:"event_state";s:0:"";s:12:"event_postal";s:0:"";}',
        1,1,'-',0,1,1);
INSERT INTO `form_encounter` (`id`, `date`, `reason`, `facility`, `facility_id`, `pid`, `encounter`,
     `onset_date`, `sensitivity`, `billing_note`, `pc_catid`, `last_level_billed`, `last_level_closed`, `last_stmt_date`, `stmt_count`,
      `provider_id`, `supervisor_id`, `invoice_refno`, `referral_source`, `billing_facility`) VALUES
    ('447','2017-3-31 13:00:00', 'Test Encounter', 'Your Clinic Name Here', '3','80','447', '0000-00-00 00:00:00', 'normal', 'NULL','5', '0', '0','NULL', '0', '1', '0', '', '', '3');
INSERT INTO `forms` (`id`, `date`, `encounter`, `form_name`, `form_id`, `pid`, `user`, `groupname`, `authorized`, `deleted`, `formdir`) VALUES
    ('447','2017-3-31 13:00:00','447', 'Patient Encounter', '447', '80', 'admin', 'Default', '1', '0', 'patient_encounter');
INSERT INTO `libreehr_postcalendar_events` 
        (`pc_catid`,`pc_multiple`,`pc_aid`,`pc_pid`,`pc_title`,`pc_time`,`pc_hometext`,`pc_comments`,`pc_counter`,`pc_topic`,`pc_informant`,`pc_eventDate`,
        `pc_endDate`,`pc_duration`,`pc_recurrtype`,`pc_recurrspec`,`pc_recurrfreq`,`pc_startTime`,`pc_endTime`,`pc_alldayevent`,`pc_location`,`pc_eventstatus`,
        `pc_sharing`,`pc_apptstatus`,`pc_prefcatid`,`pc_facility`,`pc_billing_location`)VALUES
        ( 1,446,'1','80','Office Visit','2017-3-31 13:00:00','Clinical Appointment',0,0,1,'1',
        '2017-3-31 13:00:00','0000-00-00',900,0,
        'a:6:{s:17:"event_repeat_freq";s:1:"0";s:22:"event_repeat_freq_type";s:1:"0";s:19:"event_repeat_on_num";s:1:"1";s:19:"event_repeat_on_day";s:1:"0";s:20:"event_repeat_on_freq";s:1:"0";s:6:"exdate";s:0:"";}',
        0,'13:00:00','13:15:00',0,
        'a:6:{s:14:"event_location";s:0:"";s:13:"event_street1";s:0:"";s:13:"event_street2";s:0:"";s:10:"event_city";s:0:"";s:11:"event_state";s:0:"";s:12:"event_postal";s:0:"";}',
        1,1,'-',0,1,1);
INSERT INTO `form_encounter` (`id`, `date`, `reason`, `facility`, `facility_id`, `pid`, `encounter`,
     `onset_date`, `sensitivity`, `billing_note`, `pc_catid`, `last_level_billed`, `last_level_closed`, `last_stmt_date`, `stmt_count`,
      `provider_id`, `supervisor_id`, `invoice_refno`, `referral_source`, `billing_facility`) VALUES
    ('448','2017-4-30 10:15:00', 'Test Encounter', 'Your Clinic Name Here', '3','80','448', '0000-00-00 00:00:00', 'normal', 'NULL','2', '0', '0','NULL', '0', '1', '0', '', '', '3');
INSERT INTO `forms` (`id`, `date`, `encounter`, `form_name`, `form_id`, `pid`, `user`, `groupname`, `authorized`, `deleted`, `formdir`) VALUES
    ('448','2017-4-30 10:15:00','448', 'Patient Encounter', '448', '80', 'admin', 'Default', '1', '0', 'patient_encounter');
INSERT INTO `libreehr_postcalendar_events` 
        (`pc_catid`,`pc_multiple`,`pc_aid`,`pc_pid`,`pc_title`,`pc_time`,`pc_hometext`,`pc_comments`,`pc_counter`,`pc_topic`,`pc_informant`,`pc_eventDate`,
        `pc_endDate`,`pc_duration`,`pc_recurrtype`,`pc_recurrspec`,`pc_recurrfreq`,`pc_startTime`,`pc_endTime`,`pc_alldayevent`,`pc_location`,`pc_eventstatus`,
        `pc_sharing`,`pc_apptstatus`,`pc_prefcatid`,`pc_facility`,`pc_billing_location`)VALUES
        ( 1,447,'1','80','Office Visit','2017-4-30 10:15:00','Clinical Appointment',0,0,1,'1',
        '2017-4-30 10:15:00','0000-00-00',900,0,
        'a:6:{s:17:"event_repeat_freq";s:1:"0";s:22:"event_repeat_freq_type";s:1:"0";s:19:"event_repeat_on_num";s:1:"1";s:19:"event_repeat_on_day";s:1:"0";s:20:"event_repeat_on_freq";s:1:"0";s:6:"exdate";s:0:"";}',
        0,'10:15:00','10:30:00',0,
        'a:6:{s:14:"event_location";s:0:"";s:13:"event_street1";s:0:"";s:13:"event_street2";s:0:"";s:10:"event_city";s:0:"";s:11:"event_state";s:0:"";s:12:"event_postal";s:0:"";}',
        1,1,'-',0,1,1);
INSERT INTO `form_encounter` (`id`, `date`, `reason`, `facility`, `facility_id`, `pid`, `encounter`,
     `onset_date`, `sensitivity`, `billing_note`, `pc_catid`, `last_level_billed`, `last_level_closed`, `last_stmt_date`, `stmt_count`,
      `provider_id`, `supervisor_id`, `invoice_refno`, `referral_source`, `billing_facility`) VALUES
    ('449','2017-5-30 14:30:00', 'Test Encounter', 'Your Clinic Name Here', '3','80','449', '0000-00-00 00:00:00', 'normal', 'NULL','2', '0', '0','NULL', '0', '1', '0', '', '', '3');
INSERT INTO `forms` (`id`, `date`, `encounter`, `form_name`, `form_id`, `pid`, `user`, `groupname`, `authorized`, `deleted`, `formdir`) VALUES
    ('449','2017-5-30 14:30:00','449', 'Patient Encounter', '449', '80', 'admin', 'Default', '1', '0', 'patient_encounter');
INSERT INTO `libreehr_postcalendar_events` 
        (`pc_catid`,`pc_multiple`,`pc_aid`,`pc_pid`,`pc_title`,`pc_time`,`pc_hometext`,`pc_comments`,`pc_counter`,`pc_topic`,`pc_informant`,`pc_eventDate`,
        `pc_endDate`,`pc_duration`,`pc_recurrtype`,`pc_recurrspec`,`pc_recurrfreq`,`pc_startTime`,`pc_endTime`,`pc_alldayevent`,`pc_location`,`pc_eventstatus`,
        `pc_sharing`,`pc_apptstatus`,`pc_prefcatid`,`pc_facility`,`pc_billing_location`)VALUES
        ( 1,448,'1','80','Office Visit','2017-5-30 14:30:00','Clinical Appointment',0,0,1,'1',
        '2017-5-30 14:30:00','0000-00-00',900,0,
        'a:6:{s:17:"event_repeat_freq";s:1:"0";s:22:"event_repeat_freq_type";s:1:"0";s:19:"event_repeat_on_num";s:1:"1";s:19:"event_repeat_on_day";s:1:"0";s:20:"event_repeat_on_freq";s:1:"0";s:6:"exdate";s:0:"";}',
        0,'14:30:00','14:45:00',0,
        'a:6:{s:14:"event_location";s:0:"";s:13:"event_street1";s:0:"";s:13:"event_street2";s:0:"";s:10:"event_city";s:0:"";s:11:"event_state";s:0:"";s:12:"event_postal";s:0:"";}',
        1,1,'-',0,1,1);
INSERT INTO `form_encounter` (`id`, `date`, `reason`, `facility`, `facility_id`, `pid`, `encounter`,
     `onset_date`, `sensitivity`, `billing_note`, `pc_catid`, `last_level_billed`, `last_level_closed`, `last_stmt_date`, `stmt_count`,
      `provider_id`, `supervisor_id`, `invoice_refno`, `referral_source`, `billing_facility`) VALUES
    ('450','2017-6-29 11:00:00', 'Test Encounter', 'Your Clinic Name Here', '3','80','450', '0000-00-00 00:00:00', 'normal', 'NULL','4', '0', '0','NULL', '0', '1', '0', '', '', '3');
INSERT INTO `forms` (`id`, `date`, `encounter`, `form_name`, `form_id`, `pid`, `user`, `groupname`, `authorized`, `deleted`, `formdir`) VALUES
    ('450','2017-6-29 11:00:00','450', 'Patient Encounter', '450', '80', 'admin', 'Default', '1', '0', 'patient_encounter');
INSERT INTO `libreehr_postcalendar_events` 
        (`pc_catid`,`pc_multiple`,`pc_aid`,`pc_pid`,`pc_title`,`pc_time`,`pc_hometext`,`pc_comments`,`pc_counter`,`pc_topic`,`pc_informant`,`pc_eventDate`,
        `pc_endDate`,`pc_duration`,`pc_recurrtype`,`pc_recurrspec`,`pc_recurrfreq`,`pc_startTime`,`pc_endTime`,`pc_alldayevent`,`pc_location`,`pc_eventstatus`,
        `pc_sharing`,`pc_apptstatus`,`pc_prefcatid`,`pc_facility`,`pc_billing_location`)VALUES
        ( 1,449,'1','80','Office Visit','2017-6-29 11:00:00','Clinical Appointment',0,0,1,'1',
        '2017-6-29 11:00:00','0000-00-00',900,0,
        'a:6:{s:17:"event_repeat_freq";s:1:"0";s:22:"event_repeat_freq_type";s:1:"0";s:19:"event_repeat_on_num";s:1:"1";s:19:"event_repeat_on_day";s:1:"0";s:20:"event_repeat_on_freq";s:1:"0";s:6:"exdate";s:0:"";}',
        0,'11:00:00','11:15:00',0,
        'a:6:{s:14:"event_location";s:0:"";s:13:"event_street1";s:0:"";s:13:"event_street2";s:0:"";s:10:"event_city";s:0:"";s:11:"event_state";s:0:"";s:12:"event_postal";s:0:"";}',
        1,1,'-',0,1,1);
INSERT INTO `form_encounter` (`id`, `date`, `reason`, `facility`, `facility_id`, `pid`, `encounter`,
     `onset_date`, `sensitivity`, `billing_note`, `pc_catid`, `last_level_billed`, `last_level_closed`, `last_stmt_date`, `stmt_count`,
      `provider_id`, `supervisor_id`, `invoice_refno`, `referral_source`, `billing_facility`) VALUES
    ('451','2017-7-29 13:30:00', 'Test Encounter', 'Your Clinic Name Here', '3','80','451', '0000-00-00 00:00:00', 'normal', 'NULL','1', '0', '0','NULL', '0', '1', '0', '', '', '3');
INSERT INTO `forms` (`id`, `date`, `encounter`, `form_name`, `form_id`, `pid`, `user`, `groupname`, `authorized`, `deleted`, `formdir`) VALUES
    ('451','2017-7-29 13:30:00','451', 'Patient Encounter', '451', '80', 'admin', 'Default', '1', '0', 'patient_encounter');
INSERT INTO `libreehr_postcalendar_events` 
        (`pc_catid`,`pc_multiple`,`pc_aid`,`pc_pid`,`pc_title`,`pc_time`,`pc_hometext`,`pc_comments`,`pc_counter`,`pc_topic`,`pc_informant`,`pc_eventDate`,
        `pc_endDate`,`pc_duration`,`pc_recurrtype`,`pc_recurrspec`,`pc_recurrfreq`,`pc_startTime`,`pc_endTime`,`pc_alldayevent`,`pc_location`,`pc_eventstatus`,
        `pc_sharing`,`pc_apptstatus`,`pc_prefcatid`,`pc_facility`,`pc_billing_location`)VALUES
        ( 1,450,'1','80','Office Visit','2017-7-29 13:30:00','Clinical Appointment',0,0,1,'1',
        '2017-7-29 13:30:00','0000-00-00',900,0,
        'a:6:{s:17:"event_repeat_freq";s:1:"0";s:22:"event_repeat_freq_type";s:1:"0";s:19:"event_repeat_on_num";s:1:"1";s:19:"event_repeat_on_day";s:1:"0";s:20:"event_repeat_on_freq";s:1:"0";s:6:"exdate";s:0:"";}',
        0,'13:30:00','13:45:00',0,
        'a:6:{s:14:"event_location";s:0:"";s:13:"event_street1";s:0:"";s:13:"event_street2";s:0:"";s:10:"event_city";s:0:"";s:11:"event_state";s:0:"";s:12:"event_postal";s:0:"";}',
        1,1,'-',0,1,1);
INSERT INTO `form_encounter` (`id`, `date`, `reason`, `facility`, `facility_id`, `pid`, `encounter`,
     `onset_date`, `sensitivity`, `billing_note`, `pc_catid`, `last_level_billed`, `last_level_closed`, `last_stmt_date`, `stmt_count`,
      `provider_id`, `supervisor_id`, `invoice_refno`, `referral_source`, `billing_facility`) VALUES
    ('452','2017-8-28 15:15:00', 'Test Encounter', 'Your Clinic Name Here', '3','80','452', '0000-00-00 00:00:00', 'normal', 'NULL','3', '0', '0','NULL', '0', '1', '0', '', '', '3');
INSERT INTO `forms` (`id`, `date`, `encounter`, `form_name`, `form_id`, `pid`, `user`, `groupname`, `authorized`, `deleted`, `formdir`) VALUES
    ('452','2017-8-28 15:15:00','452', 'Patient Encounter', '452', '80', 'admin', 'Default', '1', '0', 'patient_encounter');
INSERT INTO `libreehr_postcalendar_events` 
        (`pc_catid`,`pc_multiple`,`pc_aid`,`pc_pid`,`pc_title`,`pc_time`,`pc_hometext`,`pc_comments`,`pc_counter`,`pc_topic`,`pc_informant`,`pc_eventDate`,
        `pc_endDate`,`pc_duration`,`pc_recurrtype`,`pc_recurrspec`,`pc_recurrfreq`,`pc_startTime`,`pc_endTime`,`pc_alldayevent`,`pc_location`,`pc_eventstatus`,
        `pc_sharing`,`pc_apptstatus`,`pc_prefcatid`,`pc_facility`,`pc_billing_location`)VALUES
        ( 1,451,'1','80','Office Visit','2017-8-28 15:15:00','Clinical Appointment',0,0,1,'1',
        '2017-8-28 15:15:00','0000-00-00',900,0,
        'a:6:{s:17:"event_repeat_freq";s:1:"0";s:22:"event_repeat_freq_type";s:1:"0";s:19:"event_repeat_on_num";s:1:"1";s:19:"event_repeat_on_day";s:1:"0";s:20:"event_repeat_on_freq";s:1:"0";s:6:"exdate";s:0:"";}',
        0,'15:15:00','15:30:00',0,
        'a:6:{s:14:"event_location";s:0:"";s:13:"event_street1";s:0:"";s:13:"event_street2";s:0:"";s:10:"event_city";s:0:"";s:11:"event_state";s:0:"";s:12:"event_postal";s:0:"";}',
        1,1,'-',0,1,1);
INSERT INTO `form_encounter` (`id`, `date`, `reason`, `facility`, `facility_id`, `pid`, `encounter`,
     `onset_date`, `sensitivity`, `billing_note`, `pc_catid`, `last_level_billed`, `last_level_closed`, `last_stmt_date`, `stmt_count`,
      `provider_id`, `supervisor_id`, `invoice_refno`, `referral_source`, `billing_facility`) VALUES
    ('453','2017-9-27 10:00:00', 'Test Encounter', 'Your Clinic Name Here', '3','80','453', '0000-00-00 00:00:00', 'normal', 'NULL','2', '0', '0','NULL', '0', '1', '0', '', '', '3');
INSERT INTO `forms` (`id`, `date`, `encounter`, `form_name`, `form_id`, `pid`, `user`, `groupname`, `authorized`, `deleted`, `formdir`) VALUES
    ('453','2017-9-27 10:00:00','453', 'Patient Encounter', '453', '80', 'admin', 'Default', '1', '0', 'patient_encounter');
INSERT INTO `libreehr_postcalendar_events` 
        (`pc_catid`,`pc_multiple`,`pc_aid`,`pc_pid`,`pc_title`,`pc_time`,`pc_hometext`,`pc_comments`,`pc_counter`,`pc_topic`,`pc_informant`,`pc_eventDate`,
        `pc_endDate`,`pc_duration`,`pc_recurrtype`,`pc_recurrspec`,`pc_recurrfreq`,`pc_startTime`,`pc_endTime`,`pc_alldayevent`,`pc_location`,`pc_eventstatus`,
        `pc_sharing`,`pc_apptstatus`,`pc_prefcatid`,`pc_facility`,`pc_billing_location`)VALUES
        ( 1,452,'1','80','Office Visit','2017-9-27 10:00:00','Clinical Appointment',0,0,1,'1',
        '2017-9-27 10:00:00','0000-00-00',900,0,
        'a:6:{s:17:"event_repeat_freq";s:1:"0";s:22:"event_repeat_freq_type";s:1:"0";s:19:"event_repeat_on_num";s:1:"1";s:19:"event_repeat_on_day";s:1:"0";s:20:"event_repeat_on_freq";s:1:"0";s:6:"exdate";s:0:"";}',
        0,'10:00:00','10:15:00',0,
        'a:6:{s:14:"event_location";s:0:"";s:13:"event_street1";s:0:"";s:13:"event_street2";s:0:"";s:10:"event_city";s:0:"";s:11:"event_state";s:0:"";s:12:"event_postal";s:0:"";}',
        1,1,'-',0,1,1);
INSERT INTO `patient_data` (`title`, `language`, `financial`, `fname`, `lname`, `mname`, `DOB`,`street`, `postal_code`, `city`, `state`,  `drivers_license`, `ss`,`occupation`, `phone_home`, `phone_biz`, `phone_contact`, `phone_cell`,`status`, `contact_relationship`, `date`, `sex`, `referrer`, `referrerID`,`providerID`, `email`, `ethnoracial`, `interpretter`, `migrantseasonal`,`family_size`, `monthly_income`, `homeless`, `financial_review`, `pubpid`,`pid`, `genericname1`, `genericval1`, `genericname2`, `genericval2`) VALUES
 ('Mrs.','English','','JESSIE','WAGNER','K.','1976-11-7','8321 SesameHwy','91004','Riverside','OR','674995017','313335065',' ','(225) 391-5498','(225) 391-5498','(225) 391-5498','(225) 391-5498','single','Friend','2003-11-17 12:06:00','Female','ALBERT HOLLAND','1','1','JESSIE@LibreEHR.org','White',' ',' ','8','3030',' ','000-00-00 00:00:00','81','81',' ',' ',' ',' ');
INSERT INTO `insurance_data` (`id`, `type`, `provider`, `plan_name`, `policy_number`,`group_number`, `subscriber_lname`, `subscriber_mname`, `subscriber_fname`, `subscriber_relationship`, `subscriber_ss`,`subscriber_DOB`, `subscriber_street`, `subscriber_postal_code`, `subscriber_city`, `subscriber_state`, `subscriber_country`,`subscriber_phone`, `subscriber_employer`, `subscriber_employer_street`, `subscriber_employer_postal_code`,`subscriber_employer_state`, `subscriber_employer_country`, `subscriber_employer_city`, `copay`, `date`, `pid`,`subscriber_sex`, `accept_assignment`) VALUES('238','primary','7519','Litigeous Heartless LTD','869818388','438957387','WAGNER','K.','JESSIE','self','313335065','1976-11-7','8321 SesameHwy','91004','Riverside','OR','Openemria','(225) 391-5498','OEMR.org','','','OR','Openemria','Riverside','','2011-10-10','81','Female','FALSE');
INSERT INTO `insurance_data` (`id`, `type`, `provider`, `plan_name`, `policy_number`,`group_number`, `subscriber_lname`, `subscriber_mname`, `subscriber_fname`, `subscriber_relationship`, `subscriber_ss`,`subscriber_DOB`, `subscriber_street`, `subscriber_postal_code`, `subscriber_city`, `subscriber_state`, `subscriber_country`,`subscriber_phone`, `subscriber_employer`, `subscriber_employer_street`, `subscriber_employer_postal_code`,`subscriber_employer_state`, `subscriber_employer_country`, `subscriber_employer_city`, `copay`, `date`, `pid`,`subscriber_sex`, `accept_assignment`) VALUES('239','secondary','2651','Puce Mutual HMO','700569908','994941198','WAGNER','K.','JESSIE','self','313335065','1976-11-7','8321 SesameHwy','91004','Riverside','OR','Openemria','(225) 391-5498','OEMR.org','','','OR','Openemria','Riverside','','2011-10-10','81','Female','FALSE');
INSERT INTO `insurance_data` (`id`, `type`, `provider`, `plan_name`, `policy_number`,`group_number`, `subscriber_lname`, `subscriber_mname`, `subscriber_fname`, `subscriber_relationship`, `subscriber_ss`,`subscriber_DOB`, `subscriber_street`, `subscriber_postal_code`, `subscriber_city`, `subscriber_state`, `subscriber_country`,`subscriber_phone`, `subscriber_employer`, `subscriber_employer_street`, `subscriber_employer_postal_code`,`subscriber_employer_state`, `subscriber_employer_country`, `subscriber_employer_city`, `copay`, `date`, `pid`,`subscriber_sex`, `accept_assignment`) VALUES('240','tertiary','6843','Pink Provider Very LTD.','507618253','789172018','WAGNER','K.','JESSIE','self','313335065','1976-11-7','8321 SesameHwy','91004','Riverside','OR','Openemria','(225) 391-5498','OEMR.org','','','OR','Openemria','Riverside','','2011-10-10','81','Female','TRUE');
INSERT INTO `form_encounter` (`id`, `date`, `reason`, `facility`, `facility_id`, `pid`, `encounter`,
     `onset_date`, `sensitivity`, `billing_note`, `pc_catid`, `last_level_billed`, `last_level_closed`, `last_stmt_date`, `stmt_count`,
      `provider_id`, `supervisor_id`, `invoice_refno`, `referral_source`, `billing_facility`) VALUES
    ('454','2017-4-30 16:30:00', 'Test Encounter', 'Your Clinic Name Here', '3','81','454', '0000-00-00 00:00:00', 'normal', 'NULL','4', '0', '0','NULL', '0', '1', '0', '', '', '3');
INSERT INTO `forms` (`id`, `date`, `encounter`, `form_name`, `form_id`, `pid`, `user`, `groupname`, `authorized`, `deleted`, `formdir`) VALUES
    ('454','2017-4-30 16:30:00','454', 'Patient Encounter', '454', '81', 'admin', 'Default', '1', '0', 'patient_encounter');
INSERT INTO `libreehr_postcalendar_events` 
        (`pc_catid`,`pc_multiple`,`pc_aid`,`pc_pid`,`pc_title`,`pc_time`,`pc_hometext`,`pc_comments`,`pc_counter`,`pc_topic`,`pc_informant`,`pc_eventDate`,
        `pc_endDate`,`pc_duration`,`pc_recurrtype`,`pc_recurrspec`,`pc_recurrfreq`,`pc_startTime`,`pc_endTime`,`pc_alldayevent`,`pc_location`,`pc_eventstatus`,
        `pc_sharing`,`pc_apptstatus`,`pc_prefcatid`,`pc_facility`,`pc_billing_location`)VALUES
        ( 1,453,'1','81','Office Visit','2017-4-30 16:30:00','Clinical Appointment',0,0,1,'1',
        '2017-4-30 16:30:00','0000-00-00',900,0,
        'a:6:{s:17:"event_repeat_freq";s:1:"0";s:22:"event_repeat_freq_type";s:1:"0";s:19:"event_repeat_on_num";s:1:"1";s:19:"event_repeat_on_day";s:1:"0";s:20:"event_repeat_on_freq";s:1:"0";s:6:"exdate";s:0:"";}',
        0,'16:30:00','16:45:00',0,
        'a:6:{s:14:"event_location";s:0:"";s:13:"event_street1";s:0:"";s:13:"event_street2";s:0:"";s:10:"event_city";s:0:"";s:11:"event_state";s:0:"";s:12:"event_postal";s:0:"";}',
        1,1,'-',0,1,1);
INSERT INTO `form_encounter` (`id`, `date`, `reason`, `facility`, `facility_id`, `pid`, `encounter`,
     `onset_date`, `sensitivity`, `billing_note`, `pc_catid`, `last_level_billed`, `last_level_closed`, `last_stmt_date`, `stmt_count`,
      `provider_id`, `supervisor_id`, `invoice_refno`, `referral_source`, `billing_facility`) VALUES
    ('455','2017-5-30 15:15:00', 'Test Encounter', 'Your Clinic Name Here', '3','81','455', '0000-00-00 00:00:00', 'normal', 'NULL','5', '0', '0','NULL', '0', '1', '0', '', '', '3');
INSERT INTO `forms` (`id`, `date`, `encounter`, `form_name`, `form_id`, `pid`, `user`, `groupname`, `authorized`, `deleted`, `formdir`) VALUES
    ('455','2017-5-30 15:15:00','455', 'Patient Encounter', '455', '81', 'admin', 'Default', '1', '0', 'patient_encounter');
INSERT INTO `libreehr_postcalendar_events` 
        (`pc_catid`,`pc_multiple`,`pc_aid`,`pc_pid`,`pc_title`,`pc_time`,`pc_hometext`,`pc_comments`,`pc_counter`,`pc_topic`,`pc_informant`,`pc_eventDate`,
        `pc_endDate`,`pc_duration`,`pc_recurrtype`,`pc_recurrspec`,`pc_recurrfreq`,`pc_startTime`,`pc_endTime`,`pc_alldayevent`,`pc_location`,`pc_eventstatus`,
        `pc_sharing`,`pc_apptstatus`,`pc_prefcatid`,`pc_facility`,`pc_billing_location`)VALUES
        ( 1,454,'1','81','Office Visit','2017-5-30 15:15:00','Clinical Appointment',0,0,1,'1',
        '2017-5-30 15:15:00','0000-00-00',900,0,
        'a:6:{s:17:"event_repeat_freq";s:1:"0";s:22:"event_repeat_freq_type";s:1:"0";s:19:"event_repeat_on_num";s:1:"1";s:19:"event_repeat_on_day";s:1:"0";s:20:"event_repeat_on_freq";s:1:"0";s:6:"exdate";s:0:"";}',
        0,'15:15:00','15:30:00',0,
        'a:6:{s:14:"event_location";s:0:"";s:13:"event_street1";s:0:"";s:13:"event_street2";s:0:"";s:10:"event_city";s:0:"";s:11:"event_state";s:0:"";s:12:"event_postal";s:0:"";}',
        1,1,'-',0,1,1);
INSERT INTO `form_encounter` (`id`, `date`, `reason`, `facility`, `facility_id`, `pid`, `encounter`,
     `onset_date`, `sensitivity`, `billing_note`, `pc_catid`, `last_level_billed`, `last_level_closed`, `last_stmt_date`, `stmt_count`,
      `provider_id`, `supervisor_id`, `invoice_refno`, `referral_source`, `billing_facility`) VALUES
    ('456','2017-6-29 17:00:00', 'Test Encounter', 'Your Clinic Name Here', '3','81','456', '0000-00-00 00:00:00', 'normal', 'NULL','5', '0', '0','NULL', '0', '1', '0', '', '', '3');
INSERT INTO `forms` (`id`, `date`, `encounter`, `form_name`, `form_id`, `pid`, `user`, `groupname`, `authorized`, `deleted`, `formdir`) VALUES
    ('456','2017-6-29 17:00:00','456', 'Patient Encounter', '456', '81', 'admin', 'Default', '1', '0', 'patient_encounter');
INSERT INTO `libreehr_postcalendar_events` 
        (`pc_catid`,`pc_multiple`,`pc_aid`,`pc_pid`,`pc_title`,`pc_time`,`pc_hometext`,`pc_comments`,`pc_counter`,`pc_topic`,`pc_informant`,`pc_eventDate`,
        `pc_endDate`,`pc_duration`,`pc_recurrtype`,`pc_recurrspec`,`pc_recurrfreq`,`pc_startTime`,`pc_endTime`,`pc_alldayevent`,`pc_location`,`pc_eventstatus`,
        `pc_sharing`,`pc_apptstatus`,`pc_prefcatid`,`pc_facility`,`pc_billing_location`)VALUES
        ( 1,455,'1','81','Office Visit','2017-6-29 17:00:00','Clinical Appointment',0,0,1,'1',
        '2017-6-29 17:00:00','0000-00-00',900,0,
        'a:6:{s:17:"event_repeat_freq";s:1:"0";s:22:"event_repeat_freq_type";s:1:"0";s:19:"event_repeat_on_num";s:1:"1";s:19:"event_repeat_on_day";s:1:"0";s:20:"event_repeat_on_freq";s:1:"0";s:6:"exdate";s:0:"";}',
        0,'17:00:00','17:15:00',0,
        'a:6:{s:14:"event_location";s:0:"";s:13:"event_street1";s:0:"";s:13:"event_street2";s:0:"";s:10:"event_city";s:0:"";s:11:"event_state";s:0:"";s:12:"event_postal";s:0:"";}',
        1,1,'-',0,1,1);
INSERT INTO `form_encounter` (`id`, `date`, `reason`, `facility`, `facility_id`, `pid`, `encounter`,
     `onset_date`, `sensitivity`, `billing_note`, `pc_catid`, `last_level_billed`, `last_level_closed`, `last_stmt_date`, `stmt_count`,
      `provider_id`, `supervisor_id`, `invoice_refno`, `referral_source`, `billing_facility`) VALUES
    ('457','2017-7-29 17:30:00', 'Test Encounter', 'Your Clinic Name Here', '3','81','457', '0000-00-00 00:00:00', 'normal', 'NULL','3', '0', '0','NULL', '0', '1', '0', '', '', '3');
INSERT INTO `forms` (`id`, `date`, `encounter`, `form_name`, `form_id`, `pid`, `user`, `groupname`, `authorized`, `deleted`, `formdir`) VALUES
    ('457','2017-7-29 17:30:00','457', 'Patient Encounter', '457', '81', 'admin', 'Default', '1', '0', 'patient_encounter');
INSERT INTO `libreehr_postcalendar_events` 
        (`pc_catid`,`pc_multiple`,`pc_aid`,`pc_pid`,`pc_title`,`pc_time`,`pc_hometext`,`pc_comments`,`pc_counter`,`pc_topic`,`pc_informant`,`pc_eventDate`,
        `pc_endDate`,`pc_duration`,`pc_recurrtype`,`pc_recurrspec`,`pc_recurrfreq`,`pc_startTime`,`pc_endTime`,`pc_alldayevent`,`pc_location`,`pc_eventstatus`,
        `pc_sharing`,`pc_apptstatus`,`pc_prefcatid`,`pc_facility`,`pc_billing_location`)VALUES
        ( 1,456,'1','81','Office Visit','2017-7-29 17:30:00','Clinical Appointment',0,0,1,'1',
        '2017-7-29 17:30:00','0000-00-00',900,0,
        'a:6:{s:17:"event_repeat_freq";s:1:"0";s:22:"event_repeat_freq_type";s:1:"0";s:19:"event_repeat_on_num";s:1:"1";s:19:"event_repeat_on_day";s:1:"0";s:20:"event_repeat_on_freq";s:1:"0";s:6:"exdate";s:0:"";}',
        0,'17:30:00','17:45:00',0,
        'a:6:{s:14:"event_location";s:0:"";s:13:"event_street1";s:0:"";s:13:"event_street2";s:0:"";s:10:"event_city";s:0:"";s:11:"event_state";s:0:"";s:12:"event_postal";s:0:"";}',
        1,1,'-',0,1,1);
INSERT INTO `form_encounter` (`id`, `date`, `reason`, `facility`, `facility_id`, `pid`, `encounter`,
     `onset_date`, `sensitivity`, `billing_note`, `pc_catid`, `last_level_billed`, `last_level_closed`, `last_stmt_date`, `stmt_count`,
      `provider_id`, `supervisor_id`, `invoice_refno`, `referral_source`, `billing_facility`) VALUES
    ('458','2017-8-28 14:30:00', 'Test Encounter', 'Your Clinic Name Here', '3','81','458', '0000-00-00 00:00:00', 'normal', 'NULL','10', '0', '0','NULL', '0', '1', '0', '', '', '3');
INSERT INTO `forms` (`id`, `date`, `encounter`, `form_name`, `form_id`, `pid`, `user`, `groupname`, `authorized`, `deleted`, `formdir`) VALUES
    ('458','2017-8-28 14:30:00','458', 'Patient Encounter', '458', '81', 'admin', 'Default', '1', '0', 'patient_encounter');
INSERT INTO `libreehr_postcalendar_events` 
        (`pc_catid`,`pc_multiple`,`pc_aid`,`pc_pid`,`pc_title`,`pc_time`,`pc_hometext`,`pc_comments`,`pc_counter`,`pc_topic`,`pc_informant`,`pc_eventDate`,
        `pc_endDate`,`pc_duration`,`pc_recurrtype`,`pc_recurrspec`,`pc_recurrfreq`,`pc_startTime`,`pc_endTime`,`pc_alldayevent`,`pc_location`,`pc_eventstatus`,
        `pc_sharing`,`pc_apptstatus`,`pc_prefcatid`,`pc_facility`,`pc_billing_location`)VALUES
        ( 1,457,'1','81','Office Visit','2017-8-28 14:30:00','Clinical Appointment',0,0,1,'1',
        '2017-8-28 14:30:00','0000-00-00',900,0,
        'a:6:{s:17:"event_repeat_freq";s:1:"0";s:22:"event_repeat_freq_type";s:1:"0";s:19:"event_repeat_on_num";s:1:"1";s:19:"event_repeat_on_day";s:1:"0";s:20:"event_repeat_on_freq";s:1:"0";s:6:"exdate";s:0:"";}',
        0,'14:30:00','14:45:00',0,
        'a:6:{s:14:"event_location";s:0:"";s:13:"event_street1";s:0:"";s:13:"event_street2";s:0:"";s:10:"event_city";s:0:"";s:11:"event_state";s:0:"";s:12:"event_postal";s:0:"";}',
        1,1,'-',0,1,1);
INSERT INTO `form_encounter` (`id`, `date`, `reason`, `facility`, `facility_id`, `pid`, `encounter`,
     `onset_date`, `sensitivity`, `billing_note`, `pc_catid`, `last_level_billed`, `last_level_closed`, `last_stmt_date`, `stmt_count`,
      `provider_id`, `supervisor_id`, `invoice_refno`, `referral_source`, `billing_facility`) VALUES
    ('459','2017-9-27 16:15:00', 'Test Encounter', 'Your Clinic Name Here', '3','81','459', '0000-00-00 00:00:00', 'normal', 'NULL','10', '0', '0','NULL', '0', '1', '0', '', '', '3');
INSERT INTO `forms` (`id`, `date`, `encounter`, `form_name`, `form_id`, `pid`, `user`, `groupname`, `authorized`, `deleted`, `formdir`) VALUES
    ('459','2017-9-27 16:15:00','459', 'Patient Encounter', '459', '81', 'admin', 'Default', '1', '0', 'patient_encounter');
INSERT INTO `libreehr_postcalendar_events` 
        (`pc_catid`,`pc_multiple`,`pc_aid`,`pc_pid`,`pc_title`,`pc_time`,`pc_hometext`,`pc_comments`,`pc_counter`,`pc_topic`,`pc_informant`,`pc_eventDate`,
        `pc_endDate`,`pc_duration`,`pc_recurrtype`,`pc_recurrspec`,`pc_recurrfreq`,`pc_startTime`,`pc_endTime`,`pc_alldayevent`,`pc_location`,`pc_eventstatus`,
        `pc_sharing`,`pc_apptstatus`,`pc_prefcatid`,`pc_facility`,`pc_billing_location`)VALUES
        ( 1,458,'1','81','Office Visit','2017-9-27 16:15:00','Clinical Appointment',0,0,1,'1',
        '2017-9-27 16:15:00','0000-00-00',900,0,
        'a:6:{s:17:"event_repeat_freq";s:1:"0";s:22:"event_repeat_freq_type";s:1:"0";s:19:"event_repeat_on_num";s:1:"1";s:19:"event_repeat_on_day";s:1:"0";s:20:"event_repeat_on_freq";s:1:"0";s:6:"exdate";s:0:"";}',
        0,'16:15:00','16:30:00',0,
        'a:6:{s:14:"event_location";s:0:"";s:13:"event_street1";s:0:"";s:13:"event_street2";s:0:"";s:10:"event_city";s:0:"";s:11:"event_state";s:0:"";s:12:"event_postal";s:0:"";}',
        1,1,'-',0,1,1);
INSERT INTO `patient_data` (`title`, `language`, `financial`, `fname`, `lname`, `mname`, `DOB`,`street`, `postal_code`, `city`, `state`,  `drivers_license`, `ss`,`occupation`, `phone_home`, `phone_biz`, `phone_contact`, `phone_cell`,`status`, `contact_relationship`, `date`, `sex`, `referrer`, `referrerID`,`providerID`, `email`, `ethnoracial`, `interpretter`, `migrantseasonal`,`family_size`, `monthly_income`, `homeless`, `financial_review`, `pubpid`,`pid`, `genericname1`, `genericval1`, `genericname2`, `genericval2`) VALUES
 ('Ms.','English','','GINA','MURPHY','A.','1948-3-17','2738 PecanWay','27807','Jackson','HI','544996164','153218499',' ','(821) 91-3292','(821) 91-3292','(821) 91-3292','(821) 91-3292','married','Friend','2003-11-17 12:06:00','Female','DARRYL WELLS','1','1','GINA@LibreEHR.org','Yankee',' ',' ','6','6583',' ','000-00-00 00:00:00','82','82',' ',' ',' ',' ');
INSERT INTO `insurance_data` (`id`, `type`, `provider`, `plan_name`, `policy_number`,`group_number`, `subscriber_lname`, `subscriber_mname`, `subscriber_fname`, `subscriber_relationship`, `subscriber_ss`,`subscriber_DOB`, `subscriber_street`, `subscriber_postal_code`, `subscriber_city`, `subscriber_state`, `subscriber_country`,`subscriber_phone`, `subscriber_employer`, `subscriber_employer_street`, `subscriber_employer_postal_code`,`subscriber_employer_state`, `subscriber_employer_country`, `subscriber_employer_city`, `copay`, `date`, `pid`,`subscriber_sex`, `accept_assignment`) VALUES('241','primary','3362','Incompetent Provider Company','223197736','402549456','MURPHY','A.','GINA','self','153218499','1948-3-17','2738 PecanWay','27807','Jackson','HI','Openemria','(821) 91-3292','OEMR.org','','','HI','Openemria','Jackson','','2011-10-10','82','Female','TRUE');
INSERT INTO `insurance_data` (`id`, `type`, `provider`, `plan_name`, `policy_number`,`group_number`, `subscriber_lname`, `subscriber_mname`, `subscriber_fname`, `subscriber_relationship`, `subscriber_ss`,`subscriber_DOB`, `subscriber_street`, `subscriber_postal_code`, `subscriber_city`, `subscriber_state`, `subscriber_country`,`subscriber_phone`, `subscriber_employer`, `subscriber_employer_street`, `subscriber_employer_postal_code`,`subscriber_employer_state`, `subscriber_employer_country`, `subscriber_employer_city`, `copay`, `date`, `pid`,`subscriber_sex`, `accept_assignment`) VALUES('242','secondary','0','0','552872402','482041511','MURPHY','A.','GINA','self','153218499','1948-3-17','2738 PecanWay','27807','Jackson','HI','Openemria','(821) 91-3292','OEMR.org','','','HI','Openemria','Jackson','','2011-10-10','82','Female','FALSE');
INSERT INTO `insurance_data` (`id`, `type`, `provider`, `plan_name`, `policy_number`,`group_number`, `subscriber_lname`, `subscriber_mname`, `subscriber_fname`, `subscriber_relationship`, `subscriber_ss`,`subscriber_DOB`, `subscriber_street`, `subscriber_postal_code`, `subscriber_city`, `subscriber_state`, `subscriber_country`,`subscriber_phone`, `subscriber_employer`, `subscriber_employer_street`, `subscriber_employer_postal_code`,`subscriber_employer_state`, `subscriber_employer_country`, `subscriber_employer_city`, `copay`, `date`, `pid`,`subscriber_sex`, `accept_assignment`) VALUES('243','tertiary','3362','Incompetent Provider Company','931315182','940121647','MURPHY','A.','GINA','self','153218499','1948-3-17','2738 PecanWay','27807','Jackson','HI','Openemria','(821) 91-3292','OEMR.org','','','HI','Openemria','Jackson','','2011-10-10','82','Female','TRUE');
INSERT INTO `form_encounter` (`id`, `date`, `reason`, `facility`, `facility_id`, `pid`, `encounter`,
     `onset_date`, `sensitivity`, `billing_note`, `pc_catid`, `last_level_billed`, `last_level_closed`, `last_stmt_date`, `stmt_count`,
      `provider_id`, `supervisor_id`, `invoice_refno`, `referral_source`, `billing_facility`) VALUES
    ('460','2017-1-30 13:00:00', 'Test Encounter', 'Your Clinic Name Here', '3','82','460', '0000-00-00 00:00:00', 'normal', 'NULL','4', '0', '0','NULL', '0', '1', '0', '', '', '3');
INSERT INTO `forms` (`id`, `date`, `encounter`, `form_name`, `form_id`, `pid`, `user`, `groupname`, `authorized`, `deleted`, `formdir`) VALUES
    ('460','2017-1-30 13:00:00','460', 'Patient Encounter', '460', '82', 'admin', 'Default', '1', '0', 'patient_encounter');
INSERT INTO `libreehr_postcalendar_events` 
        (`pc_catid`,`pc_multiple`,`pc_aid`,`pc_pid`,`pc_title`,`pc_time`,`pc_hometext`,`pc_comments`,`pc_counter`,`pc_topic`,`pc_informant`,`pc_eventDate`,
        `pc_endDate`,`pc_duration`,`pc_recurrtype`,`pc_recurrspec`,`pc_recurrfreq`,`pc_startTime`,`pc_endTime`,`pc_alldayevent`,`pc_location`,`pc_eventstatus`,
        `pc_sharing`,`pc_apptstatus`,`pc_prefcatid`,`pc_facility`,`pc_billing_location`)VALUES
        ( 1,459,'1','82','Office Visit','2017-1-30 13:00:00','Clinical Appointment',0,0,1,'1',
        '2017-1-30 13:00:00','0000-00-00',900,0,
        'a:6:{s:17:"event_repeat_freq";s:1:"0";s:22:"event_repeat_freq_type";s:1:"0";s:19:"event_repeat_on_num";s:1:"1";s:19:"event_repeat_on_day";s:1:"0";s:20:"event_repeat_on_freq";s:1:"0";s:6:"exdate";s:0:"";}',
        0,'13:00:00','13:15:00',0,
        'a:6:{s:14:"event_location";s:0:"";s:13:"event_street1";s:0:"";s:13:"event_street2";s:0:"";s:10:"event_city";s:0:"";s:11:"event_state";s:0:"";s:12:"event_postal";s:0:"";}',
        1,1,'-',0,1,1);
INSERT INTO `form_encounter` (`id`, `date`, `reason`, `facility`, `facility_id`, `pid`, `encounter`,
     `onset_date`, `sensitivity`, `billing_note`, `pc_catid`, `last_level_billed`, `last_level_closed`, `last_stmt_date`, `stmt_count`,
      `provider_id`, `supervisor_id`, `invoice_refno`, `referral_source`, `billing_facility`) VALUES
    ('461','2017-3-1 17:30:00', 'Test Encounter', 'Your Clinic Name Here', '3','82','461', '0000-00-00 00:00:00', 'normal', 'NULL','10', '0', '0','NULL', '0', '1', '0', '', '', '3');
INSERT INTO `forms` (`id`, `date`, `encounter`, `form_name`, `form_id`, `pid`, `user`, `groupname`, `authorized`, `deleted`, `formdir`) VALUES
    ('461','2017-3-1 17:30:00','461', 'Patient Encounter', '461', '82', 'admin', 'Default', '1', '0', 'patient_encounter');
INSERT INTO `libreehr_postcalendar_events` 
        (`pc_catid`,`pc_multiple`,`pc_aid`,`pc_pid`,`pc_title`,`pc_time`,`pc_hometext`,`pc_comments`,`pc_counter`,`pc_topic`,`pc_informant`,`pc_eventDate`,
        `pc_endDate`,`pc_duration`,`pc_recurrtype`,`pc_recurrspec`,`pc_recurrfreq`,`pc_startTime`,`pc_endTime`,`pc_alldayevent`,`pc_location`,`pc_eventstatus`,
        `pc_sharing`,`pc_apptstatus`,`pc_prefcatid`,`pc_facility`,`pc_billing_location`)VALUES
        ( 1,460,'1','82','Office Visit','2017-3-1 17:30:00','Clinical Appointment',0,0,1,'1',
        '2017-3-1 17:30:00','0000-00-00',900,0,
        'a:6:{s:17:"event_repeat_freq";s:1:"0";s:22:"event_repeat_freq_type";s:1:"0";s:19:"event_repeat_on_num";s:1:"1";s:19:"event_repeat_on_day";s:1:"0";s:20:"event_repeat_on_freq";s:1:"0";s:6:"exdate";s:0:"";}',
        0,'17:30:00','17:45:00',0,
        'a:6:{s:14:"event_location";s:0:"";s:13:"event_street1";s:0:"";s:13:"event_street2";s:0:"";s:10:"event_city";s:0:"";s:11:"event_state";s:0:"";s:12:"event_postal";s:0:"";}',
        1,1,'-',0,1,1);
INSERT INTO `form_encounter` (`id`, `date`, `reason`, `facility`, `facility_id`, `pid`, `encounter`,
     `onset_date`, `sensitivity`, `billing_note`, `pc_catid`, `last_level_billed`, `last_level_closed`, `last_stmt_date`, `stmt_count`,
      `provider_id`, `supervisor_id`, `invoice_refno`, `referral_source`, `billing_facility`) VALUES
    ('462','2017-3-31 17:30:00', 'Test Encounter', 'Your Clinic Name Here', '3','82','462', '0000-00-00 00:00:00', 'normal', 'NULL','4', '0', '0','NULL', '0', '1', '0', '', '', '3');
INSERT INTO `forms` (`id`, `date`, `encounter`, `form_name`, `form_id`, `pid`, `user`, `groupname`, `authorized`, `deleted`, `formdir`) VALUES
    ('462','2017-3-31 17:30:00','462', 'Patient Encounter', '462', '82', 'admin', 'Default', '1', '0', 'patient_encounter');
INSERT INTO `libreehr_postcalendar_events` 
        (`pc_catid`,`pc_multiple`,`pc_aid`,`pc_pid`,`pc_title`,`pc_time`,`pc_hometext`,`pc_comments`,`pc_counter`,`pc_topic`,`pc_informant`,`pc_eventDate`,
        `pc_endDate`,`pc_duration`,`pc_recurrtype`,`pc_recurrspec`,`pc_recurrfreq`,`pc_startTime`,`pc_endTime`,`pc_alldayevent`,`pc_location`,`pc_eventstatus`,
        `pc_sharing`,`pc_apptstatus`,`pc_prefcatid`,`pc_facility`,`pc_billing_location`)VALUES
        ( 1,461,'1','82','Office Visit','2017-3-31 17:30:00','Clinical Appointment',0,0,1,'1',
        '2017-3-31 17:30:00','0000-00-00',900,0,
        'a:6:{s:17:"event_repeat_freq";s:1:"0";s:22:"event_repeat_freq_type";s:1:"0";s:19:"event_repeat_on_num";s:1:"1";s:19:"event_repeat_on_day";s:1:"0";s:20:"event_repeat_on_freq";s:1:"0";s:6:"exdate";s:0:"";}',
        0,'17:30:00','17:45:00',0,
        'a:6:{s:14:"event_location";s:0:"";s:13:"event_street1";s:0:"";s:13:"event_street2";s:0:"";s:10:"event_city";s:0:"";s:11:"event_state";s:0:"";s:12:"event_postal";s:0:"";}',
        1,1,'-',0,1,1);
INSERT INTO `form_encounter` (`id`, `date`, `reason`, `facility`, `facility_id`, `pid`, `encounter`,
     `onset_date`, `sensitivity`, `billing_note`, `pc_catid`, `last_level_billed`, `last_level_closed`, `last_stmt_date`, `stmt_count`,
      `provider_id`, `supervisor_id`, `invoice_refno`, `referral_source`, `billing_facility`) VALUES
    ('463','2017-4-30 12:00:00', 'Test Encounter', 'Your Clinic Name Here', '3','82','463', '0000-00-00 00:00:00', 'normal', 'NULL','2', '0', '0','NULL', '0', '1', '0', '', '', '3');
INSERT INTO `forms` (`id`, `date`, `encounter`, `form_name`, `form_id`, `pid`, `user`, `groupname`, `authorized`, `deleted`, `formdir`) VALUES
    ('463','2017-4-30 12:00:00','463', 'Patient Encounter', '463', '82', 'admin', 'Default', '1', '0', 'patient_encounter');
INSERT INTO `libreehr_postcalendar_events` 
        (`pc_catid`,`pc_multiple`,`pc_aid`,`pc_pid`,`pc_title`,`pc_time`,`pc_hometext`,`pc_comments`,`pc_counter`,`pc_topic`,`pc_informant`,`pc_eventDate`,
        `pc_endDate`,`pc_duration`,`pc_recurrtype`,`pc_recurrspec`,`pc_recurrfreq`,`pc_startTime`,`pc_endTime`,`pc_alldayevent`,`pc_location`,`pc_eventstatus`,
        `pc_sharing`,`pc_apptstatus`,`pc_prefcatid`,`pc_facility`,`pc_billing_location`)VALUES
        ( 1,462,'1','82','Office Visit','2017-4-30 12:00:00','Clinical Appointment',0,0,1,'1',
        '2017-4-30 12:00:00','0000-00-00',900,0,
        'a:6:{s:17:"event_repeat_freq";s:1:"0";s:22:"event_repeat_freq_type";s:1:"0";s:19:"event_repeat_on_num";s:1:"1";s:19:"event_repeat_on_day";s:1:"0";s:20:"event_repeat_on_freq";s:1:"0";s:6:"exdate";s:0:"";}',
        0,'12:00:00','12:15:00',0,
        'a:6:{s:14:"event_location";s:0:"";s:13:"event_street1";s:0:"";s:13:"event_street2";s:0:"";s:10:"event_city";s:0:"";s:11:"event_state";s:0:"";s:12:"event_postal";s:0:"";}',
        1,1,'-',0,1,1);
INSERT INTO `form_encounter` (`id`, `date`, `reason`, `facility`, `facility_id`, `pid`, `encounter`,
     `onset_date`, `sensitivity`, `billing_note`, `pc_catid`, `last_level_billed`, `last_level_closed`, `last_stmt_date`, `stmt_count`,
      `provider_id`, `supervisor_id`, `invoice_refno`, `referral_source`, `billing_facility`) VALUES
    ('464','2017-5-30 10:00:00', 'Test Encounter', 'Your Clinic Name Here', '3','82','464', '0000-00-00 00:00:00', 'normal', 'NULL','2', '0', '0','NULL', '0', '1', '0', '', '', '3');
INSERT INTO `forms` (`id`, `date`, `encounter`, `form_name`, `form_id`, `pid`, `user`, `groupname`, `authorized`, `deleted`, `formdir`) VALUES
    ('464','2017-5-30 10:00:00','464', 'Patient Encounter', '464', '82', 'admin', 'Default', '1', '0', 'patient_encounter');
INSERT INTO `libreehr_postcalendar_events` 
        (`pc_catid`,`pc_multiple`,`pc_aid`,`pc_pid`,`pc_title`,`pc_time`,`pc_hometext`,`pc_comments`,`pc_counter`,`pc_topic`,`pc_informant`,`pc_eventDate`,
        `pc_endDate`,`pc_duration`,`pc_recurrtype`,`pc_recurrspec`,`pc_recurrfreq`,`pc_startTime`,`pc_endTime`,`pc_alldayevent`,`pc_location`,`pc_eventstatus`,
        `pc_sharing`,`pc_apptstatus`,`pc_prefcatid`,`pc_facility`,`pc_billing_location`)VALUES
        ( 1,463,'1','82','Office Visit','2017-5-30 10:00:00','Clinical Appointment',0,0,1,'1',
        '2017-5-30 10:00:00','0000-00-00',900,0,
        'a:6:{s:17:"event_repeat_freq";s:1:"0";s:22:"event_repeat_freq_type";s:1:"0";s:19:"event_repeat_on_num";s:1:"1";s:19:"event_repeat_on_day";s:1:"0";s:20:"event_repeat_on_freq";s:1:"0";s:6:"exdate";s:0:"";}',
        0,'10:00:00','10:15:00',0,
        'a:6:{s:14:"event_location";s:0:"";s:13:"event_street1";s:0:"";s:13:"event_street2";s:0:"";s:10:"event_city";s:0:"";s:11:"event_state";s:0:"";s:12:"event_postal";s:0:"";}',
        1,1,'-',0,1,1);
INSERT INTO `form_encounter` (`id`, `date`, `reason`, `facility`, `facility_id`, `pid`, `encounter`,
     `onset_date`, `sensitivity`, `billing_note`, `pc_catid`, `last_level_billed`, `last_level_closed`, `last_stmt_date`, `stmt_count`,
      `provider_id`, `supervisor_id`, `invoice_refno`, `referral_source`, `billing_facility`) VALUES
    ('465','2017-6-29 16:30:00', 'Test Encounter', 'Your Clinic Name Here', '3','82','465', '0000-00-00 00:00:00', 'normal', 'NULL','3', '0', '0','NULL', '0', '1', '0', '', '', '3');
INSERT INTO `forms` (`id`, `date`, `encounter`, `form_name`, `form_id`, `pid`, `user`, `groupname`, `authorized`, `deleted`, `formdir`) VALUES
    ('465','2017-6-29 16:30:00','465', 'Patient Encounter', '465', '82', 'admin', 'Default', '1', '0', 'patient_encounter');
INSERT INTO `libreehr_postcalendar_events` 
        (`pc_catid`,`pc_multiple`,`pc_aid`,`pc_pid`,`pc_title`,`pc_time`,`pc_hometext`,`pc_comments`,`pc_counter`,`pc_topic`,`pc_informant`,`pc_eventDate`,
        `pc_endDate`,`pc_duration`,`pc_recurrtype`,`pc_recurrspec`,`pc_recurrfreq`,`pc_startTime`,`pc_endTime`,`pc_alldayevent`,`pc_location`,`pc_eventstatus`,
        `pc_sharing`,`pc_apptstatus`,`pc_prefcatid`,`pc_facility`,`pc_billing_location`)VALUES
        ( 1,464,'1','82','Office Visit','2017-6-29 16:30:00','Clinical Appointment',0,0,1,'1',
        '2017-6-29 16:30:00','0000-00-00',900,0,
        'a:6:{s:17:"event_repeat_freq";s:1:"0";s:22:"event_repeat_freq_type";s:1:"0";s:19:"event_repeat_on_num";s:1:"1";s:19:"event_repeat_on_day";s:1:"0";s:20:"event_repeat_on_freq";s:1:"0";s:6:"exdate";s:0:"";}',
        0,'16:30:00','16:45:00',0,
        'a:6:{s:14:"event_location";s:0:"";s:13:"event_street1";s:0:"";s:13:"event_street2";s:0:"";s:10:"event_city";s:0:"";s:11:"event_state";s:0:"";s:12:"event_postal";s:0:"";}',
        1,1,'-',0,1,1);
INSERT INTO `form_encounter` (`id`, `date`, `reason`, `facility`, `facility_id`, `pid`, `encounter`,
     `onset_date`, `sensitivity`, `billing_note`, `pc_catid`, `last_level_billed`, `last_level_closed`, `last_stmt_date`, `stmt_count`,
      `provider_id`, `supervisor_id`, `invoice_refno`, `referral_source`, `billing_facility`) VALUES
    ('466','2017-7-29 11:00:00', 'Test Encounter', 'Your Clinic Name Here', '3','82','466', '0000-00-00 00:00:00', 'normal', 'NULL','3', '0', '0','NULL', '0', '1', '0', '', '', '3');
INSERT INTO `forms` (`id`, `date`, `encounter`, `form_name`, `form_id`, `pid`, `user`, `groupname`, `authorized`, `deleted`, `formdir`) VALUES
    ('466','2017-7-29 11:00:00','466', 'Patient Encounter', '466', '82', 'admin', 'Default', '1', '0', 'patient_encounter');
INSERT INTO `libreehr_postcalendar_events` 
        (`pc_catid`,`pc_multiple`,`pc_aid`,`pc_pid`,`pc_title`,`pc_time`,`pc_hometext`,`pc_comments`,`pc_counter`,`pc_topic`,`pc_informant`,`pc_eventDate`,
        `pc_endDate`,`pc_duration`,`pc_recurrtype`,`pc_recurrspec`,`pc_recurrfreq`,`pc_startTime`,`pc_endTime`,`pc_alldayevent`,`pc_location`,`pc_eventstatus`,
        `pc_sharing`,`pc_apptstatus`,`pc_prefcatid`,`pc_facility`,`pc_billing_location`)VALUES
        ( 1,465,'1','82','Office Visit','2017-7-29 11:00:00','Clinical Appointment',0,0,1,'1',
        '2017-7-29 11:00:00','0000-00-00',900,0,
        'a:6:{s:17:"event_repeat_freq";s:1:"0";s:22:"event_repeat_freq_type";s:1:"0";s:19:"event_repeat_on_num";s:1:"1";s:19:"event_repeat_on_day";s:1:"0";s:20:"event_repeat_on_freq";s:1:"0";s:6:"exdate";s:0:"";}',
        0,'11:00:00','11:15:00',0,
        'a:6:{s:14:"event_location";s:0:"";s:13:"event_street1";s:0:"";s:13:"event_street2";s:0:"";s:10:"event_city";s:0:"";s:11:"event_state";s:0:"";s:12:"event_postal";s:0:"";}',
        1,1,'-',0,1,1);
INSERT INTO `form_encounter` (`id`, `date`, `reason`, `facility`, `facility_id`, `pid`, `encounter`,
     `onset_date`, `sensitivity`, `billing_note`, `pc_catid`, `last_level_billed`, `last_level_closed`, `last_stmt_date`, `stmt_count`,
      `provider_id`, `supervisor_id`, `invoice_refno`, `referral_source`, `billing_facility`) VALUES
    ('467','2017-8-28 10:15:00', 'Test Encounter', 'Your Clinic Name Here', '3','82','467', '0000-00-00 00:00:00', 'normal', 'NULL','1', '0', '0','NULL', '0', '1', '0', '', '', '3');
INSERT INTO `forms` (`id`, `date`, `encounter`, `form_name`, `form_id`, `pid`, `user`, `groupname`, `authorized`, `deleted`, `formdir`) VALUES
    ('467','2017-8-28 10:15:00','467', 'Patient Encounter', '467', '82', 'admin', 'Default', '1', '0', 'patient_encounter');
INSERT INTO `libreehr_postcalendar_events` 
        (`pc_catid`,`pc_multiple`,`pc_aid`,`pc_pid`,`pc_title`,`pc_time`,`pc_hometext`,`pc_comments`,`pc_counter`,`pc_topic`,`pc_informant`,`pc_eventDate`,
        `pc_endDate`,`pc_duration`,`pc_recurrtype`,`pc_recurrspec`,`pc_recurrfreq`,`pc_startTime`,`pc_endTime`,`pc_alldayevent`,`pc_location`,`pc_eventstatus`,
        `pc_sharing`,`pc_apptstatus`,`pc_prefcatid`,`pc_facility`,`pc_billing_location`)VALUES
        ( 1,466,'1','82','Office Visit','2017-8-28 10:15:00','Clinical Appointment',0,0,1,'1',
        '2017-8-28 10:15:00','0000-00-00',900,0,
        'a:6:{s:17:"event_repeat_freq";s:1:"0";s:22:"event_repeat_freq_type";s:1:"0";s:19:"event_repeat_on_num";s:1:"1";s:19:"event_repeat_on_day";s:1:"0";s:20:"event_repeat_on_freq";s:1:"0";s:6:"exdate";s:0:"";}',
        0,'10:15:00','10:30:00',0,
        'a:6:{s:14:"event_location";s:0:"";s:13:"event_street1";s:0:"";s:13:"event_street2";s:0:"";s:10:"event_city";s:0:"";s:11:"event_state";s:0:"";s:12:"event_postal";s:0:"";}',
        1,1,'-',0,1,1);
INSERT INTO `form_encounter` (`id`, `date`, `reason`, `facility`, `facility_id`, `pid`, `encounter`,
     `onset_date`, `sensitivity`, `billing_note`, `pc_catid`, `last_level_billed`, `last_level_closed`, `last_stmt_date`, `stmt_count`,
      `provider_id`, `supervisor_id`, `invoice_refno`, `referral_source`, `billing_facility`) VALUES
    ('468','2017-9-27 13:30:00', 'Test Encounter', 'Your Clinic Name Here', '3','82','468', '0000-00-00 00:00:00', 'normal', 'NULL','2', '0', '0','NULL', '0', '1', '0', '', '', '3');
INSERT INTO `forms` (`id`, `date`, `encounter`, `form_name`, `form_id`, `pid`, `user`, `groupname`, `authorized`, `deleted`, `formdir`) VALUES
    ('468','2017-9-27 13:30:00','468', 'Patient Encounter', '468', '82', 'admin', 'Default', '1', '0', 'patient_encounter');
INSERT INTO `libreehr_postcalendar_events` 
        (`pc_catid`,`pc_multiple`,`pc_aid`,`pc_pid`,`pc_title`,`pc_time`,`pc_hometext`,`pc_comments`,`pc_counter`,`pc_topic`,`pc_informant`,`pc_eventDate`,
        `pc_endDate`,`pc_duration`,`pc_recurrtype`,`pc_recurrspec`,`pc_recurrfreq`,`pc_startTime`,`pc_endTime`,`pc_alldayevent`,`pc_location`,`pc_eventstatus`,
        `pc_sharing`,`pc_apptstatus`,`pc_prefcatid`,`pc_facility`,`pc_billing_location`)VALUES
        ( 1,467,'1','82','Office Visit','2017-9-27 13:30:00','Clinical Appointment',0,0,1,'1',
        '2017-9-27 13:30:00','0000-00-00',900,0,
        'a:6:{s:17:"event_repeat_freq";s:1:"0";s:22:"event_repeat_freq_type";s:1:"0";s:19:"event_repeat_on_num";s:1:"1";s:19:"event_repeat_on_day";s:1:"0";s:20:"event_repeat_on_freq";s:1:"0";s:6:"exdate";s:0:"";}',
        0,'13:30:00','13:45:00',0,
        'a:6:{s:14:"event_location";s:0:"";s:13:"event_street1";s:0:"";s:13:"event_street2";s:0:"";s:10:"event_city";s:0:"";s:11:"event_state";s:0:"";s:12:"event_postal";s:0:"";}',
        1,1,'-',0,1,1);
INSERT INTO `patient_data` (`title`, `language`, `financial`, `fname`, `lname`, `mname`, `DOB`,`street`, `postal_code`, `city`, `state`,  `drivers_license`, `ss`,`occupation`, `phone_home`, `phone_biz`, `phone_contact`, `phone_cell`,`status`, `contact_relationship`, `date`, `sex`, `referrer`, `referrerID`,`providerID`, `email`, `ethnoracial`, `interpretter`, `migrantseasonal`,`family_size`, `monthly_income`, `homeless`, `financial_review`, `pubpid`,`pid`, `genericname1`, `genericval1`, `genericname2`, `genericval2`) VALUES
 ('Mr.','English','','KEN','BRYANT','B.','2004-12-12','9648 MapleAve.','681','Key West','NV','648214764','905685401',' ','(312) 925-591','(312) 925-591','(312) 925-591','(312) 925-591','single','Friend','2003-11-17 12:06:00','Male','CARL PALMER','1','1','KEN@LibreEHR.org','Yankee',' ',' ','8','3615',' ','000-00-00 00:00:00','83','83',' ',' ',' ',' ');
INSERT INTO `insurance_data` (`id`, `type`, `provider`, `plan_name`, `policy_number`,`group_number`, `subscriber_lname`, `subscriber_mname`, `subscriber_fname`, `subscriber_relationship`, `subscriber_ss`,`subscriber_DOB`, `subscriber_street`, `subscriber_postal_code`, `subscriber_city`, `subscriber_state`, `subscriber_country`,`subscriber_phone`, `subscriber_employer`, `subscriber_employer_street`, `subscriber_employer_postal_code`,`subscriber_employer_state`, `subscriber_employer_country`, `subscriber_employer_city`, `copay`, `date`, `pid`,`subscriber_sex`, `accept_assignment`) VALUES('244','primary','8435','Backstreet Helpful Company','112192837','952488028','BRYANT','B.','KEN','self','905685401','2004-12-12','9648 MapleAve.','681','Key West','NV','Openemria','(312) 925-591','OEMR.org','','','NV','Openemria','Key West','','2011-10-10','83','Male','TRUE');
INSERT INTO `insurance_data` (`id`, `type`, `provider`, `plan_name`, `policy_number`,`group_number`, `subscriber_lname`, `subscriber_mname`, `subscriber_fname`, `subscriber_relationship`, `subscriber_ss`,`subscriber_DOB`, `subscriber_street`, `subscriber_postal_code`, `subscriber_city`, `subscriber_state`, `subscriber_country`,`subscriber_phone`, `subscriber_employer`, `subscriber_employer_street`, `subscriber_employer_postal_code`,`subscriber_employer_state`, `subscriber_employer_country`, `subscriber_employer_city`, `copay`, `date`, `pid`,`subscriber_sex`, `accept_assignment`) VALUES('245','secondary','5612','Violet Group HMO','102468412','615297166','BRYANT','B.','KEN','self','905685401','2004-12-12','9648 MapleAve.','681','Key West','NV','Openemria','(312) 925-591','OEMR.org','','','NV','Openemria','Key West','','2011-10-10','83','Male','FALSE');
INSERT INTO `insurance_data` (`id`, `type`, `provider`, `plan_name`, `policy_number`,`group_number`, `subscriber_lname`, `subscriber_mname`, `subscriber_fname`, `subscriber_relationship`, `subscriber_ss`,`subscriber_DOB`, `subscriber_street`, `subscriber_postal_code`, `subscriber_city`, `subscriber_state`, `subscriber_country`,`subscriber_phone`, `subscriber_employer`, `subscriber_employer_street`, `subscriber_employer_postal_code`,`subscriber_employer_state`, `subscriber_employer_country`, `subscriber_employer_city`, `copay`, `date`, `pid`,`subscriber_sex`, `accept_assignment`) VALUES('246','tertiary','3362','Incompetent Provider Company','398801120','298573895','BRYANT','B.','KEN','self','905685401','2004-12-12','9648 MapleAve.','681','Key West','NV','Openemria','(312) 925-591','OEMR.org','','','NV','Openemria','Key West','','2011-10-10','83','Male','FALSE');
INSERT INTO `form_encounter` (`id`, `date`, `reason`, `facility`, `facility_id`, `pid`, `encounter`,
     `onset_date`, `sensitivity`, `billing_note`, `pc_catid`, `last_level_billed`, `last_level_closed`, `last_stmt_date`, `stmt_count`,
      `provider_id`, `supervisor_id`, `invoice_refno`, `referral_source`, `billing_facility`) VALUES
    ('469','2017-3-31 13:30:00', 'Test Encounter', 'Your Clinic Name Here', '3','83','469', '0000-00-00 00:00:00', 'normal', 'NULL','6', '0', '0','NULL', '0', '1', '0', '', '', '3');
INSERT INTO `forms` (`id`, `date`, `encounter`, `form_name`, `form_id`, `pid`, `user`, `groupname`, `authorized`, `deleted`, `formdir`) VALUES
    ('469','2017-3-31 13:30:00','469', 'Patient Encounter', '469', '83', 'admin', 'Default', '1', '0', 'patient_encounter');
INSERT INTO `libreehr_postcalendar_events` 
        (`pc_catid`,`pc_multiple`,`pc_aid`,`pc_pid`,`pc_title`,`pc_time`,`pc_hometext`,`pc_comments`,`pc_counter`,`pc_topic`,`pc_informant`,`pc_eventDate`,
        `pc_endDate`,`pc_duration`,`pc_recurrtype`,`pc_recurrspec`,`pc_recurrfreq`,`pc_startTime`,`pc_endTime`,`pc_alldayevent`,`pc_location`,`pc_eventstatus`,
        `pc_sharing`,`pc_apptstatus`,`pc_prefcatid`,`pc_facility`,`pc_billing_location`)VALUES
        ( 1,468,'1','83','Office Visit','2017-3-31 13:30:00','Clinical Appointment',0,0,1,'1',
        '2017-3-31 13:30:00','0000-00-00',900,0,
        'a:6:{s:17:"event_repeat_freq";s:1:"0";s:22:"event_repeat_freq_type";s:1:"0";s:19:"event_repeat_on_num";s:1:"1";s:19:"event_repeat_on_day";s:1:"0";s:20:"event_repeat_on_freq";s:1:"0";s:6:"exdate";s:0:"";}',
        0,'13:30:00','13:45:00',0,
        'a:6:{s:14:"event_location";s:0:"";s:13:"event_street1";s:0:"";s:13:"event_street2";s:0:"";s:10:"event_city";s:0:"";s:11:"event_state";s:0:"";s:12:"event_postal";s:0:"";}',
        1,1,'-',0,1,1);
INSERT INTO `form_encounter` (`id`, `date`, `reason`, `facility`, `facility_id`, `pid`, `encounter`,
     `onset_date`, `sensitivity`, `billing_note`, `pc_catid`, `last_level_billed`, `last_level_closed`, `last_stmt_date`, `stmt_count`,
      `provider_id`, `supervisor_id`, `invoice_refno`, `referral_source`, `billing_facility`) VALUES
    ('470','2017-4-30 16:30:00', 'Test Encounter', 'Your Clinic Name Here', '3','83','470', '0000-00-00 00:00:00', 'normal', 'NULL','9', '0', '0','NULL', '0', '1', '0', '', '', '3');
INSERT INTO `forms` (`id`, `date`, `encounter`, `form_name`, `form_id`, `pid`, `user`, `groupname`, `authorized`, `deleted`, `formdir`) VALUES
    ('470','2017-4-30 16:30:00','470', 'Patient Encounter', '470', '83', 'admin', 'Default', '1', '0', 'patient_encounter');
INSERT INTO `libreehr_postcalendar_events` 
        (`pc_catid`,`pc_multiple`,`pc_aid`,`pc_pid`,`pc_title`,`pc_time`,`pc_hometext`,`pc_comments`,`pc_counter`,`pc_topic`,`pc_informant`,`pc_eventDate`,
        `pc_endDate`,`pc_duration`,`pc_recurrtype`,`pc_recurrspec`,`pc_recurrfreq`,`pc_startTime`,`pc_endTime`,`pc_alldayevent`,`pc_location`,`pc_eventstatus`,
        `pc_sharing`,`pc_apptstatus`,`pc_prefcatid`,`pc_facility`,`pc_billing_location`)VALUES
        ( 1,469,'1','83','Office Visit','2017-4-30 16:30:00','Clinical Appointment',0,0,1,'1',
        '2017-4-30 16:30:00','0000-00-00',900,0,
        'a:6:{s:17:"event_repeat_freq";s:1:"0";s:22:"event_repeat_freq_type";s:1:"0";s:19:"event_repeat_on_num";s:1:"1";s:19:"event_repeat_on_day";s:1:"0";s:20:"event_repeat_on_freq";s:1:"0";s:6:"exdate";s:0:"";}',
        0,'16:30:00','16:45:00',0,
        'a:6:{s:14:"event_location";s:0:"";s:13:"event_street1";s:0:"";s:13:"event_street2";s:0:"";s:10:"event_city";s:0:"";s:11:"event_state";s:0:"";s:12:"event_postal";s:0:"";}',
        1,1,'-',0,1,1);
INSERT INTO `form_encounter` (`id`, `date`, `reason`, `facility`, `facility_id`, `pid`, `encounter`,
     `onset_date`, `sensitivity`, `billing_note`, `pc_catid`, `last_level_billed`, `last_level_closed`, `last_stmt_date`, `stmt_count`,
      `provider_id`, `supervisor_id`, `invoice_refno`, `referral_source`, `billing_facility`) VALUES
    ('471','2017-5-30 14:15:00', 'Test Encounter', 'Your Clinic Name Here', '3','83','471', '0000-00-00 00:00:00', 'normal', 'NULL','9', '0', '0','NULL', '0', '1', '0', '', '', '3');
INSERT INTO `forms` (`id`, `date`, `encounter`, `form_name`, `form_id`, `pid`, `user`, `groupname`, `authorized`, `deleted`, `formdir`) VALUES
    ('471','2017-5-30 14:15:00','471', 'Patient Encounter', '471', '83', 'admin', 'Default', '1', '0', 'patient_encounter');
INSERT INTO `libreehr_postcalendar_events` 
        (`pc_catid`,`pc_multiple`,`pc_aid`,`pc_pid`,`pc_title`,`pc_time`,`pc_hometext`,`pc_comments`,`pc_counter`,`pc_topic`,`pc_informant`,`pc_eventDate`,
        `pc_endDate`,`pc_duration`,`pc_recurrtype`,`pc_recurrspec`,`pc_recurrfreq`,`pc_startTime`,`pc_endTime`,`pc_alldayevent`,`pc_location`,`pc_eventstatus`,
        `pc_sharing`,`pc_apptstatus`,`pc_prefcatid`,`pc_facility`,`pc_billing_location`)VALUES
        ( 1,470,'1','83','Office Visit','2017-5-30 14:15:00','Clinical Appointment',0,0,1,'1',
        '2017-5-30 14:15:00','0000-00-00',900,0,
        'a:6:{s:17:"event_repeat_freq";s:1:"0";s:22:"event_repeat_freq_type";s:1:"0";s:19:"event_repeat_on_num";s:1:"1";s:19:"event_repeat_on_day";s:1:"0";s:20:"event_repeat_on_freq";s:1:"0";s:6:"exdate";s:0:"";}',
        0,'14:15:00','14:30:00',0,
        'a:6:{s:14:"event_location";s:0:"";s:13:"event_street1";s:0:"";s:13:"event_street2";s:0:"";s:10:"event_city";s:0:"";s:11:"event_state";s:0:"";s:12:"event_postal";s:0:"";}',
        1,1,'-',0,1,1);
INSERT INTO `form_encounter` (`id`, `date`, `reason`, `facility`, `facility_id`, `pid`, `encounter`,
     `onset_date`, `sensitivity`, `billing_note`, `pc_catid`, `last_level_billed`, `last_level_closed`, `last_stmt_date`, `stmt_count`,
      `provider_id`, `supervisor_id`, `invoice_refno`, `referral_source`, `billing_facility`) VALUES
    ('472','2017-6-29 13:15:00', 'Test Encounter', 'Your Clinic Name Here', '3','83','472', '0000-00-00 00:00:00', 'normal', 'NULL','6', '0', '0','NULL', '0', '1', '0', '', '', '3');
INSERT INTO `forms` (`id`, `date`, `encounter`, `form_name`, `form_id`, `pid`, `user`, `groupname`, `authorized`, `deleted`, `formdir`) VALUES
    ('472','2017-6-29 13:15:00','472', 'Patient Encounter', '472', '83', 'admin', 'Default', '1', '0', 'patient_encounter');
INSERT INTO `libreehr_postcalendar_events` 
        (`pc_catid`,`pc_multiple`,`pc_aid`,`pc_pid`,`pc_title`,`pc_time`,`pc_hometext`,`pc_comments`,`pc_counter`,`pc_topic`,`pc_informant`,`pc_eventDate`,
        `pc_endDate`,`pc_duration`,`pc_recurrtype`,`pc_recurrspec`,`pc_recurrfreq`,`pc_startTime`,`pc_endTime`,`pc_alldayevent`,`pc_location`,`pc_eventstatus`,
        `pc_sharing`,`pc_apptstatus`,`pc_prefcatid`,`pc_facility`,`pc_billing_location`)VALUES
        ( 1,471,'1','83','Office Visit','2017-6-29 13:15:00','Clinical Appointment',0,0,1,'1',
        '2017-6-29 13:15:00','0000-00-00',900,0,
        'a:6:{s:17:"event_repeat_freq";s:1:"0";s:22:"event_repeat_freq_type";s:1:"0";s:19:"event_repeat_on_num";s:1:"1";s:19:"event_repeat_on_day";s:1:"0";s:20:"event_repeat_on_freq";s:1:"0";s:6:"exdate";s:0:"";}',
        0,'13:15:00','13:30:00',0,
        'a:6:{s:14:"event_location";s:0:"";s:13:"event_street1";s:0:"";s:13:"event_street2";s:0:"";s:10:"event_city";s:0:"";s:11:"event_state";s:0:"";s:12:"event_postal";s:0:"";}',
        1,1,'-',0,1,1);
INSERT INTO `form_encounter` (`id`, `date`, `reason`, `facility`, `facility_id`, `pid`, `encounter`,
     `onset_date`, `sensitivity`, `billing_note`, `pc_catid`, `last_level_billed`, `last_level_closed`, `last_stmt_date`, `stmt_count`,
      `provider_id`, `supervisor_id`, `invoice_refno`, `referral_source`, `billing_facility`) VALUES
    ('473','2017-7-29 13:15:00', 'Test Encounter', 'Your Clinic Name Here', '3','83','473', '0000-00-00 00:00:00', 'normal', 'NULL','8', '0', '0','NULL', '0', '1', '0', '', '', '3');
INSERT INTO `forms` (`id`, `date`, `encounter`, `form_name`, `form_id`, `pid`, `user`, `groupname`, `authorized`, `deleted`, `formdir`) VALUES
    ('473','2017-7-29 13:15:00','473', 'Patient Encounter', '473', '83', 'admin', 'Default', '1', '0', 'patient_encounter');
INSERT INTO `libreehr_postcalendar_events` 
        (`pc_catid`,`pc_multiple`,`pc_aid`,`pc_pid`,`pc_title`,`pc_time`,`pc_hometext`,`pc_comments`,`pc_counter`,`pc_topic`,`pc_informant`,`pc_eventDate`,
        `pc_endDate`,`pc_duration`,`pc_recurrtype`,`pc_recurrspec`,`pc_recurrfreq`,`pc_startTime`,`pc_endTime`,`pc_alldayevent`,`pc_location`,`pc_eventstatus`,
        `pc_sharing`,`pc_apptstatus`,`pc_prefcatid`,`pc_facility`,`pc_billing_location`)VALUES
        ( 1,472,'1','83','Office Visit','2017-7-29 13:15:00','Clinical Appointment',0,0,1,'1',
        '2017-7-29 13:15:00','0000-00-00',900,0,
        'a:6:{s:17:"event_repeat_freq";s:1:"0";s:22:"event_repeat_freq_type";s:1:"0";s:19:"event_repeat_on_num";s:1:"1";s:19:"event_repeat_on_day";s:1:"0";s:20:"event_repeat_on_freq";s:1:"0";s:6:"exdate";s:0:"";}',
        0,'13:15:00','13:30:00',0,
        'a:6:{s:14:"event_location";s:0:"";s:13:"event_street1";s:0:"";s:13:"event_street2";s:0:"";s:10:"event_city";s:0:"";s:11:"event_state";s:0:"";s:12:"event_postal";s:0:"";}',
        1,1,'-',0,1,1);
INSERT INTO `form_encounter` (`id`, `date`, `reason`, `facility`, `facility_id`, `pid`, `encounter`,
     `onset_date`, `sensitivity`, `billing_note`, `pc_catid`, `last_level_billed`, `last_level_closed`, `last_stmt_date`, `stmt_count`,
      `provider_id`, `supervisor_id`, `invoice_refno`, `referral_source`, `billing_facility`) VALUES
    ('474','2017-8-28 12:15:00', 'Test Encounter', 'Your Clinic Name Here', '3','83','474', '0000-00-00 00:00:00', 'normal', 'NULL','10', '0', '0','NULL', '0', '1', '0', '', '', '3');
INSERT INTO `forms` (`id`, `date`, `encounter`, `form_name`, `form_id`, `pid`, `user`, `groupname`, `authorized`, `deleted`, `formdir`) VALUES
    ('474','2017-8-28 12:15:00','474', 'Patient Encounter', '474', '83', 'admin', 'Default', '1', '0', 'patient_encounter');
INSERT INTO `libreehr_postcalendar_events` 
        (`pc_catid`,`pc_multiple`,`pc_aid`,`pc_pid`,`pc_title`,`pc_time`,`pc_hometext`,`pc_comments`,`pc_counter`,`pc_topic`,`pc_informant`,`pc_eventDate`,
        `pc_endDate`,`pc_duration`,`pc_recurrtype`,`pc_recurrspec`,`pc_recurrfreq`,`pc_startTime`,`pc_endTime`,`pc_alldayevent`,`pc_location`,`pc_eventstatus`,
        `pc_sharing`,`pc_apptstatus`,`pc_prefcatid`,`pc_facility`,`pc_billing_location`)VALUES
        ( 1,473,'1','83','Office Visit','2017-8-28 12:15:00','Clinical Appointment',0,0,1,'1',
        '2017-8-28 12:15:00','0000-00-00',900,0,
        'a:6:{s:17:"event_repeat_freq";s:1:"0";s:22:"event_repeat_freq_type";s:1:"0";s:19:"event_repeat_on_num";s:1:"1";s:19:"event_repeat_on_day";s:1:"0";s:20:"event_repeat_on_freq";s:1:"0";s:6:"exdate";s:0:"";}',
        0,'12:15:00','12:30:00',0,
        'a:6:{s:14:"event_location";s:0:"";s:13:"event_street1";s:0:"";s:13:"event_street2";s:0:"";s:10:"event_city";s:0:"";s:11:"event_state";s:0:"";s:12:"event_postal";s:0:"";}',
        1,1,'-',0,1,1);
INSERT INTO `form_encounter` (`id`, `date`, `reason`, `facility`, `facility_id`, `pid`, `encounter`,
     `onset_date`, `sensitivity`, `billing_note`, `pc_catid`, `last_level_billed`, `last_level_closed`, `last_stmt_date`, `stmt_count`,
      `provider_id`, `supervisor_id`, `invoice_refno`, `referral_source`, `billing_facility`) VALUES
    ('475','2017-9-27 17:15:00', 'Test Encounter', 'Your Clinic Name Here', '3','83','475', '0000-00-00 00:00:00', 'normal', 'NULL','8', '0', '0','NULL', '0', '1', '0', '', '', '3');
INSERT INTO `forms` (`id`, `date`, `encounter`, `form_name`, `form_id`, `pid`, `user`, `groupname`, `authorized`, `deleted`, `formdir`) VALUES
    ('475','2017-9-27 17:15:00','475', 'Patient Encounter', '475', '83', 'admin', 'Default', '1', '0', 'patient_encounter');
INSERT INTO `libreehr_postcalendar_events` 
        (`pc_catid`,`pc_multiple`,`pc_aid`,`pc_pid`,`pc_title`,`pc_time`,`pc_hometext`,`pc_comments`,`pc_counter`,`pc_topic`,`pc_informant`,`pc_eventDate`,
        `pc_endDate`,`pc_duration`,`pc_recurrtype`,`pc_recurrspec`,`pc_recurrfreq`,`pc_startTime`,`pc_endTime`,`pc_alldayevent`,`pc_location`,`pc_eventstatus`,
        `pc_sharing`,`pc_apptstatus`,`pc_prefcatid`,`pc_facility`,`pc_billing_location`)VALUES
        ( 1,474,'1','83','Office Visit','2017-9-27 17:15:00','Clinical Appointment',0,0,1,'1',
        '2017-9-27 17:15:00','0000-00-00',900,0,
        'a:6:{s:17:"event_repeat_freq";s:1:"0";s:22:"event_repeat_freq_type";s:1:"0";s:19:"event_repeat_on_num";s:1:"1";s:19:"event_repeat_on_day";s:1:"0";s:20:"event_repeat_on_freq";s:1:"0";s:6:"exdate";s:0:"";}',
        0,'17:15:00','17:30:00',0,
        'a:6:{s:14:"event_location";s:0:"";s:13:"event_street1";s:0:"";s:13:"event_street2";s:0:"";s:10:"event_city";s:0:"";s:11:"event_state";s:0:"";s:12:"event_postal";s:0:"";}',
        1,1,'-',0,1,1);
INSERT INTO `patient_data` (`title`, `language`, `financial`, `fname`, `lname`, `mname`, `DOB`,`street`, `postal_code`, `city`, `state`,  `drivers_license`, `ss`,`occupation`, `phone_home`, `phone_biz`, `phone_contact`, `phone_cell`,`status`, `contact_relationship`, `date`, `sex`, `referrer`, `referrerID`,`providerID`, `email`, `ethnoracial`, `interpretter`, `migrantseasonal`,`family_size`, `monthly_income`, `homeless`, `financial_review`, `pubpid`,`pid`, `genericname1`, `genericval1`, `genericname2`, `genericval2`) VALUES
 ('Mr.','English','','DANIEL','RUSSELL','N.','1971-6-22','888 SesameSt.','12597','Georgetown','HI','346209668','547875163',' ','(566) 77-7841','(566) 77-7841','(566) 77-7841','(566) 77-7841','single','Friend','2003-11-17 12:06:00','Male','ALFREDO WHEELER','1','1','DANIEL@LibreEHR.org','Yankee',' ',' ','2','4354',' ','000-00-00 00:00:00','84','84',' ',' ',' ',' ');
INSERT INTO `insurance_data` (`id`, `type`, `provider`, `plan_name`, `policy_number`,`group_number`, `subscriber_lname`, `subscriber_mname`, `subscriber_fname`, `subscriber_relationship`, `subscriber_ss`,`subscriber_DOB`, `subscriber_street`, `subscriber_postal_code`, `subscriber_city`, `subscriber_state`, `subscriber_country`,`subscriber_phone`, `subscriber_employer`, `subscriber_employer_street`, `subscriber_employer_postal_code`,`subscriber_employer_state`, `subscriber_employer_country`, `subscriber_employer_city`, `copay`, `date`, `pid`,`subscriber_sex`, `accept_assignment`) VALUES('247','primary','8487','Yellow Colors Company','995021117','110555952','RUSSELL','N.','DANIEL','self','547875163','1971-6-22','888 SesameSt.','12597','Georgetown','HI','Openemria','(566) 77-7841','OEMR.org','','','HI','Openemria','Georgetown','','2011-10-10','84','Male','TRUE');
INSERT INTO `insurance_data` (`id`, `type`, `provider`, `plan_name`, `policy_number`,`group_number`, `subscriber_lname`, `subscriber_mname`, `subscriber_fname`, `subscriber_relationship`, `subscriber_ss`,`subscriber_DOB`, `subscriber_street`, `subscriber_postal_code`, `subscriber_city`, `subscriber_state`, `subscriber_country`,`subscriber_phone`, `subscriber_employer`, `subscriber_employer_street`, `subscriber_employer_postal_code`,`subscriber_employer_state`, `subscriber_employer_country`, `subscriber_employer_city`, `copay`, `date`, `pid`,`subscriber_sex`, `accept_assignment`) VALUES('248','secondary','7687','Green Assurance INC.','477543560','616742451','RUSSELL','N.','DANIEL','self','547875163','1971-6-22','888 SesameSt.','12597','Georgetown','HI','Openemria','(566) 77-7841','OEMR.org','','','HI','Openemria','Georgetown','','2011-10-10','84','Male','TRUE');
INSERT INTO `insurance_data` (`id`, `type`, `provider`, `plan_name`, `policy_number`,`group_number`, `subscriber_lname`, `subscriber_mname`, `subscriber_fname`, `subscriber_relationship`, `subscriber_ss`,`subscriber_DOB`, `subscriber_street`, `subscriber_postal_code`, `subscriber_city`, `subscriber_state`, `subscriber_country`,`subscriber_phone`, `subscriber_employer`, `subscriber_employer_street`, `subscriber_employer_postal_code`,`subscriber_employer_state`, `subscriber_employer_country`, `subscriber_employer_city`, `copay`, `date`, `pid`,`subscriber_sex`, `accept_assignment`) VALUES('249','tertiary','6887','Impersonal Insurance HMO','619758202','568790801','RUSSELL','N.','DANIEL','self','547875163','1971-6-22','888 SesameSt.','12597','Georgetown','HI','Openemria','(566) 77-7841','OEMR.org','','','HI','Openemria','Georgetown','','2011-10-10','84','Male','FALSE');
INSERT INTO `form_encounter` (`id`, `date`, `reason`, `facility`, `facility_id`, `pid`, `encounter`,
     `onset_date`, `sensitivity`, `billing_note`, `pc_catid`, `last_level_billed`, `last_level_closed`, `last_stmt_date`, `stmt_count`,
      `provider_id`, `supervisor_id`, `invoice_refno`, `referral_source`, `billing_facility`) VALUES
    ('476','2017-6-29 17:15:00', 'Test Encounter', 'Your Clinic Name Here', '3','84','476', '0000-00-00 00:00:00', 'normal', 'NULL','2', '0', '0','NULL', '0', '1', '0', '', '', '3');
INSERT INTO `forms` (`id`, `date`, `encounter`, `form_name`, `form_id`, `pid`, `user`, `groupname`, `authorized`, `deleted`, `formdir`) VALUES
    ('476','2017-6-29 17:15:00','476', 'Patient Encounter', '476', '84', 'admin', 'Default', '1', '0', 'patient_encounter');
INSERT INTO `libreehr_postcalendar_events` 
        (`pc_catid`,`pc_multiple`,`pc_aid`,`pc_pid`,`pc_title`,`pc_time`,`pc_hometext`,`pc_comments`,`pc_counter`,`pc_topic`,`pc_informant`,`pc_eventDate`,
        `pc_endDate`,`pc_duration`,`pc_recurrtype`,`pc_recurrspec`,`pc_recurrfreq`,`pc_startTime`,`pc_endTime`,`pc_alldayevent`,`pc_location`,`pc_eventstatus`,
        `pc_sharing`,`pc_apptstatus`,`pc_prefcatid`,`pc_facility`,`pc_billing_location`)VALUES
        ( 1,475,'1','84','Office Visit','2017-6-29 17:15:00','Clinical Appointment',0,0,1,'1',
        '2017-6-29 17:15:00','0000-00-00',900,0,
        'a:6:{s:17:"event_repeat_freq";s:1:"0";s:22:"event_repeat_freq_type";s:1:"0";s:19:"event_repeat_on_num";s:1:"1";s:19:"event_repeat_on_day";s:1:"0";s:20:"event_repeat_on_freq";s:1:"0";s:6:"exdate";s:0:"";}',
        0,'17:15:00','17:30:00',0,
        'a:6:{s:14:"event_location";s:0:"";s:13:"event_street1";s:0:"";s:13:"event_street2";s:0:"";s:10:"event_city";s:0:"";s:11:"event_state";s:0:"";s:12:"event_postal";s:0:"";}',
        1,1,'-',0,1,1);
INSERT INTO `form_encounter` (`id`, `date`, `reason`, `facility`, `facility_id`, `pid`, `encounter`,
     `onset_date`, `sensitivity`, `billing_note`, `pc_catid`, `last_level_billed`, `last_level_closed`, `last_stmt_date`, `stmt_count`,
      `provider_id`, `supervisor_id`, `invoice_refno`, `referral_source`, `billing_facility`) VALUES
    ('477','2017-7-29 15:00:00', 'Test Encounter', 'Your Clinic Name Here', '3','84','477', '0000-00-00 00:00:00', 'normal', 'NULL','5', '0', '0','NULL', '0', '1', '0', '', '', '3');
INSERT INTO `forms` (`id`, `date`, `encounter`, `form_name`, `form_id`, `pid`, `user`, `groupname`, `authorized`, `deleted`, `formdir`) VALUES
    ('477','2017-7-29 15:00:00','477', 'Patient Encounter', '477', '84', 'admin', 'Default', '1', '0', 'patient_encounter');
INSERT INTO `libreehr_postcalendar_events` 
        (`pc_catid`,`pc_multiple`,`pc_aid`,`pc_pid`,`pc_title`,`pc_time`,`pc_hometext`,`pc_comments`,`pc_counter`,`pc_topic`,`pc_informant`,`pc_eventDate`,
        `pc_endDate`,`pc_duration`,`pc_recurrtype`,`pc_recurrspec`,`pc_recurrfreq`,`pc_startTime`,`pc_endTime`,`pc_alldayevent`,`pc_location`,`pc_eventstatus`,
        `pc_sharing`,`pc_apptstatus`,`pc_prefcatid`,`pc_facility`,`pc_billing_location`)VALUES
        ( 1,476,'1','84','Office Visit','2017-7-29 15:00:00','Clinical Appointment',0,0,1,'1',
        '2017-7-29 15:00:00','0000-00-00',900,0,
        'a:6:{s:17:"event_repeat_freq";s:1:"0";s:22:"event_repeat_freq_type";s:1:"0";s:19:"event_repeat_on_num";s:1:"1";s:19:"event_repeat_on_day";s:1:"0";s:20:"event_repeat_on_freq";s:1:"0";s:6:"exdate";s:0:"";}',
        0,'15:00:00','15:15:00',0,
        'a:6:{s:14:"event_location";s:0:"";s:13:"event_street1";s:0:"";s:13:"event_street2";s:0:"";s:10:"event_city";s:0:"";s:11:"event_state";s:0:"";s:12:"event_postal";s:0:"";}',
        1,1,'-',0,1,1);
INSERT INTO `form_encounter` (`id`, `date`, `reason`, `facility`, `facility_id`, `pid`, `encounter`,
     `onset_date`, `sensitivity`, `billing_note`, `pc_catid`, `last_level_billed`, `last_level_closed`, `last_stmt_date`, `stmt_count`,
      `provider_id`, `supervisor_id`, `invoice_refno`, `referral_source`, `billing_facility`) VALUES
    ('478','2017-8-28 10:30:00', 'Test Encounter', 'Your Clinic Name Here', '3','84','478', '0000-00-00 00:00:00', 'normal', 'NULL','1', '0', '0','NULL', '0', '1', '0', '', '', '3');
INSERT INTO `forms` (`id`, `date`, `encounter`, `form_name`, `form_id`, `pid`, `user`, `groupname`, `authorized`, `deleted`, `formdir`) VALUES
    ('478','2017-8-28 10:30:00','478', 'Patient Encounter', '478', '84', 'admin', 'Default', '1', '0', 'patient_encounter');
INSERT INTO `libreehr_postcalendar_events` 
        (`pc_catid`,`pc_multiple`,`pc_aid`,`pc_pid`,`pc_title`,`pc_time`,`pc_hometext`,`pc_comments`,`pc_counter`,`pc_topic`,`pc_informant`,`pc_eventDate`,
        `pc_endDate`,`pc_duration`,`pc_recurrtype`,`pc_recurrspec`,`pc_recurrfreq`,`pc_startTime`,`pc_endTime`,`pc_alldayevent`,`pc_location`,`pc_eventstatus`,
        `pc_sharing`,`pc_apptstatus`,`pc_prefcatid`,`pc_facility`,`pc_billing_location`)VALUES
        ( 1,477,'1','84','Office Visit','2017-8-28 10:30:00','Clinical Appointment',0,0,1,'1',
        '2017-8-28 10:30:00','0000-00-00',900,0,
        'a:6:{s:17:"event_repeat_freq";s:1:"0";s:22:"event_repeat_freq_type";s:1:"0";s:19:"event_repeat_on_num";s:1:"1";s:19:"event_repeat_on_day";s:1:"0";s:20:"event_repeat_on_freq";s:1:"0";s:6:"exdate";s:0:"";}',
        0,'10:30:00','10:45:00',0,
        'a:6:{s:14:"event_location";s:0:"";s:13:"event_street1";s:0:"";s:13:"event_street2";s:0:"";s:10:"event_city";s:0:"";s:11:"event_state";s:0:"";s:12:"event_postal";s:0:"";}',
        1,1,'-',0,1,1);
INSERT INTO `form_encounter` (`id`, `date`, `reason`, `facility`, `facility_id`, `pid`, `encounter`,
     `onset_date`, `sensitivity`, `billing_note`, `pc_catid`, `last_level_billed`, `last_level_closed`, `last_stmt_date`, `stmt_count`,
      `provider_id`, `supervisor_id`, `invoice_refno`, `referral_source`, `billing_facility`) VALUES
    ('479','2017-9-27 10:00:00', 'Test Encounter', 'Your Clinic Name Here', '3','84','479', '0000-00-00 00:00:00', 'normal', 'NULL','5', '0', '0','NULL', '0', '1', '0', '', '', '3');
INSERT INTO `forms` (`id`, `date`, `encounter`, `form_name`, `form_id`, `pid`, `user`, `groupname`, `authorized`, `deleted`, `formdir`) VALUES
    ('479','2017-9-27 10:00:00','479', 'Patient Encounter', '479', '84', 'admin', 'Default', '1', '0', 'patient_encounter');
INSERT INTO `libreehr_postcalendar_events` 
        (`pc_catid`,`pc_multiple`,`pc_aid`,`pc_pid`,`pc_title`,`pc_time`,`pc_hometext`,`pc_comments`,`pc_counter`,`pc_topic`,`pc_informant`,`pc_eventDate`,
        `pc_endDate`,`pc_duration`,`pc_recurrtype`,`pc_recurrspec`,`pc_recurrfreq`,`pc_startTime`,`pc_endTime`,`pc_alldayevent`,`pc_location`,`pc_eventstatus`,
        `pc_sharing`,`pc_apptstatus`,`pc_prefcatid`,`pc_facility`,`pc_billing_location`)VALUES
        ( 1,478,'1','84','Office Visit','2017-9-27 10:00:00','Clinical Appointment',0,0,1,'1',
        '2017-9-27 10:00:00','0000-00-00',900,0,
        'a:6:{s:17:"event_repeat_freq";s:1:"0";s:22:"event_repeat_freq_type";s:1:"0";s:19:"event_repeat_on_num";s:1:"1";s:19:"event_repeat_on_day";s:1:"0";s:20:"event_repeat_on_freq";s:1:"0";s:6:"exdate";s:0:"";}',
        0,'10:00:00','10:15:00',0,
        'a:6:{s:14:"event_location";s:0:"";s:13:"event_street1";s:0:"";s:13:"event_street2";s:0:"";s:10:"event_city";s:0:"";s:11:"event_state";s:0:"";s:12:"event_postal";s:0:"";}',
        1,1,'-',0,1,1);
INSERT INTO `patient_data` (`title`, `language`, `financial`, `fname`, `lname`, `mname`, `DOB`,`street`, `postal_code`, `city`, `state`,  `drivers_license`, `ss`,`occupation`, `phone_home`, `phone_biz`, `phone_contact`, `phone_cell`,`status`, `contact_relationship`, `date`, `sex`, `referrer`, `referrerID`,`providerID`, `email`, `ethnoracial`, `interpretter`, `migrantseasonal`,`family_size`, `monthly_income`, `homeless`, `financial_review`, `pubpid`,`pid`, `genericname1`, `genericval1`, `genericname2`, `genericval2`) VALUES
 ('Ms.','English','','DAWN','ROGERS','J.','1944-3-1','2444 WallWay','67609','Auburn','ND','248355394','232948333',' ','(64) 432-9000','(64) 432-9000','(64) 432-9000','(64) 432-9000','single','Friend','2003-11-17 12:06:00','Female','PHILLIP PARKER','1','1','DAWN@LibreEHR.org','Vietnamese',' ',' ','2','3785',' ','000-00-00 00:00:00','85','85',' ',' ',' ',' ');
INSERT INTO `insurance_data` (`id`, `type`, `provider`, `plan_name`, `policy_number`,`group_number`, `subscriber_lname`, `subscriber_mname`, `subscriber_fname`, `subscriber_relationship`, `subscriber_ss`,`subscriber_DOB`, `subscriber_street`, `subscriber_postal_code`, `subscriber_city`, `subscriber_state`, `subscriber_country`,`subscriber_phone`, `subscriber_employer`, `subscriber_employer_street`, `subscriber_employer_postal_code`,`subscriber_employer_state`, `subscriber_employer_country`, `subscriber_employer_city`, `copay`, `date`, `pid`,`subscriber_sex`, `accept_assignment`) VALUES('250','primary','7687','Green Assurance INC.','646922993','456572653','ROGERS','J.','DAWN','self','232948333','1944-3-1','2444 WallWay','67609','Auburn','ND','Openemria','(64) 432-9000','OEMR.org','','','ND','Openemria','Auburn','','2011-10-10','85','Female','FALSE');
INSERT INTO `insurance_data` (`id`, `type`, `provider`, `plan_name`, `policy_number`,`group_number`, `subscriber_lname`, `subscriber_mname`, `subscriber_fname`, `subscriber_relationship`, `subscriber_ss`,`subscriber_DOB`, `subscriber_street`, `subscriber_postal_code`, `subscriber_city`, `subscriber_state`, `subscriber_country`,`subscriber_phone`, `subscriber_employer`, `subscriber_employer_street`, `subscriber_employer_postal_code`,`subscriber_employer_state`, `subscriber_employer_country`, `subscriber_employer_city`, `copay`, `date`, `pid`,`subscriber_sex`, `accept_assignment`) VALUES('251','secondary','6887','Impersonal Insurance HMO','33893508','114739271','ROGERS','J.','DAWN','self','232948333','1944-3-1','2444 WallWay','67609','Auburn','ND','Openemria','(64) 432-9000','OEMR.org','','','ND','Openemria','Auburn','','2011-10-10','85','Female','FALSE');
INSERT INTO `insurance_data` (`id`, `type`, `provider`, `plan_name`, `policy_number`,`group_number`, `subscriber_lname`, `subscriber_mname`, `subscriber_fname`, `subscriber_relationship`, `subscriber_ss`,`subscriber_DOB`, `subscriber_street`, `subscriber_postal_code`, `subscriber_city`, `subscriber_state`, `subscriber_country`,`subscriber_phone`, `subscriber_employer`, `subscriber_employer_street`, `subscriber_employer_postal_code`,`subscriber_employer_state`, `subscriber_employer_country`, `subscriber_employer_city`, `copay`, `date`, `pid`,`subscriber_sex`, `accept_assignment`) VALUES('252','tertiary','6186','Green Mutual LTD','952833563','119056731','ROGERS','J.','DAWN','self','232948333','1944-3-1','2444 WallWay','67609','Auburn','ND','Openemria','(64) 432-9000','OEMR.org','','','ND','Openemria','Auburn','','2011-10-10','85','Female','FALSE');
INSERT INTO `form_encounter` (`id`, `date`, `reason`, `facility`, `facility_id`, `pid`, `encounter`,
     `onset_date`, `sensitivity`, `billing_note`, `pc_catid`, `last_level_billed`, `last_level_closed`, `last_stmt_date`, `stmt_count`,
      `provider_id`, `supervisor_id`, `invoice_refno`, `referral_source`, `billing_facility`) VALUES
    ('480','2017-3-31 10:30:00', 'Test Encounter', 'Your Clinic Name Here', '3','85','480', '0000-00-00 00:00:00', 'normal', 'NULL','5', '0', '0','NULL', '0', '1', '0', '', '', '3');
INSERT INTO `forms` (`id`, `date`, `encounter`, `form_name`, `form_id`, `pid`, `user`, `groupname`, `authorized`, `deleted`, `formdir`) VALUES
    ('480','2017-3-31 10:30:00','480', 'Patient Encounter', '480', '85', 'admin', 'Default', '1', '0', 'patient_encounter');
INSERT INTO `libreehr_postcalendar_events` 
        (`pc_catid`,`pc_multiple`,`pc_aid`,`pc_pid`,`pc_title`,`pc_time`,`pc_hometext`,`pc_comments`,`pc_counter`,`pc_topic`,`pc_informant`,`pc_eventDate`,
        `pc_endDate`,`pc_duration`,`pc_recurrtype`,`pc_recurrspec`,`pc_recurrfreq`,`pc_startTime`,`pc_endTime`,`pc_alldayevent`,`pc_location`,`pc_eventstatus`,
        `pc_sharing`,`pc_apptstatus`,`pc_prefcatid`,`pc_facility`,`pc_billing_location`)VALUES
        ( 1,479,'1','85','Office Visit','2017-3-31 10:30:00','Clinical Appointment',0,0,1,'1',
        '2017-3-31 10:30:00','0000-00-00',900,0,
        'a:6:{s:17:"event_repeat_freq";s:1:"0";s:22:"event_repeat_freq_type";s:1:"0";s:19:"event_repeat_on_num";s:1:"1";s:19:"event_repeat_on_day";s:1:"0";s:20:"event_repeat_on_freq";s:1:"0";s:6:"exdate";s:0:"";}',
        0,'10:30:00','10:45:00',0,
        'a:6:{s:14:"event_location";s:0:"";s:13:"event_street1";s:0:"";s:13:"event_street2";s:0:"";s:10:"event_city";s:0:"";s:11:"event_state";s:0:"";s:12:"event_postal";s:0:"";}',
        1,1,'-',0,1,1);
INSERT INTO `form_encounter` (`id`, `date`, `reason`, `facility`, `facility_id`, `pid`, `encounter`,
     `onset_date`, `sensitivity`, `billing_note`, `pc_catid`, `last_level_billed`, `last_level_closed`, `last_stmt_date`, `stmt_count`,
      `provider_id`, `supervisor_id`, `invoice_refno`, `referral_source`, `billing_facility`) VALUES
    ('481','2017-4-30 14:30:00', 'Test Encounter', 'Your Clinic Name Here', '3','85','481', '0000-00-00 00:00:00', 'normal', 'NULL','9', '0', '0','NULL', '0', '1', '0', '', '', '3');
INSERT INTO `forms` (`id`, `date`, `encounter`, `form_name`, `form_id`, `pid`, `user`, `groupname`, `authorized`, `deleted`, `formdir`) VALUES
    ('481','2017-4-30 14:30:00','481', 'Patient Encounter', '481', '85', 'admin', 'Default', '1', '0', 'patient_encounter');
INSERT INTO `libreehr_postcalendar_events` 
        (`pc_catid`,`pc_multiple`,`pc_aid`,`pc_pid`,`pc_title`,`pc_time`,`pc_hometext`,`pc_comments`,`pc_counter`,`pc_topic`,`pc_informant`,`pc_eventDate`,
        `pc_endDate`,`pc_duration`,`pc_recurrtype`,`pc_recurrspec`,`pc_recurrfreq`,`pc_startTime`,`pc_endTime`,`pc_alldayevent`,`pc_location`,`pc_eventstatus`,
        `pc_sharing`,`pc_apptstatus`,`pc_prefcatid`,`pc_facility`,`pc_billing_location`)VALUES
        ( 1,480,'1','85','Office Visit','2017-4-30 14:30:00','Clinical Appointment',0,0,1,'1',
        '2017-4-30 14:30:00','0000-00-00',900,0,
        'a:6:{s:17:"event_repeat_freq";s:1:"0";s:22:"event_repeat_freq_type";s:1:"0";s:19:"event_repeat_on_num";s:1:"1";s:19:"event_repeat_on_day";s:1:"0";s:20:"event_repeat_on_freq";s:1:"0";s:6:"exdate";s:0:"";}',
        0,'14:30:00','14:45:00',0,
        'a:6:{s:14:"event_location";s:0:"";s:13:"event_street1";s:0:"";s:13:"event_street2";s:0:"";s:10:"event_city";s:0:"";s:11:"event_state";s:0:"";s:12:"event_postal";s:0:"";}',
        1,1,'-',0,1,1);
INSERT INTO `form_encounter` (`id`, `date`, `reason`, `facility`, `facility_id`, `pid`, `encounter`,
     `onset_date`, `sensitivity`, `billing_note`, `pc_catid`, `last_level_billed`, `last_level_closed`, `last_stmt_date`, `stmt_count`,
      `provider_id`, `supervisor_id`, `invoice_refno`, `referral_source`, `billing_facility`) VALUES
    ('482','2017-5-30 10:30:00', 'Test Encounter', 'Your Clinic Name Here', '3','85','482', '0000-00-00 00:00:00', 'normal', 'NULL','7', '0', '0','NULL', '0', '1', '0', '', '', '3');
INSERT INTO `forms` (`id`, `date`, `encounter`, `form_name`, `form_id`, `pid`, `user`, `groupname`, `authorized`, `deleted`, `formdir`) VALUES
    ('482','2017-5-30 10:30:00','482', 'Patient Encounter', '482', '85', 'admin', 'Default', '1', '0', 'patient_encounter');
INSERT INTO `libreehr_postcalendar_events` 
        (`pc_catid`,`pc_multiple`,`pc_aid`,`pc_pid`,`pc_title`,`pc_time`,`pc_hometext`,`pc_comments`,`pc_counter`,`pc_topic`,`pc_informant`,`pc_eventDate`,
        `pc_endDate`,`pc_duration`,`pc_recurrtype`,`pc_recurrspec`,`pc_recurrfreq`,`pc_startTime`,`pc_endTime`,`pc_alldayevent`,`pc_location`,`pc_eventstatus`,
        `pc_sharing`,`pc_apptstatus`,`pc_prefcatid`,`pc_facility`,`pc_billing_location`)VALUES
        ( 1,481,'1','85','Office Visit','2017-5-30 10:30:00','Clinical Appointment',0,0,1,'1',
        '2017-5-30 10:30:00','0000-00-00',900,0,
        'a:6:{s:17:"event_repeat_freq";s:1:"0";s:22:"event_repeat_freq_type";s:1:"0";s:19:"event_repeat_on_num";s:1:"1";s:19:"event_repeat_on_day";s:1:"0";s:20:"event_repeat_on_freq";s:1:"0";s:6:"exdate";s:0:"";}',
        0,'10:30:00','10:45:00',0,
        'a:6:{s:14:"event_location";s:0:"";s:13:"event_street1";s:0:"";s:13:"event_street2";s:0:"";s:10:"event_city";s:0:"";s:11:"event_state";s:0:"";s:12:"event_postal";s:0:"";}',
        1,1,'-',0,1,1);
INSERT INTO `form_encounter` (`id`, `date`, `reason`, `facility`, `facility_id`, `pid`, `encounter`,
     `onset_date`, `sensitivity`, `billing_note`, `pc_catid`, `last_level_billed`, `last_level_closed`, `last_stmt_date`, `stmt_count`,
      `provider_id`, `supervisor_id`, `invoice_refno`, `referral_source`, `billing_facility`) VALUES
    ('483','2017-6-29 17:30:00', 'Test Encounter', 'Your Clinic Name Here', '3','85','483', '0000-00-00 00:00:00', 'normal', 'NULL','2', '0', '0','NULL', '0', '1', '0', '', '', '3');
INSERT INTO `forms` (`id`, `date`, `encounter`, `form_name`, `form_id`, `pid`, `user`, `groupname`, `authorized`, `deleted`, `formdir`) VALUES
    ('483','2017-6-29 17:30:00','483', 'Patient Encounter', '483', '85', 'admin', 'Default', '1', '0', 'patient_encounter');
INSERT INTO `libreehr_postcalendar_events` 
        (`pc_catid`,`pc_multiple`,`pc_aid`,`pc_pid`,`pc_title`,`pc_time`,`pc_hometext`,`pc_comments`,`pc_counter`,`pc_topic`,`pc_informant`,`pc_eventDate`,
        `pc_endDate`,`pc_duration`,`pc_recurrtype`,`pc_recurrspec`,`pc_recurrfreq`,`pc_startTime`,`pc_endTime`,`pc_alldayevent`,`pc_location`,`pc_eventstatus`,
        `pc_sharing`,`pc_apptstatus`,`pc_prefcatid`,`pc_facility`,`pc_billing_location`)VALUES
        ( 1,482,'1','85','Office Visit','2017-6-29 17:30:00','Clinical Appointment',0,0,1,'1',
        '2017-6-29 17:30:00','0000-00-00',900,0,
        'a:6:{s:17:"event_repeat_freq";s:1:"0";s:22:"event_repeat_freq_type";s:1:"0";s:19:"event_repeat_on_num";s:1:"1";s:19:"event_repeat_on_day";s:1:"0";s:20:"event_repeat_on_freq";s:1:"0";s:6:"exdate";s:0:"";}',
        0,'17:30:00','17:45:00',0,
        'a:6:{s:14:"event_location";s:0:"";s:13:"event_street1";s:0:"";s:13:"event_street2";s:0:"";s:10:"event_city";s:0:"";s:11:"event_state";s:0:"";s:12:"event_postal";s:0:"";}',
        1,1,'-',0,1,1);
INSERT INTO `form_encounter` (`id`, `date`, `reason`, `facility`, `facility_id`, `pid`, `encounter`,
     `onset_date`, `sensitivity`, `billing_note`, `pc_catid`, `last_level_billed`, `last_level_closed`, `last_stmt_date`, `stmt_count`,
      `provider_id`, `supervisor_id`, `invoice_refno`, `referral_source`, `billing_facility`) VALUES
    ('484','2017-7-29 16:00:00', 'Test Encounter', 'Your Clinic Name Here', '3','85','484', '0000-00-00 00:00:00', 'normal', 'NULL','9', '0', '0','NULL', '0', '1', '0', '', '', '3');
INSERT INTO `forms` (`id`, `date`, `encounter`, `form_name`, `form_id`, `pid`, `user`, `groupname`, `authorized`, `deleted`, `formdir`) VALUES
    ('484','2017-7-29 16:00:00','484', 'Patient Encounter', '484', '85', 'admin', 'Default', '1', '0', 'patient_encounter');
INSERT INTO `libreehr_postcalendar_events` 
        (`pc_catid`,`pc_multiple`,`pc_aid`,`pc_pid`,`pc_title`,`pc_time`,`pc_hometext`,`pc_comments`,`pc_counter`,`pc_topic`,`pc_informant`,`pc_eventDate`,
        `pc_endDate`,`pc_duration`,`pc_recurrtype`,`pc_recurrspec`,`pc_recurrfreq`,`pc_startTime`,`pc_endTime`,`pc_alldayevent`,`pc_location`,`pc_eventstatus`,
        `pc_sharing`,`pc_apptstatus`,`pc_prefcatid`,`pc_facility`,`pc_billing_location`)VALUES
        ( 1,483,'1','85','Office Visit','2017-7-29 16:00:00','Clinical Appointment',0,0,1,'1',
        '2017-7-29 16:00:00','0000-00-00',900,0,
        'a:6:{s:17:"event_repeat_freq";s:1:"0";s:22:"event_repeat_freq_type";s:1:"0";s:19:"event_repeat_on_num";s:1:"1";s:19:"event_repeat_on_day";s:1:"0";s:20:"event_repeat_on_freq";s:1:"0";s:6:"exdate";s:0:"";}',
        0,'16:00:00','16:15:00',0,
        'a:6:{s:14:"event_location";s:0:"";s:13:"event_street1";s:0:"";s:13:"event_street2";s:0:"";s:10:"event_city";s:0:"";s:11:"event_state";s:0:"";s:12:"event_postal";s:0:"";}',
        1,1,'-',0,1,1);
INSERT INTO `form_encounter` (`id`, `date`, `reason`, `facility`, `facility_id`, `pid`, `encounter`,
     `onset_date`, `sensitivity`, `billing_note`, `pc_catid`, `last_level_billed`, `last_level_closed`, `last_stmt_date`, `stmt_count`,
      `provider_id`, `supervisor_id`, `invoice_refno`, `referral_source`, `billing_facility`) VALUES
    ('485','2017-8-28 17:00:00', 'Test Encounter', 'Your Clinic Name Here', '3','85','485', '0000-00-00 00:00:00', 'normal', 'NULL','5', '0', '0','NULL', '0', '1', '0', '', '', '3');
INSERT INTO `forms` (`id`, `date`, `encounter`, `form_name`, `form_id`, `pid`, `user`, `groupname`, `authorized`, `deleted`, `formdir`) VALUES
    ('485','2017-8-28 17:00:00','485', 'Patient Encounter', '485', '85', 'admin', 'Default', '1', '0', 'patient_encounter');
INSERT INTO `libreehr_postcalendar_events` 
        (`pc_catid`,`pc_multiple`,`pc_aid`,`pc_pid`,`pc_title`,`pc_time`,`pc_hometext`,`pc_comments`,`pc_counter`,`pc_topic`,`pc_informant`,`pc_eventDate`,
        `pc_endDate`,`pc_duration`,`pc_recurrtype`,`pc_recurrspec`,`pc_recurrfreq`,`pc_startTime`,`pc_endTime`,`pc_alldayevent`,`pc_location`,`pc_eventstatus`,
        `pc_sharing`,`pc_apptstatus`,`pc_prefcatid`,`pc_facility`,`pc_billing_location`)VALUES
        ( 1,484,'1','85','Office Visit','2017-8-28 17:00:00','Clinical Appointment',0,0,1,'1',
        '2017-8-28 17:00:00','0000-00-00',900,0,
        'a:6:{s:17:"event_repeat_freq";s:1:"0";s:22:"event_repeat_freq_type";s:1:"0";s:19:"event_repeat_on_num";s:1:"1";s:19:"event_repeat_on_day";s:1:"0";s:20:"event_repeat_on_freq";s:1:"0";s:6:"exdate";s:0:"";}',
        0,'17:00:00','17:15:00',0,
        'a:6:{s:14:"event_location";s:0:"";s:13:"event_street1";s:0:"";s:13:"event_street2";s:0:"";s:10:"event_city";s:0:"";s:11:"event_state";s:0:"";s:12:"event_postal";s:0:"";}',
        1,1,'-',0,1,1);
INSERT INTO `form_encounter` (`id`, `date`, `reason`, `facility`, `facility_id`, `pid`, `encounter`,
     `onset_date`, `sensitivity`, `billing_note`, `pc_catid`, `last_level_billed`, `last_level_closed`, `last_stmt_date`, `stmt_count`,
      `provider_id`, `supervisor_id`, `invoice_refno`, `referral_source`, `billing_facility`) VALUES
    ('486','2017-9-27 14:30:00', 'Test Encounter', 'Your Clinic Name Here', '3','85','486', '0000-00-00 00:00:00', 'normal', 'NULL','7', '0', '0','NULL', '0', '1', '0', '', '', '3');
INSERT INTO `forms` (`id`, `date`, `encounter`, `form_name`, `form_id`, `pid`, `user`, `groupname`, `authorized`, `deleted`, `formdir`) VALUES
    ('486','2017-9-27 14:30:00','486', 'Patient Encounter', '486', '85', 'admin', 'Default', '1', '0', 'patient_encounter');
INSERT INTO `libreehr_postcalendar_events` 
        (`pc_catid`,`pc_multiple`,`pc_aid`,`pc_pid`,`pc_title`,`pc_time`,`pc_hometext`,`pc_comments`,`pc_counter`,`pc_topic`,`pc_informant`,`pc_eventDate`,
        `pc_endDate`,`pc_duration`,`pc_recurrtype`,`pc_recurrspec`,`pc_recurrfreq`,`pc_startTime`,`pc_endTime`,`pc_alldayevent`,`pc_location`,`pc_eventstatus`,
        `pc_sharing`,`pc_apptstatus`,`pc_prefcatid`,`pc_facility`,`pc_billing_location`)VALUES
        ( 1,485,'1','85','Office Visit','2017-9-27 14:30:00','Clinical Appointment',0,0,1,'1',
        '2017-9-27 14:30:00','0000-00-00',900,0,
        'a:6:{s:17:"event_repeat_freq";s:1:"0";s:22:"event_repeat_freq_type";s:1:"0";s:19:"event_repeat_on_num";s:1:"1";s:19:"event_repeat_on_day";s:1:"0";s:20:"event_repeat_on_freq";s:1:"0";s:6:"exdate";s:0:"";}',
        0,'14:30:00','14:45:00',0,
        'a:6:{s:14:"event_location";s:0:"";s:13:"event_street1";s:0:"";s:13:"event_street2";s:0:"";s:10:"event_city";s:0:"";s:11:"event_state";s:0:"";s:12:"event_postal";s:0:"";}',
        1,1,'-',0,1,1);
INSERT INTO `patient_data` (`title`, `language`, `financial`, `fname`, `lname`, `mname`, `DOB`,`street`, `postal_code`, `city`, `state`,  `drivers_license`, `ss`,`occupation`, `phone_home`, `phone_biz`, `phone_contact`, `phone_cell`,`status`, `contact_relationship`, `date`, `sex`, `referrer`, `referrerID`,`providerID`, `email`, `ethnoracial`, `interpretter`, `migrantseasonal`,`family_size`, `monthly_income`, `homeless`, `financial_review`, `pubpid`,`pid`, `genericname1`, `genericval1`, `genericname2`, `genericval2`) VALUES
 ('Mr.','English','','ISAAC','GONZALES','D.','2009-1-19','1778 LakeSt.','4855','Jackson','WA','569793930','195578767',' ','(357) 309-9135','(357) 309-9135','(357) 309-9135','(357) 309-9135','single','Friend','2003-11-17 12:06:00','Male','ANTHONY WOODS','1','1','ISAAC@LibreEHR.org','Vietnamese',' ',' ','7','4940',' ','000-00-00 00:00:00','86','86',' ',' ',' ',' ');
INSERT INTO `insurance_data` (`id`, `type`, `provider`, `plan_name`, `policy_number`,`group_number`, `subscriber_lname`, `subscriber_mname`, `subscriber_fname`, `subscriber_relationship`, `subscriber_ss`,`subscriber_DOB`, `subscriber_street`, `subscriber_postal_code`, `subscriber_city`, `subscriber_state`, `subscriber_country`,`subscriber_phone`, `subscriber_employer`, `subscriber_employer_street`, `subscriber_employer_postal_code`,`subscriber_employer_state`, `subscriber_employer_country`, `subscriber_employer_city`, `copay`, `date`, `pid`,`subscriber_sex`, `accept_assignment`) VALUES('253','primary','6186','Green Mutual LTD','550689767','167820091','GONZALES','D.','ISAAC','self','195578767','2009-1-19','1778 LakeSt.','4855','Jackson','WA','Openemria','(357) 309-9135','OEMR.org','','','WA','Openemria','Jackson','','2011-10-10','86','Male','TRUE');
INSERT INTO `insurance_data` (`id`, `type`, `provider`, `plan_name`, `policy_number`,`group_number`, `subscriber_lname`, `subscriber_mname`, `subscriber_fname`, `subscriber_relationship`, `subscriber_ss`,`subscriber_DOB`, `subscriber_street`, `subscriber_postal_code`, `subscriber_city`, `subscriber_state`, `subscriber_country`,`subscriber_phone`, `subscriber_employer`, `subscriber_employer_street`, `subscriber_employer_postal_code`,`subscriber_employer_state`, `subscriber_employer_country`, `subscriber_employer_city`, `copay`, `date`, `pid`,`subscriber_sex`, `accept_assignment`) VALUES('254','secondary','7519','Litigeous Heartless LTD','150357489','821753284','GONZALES','D.','ISAAC','self','195578767','2009-1-19','1778 LakeSt.','4855','Jackson','WA','Openemria','(357) 309-9135','OEMR.org','','','WA','Openemria','Jackson','','2011-10-10','86','Male','TRUE');
INSERT INTO `insurance_data` (`id`, `type`, `provider`, `plan_name`, `policy_number`,`group_number`, `subscriber_lname`, `subscriber_mname`, `subscriber_fname`, `subscriber_relationship`, `subscriber_ss`,`subscriber_DOB`, `subscriber_street`, `subscriber_postal_code`, `subscriber_city`, `subscriber_state`, `subscriber_country`,`subscriber_phone`, `subscriber_employer`, `subscriber_employer_street`, `subscriber_employer_postal_code`,`subscriber_employer_state`, `subscriber_employer_country`, `subscriber_employer_city`, `copay`, `date`, `pid`,`subscriber_sex`, `accept_assignment`) VALUES('255','tertiary','2651','Puce Mutual HMO','437840515','505610975','GONZALES','D.','ISAAC','self','195578767','2009-1-19','1778 LakeSt.','4855','Jackson','WA','Openemria','(357) 309-9135','OEMR.org','','','WA','Openemria','Jackson','','2011-10-10','86','Male','TRUE');
INSERT INTO `form_encounter` (`id`, `date`, `reason`, `facility`, `facility_id`, `pid`, `encounter`,
     `onset_date`, `sensitivity`, `billing_note`, `pc_catid`, `last_level_billed`, `last_level_closed`, `last_stmt_date`, `stmt_count`,
      `provider_id`, `supervisor_id`, `invoice_refno`, `referral_source`, `billing_facility`) VALUES
    ('487','2017-4-30 15:30:00', 'Test Encounter', 'Your Clinic Name Here', '3','86','487', '0000-00-00 00:00:00', 'normal', 'NULL','3', '0', '0','NULL', '0', '1', '0', '', '', '3');
INSERT INTO `forms` (`id`, `date`, `encounter`, `form_name`, `form_id`, `pid`, `user`, `groupname`, `authorized`, `deleted`, `formdir`) VALUES
    ('487','2017-4-30 15:30:00','487', 'Patient Encounter', '487', '86', 'admin', 'Default', '1', '0', 'patient_encounter');
INSERT INTO `libreehr_postcalendar_events` 
        (`pc_catid`,`pc_multiple`,`pc_aid`,`pc_pid`,`pc_title`,`pc_time`,`pc_hometext`,`pc_comments`,`pc_counter`,`pc_topic`,`pc_informant`,`pc_eventDate`,
        `pc_endDate`,`pc_duration`,`pc_recurrtype`,`pc_recurrspec`,`pc_recurrfreq`,`pc_startTime`,`pc_endTime`,`pc_alldayevent`,`pc_location`,`pc_eventstatus`,
        `pc_sharing`,`pc_apptstatus`,`pc_prefcatid`,`pc_facility`,`pc_billing_location`)VALUES
        ( 1,486,'1','86','Office Visit','2017-4-30 15:30:00','Clinical Appointment',0,0,1,'1',
        '2017-4-30 15:30:00','0000-00-00',900,0,
        'a:6:{s:17:"event_repeat_freq";s:1:"0";s:22:"event_repeat_freq_type";s:1:"0";s:19:"event_repeat_on_num";s:1:"1";s:19:"event_repeat_on_day";s:1:"0";s:20:"event_repeat_on_freq";s:1:"0";s:6:"exdate";s:0:"";}',
        0,'15:30:00','15:45:00',0,
        'a:6:{s:14:"event_location";s:0:"";s:13:"event_street1";s:0:"";s:13:"event_street2";s:0:"";s:10:"event_city";s:0:"";s:11:"event_state";s:0:"";s:12:"event_postal";s:0:"";}',
        1,1,'-',0,1,1);
INSERT INTO `form_encounter` (`id`, `date`, `reason`, `facility`, `facility_id`, `pid`, `encounter`,
     `onset_date`, `sensitivity`, `billing_note`, `pc_catid`, `last_level_billed`, `last_level_closed`, `last_stmt_date`, `stmt_count`,
      `provider_id`, `supervisor_id`, `invoice_refno`, `referral_source`, `billing_facility`) VALUES
    ('488','2017-5-30 10:15:00', 'Test Encounter', 'Your Clinic Name Here', '3','86','488', '0000-00-00 00:00:00', 'normal', 'NULL','2', '0', '0','NULL', '0', '1', '0', '', '', '3');
INSERT INTO `forms` (`id`, `date`, `encounter`, `form_name`, `form_id`, `pid`, `user`, `groupname`, `authorized`, `deleted`, `formdir`) VALUES
    ('488','2017-5-30 10:15:00','488', 'Patient Encounter', '488', '86', 'admin', 'Default', '1', '0', 'patient_encounter');
INSERT INTO `libreehr_postcalendar_events` 
        (`pc_catid`,`pc_multiple`,`pc_aid`,`pc_pid`,`pc_title`,`pc_time`,`pc_hometext`,`pc_comments`,`pc_counter`,`pc_topic`,`pc_informant`,`pc_eventDate`,
        `pc_endDate`,`pc_duration`,`pc_recurrtype`,`pc_recurrspec`,`pc_recurrfreq`,`pc_startTime`,`pc_endTime`,`pc_alldayevent`,`pc_location`,`pc_eventstatus`,
        `pc_sharing`,`pc_apptstatus`,`pc_prefcatid`,`pc_facility`,`pc_billing_location`)VALUES
        ( 1,487,'1','86','Office Visit','2017-5-30 10:15:00','Clinical Appointment',0,0,1,'1',
        '2017-5-30 10:15:00','0000-00-00',900,0,
        'a:6:{s:17:"event_repeat_freq";s:1:"0";s:22:"event_repeat_freq_type";s:1:"0";s:19:"event_repeat_on_num";s:1:"1";s:19:"event_repeat_on_day";s:1:"0";s:20:"event_repeat_on_freq";s:1:"0";s:6:"exdate";s:0:"";}',
        0,'10:15:00','10:30:00',0,
        'a:6:{s:14:"event_location";s:0:"";s:13:"event_street1";s:0:"";s:13:"event_street2";s:0:"";s:10:"event_city";s:0:"";s:11:"event_state";s:0:"";s:12:"event_postal";s:0:"";}',
        1,1,'-',0,1,1);
INSERT INTO `form_encounter` (`id`, `date`, `reason`, `facility`, `facility_id`, `pid`, `encounter`,
     `onset_date`, `sensitivity`, `billing_note`, `pc_catid`, `last_level_billed`, `last_level_closed`, `last_stmt_date`, `stmt_count`,
      `provider_id`, `supervisor_id`, `invoice_refno`, `referral_source`, `billing_facility`) VALUES
    ('489','2017-6-29 14:00:00', 'Test Encounter', 'Your Clinic Name Here', '3','86','489', '0000-00-00 00:00:00', 'normal', 'NULL','3', '0', '0','NULL', '0', '1', '0', '', '', '3');
INSERT INTO `forms` (`id`, `date`, `encounter`, `form_name`, `form_id`, `pid`, `user`, `groupname`, `authorized`, `deleted`, `formdir`) VALUES
    ('489','2017-6-29 14:00:00','489', 'Patient Encounter', '489', '86', 'admin', 'Default', '1', '0', 'patient_encounter');
INSERT INTO `libreehr_postcalendar_events` 
        (`pc_catid`,`pc_multiple`,`pc_aid`,`pc_pid`,`pc_title`,`pc_time`,`pc_hometext`,`pc_comments`,`pc_counter`,`pc_topic`,`pc_informant`,`pc_eventDate`,
        `pc_endDate`,`pc_duration`,`pc_recurrtype`,`pc_recurrspec`,`pc_recurrfreq`,`pc_startTime`,`pc_endTime`,`pc_alldayevent`,`pc_location`,`pc_eventstatus`,
        `pc_sharing`,`pc_apptstatus`,`pc_prefcatid`,`pc_facility`,`pc_billing_location`)VALUES
        ( 1,488,'1','86','Office Visit','2017-6-29 14:00:00','Clinical Appointment',0,0,1,'1',
        '2017-6-29 14:00:00','0000-00-00',900,0,
        'a:6:{s:17:"event_repeat_freq";s:1:"0";s:22:"event_repeat_freq_type";s:1:"0";s:19:"event_repeat_on_num";s:1:"1";s:19:"event_repeat_on_day";s:1:"0";s:20:"event_repeat_on_freq";s:1:"0";s:6:"exdate";s:0:"";}',
        0,'14:00:00','14:15:00',0,
        'a:6:{s:14:"event_location";s:0:"";s:13:"event_street1";s:0:"";s:13:"event_street2";s:0:"";s:10:"event_city";s:0:"";s:11:"event_state";s:0:"";s:12:"event_postal";s:0:"";}',
        1,1,'-',0,1,1);
INSERT INTO `form_encounter` (`id`, `date`, `reason`, `facility`, `facility_id`, `pid`, `encounter`,
     `onset_date`, `sensitivity`, `billing_note`, `pc_catid`, `last_level_billed`, `last_level_closed`, `last_stmt_date`, `stmt_count`,
      `provider_id`, `supervisor_id`, `invoice_refno`, `referral_source`, `billing_facility`) VALUES
    ('490','2017-7-29 10:30:00', 'Test Encounter', 'Your Clinic Name Here', '3','86','490', '0000-00-00 00:00:00', 'normal', 'NULL','5', '0', '0','NULL', '0', '1', '0', '', '', '3');
INSERT INTO `forms` (`id`, `date`, `encounter`, `form_name`, `form_id`, `pid`, `user`, `groupname`, `authorized`, `deleted`, `formdir`) VALUES
    ('490','2017-7-29 10:30:00','490', 'Patient Encounter', '490', '86', 'admin', 'Default', '1', '0', 'patient_encounter');
INSERT INTO `libreehr_postcalendar_events` 
        (`pc_catid`,`pc_multiple`,`pc_aid`,`pc_pid`,`pc_title`,`pc_time`,`pc_hometext`,`pc_comments`,`pc_counter`,`pc_topic`,`pc_informant`,`pc_eventDate`,
        `pc_endDate`,`pc_duration`,`pc_recurrtype`,`pc_recurrspec`,`pc_recurrfreq`,`pc_startTime`,`pc_endTime`,`pc_alldayevent`,`pc_location`,`pc_eventstatus`,
        `pc_sharing`,`pc_apptstatus`,`pc_prefcatid`,`pc_facility`,`pc_billing_location`)VALUES
        ( 1,489,'1','86','Office Visit','2017-7-29 10:30:00','Clinical Appointment',0,0,1,'1',
        '2017-7-29 10:30:00','0000-00-00',900,0,
        'a:6:{s:17:"event_repeat_freq";s:1:"0";s:22:"event_repeat_freq_type";s:1:"0";s:19:"event_repeat_on_num";s:1:"1";s:19:"event_repeat_on_day";s:1:"0";s:20:"event_repeat_on_freq";s:1:"0";s:6:"exdate";s:0:"";}',
        0,'10:30:00','10:45:00',0,
        'a:6:{s:14:"event_location";s:0:"";s:13:"event_street1";s:0:"";s:13:"event_street2";s:0:"";s:10:"event_city";s:0:"";s:11:"event_state";s:0:"";s:12:"event_postal";s:0:"";}',
        1,1,'-',0,1,1);
INSERT INTO `form_encounter` (`id`, `date`, `reason`, `facility`, `facility_id`, `pid`, `encounter`,
     `onset_date`, `sensitivity`, `billing_note`, `pc_catid`, `last_level_billed`, `last_level_closed`, `last_stmt_date`, `stmt_count`,
      `provider_id`, `supervisor_id`, `invoice_refno`, `referral_source`, `billing_facility`) VALUES
    ('491','2017-8-28 14:30:00', 'Test Encounter', 'Your Clinic Name Here', '3','86','491', '0000-00-00 00:00:00', 'normal', 'NULL','6', '0', '0','NULL', '0', '1', '0', '', '', '3');
INSERT INTO `forms` (`id`, `date`, `encounter`, `form_name`, `form_id`, `pid`, `user`, `groupname`, `authorized`, `deleted`, `formdir`) VALUES
    ('491','2017-8-28 14:30:00','491', 'Patient Encounter', '491', '86', 'admin', 'Default', '1', '0', 'patient_encounter');
INSERT INTO `libreehr_postcalendar_events` 
        (`pc_catid`,`pc_multiple`,`pc_aid`,`pc_pid`,`pc_title`,`pc_time`,`pc_hometext`,`pc_comments`,`pc_counter`,`pc_topic`,`pc_informant`,`pc_eventDate`,
        `pc_endDate`,`pc_duration`,`pc_recurrtype`,`pc_recurrspec`,`pc_recurrfreq`,`pc_startTime`,`pc_endTime`,`pc_alldayevent`,`pc_location`,`pc_eventstatus`,
        `pc_sharing`,`pc_apptstatus`,`pc_prefcatid`,`pc_facility`,`pc_billing_location`)VALUES
        ( 1,490,'1','86','Office Visit','2017-8-28 14:30:00','Clinical Appointment',0,0,1,'1',
        '2017-8-28 14:30:00','0000-00-00',900,0,
        'a:6:{s:17:"event_repeat_freq";s:1:"0";s:22:"event_repeat_freq_type";s:1:"0";s:19:"event_repeat_on_num";s:1:"1";s:19:"event_repeat_on_day";s:1:"0";s:20:"event_repeat_on_freq";s:1:"0";s:6:"exdate";s:0:"";}',
        0,'14:30:00','14:45:00',0,
        'a:6:{s:14:"event_location";s:0:"";s:13:"event_street1";s:0:"";s:13:"event_street2";s:0:"";s:10:"event_city";s:0:"";s:11:"event_state";s:0:"";s:12:"event_postal";s:0:"";}',
        1,1,'-',0,1,1);
INSERT INTO `form_encounter` (`id`, `date`, `reason`, `facility`, `facility_id`, `pid`, `encounter`,
     `onset_date`, `sensitivity`, `billing_note`, `pc_catid`, `last_level_billed`, `last_level_closed`, `last_stmt_date`, `stmt_count`,
      `provider_id`, `supervisor_id`, `invoice_refno`, `referral_source`, `billing_facility`) VALUES
    ('492','2017-9-27 17:00:00', 'Test Encounter', 'Your Clinic Name Here', '3','86','492', '0000-00-00 00:00:00', 'normal', 'NULL','1', '0', '0','NULL', '0', '1', '0', '', '', '3');
INSERT INTO `forms` (`id`, `date`, `encounter`, `form_name`, `form_id`, `pid`, `user`, `groupname`, `authorized`, `deleted`, `formdir`) VALUES
    ('492','2017-9-27 17:00:00','492', 'Patient Encounter', '492', '86', 'admin', 'Default', '1', '0', 'patient_encounter');
INSERT INTO `libreehr_postcalendar_events` 
        (`pc_catid`,`pc_multiple`,`pc_aid`,`pc_pid`,`pc_title`,`pc_time`,`pc_hometext`,`pc_comments`,`pc_counter`,`pc_topic`,`pc_informant`,`pc_eventDate`,
        `pc_endDate`,`pc_duration`,`pc_recurrtype`,`pc_recurrspec`,`pc_recurrfreq`,`pc_startTime`,`pc_endTime`,`pc_alldayevent`,`pc_location`,`pc_eventstatus`,
        `pc_sharing`,`pc_apptstatus`,`pc_prefcatid`,`pc_facility`,`pc_billing_location`)VALUES
        ( 1,491,'1','86','Office Visit','2017-9-27 17:00:00','Clinical Appointment',0,0,1,'1',
        '2017-9-27 17:00:00','0000-00-00',900,0,
        'a:6:{s:17:"event_repeat_freq";s:1:"0";s:22:"event_repeat_freq_type";s:1:"0";s:19:"event_repeat_on_num";s:1:"1";s:19:"event_repeat_on_day";s:1:"0";s:20:"event_repeat_on_freq";s:1:"0";s:6:"exdate";s:0:"";}',
        0,'17:00:00','17:15:00',0,
        'a:6:{s:14:"event_location";s:0:"";s:13:"event_street1";s:0:"";s:13:"event_street2";s:0:"";s:10:"event_city";s:0:"";s:11:"event_state";s:0:"";s:12:"event_postal";s:0:"";}',
        1,1,'-',0,1,1);
INSERT INTO `patient_data` (`title`, `language`, `financial`, `fname`, `lname`, `mname`, `DOB`,`street`, `postal_code`, `city`, `state`,  `drivers_license`, `ss`,`occupation`, `phone_home`, `phone_biz`, `phone_contact`, `phone_cell`,`status`, `contact_relationship`, `date`, `sex`, `referrer`, `referrerID`,`providerID`, `email`, `ethnoracial`, `interpretter`, `migrantseasonal`,`family_size`, `monthly_income`, `homeless`, `financial_review`, `pubpid`,`pid`, `genericname1`, `genericval1`, `genericname2`, `genericval2`) VALUES
 ('Mr.','English','','EARL','SULLIVAN','B.','1960-2-24','2338 22ndHwy','53508','Manchester','NH','881729254','183756996',' ','(617) 583-5643','(617) 583-5643','(617) 583-5643','(617) 583-5643','married','Friend','2003-11-17 12:06:00','Male','MANUEL WALKER','1','1','EARL@LibreEHR.org','Martian',' ',' ','2','5642',' ','000-00-00 00:00:00','87','87',' ',' ',' ',' ');
INSERT INTO `insurance_data` (`id`, `type`, `provider`, `plan_name`, `policy_number`,`group_number`, `subscriber_lname`, `subscriber_mname`, `subscriber_fname`, `subscriber_relationship`, `subscriber_ss`,`subscriber_DOB`, `subscriber_street`, `subscriber_postal_code`, `subscriber_city`, `subscriber_state`, `subscriber_country`,`subscriber_phone`, `subscriber_employer`, `subscriber_employer_street`, `subscriber_employer_postal_code`,`subscriber_employer_state`, `subscriber_employer_country`, `subscriber_employer_city`, `copay`, `date`, `pid`,`subscriber_sex`, `accept_assignment`) VALUES('256','primary','6843','Pink Provider Very LTD.','368412844','619750818','SULLIVAN','B.','EARL','self','183756996','1960-2-24','2338 22ndHwy','53508','Manchester','NH','Openemria','(617) 583-5643','OEMR.org','','','NH','Openemria','Manchester','','2011-10-10','87','Male','TRUE');
INSERT INTO `insurance_data` (`id`, `type`, `provider`, `plan_name`, `policy_number`,`group_number`, `subscriber_lname`, `subscriber_mname`, `subscriber_fname`, `subscriber_relationship`, `subscriber_ss`,`subscriber_DOB`, `subscriber_street`, `subscriber_postal_code`, `subscriber_city`, `subscriber_state`, `subscriber_country`,`subscriber_phone`, `subscriber_employer`, `subscriber_employer_street`, `subscriber_employer_postal_code`,`subscriber_employer_state`, `subscriber_employer_country`, `subscriber_employer_city`, `copay`, `date`, `pid`,`subscriber_sex`, `accept_assignment`) VALUES('257','secondary','8435','Backstreet Helpful Company','770886988','621289467','SULLIVAN','B.','EARL','self','183756996','1960-2-24','2338 22ndHwy','53508','Manchester','NH','Openemria','(617) 583-5643','OEMR.org','','','NH','Openemria','Manchester','','2011-10-10','87','Male','TRUE');
INSERT INTO `insurance_data` (`id`, `type`, `provider`, `plan_name`, `policy_number`,`group_number`, `subscriber_lname`, `subscriber_mname`, `subscriber_fname`, `subscriber_relationship`, `subscriber_ss`,`subscriber_DOB`, `subscriber_street`, `subscriber_postal_code`, `subscriber_city`, `subscriber_state`, `subscriber_country`,`subscriber_phone`, `subscriber_employer`, `subscriber_employer_street`, `subscriber_employer_postal_code`,`subscriber_employer_state`, `subscriber_employer_country`, `subscriber_employer_city`, `copay`, `date`, `pid`,`subscriber_sex`, `accept_assignment`) VALUES('258','tertiary','5612','Violet Group HMO','582446936','398566622','SULLIVAN','B.','EARL','self','183756996','1960-2-24','2338 22ndHwy','53508','Manchester','NH','Openemria','(617) 583-5643','OEMR.org','','','NH','Openemria','Manchester','','2011-10-10','87','Male','FALSE');
INSERT INTO `form_encounter` (`id`, `date`, `reason`, `facility`, `facility_id`, `pid`, `encounter`,
     `onset_date`, `sensitivity`, `billing_note`, `pc_catid`, `last_level_billed`, `last_level_closed`, `last_stmt_date`, `stmt_count`,
      `provider_id`, `supervisor_id`, `invoice_refno`, `referral_source`, `billing_facility`) VALUES
    ('493','2017-9-27 15:15:00', 'Test Encounter', 'Your Clinic Name Here', '3','87','493', '0000-00-00 00:00:00', 'normal', 'NULL','7', '0', '0','NULL', '0', '1', '0', '', '', '3');
INSERT INTO `forms` (`id`, `date`, `encounter`, `form_name`, `form_id`, `pid`, `user`, `groupname`, `authorized`, `deleted`, `formdir`) VALUES
    ('493','2017-9-27 15:15:00','493', 'Patient Encounter', '493', '87', 'admin', 'Default', '1', '0', 'patient_encounter');
INSERT INTO `libreehr_postcalendar_events` 
        (`pc_catid`,`pc_multiple`,`pc_aid`,`pc_pid`,`pc_title`,`pc_time`,`pc_hometext`,`pc_comments`,`pc_counter`,`pc_topic`,`pc_informant`,`pc_eventDate`,
        `pc_endDate`,`pc_duration`,`pc_recurrtype`,`pc_recurrspec`,`pc_recurrfreq`,`pc_startTime`,`pc_endTime`,`pc_alldayevent`,`pc_location`,`pc_eventstatus`,
        `pc_sharing`,`pc_apptstatus`,`pc_prefcatid`,`pc_facility`,`pc_billing_location`)VALUES
        ( 1,492,'1','87','Office Visit','2017-9-27 15:15:00','Clinical Appointment',0,0,1,'1',
        '2017-9-27 15:15:00','0000-00-00',900,0,
        'a:6:{s:17:"event_repeat_freq";s:1:"0";s:22:"event_repeat_freq_type";s:1:"0";s:19:"event_repeat_on_num";s:1:"1";s:19:"event_repeat_on_day";s:1:"0";s:20:"event_repeat_on_freq";s:1:"0";s:6:"exdate";s:0:"";}',
        0,'15:15:00','15:30:00',0,
        'a:6:{s:14:"event_location";s:0:"";s:13:"event_street1";s:0:"";s:13:"event_street2";s:0:"";s:10:"event_city";s:0:"";s:11:"event_state";s:0:"";s:12:"event_postal";s:0:"";}',
        1,1,'-',0,1,1);
INSERT INTO `patient_data` (`title`, `language`, `financial`, `fname`, `lname`, `mname`, `DOB`,`street`, `postal_code`, `city`, `state`,  `drivers_license`, `ss`,`occupation`, `phone_home`, `phone_biz`, `phone_contact`, `phone_cell`,`status`, `contact_relationship`, `date`, `sex`, `referrer`, `referrerID`,`providerID`, `email`, `ethnoracial`, `interpretter`, `migrantseasonal`,`family_size`, `monthly_income`, `homeless`, `financial_review`, `pubpid`,`pid`, `genericname1`, `genericval1`, `genericname2`, `genericval2`) VALUES
 ('Mr.','English','','JOEL','JENSEN','P.','1930-11-24','853 OakHwy','69232','Riverside','ME','624472693','905414479',' ','(583) 796-5030','(583) 796-5030','(583) 796-5030','(583) 796-5030','married','Friend','2003-11-17 12:06:00','Male','ADAM LAWRENCE','1','1','JOEL@LibreEHR.org','Americano',' ',' ','8','1758',' ','000-00-00 00:00:00','88','88',' ',' ',' ',' ');
INSERT INTO `insurance_data` (`id`, `type`, `provider`, `plan_name`, `policy_number`,`group_number`, `subscriber_lname`, `subscriber_mname`, `subscriber_fname`, `subscriber_relationship`, `subscriber_ss`,`subscriber_DOB`, `subscriber_street`, `subscriber_postal_code`, `subscriber_city`, `subscriber_state`, `subscriber_country`,`subscriber_phone`, `subscriber_employer`, `subscriber_employer_street`, `subscriber_employer_postal_code`,`subscriber_employer_state`, `subscriber_employer_country`, `subscriber_employer_city`, `copay`, `date`, `pid`,`subscriber_sex`, `accept_assignment`) VALUES('259','primary','7687','Green Assurance INC.','534895209','680287260','JENSEN','P.','JOEL','self','905414479','1930-11-24','853 OakHwy','69232','Riverside','ME','Openemria','(583) 796-5030','OEMR.org','','','ME','Openemria','Riverside','','2011-10-10','88','Male','FALSE');
INSERT INTO `insurance_data` (`id`, `type`, `provider`, `plan_name`, `policy_number`,`group_number`, `subscriber_lname`, `subscriber_mname`, `subscriber_fname`, `subscriber_relationship`, `subscriber_ss`,`subscriber_DOB`, `subscriber_street`, `subscriber_postal_code`, `subscriber_city`, `subscriber_state`, `subscriber_country`,`subscriber_phone`, `subscriber_employer`, `subscriber_employer_street`, `subscriber_employer_postal_code`,`subscriber_employer_state`, `subscriber_employer_country`, `subscriber_employer_city`, `copay`, `date`, `pid`,`subscriber_sex`, `accept_assignment`) VALUES('260','secondary','6887','Impersonal Insurance HMO','497169598','801482957','JENSEN','P.','JOEL','self','905414479','1930-11-24','853 OakHwy','69232','Riverside','ME','Openemria','(583) 796-5030','OEMR.org','','','ME','Openemria','Riverside','','2011-10-10','88','Male','TRUE');
INSERT INTO `insurance_data` (`id`, `type`, `provider`, `plan_name`, `policy_number`,`group_number`, `subscriber_lname`, `subscriber_mname`, `subscriber_fname`, `subscriber_relationship`, `subscriber_ss`,`subscriber_DOB`, `subscriber_street`, `subscriber_postal_code`, `subscriber_city`, `subscriber_state`, `subscriber_country`,`subscriber_phone`, `subscriber_employer`, `subscriber_employer_street`, `subscriber_employer_postal_code`,`subscriber_employer_state`, `subscriber_employer_country`, `subscriber_employer_city`, `copay`, `date`, `pid`,`subscriber_sex`, `accept_assignment`) VALUES('261','tertiary','6186','Green Mutual LTD','356384361','16199531','JENSEN','P.','JOEL','self','905414479','1930-11-24','853 OakHwy','69232','Riverside','ME','Openemria','(583) 796-5030','OEMR.org','','','ME','Openemria','Riverside','','2011-10-10','88','Male','FALSE');
INSERT INTO `form_encounter` (`id`, `date`, `reason`, `facility`, `facility_id`, `pid`, `encounter`,
     `onset_date`, `sensitivity`, `billing_note`, `pc_catid`, `last_level_billed`, `last_level_closed`, `last_stmt_date`, `stmt_count`,
      `provider_id`, `supervisor_id`, `invoice_refno`, `referral_source`, `billing_facility`) VALUES
    ('494','2017-3-31 10:00:00', 'Test Encounter', 'Your Clinic Name Here', '3','88','494', '0000-00-00 00:00:00', 'normal', 'NULL','3', '0', '0','NULL', '0', '1', '0', '', '', '3');
INSERT INTO `forms` (`id`, `date`, `encounter`, `form_name`, `form_id`, `pid`, `user`, `groupname`, `authorized`, `deleted`, `formdir`) VALUES
    ('494','2017-3-31 10:00:00','494', 'Patient Encounter', '494', '88', 'admin', 'Default', '1', '0', 'patient_encounter');
INSERT INTO `libreehr_postcalendar_events` 
        (`pc_catid`,`pc_multiple`,`pc_aid`,`pc_pid`,`pc_title`,`pc_time`,`pc_hometext`,`pc_comments`,`pc_counter`,`pc_topic`,`pc_informant`,`pc_eventDate`,
        `pc_endDate`,`pc_duration`,`pc_recurrtype`,`pc_recurrspec`,`pc_recurrfreq`,`pc_startTime`,`pc_endTime`,`pc_alldayevent`,`pc_location`,`pc_eventstatus`,
        `pc_sharing`,`pc_apptstatus`,`pc_prefcatid`,`pc_facility`,`pc_billing_location`)VALUES
        ( 1,493,'1','88','Office Visit','2017-3-31 10:00:00','Clinical Appointment',0,0,1,'1',
        '2017-3-31 10:00:00','0000-00-00',900,0,
        'a:6:{s:17:"event_repeat_freq";s:1:"0";s:22:"event_repeat_freq_type";s:1:"0";s:19:"event_repeat_on_num";s:1:"1";s:19:"event_repeat_on_day";s:1:"0";s:20:"event_repeat_on_freq";s:1:"0";s:6:"exdate";s:0:"";}',
        0,'10:00:00','10:15:00',0,
        'a:6:{s:14:"event_location";s:0:"";s:13:"event_street1";s:0:"";s:13:"event_street2";s:0:"";s:10:"event_city";s:0:"";s:11:"event_state";s:0:"";s:12:"event_postal";s:0:"";}',
        1,1,'-',0,1,1);
INSERT INTO `form_encounter` (`id`, `date`, `reason`, `facility`, `facility_id`, `pid`, `encounter`,
     `onset_date`, `sensitivity`, `billing_note`, `pc_catid`, `last_level_billed`, `last_level_closed`, `last_stmt_date`, `stmt_count`,
      `provider_id`, `supervisor_id`, `invoice_refno`, `referral_source`, `billing_facility`) VALUES
    ('495','2017-4-30 13:00:00', 'Test Encounter', 'Your Clinic Name Here', '3','88','495', '0000-00-00 00:00:00', 'normal', 'NULL','1', '0', '0','NULL', '0', '1', '0', '', '', '3');
INSERT INTO `forms` (`id`, `date`, `encounter`, `form_name`, `form_id`, `pid`, `user`, `groupname`, `authorized`, `deleted`, `formdir`) VALUES
    ('495','2017-4-30 13:00:00','495', 'Patient Encounter', '495', '88', 'admin', 'Default', '1', '0', 'patient_encounter');
INSERT INTO `libreehr_postcalendar_events` 
        (`pc_catid`,`pc_multiple`,`pc_aid`,`pc_pid`,`pc_title`,`pc_time`,`pc_hometext`,`pc_comments`,`pc_counter`,`pc_topic`,`pc_informant`,`pc_eventDate`,
        `pc_endDate`,`pc_duration`,`pc_recurrtype`,`pc_recurrspec`,`pc_recurrfreq`,`pc_startTime`,`pc_endTime`,`pc_alldayevent`,`pc_location`,`pc_eventstatus`,
        `pc_sharing`,`pc_apptstatus`,`pc_prefcatid`,`pc_facility`,`pc_billing_location`)VALUES
        ( 1,494,'1','88','Office Visit','2017-4-30 13:00:00','Clinical Appointment',0,0,1,'1',
        '2017-4-30 13:00:00','0000-00-00',900,0,
        'a:6:{s:17:"event_repeat_freq";s:1:"0";s:22:"event_repeat_freq_type";s:1:"0";s:19:"event_repeat_on_num";s:1:"1";s:19:"event_repeat_on_day";s:1:"0";s:20:"event_repeat_on_freq";s:1:"0";s:6:"exdate";s:0:"";}',
        0,'13:00:00','13:15:00',0,
        'a:6:{s:14:"event_location";s:0:"";s:13:"event_street1";s:0:"";s:13:"event_street2";s:0:"";s:10:"event_city";s:0:"";s:11:"event_state";s:0:"";s:12:"event_postal";s:0:"";}',
        1,1,'-',0,1,1);
INSERT INTO `form_encounter` (`id`, `date`, `reason`, `facility`, `facility_id`, `pid`, `encounter`,
     `onset_date`, `sensitivity`, `billing_note`, `pc_catid`, `last_level_billed`, `last_level_closed`, `last_stmt_date`, `stmt_count`,
      `provider_id`, `supervisor_id`, `invoice_refno`, `referral_source`, `billing_facility`) VALUES
    ('496','2017-5-30 16:15:00', 'Test Encounter', 'Your Clinic Name Here', '3','88','496', '0000-00-00 00:00:00', 'normal', 'NULL','5', '0', '0','NULL', '0', '1', '0', '', '', '3');
INSERT INTO `forms` (`id`, `date`, `encounter`, `form_name`, `form_id`, `pid`, `user`, `groupname`, `authorized`, `deleted`, `formdir`) VALUES
    ('496','2017-5-30 16:15:00','496', 'Patient Encounter', '496', '88', 'admin', 'Default', '1', '0', 'patient_encounter');
INSERT INTO `libreehr_postcalendar_events` 
        (`pc_catid`,`pc_multiple`,`pc_aid`,`pc_pid`,`pc_title`,`pc_time`,`pc_hometext`,`pc_comments`,`pc_counter`,`pc_topic`,`pc_informant`,`pc_eventDate`,
        `pc_endDate`,`pc_duration`,`pc_recurrtype`,`pc_recurrspec`,`pc_recurrfreq`,`pc_startTime`,`pc_endTime`,`pc_alldayevent`,`pc_location`,`pc_eventstatus`,
        `pc_sharing`,`pc_apptstatus`,`pc_prefcatid`,`pc_facility`,`pc_billing_location`)VALUES
        ( 1,495,'1','88','Office Visit','2017-5-30 16:15:00','Clinical Appointment',0,0,1,'1',
        '2017-5-30 16:15:00','0000-00-00',900,0,
        'a:6:{s:17:"event_repeat_freq";s:1:"0";s:22:"event_repeat_freq_type";s:1:"0";s:19:"event_repeat_on_num";s:1:"1";s:19:"event_repeat_on_day";s:1:"0";s:20:"event_repeat_on_freq";s:1:"0";s:6:"exdate";s:0:"";}',
        0,'16:15:00','16:30:00',0,
        'a:6:{s:14:"event_location";s:0:"";s:13:"event_street1";s:0:"";s:13:"event_street2";s:0:"";s:10:"event_city";s:0:"";s:11:"event_state";s:0:"";s:12:"event_postal";s:0:"";}',
        1,1,'-',0,1,1);
INSERT INTO `form_encounter` (`id`, `date`, `reason`, `facility`, `facility_id`, `pid`, `encounter`,
     `onset_date`, `sensitivity`, `billing_note`, `pc_catid`, `last_level_billed`, `last_level_closed`, `last_stmt_date`, `stmt_count`,
      `provider_id`, `supervisor_id`, `invoice_refno`, `referral_source`, `billing_facility`) VALUES
    ('497','2017-6-29 14:15:00', 'Test Encounter', 'Your Clinic Name Here', '3','88','497', '0000-00-00 00:00:00', 'normal', 'NULL','1', '0', '0','NULL', '0', '1', '0', '', '', '3');
INSERT INTO `forms` (`id`, `date`, `encounter`, `form_name`, `form_id`, `pid`, `user`, `groupname`, `authorized`, `deleted`, `formdir`) VALUES
    ('497','2017-6-29 14:15:00','497', 'Patient Encounter', '497', '88', 'admin', 'Default', '1', '0', 'patient_encounter');
INSERT INTO `libreehr_postcalendar_events` 
        (`pc_catid`,`pc_multiple`,`pc_aid`,`pc_pid`,`pc_title`,`pc_time`,`pc_hometext`,`pc_comments`,`pc_counter`,`pc_topic`,`pc_informant`,`pc_eventDate`,
        `pc_endDate`,`pc_duration`,`pc_recurrtype`,`pc_recurrspec`,`pc_recurrfreq`,`pc_startTime`,`pc_endTime`,`pc_alldayevent`,`pc_location`,`pc_eventstatus`,
        `pc_sharing`,`pc_apptstatus`,`pc_prefcatid`,`pc_facility`,`pc_billing_location`)VALUES
        ( 1,496,'1','88','Office Visit','2017-6-29 14:15:00','Clinical Appointment',0,0,1,'1',
        '2017-6-29 14:15:00','0000-00-00',900,0,
        'a:6:{s:17:"event_repeat_freq";s:1:"0";s:22:"event_repeat_freq_type";s:1:"0";s:19:"event_repeat_on_num";s:1:"1";s:19:"event_repeat_on_day";s:1:"0";s:20:"event_repeat_on_freq";s:1:"0";s:6:"exdate";s:0:"";}',
        0,'14:15:00','14:30:00',0,
        'a:6:{s:14:"event_location";s:0:"";s:13:"event_street1";s:0:"";s:13:"event_street2";s:0:"";s:10:"event_city";s:0:"";s:11:"event_state";s:0:"";s:12:"event_postal";s:0:"";}',
        1,1,'-',0,1,1);
INSERT INTO `form_encounter` (`id`, `date`, `reason`, `facility`, `facility_id`, `pid`, `encounter`,
     `onset_date`, `sensitivity`, `billing_note`, `pc_catid`, `last_level_billed`, `last_level_closed`, `last_stmt_date`, `stmt_count`,
      `provider_id`, `supervisor_id`, `invoice_refno`, `referral_source`, `billing_facility`) VALUES
    ('498','2017-7-29 15:00:00', 'Test Encounter', 'Your Clinic Name Here', '3','88','498', '0000-00-00 00:00:00', 'normal', 'NULL','2', '0', '0','NULL', '0', '1', '0', '', '', '3');
INSERT INTO `forms` (`id`, `date`, `encounter`, `form_name`, `form_id`, `pid`, `user`, `groupname`, `authorized`, `deleted`, `formdir`) VALUES
    ('498','2017-7-29 15:00:00','498', 'Patient Encounter', '498', '88', 'admin', 'Default', '1', '0', 'patient_encounter');
INSERT INTO `libreehr_postcalendar_events` 
        (`pc_catid`,`pc_multiple`,`pc_aid`,`pc_pid`,`pc_title`,`pc_time`,`pc_hometext`,`pc_comments`,`pc_counter`,`pc_topic`,`pc_informant`,`pc_eventDate`,
        `pc_endDate`,`pc_duration`,`pc_recurrtype`,`pc_recurrspec`,`pc_recurrfreq`,`pc_startTime`,`pc_endTime`,`pc_alldayevent`,`pc_location`,`pc_eventstatus`,
        `pc_sharing`,`pc_apptstatus`,`pc_prefcatid`,`pc_facility`,`pc_billing_location`)VALUES
        ( 1,497,'1','88','Office Visit','2017-7-29 15:00:00','Clinical Appointment',0,0,1,'1',
        '2017-7-29 15:00:00','0000-00-00',900,0,
        'a:6:{s:17:"event_repeat_freq";s:1:"0";s:22:"event_repeat_freq_type";s:1:"0";s:19:"event_repeat_on_num";s:1:"1";s:19:"event_repeat_on_day";s:1:"0";s:20:"event_repeat_on_freq";s:1:"0";s:6:"exdate";s:0:"";}',
        0,'15:00:00','15:15:00',0,
        'a:6:{s:14:"event_location";s:0:"";s:13:"event_street1";s:0:"";s:13:"event_street2";s:0:"";s:10:"event_city";s:0:"";s:11:"event_state";s:0:"";s:12:"event_postal";s:0:"";}',
        1,1,'-',0,1,1);
INSERT INTO `form_encounter` (`id`, `date`, `reason`, `facility`, `facility_id`, `pid`, `encounter`,
     `onset_date`, `sensitivity`, `billing_note`, `pc_catid`, `last_level_billed`, `last_level_closed`, `last_stmt_date`, `stmt_count`,
      `provider_id`, `supervisor_id`, `invoice_refno`, `referral_source`, `billing_facility`) VALUES
    ('499','2017-8-28 17:30:00', 'Test Encounter', 'Your Clinic Name Here', '3','88','499', '0000-00-00 00:00:00', 'normal', 'NULL','3', '0', '0','NULL', '0', '1', '0', '', '', '3');
INSERT INTO `forms` (`id`, `date`, `encounter`, `form_name`, `form_id`, `pid`, `user`, `groupname`, `authorized`, `deleted`, `formdir`) VALUES
    ('499','2017-8-28 17:30:00','499', 'Patient Encounter', '499', '88', 'admin', 'Default', '1', '0', 'patient_encounter');
INSERT INTO `libreehr_postcalendar_events` 
        (`pc_catid`,`pc_multiple`,`pc_aid`,`pc_pid`,`pc_title`,`pc_time`,`pc_hometext`,`pc_comments`,`pc_counter`,`pc_topic`,`pc_informant`,`pc_eventDate`,
        `pc_endDate`,`pc_duration`,`pc_recurrtype`,`pc_recurrspec`,`pc_recurrfreq`,`pc_startTime`,`pc_endTime`,`pc_alldayevent`,`pc_location`,`pc_eventstatus`,
        `pc_sharing`,`pc_apptstatus`,`pc_prefcatid`,`pc_facility`,`pc_billing_location`)VALUES
        ( 1,498,'1','88','Office Visit','2017-8-28 17:30:00','Clinical Appointment',0,0,1,'1',
        '2017-8-28 17:30:00','0000-00-00',900,0,
        'a:6:{s:17:"event_repeat_freq";s:1:"0";s:22:"event_repeat_freq_type";s:1:"0";s:19:"event_repeat_on_num";s:1:"1";s:19:"event_repeat_on_day";s:1:"0";s:20:"event_repeat_on_freq";s:1:"0";s:6:"exdate";s:0:"";}',
        0,'17:30:00','17:45:00',0,
        'a:6:{s:14:"event_location";s:0:"";s:13:"event_street1";s:0:"";s:13:"event_street2";s:0:"";s:10:"event_city";s:0:"";s:11:"event_state";s:0:"";s:12:"event_postal";s:0:"";}',
        1,1,'-',0,1,1);
INSERT INTO `form_encounter` (`id`, `date`, `reason`, `facility`, `facility_id`, `pid`, `encounter`,
     `onset_date`, `sensitivity`, `billing_note`, `pc_catid`, `last_level_billed`, `last_level_closed`, `last_stmt_date`, `stmt_count`,
      `provider_id`, `supervisor_id`, `invoice_refno`, `referral_source`, `billing_facility`) VALUES
    ('500','2017-9-27 10:00:00', 'Test Encounter', 'Your Clinic Name Here', '3','88','500', '0000-00-00 00:00:00', 'normal', 'NULL','9', '0', '0','NULL', '0', '1', '0', '', '', '3');
INSERT INTO `forms` (`id`, `date`, `encounter`, `form_name`, `form_id`, `pid`, `user`, `groupname`, `authorized`, `deleted`, `formdir`) VALUES
    ('500','2017-9-27 10:00:00','500', 'Patient Encounter', '500', '88', 'admin', 'Default', '1', '0', 'patient_encounter');
INSERT INTO `libreehr_postcalendar_events` 
        (`pc_catid`,`pc_multiple`,`pc_aid`,`pc_pid`,`pc_title`,`pc_time`,`pc_hometext`,`pc_comments`,`pc_counter`,`pc_topic`,`pc_informant`,`pc_eventDate`,
        `pc_endDate`,`pc_duration`,`pc_recurrtype`,`pc_recurrspec`,`pc_recurrfreq`,`pc_startTime`,`pc_endTime`,`pc_alldayevent`,`pc_location`,`pc_eventstatus`,
        `pc_sharing`,`pc_apptstatus`,`pc_prefcatid`,`pc_facility`,`pc_billing_location`)VALUES
        ( 1,499,'1','88','Office Visit','2017-9-27 10:00:00','Clinical Appointment',0,0,1,'1',
        '2017-9-27 10:00:00','0000-00-00',900,0,
        'a:6:{s:17:"event_repeat_freq";s:1:"0";s:22:"event_repeat_freq_type";s:1:"0";s:19:"event_repeat_on_num";s:1:"1";s:19:"event_repeat_on_day";s:1:"0";s:20:"event_repeat_on_freq";s:1:"0";s:6:"exdate";s:0:"";}',
        0,'10:00:00','10:15:00',0,
        'a:6:{s:14:"event_location";s:0:"";s:13:"event_street1";s:0:"";s:13:"event_street2";s:0:"";s:10:"event_city";s:0:"";s:11:"event_state";s:0:"";s:12:"event_postal";s:0:"";}',
        1,1,'-',0,1,1);
INSERT INTO `patient_data` (`title`, `language`, `financial`, `fname`, `lname`, `mname`, `DOB`,`street`, `postal_code`, `city`, `state`,  `drivers_license`, `ss`,`occupation`, `phone_home`, `phone_biz`, `phone_contact`, `phone_cell`,`status`, `contact_relationship`, `date`, `sex`, `referrer`, `referrerID`,`providerID`, `email`, `ethnoracial`, `interpretter`, `migrantseasonal`,`family_size`, `monthly_income`, `homeless`, `financial_review`, `pubpid`,`pid`, `genericname1`, `genericval1`, `genericname2`, `genericval2`) VALUES
 ('Mr.','Spanish','','ALEXANDER','TAYLOR','A.','2003-3-12','1574 FirstWay','76684','Burlington','ME','984805926','415591523',' ','(426) 719-3934','(426) 719-3934','(426) 719-3934','(426) 719-3934','single','Friend','2003-11-17 12:06:00','Male','PATRICK JOHNSTON','1','1','ALEXANDER@LibreEHR.org','Mexicano',' ',' ','7','9035',' ','000-00-00 00:00:00','89','89',' ',' ',' ',' ');
INSERT INTO `insurance_data` (`id`, `type`, `provider`, `plan_name`, `policy_number`,`group_number`, `subscriber_lname`, `subscriber_mname`, `subscriber_fname`, `subscriber_relationship`, `subscriber_ss`,`subscriber_DOB`, `subscriber_street`, `subscriber_postal_code`, `subscriber_city`, `subscriber_state`, `subscriber_country`,`subscriber_phone`, `subscriber_employer`, `subscriber_employer_street`, `subscriber_employer_postal_code`,`subscriber_employer_state`, `subscriber_employer_country`, `subscriber_employer_city`, `copay`, `date`, `pid`,`subscriber_sex`, `accept_assignment`) VALUES('262','primary','7687','Green Assurance INC.','663414863','602922697','TAYLOR','A.','ALEXANDER','self','415591523','2003-3-12','1574 FirstWay','76684','Burlington','ME','Openemria','(426) 719-3934','OEMR.org','','','ME','Openemria','Burlington','','2011-10-10','89','Male','FALSE');
INSERT INTO `insurance_data` (`id`, `type`, `provider`, `plan_name`, `policy_number`,`group_number`, `subscriber_lname`, `subscriber_mname`, `subscriber_fname`, `subscriber_relationship`, `subscriber_ss`,`subscriber_DOB`, `subscriber_street`, `subscriber_postal_code`, `subscriber_city`, `subscriber_state`, `subscriber_country`,`subscriber_phone`, `subscriber_employer`, `subscriber_employer_street`, `subscriber_employer_postal_code`,`subscriber_employer_state`, `subscriber_employer_country`, `subscriber_employer_city`, `copay`, `date`, `pid`,`subscriber_sex`, `accept_assignment`) VALUES('263','secondary','6887','Impersonal Insurance HMO','927950872','275220461','TAYLOR','A.','ALEXANDER','self','415591523','2003-3-12','1574 FirstWay','76684','Burlington','ME','Openemria','(426) 719-3934','OEMR.org','','','ME','Openemria','Burlington','','2011-10-10','89','Male','FALSE');
INSERT INTO `insurance_data` (`id`, `type`, `provider`, `plan_name`, `policy_number`,`group_number`, `subscriber_lname`, `subscriber_mname`, `subscriber_fname`, `subscriber_relationship`, `subscriber_ss`,`subscriber_DOB`, `subscriber_street`, `subscriber_postal_code`, `subscriber_city`, `subscriber_state`, `subscriber_country`,`subscriber_phone`, `subscriber_employer`, `subscriber_employer_street`, `subscriber_employer_postal_code`,`subscriber_employer_state`, `subscriber_employer_country`, `subscriber_employer_city`, `copay`, `date`, `pid`,`subscriber_sex`, `accept_assignment`) VALUES('264','tertiary','6186','Green Mutual LTD','821017291','966449154','TAYLOR','A.','ALEXANDER','self','415591523','2003-3-12','1574 FirstWay','76684','Burlington','ME','Openemria','(426) 719-3934','OEMR.org','','','ME','Openemria','Burlington','','2011-10-10','89','Male','TRUE');
INSERT INTO `form_encounter` (`id`, `date`, `reason`, `facility`, `facility_id`, `pid`, `encounter`,
     `onset_date`, `sensitivity`, `billing_note`, `pc_catid`, `last_level_billed`, `last_level_closed`, `last_stmt_date`, `stmt_count`,
      `provider_id`, `supervisor_id`, `invoice_refno`, `referral_source`, `billing_facility`) VALUES
    ('501','2017-3-1 10:30:00', 'Test Encounter', 'Your Clinic Name Here', '3','89','501', '0000-00-00 00:00:00', 'normal', 'NULL','5', '0', '0','NULL', '0', '1', '0', '', '', '3');
INSERT INTO `forms` (`id`, `date`, `encounter`, `form_name`, `form_id`, `pid`, `user`, `groupname`, `authorized`, `deleted`, `formdir`) VALUES
    ('501','2017-3-1 10:30:00','501', 'Patient Encounter', '501', '89', 'admin', 'Default', '1', '0', 'patient_encounter');
INSERT INTO `libreehr_postcalendar_events` 
        (`pc_catid`,`pc_multiple`,`pc_aid`,`pc_pid`,`pc_title`,`pc_time`,`pc_hometext`,`pc_comments`,`pc_counter`,`pc_topic`,`pc_informant`,`pc_eventDate`,
        `pc_endDate`,`pc_duration`,`pc_recurrtype`,`pc_recurrspec`,`pc_recurrfreq`,`pc_startTime`,`pc_endTime`,`pc_alldayevent`,`pc_location`,`pc_eventstatus`,
        `pc_sharing`,`pc_apptstatus`,`pc_prefcatid`,`pc_facility`,`pc_billing_location`)VALUES
        ( 1,500,'1','89','Office Visit','2017-3-1 10:30:00','Clinical Appointment',0,0,1,'1',
        '2017-3-1 10:30:00','0000-00-00',900,0,
        'a:6:{s:17:"event_repeat_freq";s:1:"0";s:22:"event_repeat_freq_type";s:1:"0";s:19:"event_repeat_on_num";s:1:"1";s:19:"event_repeat_on_day";s:1:"0";s:20:"event_repeat_on_freq";s:1:"0";s:6:"exdate";s:0:"";}',
        0,'10:30:00','10:45:00',0,
        'a:6:{s:14:"event_location";s:0:"";s:13:"event_street1";s:0:"";s:13:"event_street2";s:0:"";s:10:"event_city";s:0:"";s:11:"event_state";s:0:"";s:12:"event_postal";s:0:"";}',
        1,1,'-',0,1,1);
INSERT INTO `form_encounter` (`id`, `date`, `reason`, `facility`, `facility_id`, `pid`, `encounter`,
     `onset_date`, `sensitivity`, `billing_note`, `pc_catid`, `last_level_billed`, `last_level_closed`, `last_stmt_date`, `stmt_count`,
      `provider_id`, `supervisor_id`, `invoice_refno`, `referral_source`, `billing_facility`) VALUES
    ('502','2017-3-31 15:15:00', 'Test Encounter', 'Your Clinic Name Here', '3','89','502', '0000-00-00 00:00:00', 'normal', 'NULL','3', '0', '0','NULL', '0', '1', '0', '', '', '3');
INSERT INTO `forms` (`id`, `date`, `encounter`, `form_name`, `form_id`, `pid`, `user`, `groupname`, `authorized`, `deleted`, `formdir`) VALUES
    ('502','2017-3-31 15:15:00','502', 'Patient Encounter', '502', '89', 'admin', 'Default', '1', '0', 'patient_encounter');
INSERT INTO `libreehr_postcalendar_events` 
        (`pc_catid`,`pc_multiple`,`pc_aid`,`pc_pid`,`pc_title`,`pc_time`,`pc_hometext`,`pc_comments`,`pc_counter`,`pc_topic`,`pc_informant`,`pc_eventDate`,
        `pc_endDate`,`pc_duration`,`pc_recurrtype`,`pc_recurrspec`,`pc_recurrfreq`,`pc_startTime`,`pc_endTime`,`pc_alldayevent`,`pc_location`,`pc_eventstatus`,
        `pc_sharing`,`pc_apptstatus`,`pc_prefcatid`,`pc_facility`,`pc_billing_location`)VALUES
        ( 1,501,'1','89','Office Visit','2017-3-31 15:15:00','Clinical Appointment',0,0,1,'1',
        '2017-3-31 15:15:00','0000-00-00',900,0,
        'a:6:{s:17:"event_repeat_freq";s:1:"0";s:22:"event_repeat_freq_type";s:1:"0";s:19:"event_repeat_on_num";s:1:"1";s:19:"event_repeat_on_day";s:1:"0";s:20:"event_repeat_on_freq";s:1:"0";s:6:"exdate";s:0:"";}',
        0,'15:15:00','15:30:00',0,
        'a:6:{s:14:"event_location";s:0:"";s:13:"event_street1";s:0:"";s:13:"event_street2";s:0:"";s:10:"event_city";s:0:"";s:11:"event_state";s:0:"";s:12:"event_postal";s:0:"";}',
        1,1,'-',0,1,1);
INSERT INTO `form_encounter` (`id`, `date`, `reason`, `facility`, `facility_id`, `pid`, `encounter`,
     `onset_date`, `sensitivity`, `billing_note`, `pc_catid`, `last_level_billed`, `last_level_closed`, `last_stmt_date`, `stmt_count`,
      `provider_id`, `supervisor_id`, `invoice_refno`, `referral_source`, `billing_facility`) VALUES
    ('503','2017-4-30 13:15:00', 'Test Encounter', 'Your Clinic Name Here', '3','89','503', '0000-00-00 00:00:00', 'normal', 'NULL','7', '0', '0','NULL', '0', '1', '0', '', '', '3');
INSERT INTO `forms` (`id`, `date`, `encounter`, `form_name`, `form_id`, `pid`, `user`, `groupname`, `authorized`, `deleted`, `formdir`) VALUES
    ('503','2017-4-30 13:15:00','503', 'Patient Encounter', '503', '89', 'admin', 'Default', '1', '0', 'patient_encounter');
INSERT INTO `libreehr_postcalendar_events` 
        (`pc_catid`,`pc_multiple`,`pc_aid`,`pc_pid`,`pc_title`,`pc_time`,`pc_hometext`,`pc_comments`,`pc_counter`,`pc_topic`,`pc_informant`,`pc_eventDate`,
        `pc_endDate`,`pc_duration`,`pc_recurrtype`,`pc_recurrspec`,`pc_recurrfreq`,`pc_startTime`,`pc_endTime`,`pc_alldayevent`,`pc_location`,`pc_eventstatus`,
        `pc_sharing`,`pc_apptstatus`,`pc_prefcatid`,`pc_facility`,`pc_billing_location`)VALUES
        ( 1,502,'1','89','Office Visit','2017-4-30 13:15:00','Clinical Appointment',0,0,1,'1',
        '2017-4-30 13:15:00','0000-00-00',900,0,
        'a:6:{s:17:"event_repeat_freq";s:1:"0";s:22:"event_repeat_freq_type";s:1:"0";s:19:"event_repeat_on_num";s:1:"1";s:19:"event_repeat_on_day";s:1:"0";s:20:"event_repeat_on_freq";s:1:"0";s:6:"exdate";s:0:"";}',
        0,'13:15:00','13:30:00',0,
        'a:6:{s:14:"event_location";s:0:"";s:13:"event_street1";s:0:"";s:13:"event_street2";s:0:"";s:10:"event_city";s:0:"";s:11:"event_state";s:0:"";s:12:"event_postal";s:0:"";}',
        1,1,'-',0,1,1);
INSERT INTO `form_encounter` (`id`, `date`, `reason`, `facility`, `facility_id`, `pid`, `encounter`,
     `onset_date`, `sensitivity`, `billing_note`, `pc_catid`, `last_level_billed`, `last_level_closed`, `last_stmt_date`, `stmt_count`,
      `provider_id`, `supervisor_id`, `invoice_refno`, `referral_source`, `billing_facility`) VALUES
    ('504','2017-5-30 11:15:00', 'Test Encounter', 'Your Clinic Name Here', '3','89','504', '0000-00-00 00:00:00', 'normal', 'NULL','6', '0', '0','NULL', '0', '1', '0', '', '', '3');
INSERT INTO `forms` (`id`, `date`, `encounter`, `form_name`, `form_id`, `pid`, `user`, `groupname`, `authorized`, `deleted`, `formdir`) VALUES
    ('504','2017-5-30 11:15:00','504', 'Patient Encounter', '504', '89', 'admin', 'Default', '1', '0', 'patient_encounter');
INSERT INTO `libreehr_postcalendar_events` 
        (`pc_catid`,`pc_multiple`,`pc_aid`,`pc_pid`,`pc_title`,`pc_time`,`pc_hometext`,`pc_comments`,`pc_counter`,`pc_topic`,`pc_informant`,`pc_eventDate`,
        `pc_endDate`,`pc_duration`,`pc_recurrtype`,`pc_recurrspec`,`pc_recurrfreq`,`pc_startTime`,`pc_endTime`,`pc_alldayevent`,`pc_location`,`pc_eventstatus`,
        `pc_sharing`,`pc_apptstatus`,`pc_prefcatid`,`pc_facility`,`pc_billing_location`)VALUES
        ( 1,503,'1','89','Office Visit','2017-5-30 11:15:00','Clinical Appointment',0,0,1,'1',
        '2017-5-30 11:15:00','0000-00-00',900,0,
        'a:6:{s:17:"event_repeat_freq";s:1:"0";s:22:"event_repeat_freq_type";s:1:"0";s:19:"event_repeat_on_num";s:1:"1";s:19:"event_repeat_on_day";s:1:"0";s:20:"event_repeat_on_freq";s:1:"0";s:6:"exdate";s:0:"";}',
        0,'11:15:00','11:30:00',0,
        'a:6:{s:14:"event_location";s:0:"";s:13:"event_street1";s:0:"";s:13:"event_street2";s:0:"";s:10:"event_city";s:0:"";s:11:"event_state";s:0:"";s:12:"event_postal";s:0:"";}',
        1,1,'-',0,1,1);
INSERT INTO `form_encounter` (`id`, `date`, `reason`, `facility`, `facility_id`, `pid`, `encounter`,
     `onset_date`, `sensitivity`, `billing_note`, `pc_catid`, `last_level_billed`, `last_level_closed`, `last_stmt_date`, `stmt_count`,
      `provider_id`, `supervisor_id`, `invoice_refno`, `referral_source`, `billing_facility`) VALUES
    ('505','2017-6-29 12:00:00', 'Test Encounter', 'Your Clinic Name Here', '3','89','505', '0000-00-00 00:00:00', 'normal', 'NULL','3', '0', '0','NULL', '0', '1', '0', '', '', '3');
INSERT INTO `forms` (`id`, `date`, `encounter`, `form_name`, `form_id`, `pid`, `user`, `groupname`, `authorized`, `deleted`, `formdir`) VALUES
    ('505','2017-6-29 12:00:00','505', 'Patient Encounter', '505', '89', 'admin', 'Default', '1', '0', 'patient_encounter');
INSERT INTO `libreehr_postcalendar_events` 
        (`pc_catid`,`pc_multiple`,`pc_aid`,`pc_pid`,`pc_title`,`pc_time`,`pc_hometext`,`pc_comments`,`pc_counter`,`pc_topic`,`pc_informant`,`pc_eventDate`,
        `pc_endDate`,`pc_duration`,`pc_recurrtype`,`pc_recurrspec`,`pc_recurrfreq`,`pc_startTime`,`pc_endTime`,`pc_alldayevent`,`pc_location`,`pc_eventstatus`,
        `pc_sharing`,`pc_apptstatus`,`pc_prefcatid`,`pc_facility`,`pc_billing_location`)VALUES
        ( 1,504,'1','89','Office Visit','2017-6-29 12:00:00','Clinical Appointment',0,0,1,'1',
        '2017-6-29 12:00:00','0000-00-00',900,0,
        'a:6:{s:17:"event_repeat_freq";s:1:"0";s:22:"event_repeat_freq_type";s:1:"0";s:19:"event_repeat_on_num";s:1:"1";s:19:"event_repeat_on_day";s:1:"0";s:20:"event_repeat_on_freq";s:1:"0";s:6:"exdate";s:0:"";}',
        0,'12:00:00','12:15:00',0,
        'a:6:{s:14:"event_location";s:0:"";s:13:"event_street1";s:0:"";s:13:"event_street2";s:0:"";s:10:"event_city";s:0:"";s:11:"event_state";s:0:"";s:12:"event_postal";s:0:"";}',
        1,1,'-',0,1,1);
INSERT INTO `form_encounter` (`id`, `date`, `reason`, `facility`, `facility_id`, `pid`, `encounter`,
     `onset_date`, `sensitivity`, `billing_note`, `pc_catid`, `last_level_billed`, `last_level_closed`, `last_stmt_date`, `stmt_count`,
      `provider_id`, `supervisor_id`, `invoice_refno`, `referral_source`, `billing_facility`) VALUES
    ('506','2017-7-29 12:00:00', 'Test Encounter', 'Your Clinic Name Here', '3','89','506', '0000-00-00 00:00:00', 'normal', 'NULL','5', '0', '0','NULL', '0', '1', '0', '', '', '3');
INSERT INTO `forms` (`id`, `date`, `encounter`, `form_name`, `form_id`, `pid`, `user`, `groupname`, `authorized`, `deleted`, `formdir`) VALUES
    ('506','2017-7-29 12:00:00','506', 'Patient Encounter', '506', '89', 'admin', 'Default', '1', '0', 'patient_encounter');
INSERT INTO `libreehr_postcalendar_events` 
        (`pc_catid`,`pc_multiple`,`pc_aid`,`pc_pid`,`pc_title`,`pc_time`,`pc_hometext`,`pc_comments`,`pc_counter`,`pc_topic`,`pc_informant`,`pc_eventDate`,
        `pc_endDate`,`pc_duration`,`pc_recurrtype`,`pc_recurrspec`,`pc_recurrfreq`,`pc_startTime`,`pc_endTime`,`pc_alldayevent`,`pc_location`,`pc_eventstatus`,
        `pc_sharing`,`pc_apptstatus`,`pc_prefcatid`,`pc_facility`,`pc_billing_location`)VALUES
        ( 1,505,'1','89','Office Visit','2017-7-29 12:00:00','Clinical Appointment',0,0,1,'1',
        '2017-7-29 12:00:00','0000-00-00',900,0,
        'a:6:{s:17:"event_repeat_freq";s:1:"0";s:22:"event_repeat_freq_type";s:1:"0";s:19:"event_repeat_on_num";s:1:"1";s:19:"event_repeat_on_day";s:1:"0";s:20:"event_repeat_on_freq";s:1:"0";s:6:"exdate";s:0:"";}',
        0,'12:00:00','12:15:00',0,
        'a:6:{s:14:"event_location";s:0:"";s:13:"event_street1";s:0:"";s:13:"event_street2";s:0:"";s:10:"event_city";s:0:"";s:11:"event_state";s:0:"";s:12:"event_postal";s:0:"";}',
        1,1,'-',0,1,1);
INSERT INTO `form_encounter` (`id`, `date`, `reason`, `facility`, `facility_id`, `pid`, `encounter`,
     `onset_date`, `sensitivity`, `billing_note`, `pc_catid`, `last_level_billed`, `last_level_closed`, `last_stmt_date`, `stmt_count`,
      `provider_id`, `supervisor_id`, `invoice_refno`, `referral_source`, `billing_facility`) VALUES
    ('507','2017-8-28 10:30:00', 'Test Encounter', 'Your Clinic Name Here', '3','89','507', '0000-00-00 00:00:00', 'normal', 'NULL','4', '0', '0','NULL', '0', '1', '0', '', '', '3');
INSERT INTO `forms` (`id`, `date`, `encounter`, `form_name`, `form_id`, `pid`, `user`, `groupname`, `authorized`, `deleted`, `formdir`) VALUES
    ('507','2017-8-28 10:30:00','507', 'Patient Encounter', '507', '89', 'admin', 'Default', '1', '0', 'patient_encounter');
INSERT INTO `libreehr_postcalendar_events` 
        (`pc_catid`,`pc_multiple`,`pc_aid`,`pc_pid`,`pc_title`,`pc_time`,`pc_hometext`,`pc_comments`,`pc_counter`,`pc_topic`,`pc_informant`,`pc_eventDate`,
        `pc_endDate`,`pc_duration`,`pc_recurrtype`,`pc_recurrspec`,`pc_recurrfreq`,`pc_startTime`,`pc_endTime`,`pc_alldayevent`,`pc_location`,`pc_eventstatus`,
        `pc_sharing`,`pc_apptstatus`,`pc_prefcatid`,`pc_facility`,`pc_billing_location`)VALUES
        ( 1,506,'1','89','Office Visit','2017-8-28 10:30:00','Clinical Appointment',0,0,1,'1',
        '2017-8-28 10:30:00','0000-00-00',900,0,
        'a:6:{s:17:"event_repeat_freq";s:1:"0";s:22:"event_repeat_freq_type";s:1:"0";s:19:"event_repeat_on_num";s:1:"1";s:19:"event_repeat_on_day";s:1:"0";s:20:"event_repeat_on_freq";s:1:"0";s:6:"exdate";s:0:"";}',
        0,'10:30:00','10:45:00',0,
        'a:6:{s:14:"event_location";s:0:"";s:13:"event_street1";s:0:"";s:13:"event_street2";s:0:"";s:10:"event_city";s:0:"";s:11:"event_state";s:0:"";s:12:"event_postal";s:0:"";}',
        1,1,'-',0,1,1);
INSERT INTO `form_encounter` (`id`, `date`, `reason`, `facility`, `facility_id`, `pid`, `encounter`,
     `onset_date`, `sensitivity`, `billing_note`, `pc_catid`, `last_level_billed`, `last_level_closed`, `last_stmt_date`, `stmt_count`,
      `provider_id`, `supervisor_id`, `invoice_refno`, `referral_source`, `billing_facility`) VALUES
    ('508','2017-9-27 12:00:00', 'Test Encounter', 'Your Clinic Name Here', '3','89','508', '0000-00-00 00:00:00', 'normal', 'NULL','5', '0', '0','NULL', '0', '1', '0', '', '', '3');
INSERT INTO `forms` (`id`, `date`, `encounter`, `form_name`, `form_id`, `pid`, `user`, `groupname`, `authorized`, `deleted`, `formdir`) VALUES
    ('508','2017-9-27 12:00:00','508', 'Patient Encounter', '508', '89', 'admin', 'Default', '1', '0', 'patient_encounter');
INSERT INTO `libreehr_postcalendar_events` 
        (`pc_catid`,`pc_multiple`,`pc_aid`,`pc_pid`,`pc_title`,`pc_time`,`pc_hometext`,`pc_comments`,`pc_counter`,`pc_topic`,`pc_informant`,`pc_eventDate`,
        `pc_endDate`,`pc_duration`,`pc_recurrtype`,`pc_recurrspec`,`pc_recurrfreq`,`pc_startTime`,`pc_endTime`,`pc_alldayevent`,`pc_location`,`pc_eventstatus`,
        `pc_sharing`,`pc_apptstatus`,`pc_prefcatid`,`pc_facility`,`pc_billing_location`)VALUES
        ( 1,507,'1','89','Office Visit','2017-9-27 12:00:00','Clinical Appointment',0,0,1,'1',
        '2017-9-27 12:00:00','0000-00-00',900,0,
        'a:6:{s:17:"event_repeat_freq";s:1:"0";s:22:"event_repeat_freq_type";s:1:"0";s:19:"event_repeat_on_num";s:1:"1";s:19:"event_repeat_on_day";s:1:"0";s:20:"event_repeat_on_freq";s:1:"0";s:6:"exdate";s:0:"";}',
        0,'12:00:00','12:15:00',0,
        'a:6:{s:14:"event_location";s:0:"";s:13:"event_street1";s:0:"";s:13:"event_street2";s:0:"";s:10:"event_city";s:0:"";s:11:"event_state";s:0:"";s:12:"event_postal";s:0:"";}',
        1,1,'-',0,1,1);
INSERT INTO `patient_data` (`title`, `language`, `financial`, `fname`, `lname`, `mname`, `DOB`,`street`, `postal_code`, `city`, `state`,  `drivers_license`, `ss`,`occupation`, `phone_home`, `phone_biz`, `phone_contact`, `phone_cell`,`status`, `contact_relationship`, `date`, `sex`, `referrer`, `referrerID`,`providerID`, `email`, `ethnoracial`, `interpretter`, `migrantseasonal`,`family_size`, `monthly_income`, `homeless`, `financial_review`, `pubpid`,`pid`, `genericname1`, `genericval1`, `genericname2`, `genericval2`) VALUES
 ('Mr.','Spanish','','JOSHUA','FERNANDEZ','P.','1934-11-7','5744 LakeSt.','96859','Georgetown','NE','171514817','971932036',' ','(346) 134-1466','(346) 134-1466','(346) 134-1466','(346) 134-1466','married','Friend','2003-11-17 12:06:00','Male','JOHNNY BURNS','1','1','JOSHUA@LibreEHR.org','Vietnamese',' ',' ','7','1075',' ','000-00-00 00:00:00','90','90',' ',' ',' ',' ');
INSERT INTO `insurance_data` (`id`, `type`, `provider`, `plan_name`, `policy_number`,`group_number`, `subscriber_lname`, `subscriber_mname`, `subscriber_fname`, `subscriber_relationship`, `subscriber_ss`,`subscriber_DOB`, `subscriber_street`, `subscriber_postal_code`, `subscriber_city`, `subscriber_state`, `subscriber_country`,`subscriber_phone`, `subscriber_employer`, `subscriber_employer_street`, `subscriber_employer_postal_code`,`subscriber_employer_state`, `subscriber_employer_country`, `subscriber_employer_city`, `copay`, `date`, `pid`,`subscriber_sex`, `accept_assignment`) VALUES('265','primary','2651','Puce Mutual HMO','742679772','191058090','FERNANDEZ','P.','JOSHUA','self','971932036','1934-11-7','5744 LakeSt.','96859','Georgetown','NE','Openemria','(346) 134-1466','OEMR.org','','','NE','Openemria','Georgetown','','2011-10-10','90','Male','TRUE');
INSERT INTO `insurance_data` (`id`, `type`, `provider`, `plan_name`, `policy_number`,`group_number`, `subscriber_lname`, `subscriber_mname`, `subscriber_fname`, `subscriber_relationship`, `subscriber_ss`,`subscriber_DOB`, `subscriber_street`, `subscriber_postal_code`, `subscriber_city`, `subscriber_state`, `subscriber_country`,`subscriber_phone`, `subscriber_employer`, `subscriber_employer_street`, `subscriber_employer_postal_code`,`subscriber_employer_state`, `subscriber_employer_country`, `subscriber_employer_city`, `copay`, `date`, `pid`,`subscriber_sex`, `accept_assignment`) VALUES('266','secondary','6843','Pink Provider Very LTD.','428665114','289083008','FERNANDEZ','P.','JOSHUA','self','971932036','1934-11-7','5744 LakeSt.','96859','Georgetown','NE','Openemria','(346) 134-1466','OEMR.org','','','NE','Openemria','Georgetown','','2011-10-10','90','Male','FALSE');
INSERT INTO `insurance_data` (`id`, `type`, `provider`, `plan_name`, `policy_number`,`group_number`, `subscriber_lname`, `subscriber_mname`, `subscriber_fname`, `subscriber_relationship`, `subscriber_ss`,`subscriber_DOB`, `subscriber_street`, `subscriber_postal_code`, `subscriber_city`, `subscriber_state`, `subscriber_country`,`subscriber_phone`, `subscriber_employer`, `subscriber_employer_street`, `subscriber_employer_postal_code`,`subscriber_employer_state`, `subscriber_employer_country`, `subscriber_employer_city`, `copay`, `date`, `pid`,`subscriber_sex`, `accept_assignment`) VALUES('267','tertiary','8435','Backstreet Helpful Company','780536531','542405956','FERNANDEZ','P.','JOSHUA','self','971932036','1934-11-7','5744 LakeSt.','96859','Georgetown','NE','Openemria','(346) 134-1466','OEMR.org','','','NE','Openemria','Georgetown','','2011-10-10','90','Male','FALSE');
INSERT INTO `form_encounter` (`id`, `date`, `reason`, `facility`, `facility_id`, `pid`, `encounter`,
     `onset_date`, `sensitivity`, `billing_note`, `pc_catid`, `last_level_billed`, `last_level_closed`, `last_stmt_date`, `stmt_count`,
      `provider_id`, `supervisor_id`, `invoice_refno`, `referral_source`, `billing_facility`) VALUES
    ('509','2017-3-31 16:00:00', 'Test Encounter', 'Your Clinic Name Here', '3','90','509', '0000-00-00 00:00:00', 'normal', 'NULL','9', '0', '0','NULL', '0', '1', '0', '', '', '3');
INSERT INTO `forms` (`id`, `date`, `encounter`, `form_name`, `form_id`, `pid`, `user`, `groupname`, `authorized`, `deleted`, `formdir`) VALUES
    ('509','2017-3-31 16:00:00','509', 'Patient Encounter', '509', '90', 'admin', 'Default', '1', '0', 'patient_encounter');
INSERT INTO `libreehr_postcalendar_events` 
        (`pc_catid`,`pc_multiple`,`pc_aid`,`pc_pid`,`pc_title`,`pc_time`,`pc_hometext`,`pc_comments`,`pc_counter`,`pc_topic`,`pc_informant`,`pc_eventDate`,
        `pc_endDate`,`pc_duration`,`pc_recurrtype`,`pc_recurrspec`,`pc_recurrfreq`,`pc_startTime`,`pc_endTime`,`pc_alldayevent`,`pc_location`,`pc_eventstatus`,
        `pc_sharing`,`pc_apptstatus`,`pc_prefcatid`,`pc_facility`,`pc_billing_location`)VALUES
        ( 1,508,'1','90','Office Visit','2017-3-31 16:00:00','Clinical Appointment',0,0,1,'1',
        '2017-3-31 16:00:00','0000-00-00',900,0,
        'a:6:{s:17:"event_repeat_freq";s:1:"0";s:22:"event_repeat_freq_type";s:1:"0";s:19:"event_repeat_on_num";s:1:"1";s:19:"event_repeat_on_day";s:1:"0";s:20:"event_repeat_on_freq";s:1:"0";s:6:"exdate";s:0:"";}',
        0,'16:00:00','16:15:00',0,
        'a:6:{s:14:"event_location";s:0:"";s:13:"event_street1";s:0:"";s:13:"event_street2";s:0:"";s:10:"event_city";s:0:"";s:11:"event_state";s:0:"";s:12:"event_postal";s:0:"";}',
        1,1,'-',0,1,1);
INSERT INTO `form_encounter` (`id`, `date`, `reason`, `facility`, `facility_id`, `pid`, `encounter`,
     `onset_date`, `sensitivity`, `billing_note`, `pc_catid`, `last_level_billed`, `last_level_closed`, `last_stmt_date`, `stmt_count`,
      `provider_id`, `supervisor_id`, `invoice_refno`, `referral_source`, `billing_facility`) VALUES
    ('510','2017-4-30 12:00:00', 'Test Encounter', 'Your Clinic Name Here', '3','90','510', '0000-00-00 00:00:00', 'normal', 'NULL','8', '0', '0','NULL', '0', '1', '0', '', '', '3');
INSERT INTO `forms` (`id`, `date`, `encounter`, `form_name`, `form_id`, `pid`, `user`, `groupname`, `authorized`, `deleted`, `formdir`) VALUES
    ('510','2017-4-30 12:00:00','510', 'Patient Encounter', '510', '90', 'admin', 'Default', '1', '0', 'patient_encounter');
INSERT INTO `libreehr_postcalendar_events` 
        (`pc_catid`,`pc_multiple`,`pc_aid`,`pc_pid`,`pc_title`,`pc_time`,`pc_hometext`,`pc_comments`,`pc_counter`,`pc_topic`,`pc_informant`,`pc_eventDate`,
        `pc_endDate`,`pc_duration`,`pc_recurrtype`,`pc_recurrspec`,`pc_recurrfreq`,`pc_startTime`,`pc_endTime`,`pc_alldayevent`,`pc_location`,`pc_eventstatus`,
        `pc_sharing`,`pc_apptstatus`,`pc_prefcatid`,`pc_facility`,`pc_billing_location`)VALUES
        ( 1,509,'1','90','Office Visit','2017-4-30 12:00:00','Clinical Appointment',0,0,1,'1',
        '2017-4-30 12:00:00','0000-00-00',900,0,
        'a:6:{s:17:"event_repeat_freq";s:1:"0";s:22:"event_repeat_freq_type";s:1:"0";s:19:"event_repeat_on_num";s:1:"1";s:19:"event_repeat_on_day";s:1:"0";s:20:"event_repeat_on_freq";s:1:"0";s:6:"exdate";s:0:"";}',
        0,'12:00:00','12:15:00',0,
        'a:6:{s:14:"event_location";s:0:"";s:13:"event_street1";s:0:"";s:13:"event_street2";s:0:"";s:10:"event_city";s:0:"";s:11:"event_state";s:0:"";s:12:"event_postal";s:0:"";}',
        1,1,'-',0,1,1);
INSERT INTO `form_encounter` (`id`, `date`, `reason`, `facility`, `facility_id`, `pid`, `encounter`,
     `onset_date`, `sensitivity`, `billing_note`, `pc_catid`, `last_level_billed`, `last_level_closed`, `last_stmt_date`, `stmt_count`,
      `provider_id`, `supervisor_id`, `invoice_refno`, `referral_source`, `billing_facility`) VALUES
    ('511','2017-5-30 11:30:00', 'Test Encounter', 'Your Clinic Name Here', '3','90','511', '0000-00-00 00:00:00', 'normal', 'NULL','2', '0', '0','NULL', '0', '1', '0', '', '', '3');
INSERT INTO `forms` (`id`, `date`, `encounter`, `form_name`, `form_id`, `pid`, `user`, `groupname`, `authorized`, `deleted`, `formdir`) VALUES
    ('511','2017-5-30 11:30:00','511', 'Patient Encounter', '511', '90', 'admin', 'Default', '1', '0', 'patient_encounter');
INSERT INTO `libreehr_postcalendar_events` 
        (`pc_catid`,`pc_multiple`,`pc_aid`,`pc_pid`,`pc_title`,`pc_time`,`pc_hometext`,`pc_comments`,`pc_counter`,`pc_topic`,`pc_informant`,`pc_eventDate`,
        `pc_endDate`,`pc_duration`,`pc_recurrtype`,`pc_recurrspec`,`pc_recurrfreq`,`pc_startTime`,`pc_endTime`,`pc_alldayevent`,`pc_location`,`pc_eventstatus`,
        `pc_sharing`,`pc_apptstatus`,`pc_prefcatid`,`pc_facility`,`pc_billing_location`)VALUES
        ( 1,510,'1','90','Office Visit','2017-5-30 11:30:00','Clinical Appointment',0,0,1,'1',
        '2017-5-30 11:30:00','0000-00-00',900,0,
        'a:6:{s:17:"event_repeat_freq";s:1:"0";s:22:"event_repeat_freq_type";s:1:"0";s:19:"event_repeat_on_num";s:1:"1";s:19:"event_repeat_on_day";s:1:"0";s:20:"event_repeat_on_freq";s:1:"0";s:6:"exdate";s:0:"";}',
        0,'11:30:00','11:45:00',0,
        'a:6:{s:14:"event_location";s:0:"";s:13:"event_street1";s:0:"";s:13:"event_street2";s:0:"";s:10:"event_city";s:0:"";s:11:"event_state";s:0:"";s:12:"event_postal";s:0:"";}',
        1,1,'-',0,1,1);
INSERT INTO `form_encounter` (`id`, `date`, `reason`, `facility`, `facility_id`, `pid`, `encounter`,
     `onset_date`, `sensitivity`, `billing_note`, `pc_catid`, `last_level_billed`, `last_level_closed`, `last_stmt_date`, `stmt_count`,
      `provider_id`, `supervisor_id`, `invoice_refno`, `referral_source`, `billing_facility`) VALUES
    ('512','2017-6-29 16:15:00', 'Test Encounter', 'Your Clinic Name Here', '3','90','512', '0000-00-00 00:00:00', 'normal', 'NULL','5', '0', '0','NULL', '0', '1', '0', '', '', '3');
INSERT INTO `forms` (`id`, `date`, `encounter`, `form_name`, `form_id`, `pid`, `user`, `groupname`, `authorized`, `deleted`, `formdir`) VALUES
    ('512','2017-6-29 16:15:00','512', 'Patient Encounter', '512', '90', 'admin', 'Default', '1', '0', 'patient_encounter');
INSERT INTO `libreehr_postcalendar_events` 
        (`pc_catid`,`pc_multiple`,`pc_aid`,`pc_pid`,`pc_title`,`pc_time`,`pc_hometext`,`pc_comments`,`pc_counter`,`pc_topic`,`pc_informant`,`pc_eventDate`,
        `pc_endDate`,`pc_duration`,`pc_recurrtype`,`pc_recurrspec`,`pc_recurrfreq`,`pc_startTime`,`pc_endTime`,`pc_alldayevent`,`pc_location`,`pc_eventstatus`,
        `pc_sharing`,`pc_apptstatus`,`pc_prefcatid`,`pc_facility`,`pc_billing_location`)VALUES
        ( 1,511,'1','90','Office Visit','2017-6-29 16:15:00','Clinical Appointment',0,0,1,'1',
        '2017-6-29 16:15:00','0000-00-00',900,0,
        'a:6:{s:17:"event_repeat_freq";s:1:"0";s:22:"event_repeat_freq_type";s:1:"0";s:19:"event_repeat_on_num";s:1:"1";s:19:"event_repeat_on_day";s:1:"0";s:20:"event_repeat_on_freq";s:1:"0";s:6:"exdate";s:0:"";}',
        0,'16:15:00','16:30:00',0,
        'a:6:{s:14:"event_location";s:0:"";s:13:"event_street1";s:0:"";s:13:"event_street2";s:0:"";s:10:"event_city";s:0:"";s:11:"event_state";s:0:"";s:12:"event_postal";s:0:"";}',
        1,1,'-',0,1,1);
INSERT INTO `form_encounter` (`id`, `date`, `reason`, `facility`, `facility_id`, `pid`, `encounter`,
     `onset_date`, `sensitivity`, `billing_note`, `pc_catid`, `last_level_billed`, `last_level_closed`, `last_stmt_date`, `stmt_count`,
      `provider_id`, `supervisor_id`, `invoice_refno`, `referral_source`, `billing_facility`) VALUES
    ('513','2017-7-29 10:30:00', 'Test Encounter', 'Your Clinic Name Here', '3','90','513', '0000-00-00 00:00:00', 'normal', 'NULL','6', '0', '0','NULL', '0', '1', '0', '', '', '3');
INSERT INTO `forms` (`id`, `date`, `encounter`, `form_name`, `form_id`, `pid`, `user`, `groupname`, `authorized`, `deleted`, `formdir`) VALUES
    ('513','2017-7-29 10:30:00','513', 'Patient Encounter', '513', '90', 'admin', 'Default', '1', '0', 'patient_encounter');
INSERT INTO `libreehr_postcalendar_events` 
        (`pc_catid`,`pc_multiple`,`pc_aid`,`pc_pid`,`pc_title`,`pc_time`,`pc_hometext`,`pc_comments`,`pc_counter`,`pc_topic`,`pc_informant`,`pc_eventDate`,
        `pc_endDate`,`pc_duration`,`pc_recurrtype`,`pc_recurrspec`,`pc_recurrfreq`,`pc_startTime`,`pc_endTime`,`pc_alldayevent`,`pc_location`,`pc_eventstatus`,
        `pc_sharing`,`pc_apptstatus`,`pc_prefcatid`,`pc_facility`,`pc_billing_location`)VALUES
        ( 1,512,'1','90','Office Visit','2017-7-29 10:30:00','Clinical Appointment',0,0,1,'1',
        '2017-7-29 10:30:00','0000-00-00',900,0,
        'a:6:{s:17:"event_repeat_freq";s:1:"0";s:22:"event_repeat_freq_type";s:1:"0";s:19:"event_repeat_on_num";s:1:"1";s:19:"event_repeat_on_day";s:1:"0";s:20:"event_repeat_on_freq";s:1:"0";s:6:"exdate";s:0:"";}',
        0,'10:30:00','10:45:00',0,
        'a:6:{s:14:"event_location";s:0:"";s:13:"event_street1";s:0:"";s:13:"event_street2";s:0:"";s:10:"event_city";s:0:"";s:11:"event_state";s:0:"";s:12:"event_postal";s:0:"";}',
        1,1,'-',0,1,1);
INSERT INTO `form_encounter` (`id`, `date`, `reason`, `facility`, `facility_id`, `pid`, `encounter`,
     `onset_date`, `sensitivity`, `billing_note`, `pc_catid`, `last_level_billed`, `last_level_closed`, `last_stmt_date`, `stmt_count`,
      `provider_id`, `supervisor_id`, `invoice_refno`, `referral_source`, `billing_facility`) VALUES
    ('514','2017-8-28 13:30:00', 'Test Encounter', 'Your Clinic Name Here', '3','90','514', '0000-00-00 00:00:00', 'normal', 'NULL','7', '0', '0','NULL', '0', '1', '0', '', '', '3');
INSERT INTO `forms` (`id`, `date`, `encounter`, `form_name`, `form_id`, `pid`, `user`, `groupname`, `authorized`, `deleted`, `formdir`) VALUES
    ('514','2017-8-28 13:30:00','514', 'Patient Encounter', '514', '90', 'admin', 'Default', '1', '0', 'patient_encounter');
INSERT INTO `libreehr_postcalendar_events` 
        (`pc_catid`,`pc_multiple`,`pc_aid`,`pc_pid`,`pc_title`,`pc_time`,`pc_hometext`,`pc_comments`,`pc_counter`,`pc_topic`,`pc_informant`,`pc_eventDate`,
        `pc_endDate`,`pc_duration`,`pc_recurrtype`,`pc_recurrspec`,`pc_recurrfreq`,`pc_startTime`,`pc_endTime`,`pc_alldayevent`,`pc_location`,`pc_eventstatus`,
        `pc_sharing`,`pc_apptstatus`,`pc_prefcatid`,`pc_facility`,`pc_billing_location`)VALUES
        ( 1,513,'1','90','Office Visit','2017-8-28 13:30:00','Clinical Appointment',0,0,1,'1',
        '2017-8-28 13:30:00','0000-00-00',900,0,
        'a:6:{s:17:"event_repeat_freq";s:1:"0";s:22:"event_repeat_freq_type";s:1:"0";s:19:"event_repeat_on_num";s:1:"1";s:19:"event_repeat_on_day";s:1:"0";s:20:"event_repeat_on_freq";s:1:"0";s:6:"exdate";s:0:"";}',
        0,'13:30:00','13:45:00',0,
        'a:6:{s:14:"event_location";s:0:"";s:13:"event_street1";s:0:"";s:13:"event_street2";s:0:"";s:10:"event_city";s:0:"";s:11:"event_state";s:0:"";s:12:"event_postal";s:0:"";}',
        1,1,'-',0,1,1);
INSERT INTO `form_encounter` (`id`, `date`, `reason`, `facility`, `facility_id`, `pid`, `encounter`,
     `onset_date`, `sensitivity`, `billing_note`, `pc_catid`, `last_level_billed`, `last_level_closed`, `last_stmt_date`, `stmt_count`,
      `provider_id`, `supervisor_id`, `invoice_refno`, `referral_source`, `billing_facility`) VALUES
    ('515','2017-9-27 13:15:00', 'Test Encounter', 'Your Clinic Name Here', '3','90','515', '0000-00-00 00:00:00', 'normal', 'NULL','4', '0', '0','NULL', '0', '1', '0', '', '', '3');
INSERT INTO `forms` (`id`, `date`, `encounter`, `form_name`, `form_id`, `pid`, `user`, `groupname`, `authorized`, `deleted`, `formdir`) VALUES
    ('515','2017-9-27 13:15:00','515', 'Patient Encounter', '515', '90', 'admin', 'Default', '1', '0', 'patient_encounter');
INSERT INTO `libreehr_postcalendar_events` 
        (`pc_catid`,`pc_multiple`,`pc_aid`,`pc_pid`,`pc_title`,`pc_time`,`pc_hometext`,`pc_comments`,`pc_counter`,`pc_topic`,`pc_informant`,`pc_eventDate`,
        `pc_endDate`,`pc_duration`,`pc_recurrtype`,`pc_recurrspec`,`pc_recurrfreq`,`pc_startTime`,`pc_endTime`,`pc_alldayevent`,`pc_location`,`pc_eventstatus`,
        `pc_sharing`,`pc_apptstatus`,`pc_prefcatid`,`pc_facility`,`pc_billing_location`)VALUES
        ( 1,514,'1','90','Office Visit','2017-9-27 13:15:00','Clinical Appointment',0,0,1,'1',
        '2017-9-27 13:15:00','0000-00-00',900,0,
        'a:6:{s:17:"event_repeat_freq";s:1:"0";s:22:"event_repeat_freq_type";s:1:"0";s:19:"event_repeat_on_num";s:1:"1";s:19:"event_repeat_on_day";s:1:"0";s:20:"event_repeat_on_freq";s:1:"0";s:6:"exdate";s:0:"";}',
        0,'13:15:00','13:30:00',0,
        'a:6:{s:14:"event_location";s:0:"";s:13:"event_street1";s:0:"";s:13:"event_street2";s:0:"";s:10:"event_city";s:0:"";s:11:"event_state";s:0:"";s:12:"event_postal";s:0:"";}',
        1,1,'-',0,1,1);
INSERT INTO `patient_data` (`title`, `language`, `financial`, `fname`, `lname`, `mname`, `DOB`,`street`, `postal_code`, `city`, `state`,  `drivers_license`, `ss`,`occupation`, `phone_home`, `phone_biz`, `phone_contact`, `phone_cell`,`status`, `contact_relationship`, `date`, `sex`, `referrer`, `referrerID`,`providerID`, `email`, `ethnoracial`, `interpretter`, `migrantseasonal`,`family_size`, `monthly_income`, `homeless`, `financial_review`, `pubpid`,`pid`, `genericname1`, `genericval1`, `genericname2`, `genericval2`) VALUES
 ('Mr.','English','','MATHEW','GRANT','I.','1963-9-6','9829 LakeAve.','83209','Key West','WI','844057742','527986488',' ','(182) 542-5592','(182) 542-5592','(182) 542-5592','(182) 542-5592','single','Friend','2003-11-17 12:06:00','Male','RICARDO WALSH','1','1','MATHEW@LibreEHR.org','White',' ',' ','6','1637',' ','000-00-00 00:00:00','91','91',' ',' ',' ',' ');
INSERT INTO `insurance_data` (`id`, `type`, `provider`, `plan_name`, `policy_number`,`group_number`, `subscriber_lname`, `subscriber_mname`, `subscriber_fname`, `subscriber_relationship`, `subscriber_ss`,`subscriber_DOB`, `subscriber_street`, `subscriber_postal_code`, `subscriber_city`, `subscriber_state`, `subscriber_country`,`subscriber_phone`, `subscriber_employer`, `subscriber_employer_street`, `subscriber_employer_postal_code`,`subscriber_employer_state`, `subscriber_employer_country`, `subscriber_employer_city`, `copay`, `date`, `pid`,`subscriber_sex`, `accept_assignment`) VALUES('268','primary','2651','Puce Mutual HMO','392590479','45229218','GRANT','I.','MATHEW','self','527986488','1963-9-6','9829 LakeAve.','83209','Key West','WI','Openemria','(182) 542-5592','OEMR.org','','','WI','Openemria','Key West','','2011-10-10','91','Male','FALSE');
INSERT INTO `insurance_data` (`id`, `type`, `provider`, `plan_name`, `policy_number`,`group_number`, `subscriber_lname`, `subscriber_mname`, `subscriber_fname`, `subscriber_relationship`, `subscriber_ss`,`subscriber_DOB`, `subscriber_street`, `subscriber_postal_code`, `subscriber_city`, `subscriber_state`, `subscriber_country`,`subscriber_phone`, `subscriber_employer`, `subscriber_employer_street`, `subscriber_employer_postal_code`,`subscriber_employer_state`, `subscriber_employer_country`, `subscriber_employer_city`, `copay`, `date`, `pid`,`subscriber_sex`, `accept_assignment`) VALUES('269','secondary','6843','Pink Provider Very LTD.','330717641','961017758','GRANT','I.','MATHEW','self','527986488','1963-9-6','9829 LakeAve.','83209','Key West','WI','Openemria','(182) 542-5592','OEMR.org','','','WI','Openemria','Key West','','2011-10-10','91','Male','FALSE');
INSERT INTO `insurance_data` (`id`, `type`, `provider`, `plan_name`, `policy_number`,`group_number`, `subscriber_lname`, `subscriber_mname`, `subscriber_fname`, `subscriber_relationship`, `subscriber_ss`,`subscriber_DOB`, `subscriber_street`, `subscriber_postal_code`, `subscriber_city`, `subscriber_state`, `subscriber_country`,`subscriber_phone`, `subscriber_employer`, `subscriber_employer_street`, `subscriber_employer_postal_code`,`subscriber_employer_state`, `subscriber_employer_country`, `subscriber_employer_city`, `copay`, `date`, `pid`,`subscriber_sex`, `accept_assignment`) VALUES('270','tertiary','8435','Backstreet Helpful Company','774327440','279456949','GRANT','I.','MATHEW','self','527986488','1963-9-6','9829 LakeAve.','83209','Key West','WI','Openemria','(182) 542-5592','OEMR.org','','','WI','Openemria','Key West','','2011-10-10','91','Male','FALSE');
INSERT INTO `form_encounter` (`id`, `date`, `reason`, `facility`, `facility_id`, `pid`, `encounter`,
     `onset_date`, `sensitivity`, `billing_note`, `pc_catid`, `last_level_billed`, `last_level_closed`, `last_stmt_date`, `stmt_count`,
      `provider_id`, `supervisor_id`, `invoice_refno`, `referral_source`, `billing_facility`) VALUES
    ('516','2016-12-31 16:15:00', 'Test Encounter', 'Your Clinic Name Here', '3','91','516', '0000-00-00 00:00:00', 'normal', 'NULL','4', '0', '0','NULL', '0', '1', '0', '', '', '3');
INSERT INTO `forms` (`id`, `date`, `encounter`, `form_name`, `form_id`, `pid`, `user`, `groupname`, `authorized`, `deleted`, `formdir`) VALUES
    ('516','2016-12-31 16:15:00','516', 'Patient Encounter', '516', '91', 'admin', 'Default', '1', '0', 'patient_encounter');
INSERT INTO `libreehr_postcalendar_events` 
        (`pc_catid`,`pc_multiple`,`pc_aid`,`pc_pid`,`pc_title`,`pc_time`,`pc_hometext`,`pc_comments`,`pc_counter`,`pc_topic`,`pc_informant`,`pc_eventDate`,
        `pc_endDate`,`pc_duration`,`pc_recurrtype`,`pc_recurrspec`,`pc_recurrfreq`,`pc_startTime`,`pc_endTime`,`pc_alldayevent`,`pc_location`,`pc_eventstatus`,
        `pc_sharing`,`pc_apptstatus`,`pc_prefcatid`,`pc_facility`,`pc_billing_location`)VALUES
        ( 1,515,'1','91','Office Visit','2016-12-31 16:15:00','Clinical Appointment',0,0,1,'1',
        '2016-12-31 16:15:00','0000-00-00',900,0,
        'a:6:{s:17:"event_repeat_freq";s:1:"0";s:22:"event_repeat_freq_type";s:1:"0";s:19:"event_repeat_on_num";s:1:"1";s:19:"event_repeat_on_day";s:1:"0";s:20:"event_repeat_on_freq";s:1:"0";s:6:"exdate";s:0:"";}',
        0,'16:15:00','16:30:00',0,
        'a:6:{s:14:"event_location";s:0:"";s:13:"event_street1";s:0:"";s:13:"event_street2";s:0:"";s:10:"event_city";s:0:"";s:11:"event_state";s:0:"";s:12:"event_postal";s:0:"";}',
        1,1,'-',0,1,1);
INSERT INTO `form_encounter` (`id`, `date`, `reason`, `facility`, `facility_id`, `pid`, `encounter`,
     `onset_date`, `sensitivity`, `billing_note`, `pc_catid`, `last_level_billed`, `last_level_closed`, `last_stmt_date`, `stmt_count`,
      `provider_id`, `supervisor_id`, `invoice_refno`, `referral_source`, `billing_facility`) VALUES
    ('517','2017-1-30 17:15:00', 'Test Encounter', 'Your Clinic Name Here', '3','91','517', '0000-00-00 00:00:00', 'normal', 'NULL','8', '0', '0','NULL', '0', '1', '0', '', '', '3');
INSERT INTO `forms` (`id`, `date`, `encounter`, `form_name`, `form_id`, `pid`, `user`, `groupname`, `authorized`, `deleted`, `formdir`) VALUES
    ('517','2017-1-30 17:15:00','517', 'Patient Encounter', '517', '91', 'admin', 'Default', '1', '0', 'patient_encounter');
INSERT INTO `libreehr_postcalendar_events` 
        (`pc_catid`,`pc_multiple`,`pc_aid`,`pc_pid`,`pc_title`,`pc_time`,`pc_hometext`,`pc_comments`,`pc_counter`,`pc_topic`,`pc_informant`,`pc_eventDate`,
        `pc_endDate`,`pc_duration`,`pc_recurrtype`,`pc_recurrspec`,`pc_recurrfreq`,`pc_startTime`,`pc_endTime`,`pc_alldayevent`,`pc_location`,`pc_eventstatus`,
        `pc_sharing`,`pc_apptstatus`,`pc_prefcatid`,`pc_facility`,`pc_billing_location`)VALUES
        ( 1,516,'1','91','Office Visit','2017-1-30 17:15:00','Clinical Appointment',0,0,1,'1',
        '2017-1-30 17:15:00','0000-00-00',900,0,
        'a:6:{s:17:"event_repeat_freq";s:1:"0";s:22:"event_repeat_freq_type";s:1:"0";s:19:"event_repeat_on_num";s:1:"1";s:19:"event_repeat_on_day";s:1:"0";s:20:"event_repeat_on_freq";s:1:"0";s:6:"exdate";s:0:"";}',
        0,'17:15:00','17:30:00',0,
        'a:6:{s:14:"event_location";s:0:"";s:13:"event_street1";s:0:"";s:13:"event_street2";s:0:"";s:10:"event_city";s:0:"";s:11:"event_state";s:0:"";s:12:"event_postal";s:0:"";}',
        1,1,'-',0,1,1);
INSERT INTO `form_encounter` (`id`, `date`, `reason`, `facility`, `facility_id`, `pid`, `encounter`,
     `onset_date`, `sensitivity`, `billing_note`, `pc_catid`, `last_level_billed`, `last_level_closed`, `last_stmt_date`, `stmt_count`,
      `provider_id`, `supervisor_id`, `invoice_refno`, `referral_source`, `billing_facility`) VALUES
    ('518','2017-3-1 14:00:00', 'Test Encounter', 'Your Clinic Name Here', '3','91','518', '0000-00-00 00:00:00', 'normal', 'NULL','5', '0', '0','NULL', '0', '1', '0', '', '', '3');
INSERT INTO `forms` (`id`, `date`, `encounter`, `form_name`, `form_id`, `pid`, `user`, `groupname`, `authorized`, `deleted`, `formdir`) VALUES
    ('518','2017-3-1 14:00:00','518', 'Patient Encounter', '518', '91', 'admin', 'Default', '1', '0', 'patient_encounter');
INSERT INTO `libreehr_postcalendar_events` 
        (`pc_catid`,`pc_multiple`,`pc_aid`,`pc_pid`,`pc_title`,`pc_time`,`pc_hometext`,`pc_comments`,`pc_counter`,`pc_topic`,`pc_informant`,`pc_eventDate`,
        `pc_endDate`,`pc_duration`,`pc_recurrtype`,`pc_recurrspec`,`pc_recurrfreq`,`pc_startTime`,`pc_endTime`,`pc_alldayevent`,`pc_location`,`pc_eventstatus`,
        `pc_sharing`,`pc_apptstatus`,`pc_prefcatid`,`pc_facility`,`pc_billing_location`)VALUES
        ( 1,517,'1','91','Office Visit','2017-3-1 14:00:00','Clinical Appointment',0,0,1,'1',
        '2017-3-1 14:00:00','0000-00-00',900,0,
        'a:6:{s:17:"event_repeat_freq";s:1:"0";s:22:"event_repeat_freq_type";s:1:"0";s:19:"event_repeat_on_num";s:1:"1";s:19:"event_repeat_on_day";s:1:"0";s:20:"event_repeat_on_freq";s:1:"0";s:6:"exdate";s:0:"";}',
        0,'14:00:00','14:15:00',0,
        'a:6:{s:14:"event_location";s:0:"";s:13:"event_street1";s:0:"";s:13:"event_street2";s:0:"";s:10:"event_city";s:0:"";s:11:"event_state";s:0:"";s:12:"event_postal";s:0:"";}',
        1,1,'-',0,1,1);
INSERT INTO `form_encounter` (`id`, `date`, `reason`, `facility`, `facility_id`, `pid`, `encounter`,
     `onset_date`, `sensitivity`, `billing_note`, `pc_catid`, `last_level_billed`, `last_level_closed`, `last_stmt_date`, `stmt_count`,
      `provider_id`, `supervisor_id`, `invoice_refno`, `referral_source`, `billing_facility`) VALUES
    ('519','2017-3-31 12:00:00', 'Test Encounter', 'Your Clinic Name Here', '3','91','519', '0000-00-00 00:00:00', 'normal', 'NULL','3', '0', '0','NULL', '0', '1', '0', '', '', '3');
INSERT INTO `forms` (`id`, `date`, `encounter`, `form_name`, `form_id`, `pid`, `user`, `groupname`, `authorized`, `deleted`, `formdir`) VALUES
    ('519','2017-3-31 12:00:00','519', 'Patient Encounter', '519', '91', 'admin', 'Default', '1', '0', 'patient_encounter');
INSERT INTO `libreehr_postcalendar_events` 
        (`pc_catid`,`pc_multiple`,`pc_aid`,`pc_pid`,`pc_title`,`pc_time`,`pc_hometext`,`pc_comments`,`pc_counter`,`pc_topic`,`pc_informant`,`pc_eventDate`,
        `pc_endDate`,`pc_duration`,`pc_recurrtype`,`pc_recurrspec`,`pc_recurrfreq`,`pc_startTime`,`pc_endTime`,`pc_alldayevent`,`pc_location`,`pc_eventstatus`,
        `pc_sharing`,`pc_apptstatus`,`pc_prefcatid`,`pc_facility`,`pc_billing_location`)VALUES
        ( 1,518,'1','91','Office Visit','2017-3-31 12:00:00','Clinical Appointment',0,0,1,'1',
        '2017-3-31 12:00:00','0000-00-00',900,0,
        'a:6:{s:17:"event_repeat_freq";s:1:"0";s:22:"event_repeat_freq_type";s:1:"0";s:19:"event_repeat_on_num";s:1:"1";s:19:"event_repeat_on_day";s:1:"0";s:20:"event_repeat_on_freq";s:1:"0";s:6:"exdate";s:0:"";}',
        0,'12:00:00','12:15:00',0,
        'a:6:{s:14:"event_location";s:0:"";s:13:"event_street1";s:0:"";s:13:"event_street2";s:0:"";s:10:"event_city";s:0:"";s:11:"event_state";s:0:"";s:12:"event_postal";s:0:"";}',
        1,1,'-',0,1,1);
INSERT INTO `form_encounter` (`id`, `date`, `reason`, `facility`, `facility_id`, `pid`, `encounter`,
     `onset_date`, `sensitivity`, `billing_note`, `pc_catid`, `last_level_billed`, `last_level_closed`, `last_stmt_date`, `stmt_count`,
      `provider_id`, `supervisor_id`, `invoice_refno`, `referral_source`, `billing_facility`) VALUES
    ('520','2017-4-30 17:15:00', 'Test Encounter', 'Your Clinic Name Here', '3','91','520', '0000-00-00 00:00:00', 'normal', 'NULL','3', '0', '0','NULL', '0', '1', '0', '', '', '3');
INSERT INTO `forms` (`id`, `date`, `encounter`, `form_name`, `form_id`, `pid`, `user`, `groupname`, `authorized`, `deleted`, `formdir`) VALUES
    ('520','2017-4-30 17:15:00','520', 'Patient Encounter', '520', '91', 'admin', 'Default', '1', '0', 'patient_encounter');
INSERT INTO `libreehr_postcalendar_events` 
        (`pc_catid`,`pc_multiple`,`pc_aid`,`pc_pid`,`pc_title`,`pc_time`,`pc_hometext`,`pc_comments`,`pc_counter`,`pc_topic`,`pc_informant`,`pc_eventDate`,
        `pc_endDate`,`pc_duration`,`pc_recurrtype`,`pc_recurrspec`,`pc_recurrfreq`,`pc_startTime`,`pc_endTime`,`pc_alldayevent`,`pc_location`,`pc_eventstatus`,
        `pc_sharing`,`pc_apptstatus`,`pc_prefcatid`,`pc_facility`,`pc_billing_location`)VALUES
        ( 1,519,'1','91','Office Visit','2017-4-30 17:15:00','Clinical Appointment',0,0,1,'1',
        '2017-4-30 17:15:00','0000-00-00',900,0,
        'a:6:{s:17:"event_repeat_freq";s:1:"0";s:22:"event_repeat_freq_type";s:1:"0";s:19:"event_repeat_on_num";s:1:"1";s:19:"event_repeat_on_day";s:1:"0";s:20:"event_repeat_on_freq";s:1:"0";s:6:"exdate";s:0:"";}',
        0,'17:15:00','17:30:00',0,
        'a:6:{s:14:"event_location";s:0:"";s:13:"event_street1";s:0:"";s:13:"event_street2";s:0:"";s:10:"event_city";s:0:"";s:11:"event_state";s:0:"";s:12:"event_postal";s:0:"";}',
        1,1,'-',0,1,1);
INSERT INTO `form_encounter` (`id`, `date`, `reason`, `facility`, `facility_id`, `pid`, `encounter`,
     `onset_date`, `sensitivity`, `billing_note`, `pc_catid`, `last_level_billed`, `last_level_closed`, `last_stmt_date`, `stmt_count`,
      `provider_id`, `supervisor_id`, `invoice_refno`, `referral_source`, `billing_facility`) VALUES
    ('521','2017-5-30 11:00:00', 'Test Encounter', 'Your Clinic Name Here', '3','91','521', '0000-00-00 00:00:00', 'normal', 'NULL','6', '0', '0','NULL', '0', '1', '0', '', '', '3');
INSERT INTO `forms` (`id`, `date`, `encounter`, `form_name`, `form_id`, `pid`, `user`, `groupname`, `authorized`, `deleted`, `formdir`) VALUES
    ('521','2017-5-30 11:00:00','521', 'Patient Encounter', '521', '91', 'admin', 'Default', '1', '0', 'patient_encounter');
INSERT INTO `libreehr_postcalendar_events` 
        (`pc_catid`,`pc_multiple`,`pc_aid`,`pc_pid`,`pc_title`,`pc_time`,`pc_hometext`,`pc_comments`,`pc_counter`,`pc_topic`,`pc_informant`,`pc_eventDate`,
        `pc_endDate`,`pc_duration`,`pc_recurrtype`,`pc_recurrspec`,`pc_recurrfreq`,`pc_startTime`,`pc_endTime`,`pc_alldayevent`,`pc_location`,`pc_eventstatus`,
        `pc_sharing`,`pc_apptstatus`,`pc_prefcatid`,`pc_facility`,`pc_billing_location`)VALUES
        ( 1,520,'1','91','Office Visit','2017-5-30 11:00:00','Clinical Appointment',0,0,1,'1',
        '2017-5-30 11:00:00','0000-00-00',900,0,
        'a:6:{s:17:"event_repeat_freq";s:1:"0";s:22:"event_repeat_freq_type";s:1:"0";s:19:"event_repeat_on_num";s:1:"1";s:19:"event_repeat_on_day";s:1:"0";s:20:"event_repeat_on_freq";s:1:"0";s:6:"exdate";s:0:"";}',
        0,'11:00:00','11:15:00',0,
        'a:6:{s:14:"event_location";s:0:"";s:13:"event_street1";s:0:"";s:13:"event_street2";s:0:"";s:10:"event_city";s:0:"";s:11:"event_state";s:0:"";s:12:"event_postal";s:0:"";}',
        1,1,'-',0,1,1);
INSERT INTO `form_encounter` (`id`, `date`, `reason`, `facility`, `facility_id`, `pid`, `encounter`,
     `onset_date`, `sensitivity`, `billing_note`, `pc_catid`, `last_level_billed`, `last_level_closed`, `last_stmt_date`, `stmt_count`,
      `provider_id`, `supervisor_id`, `invoice_refno`, `referral_source`, `billing_facility`) VALUES
    ('522','2017-6-29 10:00:00', 'Test Encounter', 'Your Clinic Name Here', '3','91','522', '0000-00-00 00:00:00', 'normal', 'NULL','8', '0', '0','NULL', '0', '1', '0', '', '', '3');
INSERT INTO `forms` (`id`, `date`, `encounter`, `form_name`, `form_id`, `pid`, `user`, `groupname`, `authorized`, `deleted`, `formdir`) VALUES
    ('522','2017-6-29 10:00:00','522', 'Patient Encounter', '522', '91', 'admin', 'Default', '1', '0', 'patient_encounter');
INSERT INTO `libreehr_postcalendar_events` 
        (`pc_catid`,`pc_multiple`,`pc_aid`,`pc_pid`,`pc_title`,`pc_time`,`pc_hometext`,`pc_comments`,`pc_counter`,`pc_topic`,`pc_informant`,`pc_eventDate`,
        `pc_endDate`,`pc_duration`,`pc_recurrtype`,`pc_recurrspec`,`pc_recurrfreq`,`pc_startTime`,`pc_endTime`,`pc_alldayevent`,`pc_location`,`pc_eventstatus`,
        `pc_sharing`,`pc_apptstatus`,`pc_prefcatid`,`pc_facility`,`pc_billing_location`)VALUES
        ( 1,521,'1','91','Office Visit','2017-6-29 10:00:00','Clinical Appointment',0,0,1,'1',
        '2017-6-29 10:00:00','0000-00-00',900,0,
        'a:6:{s:17:"event_repeat_freq";s:1:"0";s:22:"event_repeat_freq_type";s:1:"0";s:19:"event_repeat_on_num";s:1:"1";s:19:"event_repeat_on_day";s:1:"0";s:20:"event_repeat_on_freq";s:1:"0";s:6:"exdate";s:0:"";}',
        0,'10:00:00','10:15:00',0,
        'a:6:{s:14:"event_location";s:0:"";s:13:"event_street1";s:0:"";s:13:"event_street2";s:0:"";s:10:"event_city";s:0:"";s:11:"event_state";s:0:"";s:12:"event_postal";s:0:"";}',
        1,1,'-',0,1,1);
INSERT INTO `form_encounter` (`id`, `date`, `reason`, `facility`, `facility_id`, `pid`, `encounter`,
     `onset_date`, `sensitivity`, `billing_note`, `pc_catid`, `last_level_billed`, `last_level_closed`, `last_stmt_date`, `stmt_count`,
      `provider_id`, `supervisor_id`, `invoice_refno`, `referral_source`, `billing_facility`) VALUES
    ('523','2017-7-29 12:00:00', 'Test Encounter', 'Your Clinic Name Here', '3','91','523', '0000-00-00 00:00:00', 'normal', 'NULL','1', '0', '0','NULL', '0', '1', '0', '', '', '3');
INSERT INTO `forms` (`id`, `date`, `encounter`, `form_name`, `form_id`, `pid`, `user`, `groupname`, `authorized`, `deleted`, `formdir`) VALUES
    ('523','2017-7-29 12:00:00','523', 'Patient Encounter', '523', '91', 'admin', 'Default', '1', '0', 'patient_encounter');
INSERT INTO `libreehr_postcalendar_events` 
        (`pc_catid`,`pc_multiple`,`pc_aid`,`pc_pid`,`pc_title`,`pc_time`,`pc_hometext`,`pc_comments`,`pc_counter`,`pc_topic`,`pc_informant`,`pc_eventDate`,
        `pc_endDate`,`pc_duration`,`pc_recurrtype`,`pc_recurrspec`,`pc_recurrfreq`,`pc_startTime`,`pc_endTime`,`pc_alldayevent`,`pc_location`,`pc_eventstatus`,
        `pc_sharing`,`pc_apptstatus`,`pc_prefcatid`,`pc_facility`,`pc_billing_location`)VALUES
        ( 1,522,'1','91','Office Visit','2017-7-29 12:00:00','Clinical Appointment',0,0,1,'1',
        '2017-7-29 12:00:00','0000-00-00',900,0,
        'a:6:{s:17:"event_repeat_freq";s:1:"0";s:22:"event_repeat_freq_type";s:1:"0";s:19:"event_repeat_on_num";s:1:"1";s:19:"event_repeat_on_day";s:1:"0";s:20:"event_repeat_on_freq";s:1:"0";s:6:"exdate";s:0:"";}',
        0,'12:00:00','12:15:00',0,
        'a:6:{s:14:"event_location";s:0:"";s:13:"event_street1";s:0:"";s:13:"event_street2";s:0:"";s:10:"event_city";s:0:"";s:11:"event_state";s:0:"";s:12:"event_postal";s:0:"";}',
        1,1,'-',0,1,1);
INSERT INTO `form_encounter` (`id`, `date`, `reason`, `facility`, `facility_id`, `pid`, `encounter`,
     `onset_date`, `sensitivity`, `billing_note`, `pc_catid`, `last_level_billed`, `last_level_closed`, `last_stmt_date`, `stmt_count`,
      `provider_id`, `supervisor_id`, `invoice_refno`, `referral_source`, `billing_facility`) VALUES
    ('524','2017-8-28 12:30:00', 'Test Encounter', 'Your Clinic Name Here', '3','91','524', '0000-00-00 00:00:00', 'normal', 'NULL','7', '0', '0','NULL', '0', '1', '0', '', '', '3');
INSERT INTO `forms` (`id`, `date`, `encounter`, `form_name`, `form_id`, `pid`, `user`, `groupname`, `authorized`, `deleted`, `formdir`) VALUES
    ('524','2017-8-28 12:30:00','524', 'Patient Encounter', '524', '91', 'admin', 'Default', '1', '0', 'patient_encounter');
INSERT INTO `libreehr_postcalendar_events` 
        (`pc_catid`,`pc_multiple`,`pc_aid`,`pc_pid`,`pc_title`,`pc_time`,`pc_hometext`,`pc_comments`,`pc_counter`,`pc_topic`,`pc_informant`,`pc_eventDate`,
        `pc_endDate`,`pc_duration`,`pc_recurrtype`,`pc_recurrspec`,`pc_recurrfreq`,`pc_startTime`,`pc_endTime`,`pc_alldayevent`,`pc_location`,`pc_eventstatus`,
        `pc_sharing`,`pc_apptstatus`,`pc_prefcatid`,`pc_facility`,`pc_billing_location`)VALUES
        ( 1,523,'1','91','Office Visit','2017-8-28 12:30:00','Clinical Appointment',0,0,1,'1',
        '2017-8-28 12:30:00','0000-00-00',900,0,
        'a:6:{s:17:"event_repeat_freq";s:1:"0";s:22:"event_repeat_freq_type";s:1:"0";s:19:"event_repeat_on_num";s:1:"1";s:19:"event_repeat_on_day";s:1:"0";s:20:"event_repeat_on_freq";s:1:"0";s:6:"exdate";s:0:"";}',
        0,'12:30:00','12:45:00',0,
        'a:6:{s:14:"event_location";s:0:"";s:13:"event_street1";s:0:"";s:13:"event_street2";s:0:"";s:10:"event_city";s:0:"";s:11:"event_state";s:0:"";s:12:"event_postal";s:0:"";}',
        1,1,'-',0,1,1);
INSERT INTO `form_encounter` (`id`, `date`, `reason`, `facility`, `facility_id`, `pid`, `encounter`,
     `onset_date`, `sensitivity`, `billing_note`, `pc_catid`, `last_level_billed`, `last_level_closed`, `last_stmt_date`, `stmt_count`,
      `provider_id`, `supervisor_id`, `invoice_refno`, `referral_source`, `billing_facility`) VALUES
    ('525','2017-9-27 11:30:00', 'Test Encounter', 'Your Clinic Name Here', '3','91','525', '0000-00-00 00:00:00', 'normal', 'NULL','8', '0', '0','NULL', '0', '1', '0', '', '', '3');
INSERT INTO `forms` (`id`, `date`, `encounter`, `form_name`, `form_id`, `pid`, `user`, `groupname`, `authorized`, `deleted`, `formdir`) VALUES
    ('525','2017-9-27 11:30:00','525', 'Patient Encounter', '525', '91', 'admin', 'Default', '1', '0', 'patient_encounter');
INSERT INTO `libreehr_postcalendar_events` 
        (`pc_catid`,`pc_multiple`,`pc_aid`,`pc_pid`,`pc_title`,`pc_time`,`pc_hometext`,`pc_comments`,`pc_counter`,`pc_topic`,`pc_informant`,`pc_eventDate`,
        `pc_endDate`,`pc_duration`,`pc_recurrtype`,`pc_recurrspec`,`pc_recurrfreq`,`pc_startTime`,`pc_endTime`,`pc_alldayevent`,`pc_location`,`pc_eventstatus`,
        `pc_sharing`,`pc_apptstatus`,`pc_prefcatid`,`pc_facility`,`pc_billing_location`)VALUES
        ( 1,524,'1','91','Office Visit','2017-9-27 11:30:00','Clinical Appointment',0,0,1,'1',
        '2017-9-27 11:30:00','0000-00-00',900,0,
        'a:6:{s:17:"event_repeat_freq";s:1:"0";s:22:"event_repeat_freq_type";s:1:"0";s:19:"event_repeat_on_num";s:1:"1";s:19:"event_repeat_on_day";s:1:"0";s:20:"event_repeat_on_freq";s:1:"0";s:6:"exdate";s:0:"";}',
        0,'11:30:00','11:45:00',0,
        'a:6:{s:14:"event_location";s:0:"";s:13:"event_street1";s:0:"";s:13:"event_street2";s:0:"";s:10:"event_city";s:0:"";s:11:"event_state";s:0:"";s:12:"event_postal";s:0:"";}',
        1,1,'-',0,1,1);
INSERT INTO `patient_data` (`title`, `language`, `financial`, `fname`, `lname`, `mname`, `DOB`,`street`, `postal_code`, `city`, `state`,  `drivers_license`, `ss`,`occupation`, `phone_home`, `phone_biz`, `phone_contact`, `phone_cell`,`status`, `contact_relationship`, `date`, `sex`, `referrer`, `referrerID`,`providerID`, `email`, `ethnoracial`, `interpretter`, `migrantseasonal`,`family_size`, `monthly_income`, `homeless`, `financial_review`, `pubpid`,`pid`, `genericname1`, `genericval1`, `genericname2`, `genericval2`) VALUES
 ('Mr.','English','','ROSS','LANE','A.','1937-3-5','7591 MainWay','59032','Riverside','SC','703262964','792790967',' ','(184) 857-127','(184) 857-127','(184) 857-127','(184) 857-127','married','Friend','2003-11-17 12:06:00','Male','GLEN FIELDS','1','1','ROSS@LibreEHR.org','Black',' ',' ','7','7870',' ','000-00-00 00:00:00','92','92',' ',' ',' ',' ');
INSERT INTO `insurance_data` (`id`, `type`, `provider`, `plan_name`, `policy_number`,`group_number`, `subscriber_lname`, `subscriber_mname`, `subscriber_fname`, `subscriber_relationship`, `subscriber_ss`,`subscriber_DOB`, `subscriber_street`, `subscriber_postal_code`, `subscriber_city`, `subscriber_state`, `subscriber_country`,`subscriber_phone`, `subscriber_employer`, `subscriber_employer_street`, `subscriber_employer_postal_code`,`subscriber_employer_state`, `subscriber_employer_country`, `subscriber_employer_city`, `copay`, `date`, `pid`,`subscriber_sex`, `accept_assignment`) VALUES('271','primary','6843','Pink Provider Very LTD.','848804715','585800663','LANE','A.','ROSS','self','792790967','1937-3-5','7591 MainWay','59032','Riverside','SC','Openemria','(184) 857-127','OEMR.org','','','SC','Openemria','Riverside','','2011-10-10','92','Male','FALSE');
INSERT INTO `insurance_data` (`id`, `type`, `provider`, `plan_name`, `policy_number`,`group_number`, `subscriber_lname`, `subscriber_mname`, `subscriber_fname`, `subscriber_relationship`, `subscriber_ss`,`subscriber_DOB`, `subscriber_street`, `subscriber_postal_code`, `subscriber_city`, `subscriber_state`, `subscriber_country`,`subscriber_phone`, `subscriber_employer`, `subscriber_employer_street`, `subscriber_employer_postal_code`,`subscriber_employer_state`, `subscriber_employer_country`, `subscriber_employer_city`, `copay`, `date`, `pid`,`subscriber_sex`, `accept_assignment`) VALUES('272','secondary','8435','Backstreet Helpful Company','189401773','38895389','LANE','A.','ROSS','self','792790967','1937-3-5','7591 MainWay','59032','Riverside','SC','Openemria','(184) 857-127','OEMR.org','','','SC','Openemria','Riverside','','2011-10-10','92','Male','FALSE');
INSERT INTO `insurance_data` (`id`, `type`, `provider`, `plan_name`, `policy_number`,`group_number`, `subscriber_lname`, `subscriber_mname`, `subscriber_fname`, `subscriber_relationship`, `subscriber_ss`,`subscriber_DOB`, `subscriber_street`, `subscriber_postal_code`, `subscriber_city`, `subscriber_state`, `subscriber_country`,`subscriber_phone`, `subscriber_employer`, `subscriber_employer_street`, `subscriber_employer_postal_code`,`subscriber_employer_state`, `subscriber_employer_country`, `subscriber_employer_city`, `copay`, `date`, `pid`,`subscriber_sex`, `accept_assignment`) VALUES('273','tertiary','5612','Violet Group HMO','867212338','916480992','LANE','A.','ROSS','self','792790967','1937-3-5','7591 MainWay','59032','Riverside','SC','Openemria','(184) 857-127','OEMR.org','','','SC','Openemria','Riverside','','2011-10-10','92','Male','FALSE');
INSERT INTO `form_encounter` (`id`, `date`, `reason`, `facility`, `facility_id`, `pid`, `encounter`,
     `onset_date`, `sensitivity`, `billing_note`, `pc_catid`, `last_level_billed`, `last_level_closed`, `last_stmt_date`, `stmt_count`,
      `provider_id`, `supervisor_id`, `invoice_refno`, `referral_source`, `billing_facility`) VALUES
    ('526','2017-3-31 10:30:00', 'Test Encounter', 'Your Clinic Name Here', '3','92','526', '0000-00-00 00:00:00', 'normal', 'NULL','8', '0', '0','NULL', '0', '1', '0', '', '', '3');
INSERT INTO `forms` (`id`, `date`, `encounter`, `form_name`, `form_id`, `pid`, `user`, `groupname`, `authorized`, `deleted`, `formdir`) VALUES
    ('526','2017-3-31 10:30:00','526', 'Patient Encounter', '526', '92', 'admin', 'Default', '1', '0', 'patient_encounter');
INSERT INTO `libreehr_postcalendar_events` 
        (`pc_catid`,`pc_multiple`,`pc_aid`,`pc_pid`,`pc_title`,`pc_time`,`pc_hometext`,`pc_comments`,`pc_counter`,`pc_topic`,`pc_informant`,`pc_eventDate`,
        `pc_endDate`,`pc_duration`,`pc_recurrtype`,`pc_recurrspec`,`pc_recurrfreq`,`pc_startTime`,`pc_endTime`,`pc_alldayevent`,`pc_location`,`pc_eventstatus`,
        `pc_sharing`,`pc_apptstatus`,`pc_prefcatid`,`pc_facility`,`pc_billing_location`)VALUES
        ( 1,525,'1','92','Office Visit','2017-3-31 10:30:00','Clinical Appointment',0,0,1,'1',
        '2017-3-31 10:30:00','0000-00-00',900,0,
        'a:6:{s:17:"event_repeat_freq";s:1:"0";s:22:"event_repeat_freq_type";s:1:"0";s:19:"event_repeat_on_num";s:1:"1";s:19:"event_repeat_on_day";s:1:"0";s:20:"event_repeat_on_freq";s:1:"0";s:6:"exdate";s:0:"";}',
        0,'10:30:00','10:45:00',0,
        'a:6:{s:14:"event_location";s:0:"";s:13:"event_street1";s:0:"";s:13:"event_street2";s:0:"";s:10:"event_city";s:0:"";s:11:"event_state";s:0:"";s:12:"event_postal";s:0:"";}',
        1,1,'-',0,1,1);
INSERT INTO `form_encounter` (`id`, `date`, `reason`, `facility`, `facility_id`, `pid`, `encounter`,
     `onset_date`, `sensitivity`, `billing_note`, `pc_catid`, `last_level_billed`, `last_level_closed`, `last_stmt_date`, `stmt_count`,
      `provider_id`, `supervisor_id`, `invoice_refno`, `referral_source`, `billing_facility`) VALUES
    ('527','2017-4-30 16:00:00', 'Test Encounter', 'Your Clinic Name Here', '3','92','527', '0000-00-00 00:00:00', 'normal', 'NULL','4', '0', '0','NULL', '0', '1', '0', '', '', '3');
INSERT INTO `forms` (`id`, `date`, `encounter`, `form_name`, `form_id`, `pid`, `user`, `groupname`, `authorized`, `deleted`, `formdir`) VALUES
    ('527','2017-4-30 16:00:00','527', 'Patient Encounter', '527', '92', 'admin', 'Default', '1', '0', 'patient_encounter');
INSERT INTO `libreehr_postcalendar_events` 
        (`pc_catid`,`pc_multiple`,`pc_aid`,`pc_pid`,`pc_title`,`pc_time`,`pc_hometext`,`pc_comments`,`pc_counter`,`pc_topic`,`pc_informant`,`pc_eventDate`,
        `pc_endDate`,`pc_duration`,`pc_recurrtype`,`pc_recurrspec`,`pc_recurrfreq`,`pc_startTime`,`pc_endTime`,`pc_alldayevent`,`pc_location`,`pc_eventstatus`,
        `pc_sharing`,`pc_apptstatus`,`pc_prefcatid`,`pc_facility`,`pc_billing_location`)VALUES
        ( 1,526,'1','92','Office Visit','2017-4-30 16:00:00','Clinical Appointment',0,0,1,'1',
        '2017-4-30 16:00:00','0000-00-00',900,0,
        'a:6:{s:17:"event_repeat_freq";s:1:"0";s:22:"event_repeat_freq_type";s:1:"0";s:19:"event_repeat_on_num";s:1:"1";s:19:"event_repeat_on_day";s:1:"0";s:20:"event_repeat_on_freq";s:1:"0";s:6:"exdate";s:0:"";}',
        0,'16:00:00','16:15:00',0,
        'a:6:{s:14:"event_location";s:0:"";s:13:"event_street1";s:0:"";s:13:"event_street2";s:0:"";s:10:"event_city";s:0:"";s:11:"event_state";s:0:"";s:12:"event_postal";s:0:"";}',
        1,1,'-',0,1,1);
INSERT INTO `form_encounter` (`id`, `date`, `reason`, `facility`, `facility_id`, `pid`, `encounter`,
     `onset_date`, `sensitivity`, `billing_note`, `pc_catid`, `last_level_billed`, `last_level_closed`, `last_stmt_date`, `stmt_count`,
      `provider_id`, `supervisor_id`, `invoice_refno`, `referral_source`, `billing_facility`) VALUES
    ('528','2017-5-30 17:00:00', 'Test Encounter', 'Your Clinic Name Here', '3','92','528', '0000-00-00 00:00:00', 'normal', 'NULL','5', '0', '0','NULL', '0', '1', '0', '', '', '3');
INSERT INTO `forms` (`id`, `date`, `encounter`, `form_name`, `form_id`, `pid`, `user`, `groupname`, `authorized`, `deleted`, `formdir`) VALUES
    ('528','2017-5-30 17:00:00','528', 'Patient Encounter', '528', '92', 'admin', 'Default', '1', '0', 'patient_encounter');
INSERT INTO `libreehr_postcalendar_events` 
        (`pc_catid`,`pc_multiple`,`pc_aid`,`pc_pid`,`pc_title`,`pc_time`,`pc_hometext`,`pc_comments`,`pc_counter`,`pc_topic`,`pc_informant`,`pc_eventDate`,
        `pc_endDate`,`pc_duration`,`pc_recurrtype`,`pc_recurrspec`,`pc_recurrfreq`,`pc_startTime`,`pc_endTime`,`pc_alldayevent`,`pc_location`,`pc_eventstatus`,
        `pc_sharing`,`pc_apptstatus`,`pc_prefcatid`,`pc_facility`,`pc_billing_location`)VALUES
        ( 1,527,'1','92','Office Visit','2017-5-30 17:00:00','Clinical Appointment',0,0,1,'1',
        '2017-5-30 17:00:00','0000-00-00',900,0,
        'a:6:{s:17:"event_repeat_freq";s:1:"0";s:22:"event_repeat_freq_type";s:1:"0";s:19:"event_repeat_on_num";s:1:"1";s:19:"event_repeat_on_day";s:1:"0";s:20:"event_repeat_on_freq";s:1:"0";s:6:"exdate";s:0:"";}',
        0,'17:00:00','17:15:00',0,
        'a:6:{s:14:"event_location";s:0:"";s:13:"event_street1";s:0:"";s:13:"event_street2";s:0:"";s:10:"event_city";s:0:"";s:11:"event_state";s:0:"";s:12:"event_postal";s:0:"";}',
        1,1,'-',0,1,1);
INSERT INTO `form_encounter` (`id`, `date`, `reason`, `facility`, `facility_id`, `pid`, `encounter`,
     `onset_date`, `sensitivity`, `billing_note`, `pc_catid`, `last_level_billed`, `last_level_closed`, `last_stmt_date`, `stmt_count`,
      `provider_id`, `supervisor_id`, `invoice_refno`, `referral_source`, `billing_facility`) VALUES
    ('529','2017-6-29 14:30:00', 'Test Encounter', 'Your Clinic Name Here', '3','92','529', '0000-00-00 00:00:00', 'normal', 'NULL','6', '0', '0','NULL', '0', '1', '0', '', '', '3');
INSERT INTO `forms` (`id`, `date`, `encounter`, `form_name`, `form_id`, `pid`, `user`, `groupname`, `authorized`, `deleted`, `formdir`) VALUES
    ('529','2017-6-29 14:30:00','529', 'Patient Encounter', '529', '92', 'admin', 'Default', '1', '0', 'patient_encounter');
INSERT INTO `libreehr_postcalendar_events` 
        (`pc_catid`,`pc_multiple`,`pc_aid`,`pc_pid`,`pc_title`,`pc_time`,`pc_hometext`,`pc_comments`,`pc_counter`,`pc_topic`,`pc_informant`,`pc_eventDate`,
        `pc_endDate`,`pc_duration`,`pc_recurrtype`,`pc_recurrspec`,`pc_recurrfreq`,`pc_startTime`,`pc_endTime`,`pc_alldayevent`,`pc_location`,`pc_eventstatus`,
        `pc_sharing`,`pc_apptstatus`,`pc_prefcatid`,`pc_facility`,`pc_billing_location`)VALUES
        ( 1,528,'1','92','Office Visit','2017-6-29 14:30:00','Clinical Appointment',0,0,1,'1',
        '2017-6-29 14:30:00','0000-00-00',900,0,
        'a:6:{s:17:"event_repeat_freq";s:1:"0";s:22:"event_repeat_freq_type";s:1:"0";s:19:"event_repeat_on_num";s:1:"1";s:19:"event_repeat_on_day";s:1:"0";s:20:"event_repeat_on_freq";s:1:"0";s:6:"exdate";s:0:"";}',
        0,'14:30:00','14:45:00',0,
        'a:6:{s:14:"event_location";s:0:"";s:13:"event_street1";s:0:"";s:13:"event_street2";s:0:"";s:10:"event_city";s:0:"";s:11:"event_state";s:0:"";s:12:"event_postal";s:0:"";}',
        1,1,'-',0,1,1);
INSERT INTO `form_encounter` (`id`, `date`, `reason`, `facility`, `facility_id`, `pid`, `encounter`,
     `onset_date`, `sensitivity`, `billing_note`, `pc_catid`, `last_level_billed`, `last_level_closed`, `last_stmt_date`, `stmt_count`,
      `provider_id`, `supervisor_id`, `invoice_refno`, `referral_source`, `billing_facility`) VALUES
    ('530','2017-7-29 10:15:00', 'Test Encounter', 'Your Clinic Name Here', '3','92','530', '0000-00-00 00:00:00', 'normal', 'NULL','2', '0', '0','NULL', '0', '1', '0', '', '', '3');
INSERT INTO `forms` (`id`, `date`, `encounter`, `form_name`, `form_id`, `pid`, `user`, `groupname`, `authorized`, `deleted`, `formdir`) VALUES
    ('530','2017-7-29 10:15:00','530', 'Patient Encounter', '530', '92', 'admin', 'Default', '1', '0', 'patient_encounter');
INSERT INTO `libreehr_postcalendar_events` 
        (`pc_catid`,`pc_multiple`,`pc_aid`,`pc_pid`,`pc_title`,`pc_time`,`pc_hometext`,`pc_comments`,`pc_counter`,`pc_topic`,`pc_informant`,`pc_eventDate`,
        `pc_endDate`,`pc_duration`,`pc_recurrtype`,`pc_recurrspec`,`pc_recurrfreq`,`pc_startTime`,`pc_endTime`,`pc_alldayevent`,`pc_location`,`pc_eventstatus`,
        `pc_sharing`,`pc_apptstatus`,`pc_prefcatid`,`pc_facility`,`pc_billing_location`)VALUES
        ( 1,529,'1','92','Office Visit','2017-7-29 10:15:00','Clinical Appointment',0,0,1,'1',
        '2017-7-29 10:15:00','0000-00-00',900,0,
        'a:6:{s:17:"event_repeat_freq";s:1:"0";s:22:"event_repeat_freq_type";s:1:"0";s:19:"event_repeat_on_num";s:1:"1";s:19:"event_repeat_on_day";s:1:"0";s:20:"event_repeat_on_freq";s:1:"0";s:6:"exdate";s:0:"";}',
        0,'10:15:00','10:30:00',0,
        'a:6:{s:14:"event_location";s:0:"";s:13:"event_street1";s:0:"";s:13:"event_street2";s:0:"";s:10:"event_city";s:0:"";s:11:"event_state";s:0:"";s:12:"event_postal";s:0:"";}',
        1,1,'-',0,1,1);
INSERT INTO `form_encounter` (`id`, `date`, `reason`, `facility`, `facility_id`, `pid`, `encounter`,
     `onset_date`, `sensitivity`, `billing_note`, `pc_catid`, `last_level_billed`, `last_level_closed`, `last_stmt_date`, `stmt_count`,
      `provider_id`, `supervisor_id`, `invoice_refno`, `referral_source`, `billing_facility`) VALUES
    ('531','2017-8-28 17:00:00', 'Test Encounter', 'Your Clinic Name Here', '3','92','531', '0000-00-00 00:00:00', 'normal', 'NULL','3', '0', '0','NULL', '0', '1', '0', '', '', '3');
INSERT INTO `forms` (`id`, `date`, `encounter`, `form_name`, `form_id`, `pid`, `user`, `groupname`, `authorized`, `deleted`, `formdir`) VALUES
    ('531','2017-8-28 17:00:00','531', 'Patient Encounter', '531', '92', 'admin', 'Default', '1', '0', 'patient_encounter');
INSERT INTO `libreehr_postcalendar_events` 
        (`pc_catid`,`pc_multiple`,`pc_aid`,`pc_pid`,`pc_title`,`pc_time`,`pc_hometext`,`pc_comments`,`pc_counter`,`pc_topic`,`pc_informant`,`pc_eventDate`,
        `pc_endDate`,`pc_duration`,`pc_recurrtype`,`pc_recurrspec`,`pc_recurrfreq`,`pc_startTime`,`pc_endTime`,`pc_alldayevent`,`pc_location`,`pc_eventstatus`,
        `pc_sharing`,`pc_apptstatus`,`pc_prefcatid`,`pc_facility`,`pc_billing_location`)VALUES
        ( 1,530,'1','92','Office Visit','2017-8-28 17:00:00','Clinical Appointment',0,0,1,'1',
        '2017-8-28 17:00:00','0000-00-00',900,0,
        'a:6:{s:17:"event_repeat_freq";s:1:"0";s:22:"event_repeat_freq_type";s:1:"0";s:19:"event_repeat_on_num";s:1:"1";s:19:"event_repeat_on_day";s:1:"0";s:20:"event_repeat_on_freq";s:1:"0";s:6:"exdate";s:0:"";}',
        0,'17:00:00','17:15:00',0,
        'a:6:{s:14:"event_location";s:0:"";s:13:"event_street1";s:0:"";s:13:"event_street2";s:0:"";s:10:"event_city";s:0:"";s:11:"event_state";s:0:"";s:12:"event_postal";s:0:"";}',
        1,1,'-',0,1,1);
INSERT INTO `form_encounter` (`id`, `date`, `reason`, `facility`, `facility_id`, `pid`, `encounter`,
     `onset_date`, `sensitivity`, `billing_note`, `pc_catid`, `last_level_billed`, `last_level_closed`, `last_stmt_date`, `stmt_count`,
      `provider_id`, `supervisor_id`, `invoice_refno`, `referral_source`, `billing_facility`) VALUES
    ('532','2017-9-27 14:30:00', 'Test Encounter', 'Your Clinic Name Here', '3','92','532', '0000-00-00 00:00:00', 'normal', 'NULL','5', '0', '0','NULL', '0', '1', '0', '', '', '3');
INSERT INTO `forms` (`id`, `date`, `encounter`, `form_name`, `form_id`, `pid`, `user`, `groupname`, `authorized`, `deleted`, `formdir`) VALUES
    ('532','2017-9-27 14:30:00','532', 'Patient Encounter', '532', '92', 'admin', 'Default', '1', '0', 'patient_encounter');
INSERT INTO `libreehr_postcalendar_events` 
        (`pc_catid`,`pc_multiple`,`pc_aid`,`pc_pid`,`pc_title`,`pc_time`,`pc_hometext`,`pc_comments`,`pc_counter`,`pc_topic`,`pc_informant`,`pc_eventDate`,
        `pc_endDate`,`pc_duration`,`pc_recurrtype`,`pc_recurrspec`,`pc_recurrfreq`,`pc_startTime`,`pc_endTime`,`pc_alldayevent`,`pc_location`,`pc_eventstatus`,
        `pc_sharing`,`pc_apptstatus`,`pc_prefcatid`,`pc_facility`,`pc_billing_location`)VALUES
        ( 1,531,'1','92','Office Visit','2017-9-27 14:30:00','Clinical Appointment',0,0,1,'1',
        '2017-9-27 14:30:00','0000-00-00',900,0,
        'a:6:{s:17:"event_repeat_freq";s:1:"0";s:22:"event_repeat_freq_type";s:1:"0";s:19:"event_repeat_on_num";s:1:"1";s:19:"event_repeat_on_day";s:1:"0";s:20:"event_repeat_on_freq";s:1:"0";s:6:"exdate";s:0:"";}',
        0,'14:30:00','14:45:00',0,
        'a:6:{s:14:"event_location";s:0:"";s:13:"event_street1";s:0:"";s:13:"event_street2";s:0:"";s:10:"event_city";s:0:"";s:11:"event_state";s:0:"";s:12:"event_postal";s:0:"";}',
        1,1,'-',0,1,1);
INSERT INTO `patient_data` (`title`, `language`, `financial`, `fname`, `lname`, `mname`, `DOB`,`street`, `postal_code`, `city`, `state`,  `drivers_license`, `ss`,`occupation`, `phone_home`, `phone_biz`, `phone_contact`, `phone_cell`,`status`, `contact_relationship`, `date`, `sex`, `referrer`, `referrerID`,`providerID`, `email`, `ethnoracial`, `interpretter`, `migrantseasonal`,`family_size`, `monthly_income`, `homeless`, `financial_review`, `pubpid`,`pid`, `genericname1`, `genericval1`, `genericname2`, `genericval2`) VALUES
 ('Ms.','Spanish','','JACKIE','WEAVER','M.','1954-4-8','3898 PecanSt.','61097','Greenville','NM','878901029','856292373',' ','(835) 565-4894','(835) 565-4894','(835) 565-4894','(835) 565-4894','married','Friend','2003-11-17 12:06:00','Female','MICHAEL HENRY','1','1','JACKIE@LibreEHR.org','Martian',' ',' ','1','1665',' ','000-00-00 00:00:00','93','93',' ',' ',' ',' ');
INSERT INTO `insurance_data` (`id`, `type`, `provider`, `plan_name`, `policy_number`,`group_number`, `subscriber_lname`, `subscriber_mname`, `subscriber_fname`, `subscriber_relationship`, `subscriber_ss`,`subscriber_DOB`, `subscriber_street`, `subscriber_postal_code`, `subscriber_city`, `subscriber_state`, `subscriber_country`,`subscriber_phone`, `subscriber_employer`, `subscriber_employer_street`, `subscriber_employer_postal_code`,`subscriber_employer_state`, `subscriber_employer_country`, `subscriber_employer_city`, `copay`, `date`, `pid`,`subscriber_sex`, `accept_assignment`) VALUES('274','primary','7687','Green Assurance INC.','384748265','235554680','WEAVER','M.','JACKIE','self','856292373','1954-4-8','3898 PecanSt.','61097','Greenville','NM','Openemria','(835) 565-4894','OEMR.org','','','NM','Openemria','Greenville','','2011-10-10','93','Female','FALSE');
INSERT INTO `insurance_data` (`id`, `type`, `provider`, `plan_name`, `policy_number`,`group_number`, `subscriber_lname`, `subscriber_mname`, `subscriber_fname`, `subscriber_relationship`, `subscriber_ss`,`subscriber_DOB`, `subscriber_street`, `subscriber_postal_code`, `subscriber_city`, `subscriber_state`, `subscriber_country`,`subscriber_phone`, `subscriber_employer`, `subscriber_employer_street`, `subscriber_employer_postal_code`,`subscriber_employer_state`, `subscriber_employer_country`, `subscriber_employer_city`, `copay`, `date`, `pid`,`subscriber_sex`, `accept_assignment`) VALUES('275','secondary','6887','Impersonal Insurance HMO','293708197','108173928','WEAVER','M.','JACKIE','self','856292373','1954-4-8','3898 PecanSt.','61097','Greenville','NM','Openemria','(835) 565-4894','OEMR.org','','','NM','Openemria','Greenville','','2011-10-10','93','Female','TRUE');
INSERT INTO `insurance_data` (`id`, `type`, `provider`, `plan_name`, `policy_number`,`group_number`, `subscriber_lname`, `subscriber_mname`, `subscriber_fname`, `subscriber_relationship`, `subscriber_ss`,`subscriber_DOB`, `subscriber_street`, `subscriber_postal_code`, `subscriber_city`, `subscriber_state`, `subscriber_country`,`subscriber_phone`, `subscriber_employer`, `subscriber_employer_street`, `subscriber_employer_postal_code`,`subscriber_employer_state`, `subscriber_employer_country`, `subscriber_employer_city`, `copay`, `date`, `pid`,`subscriber_sex`, `accept_assignment`) VALUES('276','tertiary','6186','Green Mutual LTD','566819072','284428479','WEAVER','M.','JACKIE','self','856292373','1954-4-8','3898 PecanSt.','61097','Greenville','NM','Openemria','(835) 565-4894','OEMR.org','','','NM','Openemria','Greenville','','2011-10-10','93','Female','FALSE');
INSERT INTO `form_encounter` (`id`, `date`, `reason`, `facility`, `facility_id`, `pid`, `encounter`,
     `onset_date`, `sensitivity`, `billing_note`, `pc_catid`, `last_level_billed`, `last_level_closed`, `last_stmt_date`, `stmt_count`,
      `provider_id`, `supervisor_id`, `invoice_refno`, `referral_source`, `billing_facility`) VALUES
    ('533','2017-4-30 15:00:00', 'Test Encounter', 'Your Clinic Name Here', '3','93','533', '0000-00-00 00:00:00', 'normal', 'NULL','7', '0', '0','NULL', '0', '1', '0', '', '', '3');
INSERT INTO `forms` (`id`, `date`, `encounter`, `form_name`, `form_id`, `pid`, `user`, `groupname`, `authorized`, `deleted`, `formdir`) VALUES
    ('533','2017-4-30 15:00:00','533', 'Patient Encounter', '533', '93', 'admin', 'Default', '1', '0', 'patient_encounter');
INSERT INTO `libreehr_postcalendar_events` 
        (`pc_catid`,`pc_multiple`,`pc_aid`,`pc_pid`,`pc_title`,`pc_time`,`pc_hometext`,`pc_comments`,`pc_counter`,`pc_topic`,`pc_informant`,`pc_eventDate`,
        `pc_endDate`,`pc_duration`,`pc_recurrtype`,`pc_recurrspec`,`pc_recurrfreq`,`pc_startTime`,`pc_endTime`,`pc_alldayevent`,`pc_location`,`pc_eventstatus`,
        `pc_sharing`,`pc_apptstatus`,`pc_prefcatid`,`pc_facility`,`pc_billing_location`)VALUES
        ( 1,532,'1','93','Office Visit','2017-4-30 15:00:00','Clinical Appointment',0,0,1,'1',
        '2017-4-30 15:00:00','0000-00-00',900,0,
        'a:6:{s:17:"event_repeat_freq";s:1:"0";s:22:"event_repeat_freq_type";s:1:"0";s:19:"event_repeat_on_num";s:1:"1";s:19:"event_repeat_on_day";s:1:"0";s:20:"event_repeat_on_freq";s:1:"0";s:6:"exdate";s:0:"";}',
        0,'15:00:00','15:15:00',0,
        'a:6:{s:14:"event_location";s:0:"";s:13:"event_street1";s:0:"";s:13:"event_street2";s:0:"";s:10:"event_city";s:0:"";s:11:"event_state";s:0:"";s:12:"event_postal";s:0:"";}',
        1,1,'-',0,1,1);
INSERT INTO `form_encounter` (`id`, `date`, `reason`, `facility`, `facility_id`, `pid`, `encounter`,
     `onset_date`, `sensitivity`, `billing_note`, `pc_catid`, `last_level_billed`, `last_level_closed`, `last_stmt_date`, `stmt_count`,
      `provider_id`, `supervisor_id`, `invoice_refno`, `referral_source`, `billing_facility`) VALUES
    ('534','2017-5-30 13:00:00', 'Test Encounter', 'Your Clinic Name Here', '3','93','534', '0000-00-00 00:00:00', 'normal', 'NULL','7', '0', '0','NULL', '0', '1', '0', '', '', '3');
INSERT INTO `forms` (`id`, `date`, `encounter`, `form_name`, `form_id`, `pid`, `user`, `groupname`, `authorized`, `deleted`, `formdir`) VALUES
    ('534','2017-5-30 13:00:00','534', 'Patient Encounter', '534', '93', 'admin', 'Default', '1', '0', 'patient_encounter');
INSERT INTO `libreehr_postcalendar_events` 
        (`pc_catid`,`pc_multiple`,`pc_aid`,`pc_pid`,`pc_title`,`pc_time`,`pc_hometext`,`pc_comments`,`pc_counter`,`pc_topic`,`pc_informant`,`pc_eventDate`,
        `pc_endDate`,`pc_duration`,`pc_recurrtype`,`pc_recurrspec`,`pc_recurrfreq`,`pc_startTime`,`pc_endTime`,`pc_alldayevent`,`pc_location`,`pc_eventstatus`,
        `pc_sharing`,`pc_apptstatus`,`pc_prefcatid`,`pc_facility`,`pc_billing_location`)VALUES
        ( 1,533,'1','93','Office Visit','2017-5-30 13:00:00','Clinical Appointment',0,0,1,'1',
        '2017-5-30 13:00:00','0000-00-00',900,0,
        'a:6:{s:17:"event_repeat_freq";s:1:"0";s:22:"event_repeat_freq_type";s:1:"0";s:19:"event_repeat_on_num";s:1:"1";s:19:"event_repeat_on_day";s:1:"0";s:20:"event_repeat_on_freq";s:1:"0";s:6:"exdate";s:0:"";}',
        0,'13:00:00','13:15:00',0,
        'a:6:{s:14:"event_location";s:0:"";s:13:"event_street1";s:0:"";s:13:"event_street2";s:0:"";s:10:"event_city";s:0:"";s:11:"event_state";s:0:"";s:12:"event_postal";s:0:"";}',
        1,1,'-',0,1,1);
INSERT INTO `form_encounter` (`id`, `date`, `reason`, `facility`, `facility_id`, `pid`, `encounter`,
     `onset_date`, `sensitivity`, `billing_note`, `pc_catid`, `last_level_billed`, `last_level_closed`, `last_stmt_date`, `stmt_count`,
      `provider_id`, `supervisor_id`, `invoice_refno`, `referral_source`, `billing_facility`) VALUES
    ('535','2017-6-29 13:15:00', 'Test Encounter', 'Your Clinic Name Here', '3','93','535', '0000-00-00 00:00:00', 'normal', 'NULL','5', '0', '0','NULL', '0', '1', '0', '', '', '3');
INSERT INTO `forms` (`id`, `date`, `encounter`, `form_name`, `form_id`, `pid`, `user`, `groupname`, `authorized`, `deleted`, `formdir`) VALUES
    ('535','2017-6-29 13:15:00','535', 'Patient Encounter', '535', '93', 'admin', 'Default', '1', '0', 'patient_encounter');
INSERT INTO `libreehr_postcalendar_events` 
        (`pc_catid`,`pc_multiple`,`pc_aid`,`pc_pid`,`pc_title`,`pc_time`,`pc_hometext`,`pc_comments`,`pc_counter`,`pc_topic`,`pc_informant`,`pc_eventDate`,
        `pc_endDate`,`pc_duration`,`pc_recurrtype`,`pc_recurrspec`,`pc_recurrfreq`,`pc_startTime`,`pc_endTime`,`pc_alldayevent`,`pc_location`,`pc_eventstatus`,
        `pc_sharing`,`pc_apptstatus`,`pc_prefcatid`,`pc_facility`,`pc_billing_location`)VALUES
        ( 1,534,'1','93','Office Visit','2017-6-29 13:15:00','Clinical Appointment',0,0,1,'1',
        '2017-6-29 13:15:00','0000-00-00',900,0,
        'a:6:{s:17:"event_repeat_freq";s:1:"0";s:22:"event_repeat_freq_type";s:1:"0";s:19:"event_repeat_on_num";s:1:"1";s:19:"event_repeat_on_day";s:1:"0";s:20:"event_repeat_on_freq";s:1:"0";s:6:"exdate";s:0:"";}',
        0,'13:15:00','13:30:00',0,
        'a:6:{s:14:"event_location";s:0:"";s:13:"event_street1";s:0:"";s:13:"event_street2";s:0:"";s:10:"event_city";s:0:"";s:11:"event_state";s:0:"";s:12:"event_postal";s:0:"";}',
        1,1,'-',0,1,1);
INSERT INTO `form_encounter` (`id`, `date`, `reason`, `facility`, `facility_id`, `pid`, `encounter`,
     `onset_date`, `sensitivity`, `billing_note`, `pc_catid`, `last_level_billed`, `last_level_closed`, `last_stmt_date`, `stmt_count`,
      `provider_id`, `supervisor_id`, `invoice_refno`, `referral_source`, `billing_facility`) VALUES
    ('536','2017-7-29 15:15:00', 'Test Encounter', 'Your Clinic Name Here', '3','93','536', '0000-00-00 00:00:00', 'normal', 'NULL','3', '0', '0','NULL', '0', '1', '0', '', '', '3');
INSERT INTO `forms` (`id`, `date`, `encounter`, `form_name`, `form_id`, `pid`, `user`, `groupname`, `authorized`, `deleted`, `formdir`) VALUES
    ('536','2017-7-29 15:15:00','536', 'Patient Encounter', '536', '93', 'admin', 'Default', '1', '0', 'patient_encounter');
INSERT INTO `libreehr_postcalendar_events` 
        (`pc_catid`,`pc_multiple`,`pc_aid`,`pc_pid`,`pc_title`,`pc_time`,`pc_hometext`,`pc_comments`,`pc_counter`,`pc_topic`,`pc_informant`,`pc_eventDate`,
        `pc_endDate`,`pc_duration`,`pc_recurrtype`,`pc_recurrspec`,`pc_recurrfreq`,`pc_startTime`,`pc_endTime`,`pc_alldayevent`,`pc_location`,`pc_eventstatus`,
        `pc_sharing`,`pc_apptstatus`,`pc_prefcatid`,`pc_facility`,`pc_billing_location`)VALUES
        ( 1,535,'1','93','Office Visit','2017-7-29 15:15:00','Clinical Appointment',0,0,1,'1',
        '2017-7-29 15:15:00','0000-00-00',900,0,
        'a:6:{s:17:"event_repeat_freq";s:1:"0";s:22:"event_repeat_freq_type";s:1:"0";s:19:"event_repeat_on_num";s:1:"1";s:19:"event_repeat_on_day";s:1:"0";s:20:"event_repeat_on_freq";s:1:"0";s:6:"exdate";s:0:"";}',
        0,'15:15:00','15:30:00',0,
        'a:6:{s:14:"event_location";s:0:"";s:13:"event_street1";s:0:"";s:13:"event_street2";s:0:"";s:10:"event_city";s:0:"";s:11:"event_state";s:0:"";s:12:"event_postal";s:0:"";}',
        1,1,'-',0,1,1);
INSERT INTO `form_encounter` (`id`, `date`, `reason`, `facility`, `facility_id`, `pid`, `encounter`,
     `onset_date`, `sensitivity`, `billing_note`, `pc_catid`, `last_level_billed`, `last_level_closed`, `last_stmt_date`, `stmt_count`,
      `provider_id`, `supervisor_id`, `invoice_refno`, `referral_source`, `billing_facility`) VALUES
    ('537','2017-8-28 16:00:00', 'Test Encounter', 'Your Clinic Name Here', '3','93','537', '0000-00-00 00:00:00', 'normal', 'NULL','6', '0', '0','NULL', '0', '1', '0', '', '', '3');
INSERT INTO `forms` (`id`, `date`, `encounter`, `form_name`, `form_id`, `pid`, `user`, `groupname`, `authorized`, `deleted`, `formdir`) VALUES
    ('537','2017-8-28 16:00:00','537', 'Patient Encounter', '537', '93', 'admin', 'Default', '1', '0', 'patient_encounter');
INSERT INTO `libreehr_postcalendar_events` 
        (`pc_catid`,`pc_multiple`,`pc_aid`,`pc_pid`,`pc_title`,`pc_time`,`pc_hometext`,`pc_comments`,`pc_counter`,`pc_topic`,`pc_informant`,`pc_eventDate`,
        `pc_endDate`,`pc_duration`,`pc_recurrtype`,`pc_recurrspec`,`pc_recurrfreq`,`pc_startTime`,`pc_endTime`,`pc_alldayevent`,`pc_location`,`pc_eventstatus`,
        `pc_sharing`,`pc_apptstatus`,`pc_prefcatid`,`pc_facility`,`pc_billing_location`)VALUES
        ( 1,536,'1','93','Office Visit','2017-8-28 16:00:00','Clinical Appointment',0,0,1,'1',
        '2017-8-28 16:00:00','0000-00-00',900,0,
        'a:6:{s:17:"event_repeat_freq";s:1:"0";s:22:"event_repeat_freq_type";s:1:"0";s:19:"event_repeat_on_num";s:1:"1";s:19:"event_repeat_on_day";s:1:"0";s:20:"event_repeat_on_freq";s:1:"0";s:6:"exdate";s:0:"";}',
        0,'16:00:00','16:15:00',0,
        'a:6:{s:14:"event_location";s:0:"";s:13:"event_street1";s:0:"";s:13:"event_street2";s:0:"";s:10:"event_city";s:0:"";s:11:"event_state";s:0:"";s:12:"event_postal";s:0:"";}',
        1,1,'-',0,1,1);
INSERT INTO `form_encounter` (`id`, `date`, `reason`, `facility`, `facility_id`, `pid`, `encounter`,
     `onset_date`, `sensitivity`, `billing_note`, `pc_catid`, `last_level_billed`, `last_level_closed`, `last_stmt_date`, `stmt_count`,
      `provider_id`, `supervisor_id`, `invoice_refno`, `referral_source`, `billing_facility`) VALUES
    ('538','2017-9-27 14:00:00', 'Test Encounter', 'Your Clinic Name Here', '3','93','538', '0000-00-00 00:00:00', 'normal', 'NULL','4', '0', '0','NULL', '0', '1', '0', '', '', '3');
INSERT INTO `forms` (`id`, `date`, `encounter`, `form_name`, `form_id`, `pid`, `user`, `groupname`, `authorized`, `deleted`, `formdir`) VALUES
    ('538','2017-9-27 14:00:00','538', 'Patient Encounter', '538', '93', 'admin', 'Default', '1', '0', 'patient_encounter');
INSERT INTO `libreehr_postcalendar_events` 
        (`pc_catid`,`pc_multiple`,`pc_aid`,`pc_pid`,`pc_title`,`pc_time`,`pc_hometext`,`pc_comments`,`pc_counter`,`pc_topic`,`pc_informant`,`pc_eventDate`,
        `pc_endDate`,`pc_duration`,`pc_recurrtype`,`pc_recurrspec`,`pc_recurrfreq`,`pc_startTime`,`pc_endTime`,`pc_alldayevent`,`pc_location`,`pc_eventstatus`,
        `pc_sharing`,`pc_apptstatus`,`pc_prefcatid`,`pc_facility`,`pc_billing_location`)VALUES
        ( 1,537,'1','93','Office Visit','2017-9-27 14:00:00','Clinical Appointment',0,0,1,'1',
        '2017-9-27 14:00:00','0000-00-00',900,0,
        'a:6:{s:17:"event_repeat_freq";s:1:"0";s:22:"event_repeat_freq_type";s:1:"0";s:19:"event_repeat_on_num";s:1:"1";s:19:"event_repeat_on_day";s:1:"0";s:20:"event_repeat_on_freq";s:1:"0";s:6:"exdate";s:0:"";}',
        0,'14:00:00','14:15:00',0,
        'a:6:{s:14:"event_location";s:0:"";s:13:"event_street1";s:0:"";s:13:"event_street2";s:0:"";s:10:"event_city";s:0:"";s:11:"event_state";s:0:"";s:12:"event_postal";s:0:"";}',
        1,1,'-',0,1,1);
INSERT INTO `patient_data` (`title`, `language`, `financial`, `fname`, `lname`, `mname`, `DOB`,`street`, `postal_code`, `city`, `state`,  `drivers_license`, `ss`,`occupation`, `phone_home`, `phone_biz`, `phone_contact`, `phone_cell`,`status`, `contact_relationship`, `date`, `sex`, `referrer`, `referrerID`,`providerID`, `email`, `ethnoracial`, `interpretter`, `migrantseasonal`,`family_size`, `monthly_income`, `homeless`, `financial_review`, `pubpid`,`pid`, `genericname1`, `genericval1`, `genericname2`, `genericval2`) VALUES
 ('Mrs.','English','','PEARL','RUSSELL','N.','1950-3-1','3639 PineSt.','72830','Springfield','LA','892509770','940313936',' ','(259) 322-5580','(259) 322-5580','(259) 322-5580','(259) 322-5580','single','Friend','2003-11-17 12:06:00','Female','GREGORY WEBB','1','1','PEARL@LibreEHR.org','Chinese',' ',' ','5','8524',' ','000-00-00 00:00:00','94','94',' ',' ',' ',' ');
INSERT INTO `insurance_data` (`id`, `type`, `provider`, `plan_name`, `policy_number`,`group_number`, `subscriber_lname`, `subscriber_mname`, `subscriber_fname`, `subscriber_relationship`, `subscriber_ss`,`subscriber_DOB`, `subscriber_street`, `subscriber_postal_code`, `subscriber_city`, `subscriber_state`, `subscriber_country`,`subscriber_phone`, `subscriber_employer`, `subscriber_employer_street`, `subscriber_employer_postal_code`,`subscriber_employer_state`, `subscriber_employer_country`, `subscriber_employer_city`, `copay`, `date`, `pid`,`subscriber_sex`, `accept_assignment`) VALUES('277','primary','7519','Litigeous Heartless LTD','71182729','263691434','RUSSELL','N.','PEARL','self','940313936','1950-3-1','3639 PineSt.','72830','Springfield','LA','Openemria','(259) 322-5580','OEMR.org','','','LA','Openemria','Springfield','','2011-10-10','94','Female','FALSE');
INSERT INTO `insurance_data` (`id`, `type`, `provider`, `plan_name`, `policy_number`,`group_number`, `subscriber_lname`, `subscriber_mname`, `subscriber_fname`, `subscriber_relationship`, `subscriber_ss`,`subscriber_DOB`, `subscriber_street`, `subscriber_postal_code`, `subscriber_city`, `subscriber_state`, `subscriber_country`,`subscriber_phone`, `subscriber_employer`, `subscriber_employer_street`, `subscriber_employer_postal_code`,`subscriber_employer_state`, `subscriber_employer_country`, `subscriber_employer_city`, `copay`, `date`, `pid`,`subscriber_sex`, `accept_assignment`) VALUES('278','secondary','2651','Puce Mutual HMO','246520520','623648890','RUSSELL','N.','PEARL','self','940313936','1950-3-1','3639 PineSt.','72830','Springfield','LA','Openemria','(259) 322-5580','OEMR.org','','','LA','Openemria','Springfield','','2011-10-10','94','Female','TRUE');
INSERT INTO `insurance_data` (`id`, `type`, `provider`, `plan_name`, `policy_number`,`group_number`, `subscriber_lname`, `subscriber_mname`, `subscriber_fname`, `subscriber_relationship`, `subscriber_ss`,`subscriber_DOB`, `subscriber_street`, `subscriber_postal_code`, `subscriber_city`, `subscriber_state`, `subscriber_country`,`subscriber_phone`, `subscriber_employer`, `subscriber_employer_street`, `subscriber_employer_postal_code`,`subscriber_employer_state`, `subscriber_employer_country`, `subscriber_employer_city`, `copay`, `date`, `pid`,`subscriber_sex`, `accept_assignment`) VALUES('279','tertiary','6843','Pink Provider Very LTD.','420844765','463646990','RUSSELL','N.','PEARL','self','940313936','1950-3-1','3639 PineSt.','72830','Springfield','LA','Openemria','(259) 322-5580','OEMR.org','','','LA','Openemria','Springfield','','2011-10-10','94','Female','TRUE');
INSERT INTO `form_encounter` (`id`, `date`, `reason`, `facility`, `facility_id`, `pid`, `encounter`,
     `onset_date`, `sensitivity`, `billing_note`, `pc_catid`, `last_level_billed`, `last_level_closed`, `last_stmt_date`, `stmt_count`,
      `provider_id`, `supervisor_id`, `invoice_refno`, `referral_source`, `billing_facility`) VALUES
    ('539','2017-9-27 14:15:00', 'Test Encounter', 'Your Clinic Name Here', '3','94','539', '0000-00-00 00:00:00', 'normal', 'NULL','6', '0', '0','NULL', '0', '1', '0', '', '', '3');
INSERT INTO `forms` (`id`, `date`, `encounter`, `form_name`, `form_id`, `pid`, `user`, `groupname`, `authorized`, `deleted`, `formdir`) VALUES
    ('539','2017-9-27 14:15:00','539', 'Patient Encounter', '539', '94', 'admin', 'Default', '1', '0', 'patient_encounter');
INSERT INTO `libreehr_postcalendar_events` 
        (`pc_catid`,`pc_multiple`,`pc_aid`,`pc_pid`,`pc_title`,`pc_time`,`pc_hometext`,`pc_comments`,`pc_counter`,`pc_topic`,`pc_informant`,`pc_eventDate`,
        `pc_endDate`,`pc_duration`,`pc_recurrtype`,`pc_recurrspec`,`pc_recurrfreq`,`pc_startTime`,`pc_endTime`,`pc_alldayevent`,`pc_location`,`pc_eventstatus`,
        `pc_sharing`,`pc_apptstatus`,`pc_prefcatid`,`pc_facility`,`pc_billing_location`)VALUES
        ( 1,538,'1','94','Office Visit','2017-9-27 14:15:00','Clinical Appointment',0,0,1,'1',
        '2017-9-27 14:15:00','0000-00-00',900,0,
        'a:6:{s:17:"event_repeat_freq";s:1:"0";s:22:"event_repeat_freq_type";s:1:"0";s:19:"event_repeat_on_num";s:1:"1";s:19:"event_repeat_on_day";s:1:"0";s:20:"event_repeat_on_freq";s:1:"0";s:6:"exdate";s:0:"";}',
        0,'14:15:00','14:30:00',0,
        'a:6:{s:14:"event_location";s:0:"";s:13:"event_street1";s:0:"";s:13:"event_street2";s:0:"";s:10:"event_city";s:0:"";s:11:"event_state";s:0:"";s:12:"event_postal";s:0:"";}',
        1,1,'-',0,1,1);
INSERT INTO `patient_data` (`title`, `language`, `financial`, `fname`, `lname`, `mname`, `DOB`,`street`, `postal_code`, `city`, `state`,  `drivers_license`, `ss`,`occupation`, `phone_home`, `phone_biz`, `phone_contact`, `phone_cell`,`status`, `contact_relationship`, `date`, `sex`, `referrer`, `referrerID`,`providerID`, `email`, `ethnoracial`, `interpretter`, `migrantseasonal`,`family_size`, `monthly_income`, `homeless`, `financial_review`, `pubpid`,`pid`, `genericname1`, `genericval1`, `genericname2`, `genericval2`) VALUES
 ('Mr.','Spanish','','MITCHELL','MORALES','C.','1966-3-15','2793 LakeAve.','66357','Milton','LA','576002719','852886333',' ','(975) 58-9551','(975) 58-9551','(975) 58-9551','(975) 58-9551','single','Friend','2003-11-17 12:06:00','Male','GABRIEL MARTIN','1','1','MITCHELL@LibreEHR.org','Puerto Rican',' ',' ','4','5492',' ','000-00-00 00:00:00','95','95',' ',' ',' ',' ');
INSERT INTO `insurance_data` (`id`, `type`, `provider`, `plan_name`, `policy_number`,`group_number`, `subscriber_lname`, `subscriber_mname`, `subscriber_fname`, `subscriber_relationship`, `subscriber_ss`,`subscriber_DOB`, `subscriber_street`, `subscriber_postal_code`, `subscriber_city`, `subscriber_state`, `subscriber_country`,`subscriber_phone`, `subscriber_employer`, `subscriber_employer_street`, `subscriber_employer_postal_code`,`subscriber_employer_state`, `subscriber_employer_country`, `subscriber_employer_city`, `copay`, `date`, `pid`,`subscriber_sex`, `accept_assignment`) VALUES('280','primary','8487','Yellow Colors Company','881940864','967100255','MORALES','C.','MITCHELL','self','852886333','1966-3-15','2793 LakeAve.','66357','Milton','LA','Openemria','(975) 58-9551','OEMR.org','','','LA','Openemria','Milton','','2011-10-10','95','Male','TRUE');
INSERT INTO `insurance_data` (`id`, `type`, `provider`, `plan_name`, `policy_number`,`group_number`, `subscriber_lname`, `subscriber_mname`, `subscriber_fname`, `subscriber_relationship`, `subscriber_ss`,`subscriber_DOB`, `subscriber_street`, `subscriber_postal_code`, `subscriber_city`, `subscriber_state`, `subscriber_country`,`subscriber_phone`, `subscriber_employer`, `subscriber_employer_street`, `subscriber_employer_postal_code`,`subscriber_employer_state`, `subscriber_employer_country`, `subscriber_employer_city`, `copay`, `date`, `pid`,`subscriber_sex`, `accept_assignment`) VALUES('281','secondary','7687','Green Assurance INC.','759914099','629213511','MORALES','C.','MITCHELL','self','852886333','1966-3-15','2793 LakeAve.','66357','Milton','LA','Openemria','(975) 58-9551','OEMR.org','','','LA','Openemria','Milton','','2011-10-10','95','Male','TRUE');
INSERT INTO `insurance_data` (`id`, `type`, `provider`, `plan_name`, `policy_number`,`group_number`, `subscriber_lname`, `subscriber_mname`, `subscriber_fname`, `subscriber_relationship`, `subscriber_ss`,`subscriber_DOB`, `subscriber_street`, `subscriber_postal_code`, `subscriber_city`, `subscriber_state`, `subscriber_country`,`subscriber_phone`, `subscriber_employer`, `subscriber_employer_street`, `subscriber_employer_postal_code`,`subscriber_employer_state`, `subscriber_employer_country`, `subscriber_employer_city`, `copay`, `date`, `pid`,`subscriber_sex`, `accept_assignment`) VALUES('282','tertiary','6887','Impersonal Insurance HMO','397999681','715027878','MORALES','C.','MITCHELL','self','852886333','1966-3-15','2793 LakeAve.','66357','Milton','LA','Openemria','(975) 58-9551','OEMR.org','','','LA','Openemria','Milton','','2011-10-10','95','Male','FALSE');
INSERT INTO `form_encounter` (`id`, `date`, `reason`, `facility`, `facility_id`, `pid`, `encounter`,
     `onset_date`, `sensitivity`, `billing_note`, `pc_catid`, `last_level_billed`, `last_level_closed`, `last_stmt_date`, `stmt_count`,
      `provider_id`, `supervisor_id`, `invoice_refno`, `referral_source`, `billing_facility`) VALUES
    ('540','2017-8-28 12:30:00', 'Test Encounter', 'Your Clinic Name Here', '3','95','540', '0000-00-00 00:00:00', 'normal', 'NULL','2', '0', '0','NULL', '0', '1', '0', '', '', '3');
INSERT INTO `forms` (`id`, `date`, `encounter`, `form_name`, `form_id`, `pid`, `user`, `groupname`, `authorized`, `deleted`, `formdir`) VALUES
    ('540','2017-8-28 12:30:00','540', 'Patient Encounter', '540', '95', 'admin', 'Default', '1', '0', 'patient_encounter');
INSERT INTO `libreehr_postcalendar_events` 
        (`pc_catid`,`pc_multiple`,`pc_aid`,`pc_pid`,`pc_title`,`pc_time`,`pc_hometext`,`pc_comments`,`pc_counter`,`pc_topic`,`pc_informant`,`pc_eventDate`,
        `pc_endDate`,`pc_duration`,`pc_recurrtype`,`pc_recurrspec`,`pc_recurrfreq`,`pc_startTime`,`pc_endTime`,`pc_alldayevent`,`pc_location`,`pc_eventstatus`,
        `pc_sharing`,`pc_apptstatus`,`pc_prefcatid`,`pc_facility`,`pc_billing_location`)VALUES
        ( 1,539,'1','95','Office Visit','2017-8-28 12:30:00','Clinical Appointment',0,0,1,'1',
        '2017-8-28 12:30:00','0000-00-00',900,0,
        'a:6:{s:17:"event_repeat_freq";s:1:"0";s:22:"event_repeat_freq_type";s:1:"0";s:19:"event_repeat_on_num";s:1:"1";s:19:"event_repeat_on_day";s:1:"0";s:20:"event_repeat_on_freq";s:1:"0";s:6:"exdate";s:0:"";}',
        0,'12:30:00','12:45:00',0,
        'a:6:{s:14:"event_location";s:0:"";s:13:"event_street1";s:0:"";s:13:"event_street2";s:0:"";s:10:"event_city";s:0:"";s:11:"event_state";s:0:"";s:12:"event_postal";s:0:"";}',
        1,1,'-',0,1,1);
INSERT INTO `form_encounter` (`id`, `date`, `reason`, `facility`, `facility_id`, `pid`, `encounter`,
     `onset_date`, `sensitivity`, `billing_note`, `pc_catid`, `last_level_billed`, `last_level_closed`, `last_stmt_date`, `stmt_count`,
      `provider_id`, `supervisor_id`, `invoice_refno`, `referral_source`, `billing_facility`) VALUES
    ('541','2017-9-27 12:00:00', 'Test Encounter', 'Your Clinic Name Here', '3','95','541', '0000-00-00 00:00:00', 'normal', 'NULL','10', '0', '0','NULL', '0', '1', '0', '', '', '3');
INSERT INTO `forms` (`id`, `date`, `encounter`, `form_name`, `form_id`, `pid`, `user`, `groupname`, `authorized`, `deleted`, `formdir`) VALUES
    ('541','2017-9-27 12:00:00','541', 'Patient Encounter', '541', '95', 'admin', 'Default', '1', '0', 'patient_encounter');
INSERT INTO `libreehr_postcalendar_events` 
        (`pc_catid`,`pc_multiple`,`pc_aid`,`pc_pid`,`pc_title`,`pc_time`,`pc_hometext`,`pc_comments`,`pc_counter`,`pc_topic`,`pc_informant`,`pc_eventDate`,
        `pc_endDate`,`pc_duration`,`pc_recurrtype`,`pc_recurrspec`,`pc_recurrfreq`,`pc_startTime`,`pc_endTime`,`pc_alldayevent`,`pc_location`,`pc_eventstatus`,
        `pc_sharing`,`pc_apptstatus`,`pc_prefcatid`,`pc_facility`,`pc_billing_location`)VALUES
        ( 1,540,'1','95','Office Visit','2017-9-27 12:00:00','Clinical Appointment',0,0,1,'1',
        '2017-9-27 12:00:00','0000-00-00',900,0,
        'a:6:{s:17:"event_repeat_freq";s:1:"0";s:22:"event_repeat_freq_type";s:1:"0";s:19:"event_repeat_on_num";s:1:"1";s:19:"event_repeat_on_day";s:1:"0";s:20:"event_repeat_on_freq";s:1:"0";s:6:"exdate";s:0:"";}',
        0,'12:00:00','12:15:00',0,
        'a:6:{s:14:"event_location";s:0:"";s:13:"event_street1";s:0:"";s:13:"event_street2";s:0:"";s:10:"event_city";s:0:"";s:11:"event_state";s:0:"";s:12:"event_postal";s:0:"";}',
        1,1,'-',0,1,1);
INSERT INTO `patient_data` (`title`, `language`, `financial`, `fname`, `lname`, `mname`, `DOB`,`street`, `postal_code`, `city`, `state`,  `drivers_license`, `ss`,`occupation`, `phone_home`, `phone_biz`, `phone_contact`, `phone_cell`,`status`, `contact_relationship`, `date`, `sex`, `referrer`, `referrerID`,`providerID`, `email`, `ethnoracial`, `interpretter`, `migrantseasonal`,`family_size`, `monthly_income`, `homeless`, `financial_review`, `pubpid`,`pid`, `genericname1`, `genericval1`, `genericname2`, `genericval2`) VALUES
 ('Mrs.','Spanish','','STACY','BOYD','C.','2004-8-1','8312 22ndHwy','56156','Springfield','AR','389918103','444967106',' ','(498) 238-4334','(498) 238-4334','(498) 238-4334','(498) 238-4334','single','Friend','2003-11-17 12:06:00','Female','MAX MORRIS','1','1','STACY@LibreEHR.org','Vietnamese',' ',' ','2','7946',' ','000-00-00 00:00:00','96','96',' ',' ',' ',' ');
INSERT INTO `insurance_data` (`id`, `type`, `provider`, `plan_name`, `policy_number`,`group_number`, `subscriber_lname`, `subscriber_mname`, `subscriber_fname`, `subscriber_relationship`, `subscriber_ss`,`subscriber_DOB`, `subscriber_street`, `subscriber_postal_code`, `subscriber_city`, `subscriber_state`, `subscriber_country`,`subscriber_phone`, `subscriber_employer`, `subscriber_employer_street`, `subscriber_employer_postal_code`,`subscriber_employer_state`, `subscriber_employer_country`, `subscriber_employer_city`, `copay`, `date`, `pid`,`subscriber_sex`, `accept_assignment`) VALUES('283','primary','6186','Green Mutual LTD','839095292','214997936','BOYD','C.','STACY','self','444967106','2004-8-1','8312 22ndHwy','56156','Springfield','AR','Openemria','(498) 238-4334','OEMR.org','','','AR','Openemria','Springfield','','2011-10-10','96','Female','FALSE');
INSERT INTO `insurance_data` (`id`, `type`, `provider`, `plan_name`, `policy_number`,`group_number`, `subscriber_lname`, `subscriber_mname`, `subscriber_fname`, `subscriber_relationship`, `subscriber_ss`,`subscriber_DOB`, `subscriber_street`, `subscriber_postal_code`, `subscriber_city`, `subscriber_state`, `subscriber_country`,`subscriber_phone`, `subscriber_employer`, `subscriber_employer_street`, `subscriber_employer_postal_code`,`subscriber_employer_state`, `subscriber_employer_country`, `subscriber_employer_city`, `copay`, `date`, `pid`,`subscriber_sex`, `accept_assignment`) VALUES('284','secondary','7519','Litigeous Heartless LTD','132236643','99536278','BOYD','C.','STACY','self','444967106','2004-8-1','8312 22ndHwy','56156','Springfield','AR','Openemria','(498) 238-4334','OEMR.org','','','AR','Openemria','Springfield','','2011-10-10','96','Female','FALSE');
INSERT INTO `insurance_data` (`id`, `type`, `provider`, `plan_name`, `policy_number`,`group_number`, `subscriber_lname`, `subscriber_mname`, `subscriber_fname`, `subscriber_relationship`, `subscriber_ss`,`subscriber_DOB`, `subscriber_street`, `subscriber_postal_code`, `subscriber_city`, `subscriber_state`, `subscriber_country`,`subscriber_phone`, `subscriber_employer`, `subscriber_employer_street`, `subscriber_employer_postal_code`,`subscriber_employer_state`, `subscriber_employer_country`, `subscriber_employer_city`, `copay`, `date`, `pid`,`subscriber_sex`, `accept_assignment`) VALUES('285','tertiary','2651','Puce Mutual HMO','917010840','526037258','BOYD','C.','STACY','self','444967106','2004-8-1','8312 22ndHwy','56156','Springfield','AR','Openemria','(498) 238-4334','OEMR.org','','','AR','Openemria','Springfield','','2011-10-10','96','Female','TRUE');
INSERT INTO `form_encounter` (`id`, `date`, `reason`, `facility`, `facility_id`, `pid`, `encounter`,
     `onset_date`, `sensitivity`, `billing_note`, `pc_catid`, `last_level_billed`, `last_level_closed`, `last_stmt_date`, `stmt_count`,
      `provider_id`, `supervisor_id`, `invoice_refno`, `referral_source`, `billing_facility`) VALUES
    ('542','2017-3-31 13:15:00', 'Test Encounter', 'Your Clinic Name Here', '3','96','542', '0000-00-00 00:00:00', 'normal', 'NULL','8', '0', '0','NULL', '0', '1', '0', '', '', '3');
INSERT INTO `forms` (`id`, `date`, `encounter`, `form_name`, `form_id`, `pid`, `user`, `groupname`, `authorized`, `deleted`, `formdir`) VALUES
    ('542','2017-3-31 13:15:00','542', 'Patient Encounter', '542', '96', 'admin', 'Default', '1', '0', 'patient_encounter');
INSERT INTO `libreehr_postcalendar_events` 
        (`pc_catid`,`pc_multiple`,`pc_aid`,`pc_pid`,`pc_title`,`pc_time`,`pc_hometext`,`pc_comments`,`pc_counter`,`pc_topic`,`pc_informant`,`pc_eventDate`,
        `pc_endDate`,`pc_duration`,`pc_recurrtype`,`pc_recurrspec`,`pc_recurrfreq`,`pc_startTime`,`pc_endTime`,`pc_alldayevent`,`pc_location`,`pc_eventstatus`,
        `pc_sharing`,`pc_apptstatus`,`pc_prefcatid`,`pc_facility`,`pc_billing_location`)VALUES
        ( 1,541,'1','96','Office Visit','2017-3-31 13:15:00','Clinical Appointment',0,0,1,'1',
        '2017-3-31 13:15:00','0000-00-00',900,0,
        'a:6:{s:17:"event_repeat_freq";s:1:"0";s:22:"event_repeat_freq_type";s:1:"0";s:19:"event_repeat_on_num";s:1:"1";s:19:"event_repeat_on_day";s:1:"0";s:20:"event_repeat_on_freq";s:1:"0";s:6:"exdate";s:0:"";}',
        0,'13:15:00','13:30:00',0,
        'a:6:{s:14:"event_location";s:0:"";s:13:"event_street1";s:0:"";s:13:"event_street2";s:0:"";s:10:"event_city";s:0:"";s:11:"event_state";s:0:"";s:12:"event_postal";s:0:"";}',
        1,1,'-',0,1,1);
INSERT INTO `form_encounter` (`id`, `date`, `reason`, `facility`, `facility_id`, `pid`, `encounter`,
     `onset_date`, `sensitivity`, `billing_note`, `pc_catid`, `last_level_billed`, `last_level_closed`, `last_stmt_date`, `stmt_count`,
      `provider_id`, `supervisor_id`, `invoice_refno`, `referral_source`, `billing_facility`) VALUES
    ('543','2017-4-30 17:15:00', 'Test Encounter', 'Your Clinic Name Here', '3','96','543', '0000-00-00 00:00:00', 'normal', 'NULL','7', '0', '0','NULL', '0', '1', '0', '', '', '3');
INSERT INTO `forms` (`id`, `date`, `encounter`, `form_name`, `form_id`, `pid`, `user`, `groupname`, `authorized`, `deleted`, `formdir`) VALUES
    ('543','2017-4-30 17:15:00','543', 'Patient Encounter', '543', '96', 'admin', 'Default', '1', '0', 'patient_encounter');
INSERT INTO `libreehr_postcalendar_events` 
        (`pc_catid`,`pc_multiple`,`pc_aid`,`pc_pid`,`pc_title`,`pc_time`,`pc_hometext`,`pc_comments`,`pc_counter`,`pc_topic`,`pc_informant`,`pc_eventDate`,
        `pc_endDate`,`pc_duration`,`pc_recurrtype`,`pc_recurrspec`,`pc_recurrfreq`,`pc_startTime`,`pc_endTime`,`pc_alldayevent`,`pc_location`,`pc_eventstatus`,
        `pc_sharing`,`pc_apptstatus`,`pc_prefcatid`,`pc_facility`,`pc_billing_location`)VALUES
        ( 1,542,'1','96','Office Visit','2017-4-30 17:15:00','Clinical Appointment',0,0,1,'1',
        '2017-4-30 17:15:00','0000-00-00',900,0,
        'a:6:{s:17:"event_repeat_freq";s:1:"0";s:22:"event_repeat_freq_type";s:1:"0";s:19:"event_repeat_on_num";s:1:"1";s:19:"event_repeat_on_day";s:1:"0";s:20:"event_repeat_on_freq";s:1:"0";s:6:"exdate";s:0:"";}',
        0,'17:15:00','17:30:00',0,
        'a:6:{s:14:"event_location";s:0:"";s:13:"event_street1";s:0:"";s:13:"event_street2";s:0:"";s:10:"event_city";s:0:"";s:11:"event_state";s:0:"";s:12:"event_postal";s:0:"";}',
        1,1,'-',0,1,1);
INSERT INTO `form_encounter` (`id`, `date`, `reason`, `facility`, `facility_id`, `pid`, `encounter`,
     `onset_date`, `sensitivity`, `billing_note`, `pc_catid`, `last_level_billed`, `last_level_closed`, `last_stmt_date`, `stmt_count`,
      `provider_id`, `supervisor_id`, `invoice_refno`, `referral_source`, `billing_facility`) VALUES
    ('544','2017-5-30 13:00:00', 'Test Encounter', 'Your Clinic Name Here', '3','96','544', '0000-00-00 00:00:00', 'normal', 'NULL','6', '0', '0','NULL', '0', '1', '0', '', '', '3');
INSERT INTO `forms` (`id`, `date`, `encounter`, `form_name`, `form_id`, `pid`, `user`, `groupname`, `authorized`, `deleted`, `formdir`) VALUES
    ('544','2017-5-30 13:00:00','544', 'Patient Encounter', '544', '96', 'admin', 'Default', '1', '0', 'patient_encounter');
INSERT INTO `libreehr_postcalendar_events` 
        (`pc_catid`,`pc_multiple`,`pc_aid`,`pc_pid`,`pc_title`,`pc_time`,`pc_hometext`,`pc_comments`,`pc_counter`,`pc_topic`,`pc_informant`,`pc_eventDate`,
        `pc_endDate`,`pc_duration`,`pc_recurrtype`,`pc_recurrspec`,`pc_recurrfreq`,`pc_startTime`,`pc_endTime`,`pc_alldayevent`,`pc_location`,`pc_eventstatus`,
        `pc_sharing`,`pc_apptstatus`,`pc_prefcatid`,`pc_facility`,`pc_billing_location`)VALUES
        ( 1,543,'1','96','Office Visit','2017-5-30 13:00:00','Clinical Appointment',0,0,1,'1',
        '2017-5-30 13:00:00','0000-00-00',900,0,
        'a:6:{s:17:"event_repeat_freq";s:1:"0";s:22:"event_repeat_freq_type";s:1:"0";s:19:"event_repeat_on_num";s:1:"1";s:19:"event_repeat_on_day";s:1:"0";s:20:"event_repeat_on_freq";s:1:"0";s:6:"exdate";s:0:"";}',
        0,'13:00:00','13:15:00',0,
        'a:6:{s:14:"event_location";s:0:"";s:13:"event_street1";s:0:"";s:13:"event_street2";s:0:"";s:10:"event_city";s:0:"";s:11:"event_state";s:0:"";s:12:"event_postal";s:0:"";}',
        1,1,'-',0,1,1);
INSERT INTO `form_encounter` (`id`, `date`, `reason`, `facility`, `facility_id`, `pid`, `encounter`,
     `onset_date`, `sensitivity`, `billing_note`, `pc_catid`, `last_level_billed`, `last_level_closed`, `last_stmt_date`, `stmt_count`,
      `provider_id`, `supervisor_id`, `invoice_refno`, `referral_source`, `billing_facility`) VALUES
    ('545','2017-6-29 16:15:00', 'Test Encounter', 'Your Clinic Name Here', '3','96','545', '0000-00-00 00:00:00', 'normal', 'NULL','3', '0', '0','NULL', '0', '1', '0', '', '', '3');
INSERT INTO `forms` (`id`, `date`, `encounter`, `form_name`, `form_id`, `pid`, `user`, `groupname`, `authorized`, `deleted`, `formdir`) VALUES
    ('545','2017-6-29 16:15:00','545', 'Patient Encounter', '545', '96', 'admin', 'Default', '1', '0', 'patient_encounter');
INSERT INTO `libreehr_postcalendar_events` 
        (`pc_catid`,`pc_multiple`,`pc_aid`,`pc_pid`,`pc_title`,`pc_time`,`pc_hometext`,`pc_comments`,`pc_counter`,`pc_topic`,`pc_informant`,`pc_eventDate`,
        `pc_endDate`,`pc_duration`,`pc_recurrtype`,`pc_recurrspec`,`pc_recurrfreq`,`pc_startTime`,`pc_endTime`,`pc_alldayevent`,`pc_location`,`pc_eventstatus`,
        `pc_sharing`,`pc_apptstatus`,`pc_prefcatid`,`pc_facility`,`pc_billing_location`)VALUES
        ( 1,544,'1','96','Office Visit','2017-6-29 16:15:00','Clinical Appointment',0,0,1,'1',
        '2017-6-29 16:15:00','0000-00-00',900,0,
        'a:6:{s:17:"event_repeat_freq";s:1:"0";s:22:"event_repeat_freq_type";s:1:"0";s:19:"event_repeat_on_num";s:1:"1";s:19:"event_repeat_on_day";s:1:"0";s:20:"event_repeat_on_freq";s:1:"0";s:6:"exdate";s:0:"";}',
        0,'16:15:00','16:30:00',0,
        'a:6:{s:14:"event_location";s:0:"";s:13:"event_street1";s:0:"";s:13:"event_street2";s:0:"";s:10:"event_city";s:0:"";s:11:"event_state";s:0:"";s:12:"event_postal";s:0:"";}',
        1,1,'-',0,1,1);
INSERT INTO `form_encounter` (`id`, `date`, `reason`, `facility`, `facility_id`, `pid`, `encounter`,
     `onset_date`, `sensitivity`, `billing_note`, `pc_catid`, `last_level_billed`, `last_level_closed`, `last_stmt_date`, `stmt_count`,
      `provider_id`, `supervisor_id`, `invoice_refno`, `referral_source`, `billing_facility`) VALUES
    ('546','2017-7-29 10:30:00', 'Test Encounter', 'Your Clinic Name Here', '3','96','546', '0000-00-00 00:00:00', 'normal', 'NULL','8', '0', '0','NULL', '0', '1', '0', '', '', '3');
INSERT INTO `forms` (`id`, `date`, `encounter`, `form_name`, `form_id`, `pid`, `user`, `groupname`, `authorized`, `deleted`, `formdir`) VALUES
    ('546','2017-7-29 10:30:00','546', 'Patient Encounter', '546', '96', 'admin', 'Default', '1', '0', 'patient_encounter');
INSERT INTO `libreehr_postcalendar_events` 
        (`pc_catid`,`pc_multiple`,`pc_aid`,`pc_pid`,`pc_title`,`pc_time`,`pc_hometext`,`pc_comments`,`pc_counter`,`pc_topic`,`pc_informant`,`pc_eventDate`,
        `pc_endDate`,`pc_duration`,`pc_recurrtype`,`pc_recurrspec`,`pc_recurrfreq`,`pc_startTime`,`pc_endTime`,`pc_alldayevent`,`pc_location`,`pc_eventstatus`,
        `pc_sharing`,`pc_apptstatus`,`pc_prefcatid`,`pc_facility`,`pc_billing_location`)VALUES
        ( 1,545,'1','96','Office Visit','2017-7-29 10:30:00','Clinical Appointment',0,0,1,'1',
        '2017-7-29 10:30:00','0000-00-00',900,0,
        'a:6:{s:17:"event_repeat_freq";s:1:"0";s:22:"event_repeat_freq_type";s:1:"0";s:19:"event_repeat_on_num";s:1:"1";s:19:"event_repeat_on_day";s:1:"0";s:20:"event_repeat_on_freq";s:1:"0";s:6:"exdate";s:0:"";}',
        0,'10:30:00','10:45:00',0,
        'a:6:{s:14:"event_location";s:0:"";s:13:"event_street1";s:0:"";s:13:"event_street2";s:0:"";s:10:"event_city";s:0:"";s:11:"event_state";s:0:"";s:12:"event_postal";s:0:"";}',
        1,1,'-',0,1,1);
INSERT INTO `form_encounter` (`id`, `date`, `reason`, `facility`, `facility_id`, `pid`, `encounter`,
     `onset_date`, `sensitivity`, `billing_note`, `pc_catid`, `last_level_billed`, `last_level_closed`, `last_stmt_date`, `stmt_count`,
      `provider_id`, `supervisor_id`, `invoice_refno`, `referral_source`, `billing_facility`) VALUES
    ('547','2017-8-28 16:15:00', 'Test Encounter', 'Your Clinic Name Here', '3','96','547', '0000-00-00 00:00:00', 'normal', 'NULL','1', '0', '0','NULL', '0', '1', '0', '', '', '3');
INSERT INTO `forms` (`id`, `date`, `encounter`, `form_name`, `form_id`, `pid`, `user`, `groupname`, `authorized`, `deleted`, `formdir`) VALUES
    ('547','2017-8-28 16:15:00','547', 'Patient Encounter', '547', '96', 'admin', 'Default', '1', '0', 'patient_encounter');
INSERT INTO `libreehr_postcalendar_events` 
        (`pc_catid`,`pc_multiple`,`pc_aid`,`pc_pid`,`pc_title`,`pc_time`,`pc_hometext`,`pc_comments`,`pc_counter`,`pc_topic`,`pc_informant`,`pc_eventDate`,
        `pc_endDate`,`pc_duration`,`pc_recurrtype`,`pc_recurrspec`,`pc_recurrfreq`,`pc_startTime`,`pc_endTime`,`pc_alldayevent`,`pc_location`,`pc_eventstatus`,
        `pc_sharing`,`pc_apptstatus`,`pc_prefcatid`,`pc_facility`,`pc_billing_location`)VALUES
        ( 1,546,'1','96','Office Visit','2017-8-28 16:15:00','Clinical Appointment',0,0,1,'1',
        '2017-8-28 16:15:00','0000-00-00',900,0,
        'a:6:{s:17:"event_repeat_freq";s:1:"0";s:22:"event_repeat_freq_type";s:1:"0";s:19:"event_repeat_on_num";s:1:"1";s:19:"event_repeat_on_day";s:1:"0";s:20:"event_repeat_on_freq";s:1:"0";s:6:"exdate";s:0:"";}',
        0,'16:15:00','16:30:00',0,
        'a:6:{s:14:"event_location";s:0:"";s:13:"event_street1";s:0:"";s:13:"event_street2";s:0:"";s:10:"event_city";s:0:"";s:11:"event_state";s:0:"";s:12:"event_postal";s:0:"";}',
        1,1,'-',0,1,1);
INSERT INTO `form_encounter` (`id`, `date`, `reason`, `facility`, `facility_id`, `pid`, `encounter`,
     `onset_date`, `sensitivity`, `billing_note`, `pc_catid`, `last_level_billed`, `last_level_closed`, `last_stmt_date`, `stmt_count`,
      `provider_id`, `supervisor_id`, `invoice_refno`, `referral_source`, `billing_facility`) VALUES
    ('548','2017-9-27 12:30:00', 'Test Encounter', 'Your Clinic Name Here', '3','96','548', '0000-00-00 00:00:00', 'normal', 'NULL','2', '0', '0','NULL', '0', '1', '0', '', '', '3');
INSERT INTO `forms` (`id`, `date`, `encounter`, `form_name`, `form_id`, `pid`, `user`, `groupname`, `authorized`, `deleted`, `formdir`) VALUES
    ('548','2017-9-27 12:30:00','548', 'Patient Encounter', '548', '96', 'admin', 'Default', '1', '0', 'patient_encounter');
INSERT INTO `libreehr_postcalendar_events` 
        (`pc_catid`,`pc_multiple`,`pc_aid`,`pc_pid`,`pc_title`,`pc_time`,`pc_hometext`,`pc_comments`,`pc_counter`,`pc_topic`,`pc_informant`,`pc_eventDate`,
        `pc_endDate`,`pc_duration`,`pc_recurrtype`,`pc_recurrspec`,`pc_recurrfreq`,`pc_startTime`,`pc_endTime`,`pc_alldayevent`,`pc_location`,`pc_eventstatus`,
        `pc_sharing`,`pc_apptstatus`,`pc_prefcatid`,`pc_facility`,`pc_billing_location`)VALUES
        ( 1,547,'1','96','Office Visit','2017-9-27 12:30:00','Clinical Appointment',0,0,1,'1',
        '2017-9-27 12:30:00','0000-00-00',900,0,
        'a:6:{s:17:"event_repeat_freq";s:1:"0";s:22:"event_repeat_freq_type";s:1:"0";s:19:"event_repeat_on_num";s:1:"1";s:19:"event_repeat_on_day";s:1:"0";s:20:"event_repeat_on_freq";s:1:"0";s:6:"exdate";s:0:"";}',
        0,'12:30:00','12:45:00',0,
        'a:6:{s:14:"event_location";s:0:"";s:13:"event_street1";s:0:"";s:13:"event_street2";s:0:"";s:10:"event_city";s:0:"";s:11:"event_state";s:0:"";s:12:"event_postal";s:0:"";}',
        1,1,'-',0,1,1);
INSERT INTO `patient_data` (`title`, `language`, `financial`, `fname`, `lname`, `mname`, `DOB`,`street`, `postal_code`, `city`, `state`,  `drivers_license`, `ss`,`occupation`, `phone_home`, `phone_biz`, `phone_contact`, `phone_cell`,`status`, `contact_relationship`, `date`, `sex`, `referrer`, `referrerID`,`providerID`, `email`, `ethnoracial`, `interpretter`, `migrantseasonal`,`family_size`, `monthly_income`, `homeless`, `financial_review`, `pubpid`,`pid`, `genericname1`, `genericval1`, `genericname2`, `genericval2`) VALUES
 ('Ms.','English','','LORRAINE','HAMILTON','H.','1981-12-12','703 PeachBLVD','91122','Manchester','CA','750179308','257125468',' ','(85) 667-8480','(85) 667-8480','(85) 667-8480','(85) 667-8480','single','Friend','2003-11-17 12:06:00','Female','JOHNNY ROBERTSON','1','1','LORRAINE@LibreEHR.org','Yankee',' ',' ','1','4361',' ','000-00-00 00:00:00','97','97',' ',' ',' ',' ');
INSERT INTO `insurance_data` (`id`, `type`, `provider`, `plan_name`, `policy_number`,`group_number`, `subscriber_lname`, `subscriber_mname`, `subscriber_fname`, `subscriber_relationship`, `subscriber_ss`,`subscriber_DOB`, `subscriber_street`, `subscriber_postal_code`, `subscriber_city`, `subscriber_state`, `subscriber_country`,`subscriber_phone`, `subscriber_employer`, `subscriber_employer_street`, `subscriber_employer_postal_code`,`subscriber_employer_state`, `subscriber_employer_country`, `subscriber_employer_city`, `copay`, `date`, `pid`,`subscriber_sex`, `accept_assignment`) VALUES('286','primary','7519','Litigeous Heartless LTD','246896699','407060879','HAMILTON','H.','LORRAINE','self','257125468','1981-12-12','703 PeachBLVD','91122','Manchester','CA','Openemria','(85) 667-8480','OEMR.org','','','CA','Openemria','Manchester','','2011-10-10','97','Female','FALSE');
INSERT INTO `insurance_data` (`id`, `type`, `provider`, `plan_name`, `policy_number`,`group_number`, `subscriber_lname`, `subscriber_mname`, `subscriber_fname`, `subscriber_relationship`, `subscriber_ss`,`subscriber_DOB`, `subscriber_street`, `subscriber_postal_code`, `subscriber_city`, `subscriber_state`, `subscriber_country`,`subscriber_phone`, `subscriber_employer`, `subscriber_employer_street`, `subscriber_employer_postal_code`,`subscriber_employer_state`, `subscriber_employer_country`, `subscriber_employer_city`, `copay`, `date`, `pid`,`subscriber_sex`, `accept_assignment`) VALUES('287','secondary','2651','Puce Mutual HMO','939388713','531200930','HAMILTON','H.','LORRAINE','self','257125468','1981-12-12','703 PeachBLVD','91122','Manchester','CA','Openemria','(85) 667-8480','OEMR.org','','','CA','Openemria','Manchester','','2011-10-10','97','Female','TRUE');
INSERT INTO `insurance_data` (`id`, `type`, `provider`, `plan_name`, `policy_number`,`group_number`, `subscriber_lname`, `subscriber_mname`, `subscriber_fname`, `subscriber_relationship`, `subscriber_ss`,`subscriber_DOB`, `subscriber_street`, `subscriber_postal_code`, `subscriber_city`, `subscriber_state`, `subscriber_country`,`subscriber_phone`, `subscriber_employer`, `subscriber_employer_street`, `subscriber_employer_postal_code`,`subscriber_employer_state`, `subscriber_employer_country`, `subscriber_employer_city`, `copay`, `date`, `pid`,`subscriber_sex`, `accept_assignment`) VALUES('288','tertiary','6843','Pink Provider Very LTD.','351742659','927236133','HAMILTON','H.','LORRAINE','self','257125468','1981-12-12','703 PeachBLVD','91122','Manchester','CA','Openemria','(85) 667-8480','OEMR.org','','','CA','Openemria','Manchester','','2011-10-10','97','Female','FALSE');
INSERT INTO `form_encounter` (`id`, `date`, `reason`, `facility`, `facility_id`, `pid`, `encounter`,
     `onset_date`, `sensitivity`, `billing_note`, `pc_catid`, `last_level_billed`, `last_level_closed`, `last_stmt_date`, `stmt_count`,
      `provider_id`, `supervisor_id`, `invoice_refno`, `referral_source`, `billing_facility`) VALUES
    ('549','2017-1-30 16:15:00', 'Test Encounter', 'Your Clinic Name Here', '3','97','549', '0000-00-00 00:00:00', 'normal', 'NULL','1', '0', '0','NULL', '0', '1', '0', '', '', '3');
INSERT INTO `forms` (`id`, `date`, `encounter`, `form_name`, `form_id`, `pid`, `user`, `groupname`, `authorized`, `deleted`, `formdir`) VALUES
    ('549','2017-1-30 16:15:00','549', 'Patient Encounter', '549', '97', 'admin', 'Default', '1', '0', 'patient_encounter');
INSERT INTO `libreehr_postcalendar_events` 
        (`pc_catid`,`pc_multiple`,`pc_aid`,`pc_pid`,`pc_title`,`pc_time`,`pc_hometext`,`pc_comments`,`pc_counter`,`pc_topic`,`pc_informant`,`pc_eventDate`,
        `pc_endDate`,`pc_duration`,`pc_recurrtype`,`pc_recurrspec`,`pc_recurrfreq`,`pc_startTime`,`pc_endTime`,`pc_alldayevent`,`pc_location`,`pc_eventstatus`,
        `pc_sharing`,`pc_apptstatus`,`pc_prefcatid`,`pc_facility`,`pc_billing_location`)VALUES
        ( 1,548,'1','97','Office Visit','2017-1-30 16:15:00','Clinical Appointment',0,0,1,'1',
        '2017-1-30 16:15:00','0000-00-00',900,0,
        'a:6:{s:17:"event_repeat_freq";s:1:"0";s:22:"event_repeat_freq_type";s:1:"0";s:19:"event_repeat_on_num";s:1:"1";s:19:"event_repeat_on_day";s:1:"0";s:20:"event_repeat_on_freq";s:1:"0";s:6:"exdate";s:0:"";}',
        0,'16:15:00','16:30:00',0,
        'a:6:{s:14:"event_location";s:0:"";s:13:"event_street1";s:0:"";s:13:"event_street2";s:0:"";s:10:"event_city";s:0:"";s:11:"event_state";s:0:"";s:12:"event_postal";s:0:"";}',
        1,1,'-',0,1,1);
INSERT INTO `form_encounter` (`id`, `date`, `reason`, `facility`, `facility_id`, `pid`, `encounter`,
     `onset_date`, `sensitivity`, `billing_note`, `pc_catid`, `last_level_billed`, `last_level_closed`, `last_stmt_date`, `stmt_count`,
      `provider_id`, `supervisor_id`, `invoice_refno`, `referral_source`, `billing_facility`) VALUES
    ('550','2017-3-1 12:30:00', 'Test Encounter', 'Your Clinic Name Here', '3','97','550', '0000-00-00 00:00:00', 'normal', 'NULL','2', '0', '0','NULL', '0', '1', '0', '', '', '3');
INSERT INTO `forms` (`id`, `date`, `encounter`, `form_name`, `form_id`, `pid`, `user`, `groupname`, `authorized`, `deleted`, `formdir`) VALUES
    ('550','2017-3-1 12:30:00','550', 'Patient Encounter', '550', '97', 'admin', 'Default', '1', '0', 'patient_encounter');
INSERT INTO `libreehr_postcalendar_events` 
        (`pc_catid`,`pc_multiple`,`pc_aid`,`pc_pid`,`pc_title`,`pc_time`,`pc_hometext`,`pc_comments`,`pc_counter`,`pc_topic`,`pc_informant`,`pc_eventDate`,
        `pc_endDate`,`pc_duration`,`pc_recurrtype`,`pc_recurrspec`,`pc_recurrfreq`,`pc_startTime`,`pc_endTime`,`pc_alldayevent`,`pc_location`,`pc_eventstatus`,
        `pc_sharing`,`pc_apptstatus`,`pc_prefcatid`,`pc_facility`,`pc_billing_location`)VALUES
        ( 1,549,'1','97','Office Visit','2017-3-1 12:30:00','Clinical Appointment',0,0,1,'1',
        '2017-3-1 12:30:00','0000-00-00',900,0,
        'a:6:{s:17:"event_repeat_freq";s:1:"0";s:22:"event_repeat_freq_type";s:1:"0";s:19:"event_repeat_on_num";s:1:"1";s:19:"event_repeat_on_day";s:1:"0";s:20:"event_repeat_on_freq";s:1:"0";s:6:"exdate";s:0:"";}',
        0,'12:30:00','12:45:00',0,
        'a:6:{s:14:"event_location";s:0:"";s:13:"event_street1";s:0:"";s:13:"event_street2";s:0:"";s:10:"event_city";s:0:"";s:11:"event_state";s:0:"";s:12:"event_postal";s:0:"";}',
        1,1,'-',0,1,1);
INSERT INTO `form_encounter` (`id`, `date`, `reason`, `facility`, `facility_id`, `pid`, `encounter`,
     `onset_date`, `sensitivity`, `billing_note`, `pc_catid`, `last_level_billed`, `last_level_closed`, `last_stmt_date`, `stmt_count`,
      `provider_id`, `supervisor_id`, `invoice_refno`, `referral_source`, `billing_facility`) VALUES
    ('551','2017-3-31 13:15:00', 'Test Encounter', 'Your Clinic Name Here', '3','97','551', '0000-00-00 00:00:00', 'normal', 'NULL','10', '0', '0','NULL', '0', '1', '0', '', '', '3');
INSERT INTO `forms` (`id`, `date`, `encounter`, `form_name`, `form_id`, `pid`, `user`, `groupname`, `authorized`, `deleted`, `formdir`) VALUES
    ('551','2017-3-31 13:15:00','551', 'Patient Encounter', '551', '97', 'admin', 'Default', '1', '0', 'patient_encounter');
INSERT INTO `libreehr_postcalendar_events` 
        (`pc_catid`,`pc_multiple`,`pc_aid`,`pc_pid`,`pc_title`,`pc_time`,`pc_hometext`,`pc_comments`,`pc_counter`,`pc_topic`,`pc_informant`,`pc_eventDate`,
        `pc_endDate`,`pc_duration`,`pc_recurrtype`,`pc_recurrspec`,`pc_recurrfreq`,`pc_startTime`,`pc_endTime`,`pc_alldayevent`,`pc_location`,`pc_eventstatus`,
        `pc_sharing`,`pc_apptstatus`,`pc_prefcatid`,`pc_facility`,`pc_billing_location`)VALUES
        ( 1,550,'1','97','Office Visit','2017-3-31 13:15:00','Clinical Appointment',0,0,1,'1',
        '2017-3-31 13:15:00','0000-00-00',900,0,
        'a:6:{s:17:"event_repeat_freq";s:1:"0";s:22:"event_repeat_freq_type";s:1:"0";s:19:"event_repeat_on_num";s:1:"1";s:19:"event_repeat_on_day";s:1:"0";s:20:"event_repeat_on_freq";s:1:"0";s:6:"exdate";s:0:"";}',
        0,'13:15:00','13:30:00',0,
        'a:6:{s:14:"event_location";s:0:"";s:13:"event_street1";s:0:"";s:13:"event_street2";s:0:"";s:10:"event_city";s:0:"";s:11:"event_state";s:0:"";s:12:"event_postal";s:0:"";}',
        1,1,'-',0,1,1);
INSERT INTO `form_encounter` (`id`, `date`, `reason`, `facility`, `facility_id`, `pid`, `encounter`,
     `onset_date`, `sensitivity`, `billing_note`, `pc_catid`, `last_level_billed`, `last_level_closed`, `last_stmt_date`, `stmt_count`,
      `provider_id`, `supervisor_id`, `invoice_refno`, `referral_source`, `billing_facility`) VALUES
    ('552','2017-4-30 15:30:00', 'Test Encounter', 'Your Clinic Name Here', '3','97','552', '0000-00-00 00:00:00', 'normal', 'NULL','3', '0', '0','NULL', '0', '1', '0', '', '', '3');
INSERT INTO `forms` (`id`, `date`, `encounter`, `form_name`, `form_id`, `pid`, `user`, `groupname`, `authorized`, `deleted`, `formdir`) VALUES
    ('552','2017-4-30 15:30:00','552', 'Patient Encounter', '552', '97', 'admin', 'Default', '1', '0', 'patient_encounter');
INSERT INTO `libreehr_postcalendar_events` 
        (`pc_catid`,`pc_multiple`,`pc_aid`,`pc_pid`,`pc_title`,`pc_time`,`pc_hometext`,`pc_comments`,`pc_counter`,`pc_topic`,`pc_informant`,`pc_eventDate`,
        `pc_endDate`,`pc_duration`,`pc_recurrtype`,`pc_recurrspec`,`pc_recurrfreq`,`pc_startTime`,`pc_endTime`,`pc_alldayevent`,`pc_location`,`pc_eventstatus`,
        `pc_sharing`,`pc_apptstatus`,`pc_prefcatid`,`pc_facility`,`pc_billing_location`)VALUES
        ( 1,551,'1','97','Office Visit','2017-4-30 15:30:00','Clinical Appointment',0,0,1,'1',
        '2017-4-30 15:30:00','0000-00-00',900,0,
        'a:6:{s:17:"event_repeat_freq";s:1:"0";s:22:"event_repeat_freq_type";s:1:"0";s:19:"event_repeat_on_num";s:1:"1";s:19:"event_repeat_on_day";s:1:"0";s:20:"event_repeat_on_freq";s:1:"0";s:6:"exdate";s:0:"";}',
        0,'15:30:00','15:45:00',0,
        'a:6:{s:14:"event_location";s:0:"";s:13:"event_street1";s:0:"";s:13:"event_street2";s:0:"";s:10:"event_city";s:0:"";s:11:"event_state";s:0:"";s:12:"event_postal";s:0:"";}',
        1,1,'-',0,1,1);
INSERT INTO `form_encounter` (`id`, `date`, `reason`, `facility`, `facility_id`, `pid`, `encounter`,
     `onset_date`, `sensitivity`, `billing_note`, `pc_catid`, `last_level_billed`, `last_level_closed`, `last_stmt_date`, `stmt_count`,
      `provider_id`, `supervisor_id`, `invoice_refno`, `referral_source`, `billing_facility`) VALUES
    ('553','2017-5-30 15:00:00', 'Test Encounter', 'Your Clinic Name Here', '3','97','553', '0000-00-00 00:00:00', 'normal', 'NULL','2', '0', '0','NULL', '0', '1', '0', '', '', '3');
INSERT INTO `forms` (`id`, `date`, `encounter`, `form_name`, `form_id`, `pid`, `user`, `groupname`, `authorized`, `deleted`, `formdir`) VALUES
    ('553','2017-5-30 15:00:00','553', 'Patient Encounter', '553', '97', 'admin', 'Default', '1', '0', 'patient_encounter');
INSERT INTO `libreehr_postcalendar_events` 
        (`pc_catid`,`pc_multiple`,`pc_aid`,`pc_pid`,`pc_title`,`pc_time`,`pc_hometext`,`pc_comments`,`pc_counter`,`pc_topic`,`pc_informant`,`pc_eventDate`,
        `pc_endDate`,`pc_duration`,`pc_recurrtype`,`pc_recurrspec`,`pc_recurrfreq`,`pc_startTime`,`pc_endTime`,`pc_alldayevent`,`pc_location`,`pc_eventstatus`,
        `pc_sharing`,`pc_apptstatus`,`pc_prefcatid`,`pc_facility`,`pc_billing_location`)VALUES
        ( 1,552,'1','97','Office Visit','2017-5-30 15:00:00','Clinical Appointment',0,0,1,'1',
        '2017-5-30 15:00:00','0000-00-00',900,0,
        'a:6:{s:17:"event_repeat_freq";s:1:"0";s:22:"event_repeat_freq_type";s:1:"0";s:19:"event_repeat_on_num";s:1:"1";s:19:"event_repeat_on_day";s:1:"0";s:20:"event_repeat_on_freq";s:1:"0";s:6:"exdate";s:0:"";}',
        0,'15:00:00','15:15:00',0,
        'a:6:{s:14:"event_location";s:0:"";s:13:"event_street1";s:0:"";s:13:"event_street2";s:0:"";s:10:"event_city";s:0:"";s:11:"event_state";s:0:"";s:12:"event_postal";s:0:"";}',
        1,1,'-',0,1,1);
INSERT INTO `form_encounter` (`id`, `date`, `reason`, `facility`, `facility_id`, `pid`, `encounter`,
     `onset_date`, `sensitivity`, `billing_note`, `pc_catid`, `last_level_billed`, `last_level_closed`, `last_stmt_date`, `stmt_count`,
      `provider_id`, `supervisor_id`, `invoice_refno`, `referral_source`, `billing_facility`) VALUES
    ('554','2017-6-29 11:00:00', 'Test Encounter', 'Your Clinic Name Here', '3','97','554', '0000-00-00 00:00:00', 'normal', 'NULL','6', '0', '0','NULL', '0', '1', '0', '', '', '3');
INSERT INTO `forms` (`id`, `date`, `encounter`, `form_name`, `form_id`, `pid`, `user`, `groupname`, `authorized`, `deleted`, `formdir`) VALUES
    ('554','2017-6-29 11:00:00','554', 'Patient Encounter', '554', '97', 'admin', 'Default', '1', '0', 'patient_encounter');
INSERT INTO `libreehr_postcalendar_events` 
        (`pc_catid`,`pc_multiple`,`pc_aid`,`pc_pid`,`pc_title`,`pc_time`,`pc_hometext`,`pc_comments`,`pc_counter`,`pc_topic`,`pc_informant`,`pc_eventDate`,
        `pc_endDate`,`pc_duration`,`pc_recurrtype`,`pc_recurrspec`,`pc_recurrfreq`,`pc_startTime`,`pc_endTime`,`pc_alldayevent`,`pc_location`,`pc_eventstatus`,
        `pc_sharing`,`pc_apptstatus`,`pc_prefcatid`,`pc_facility`,`pc_billing_location`)VALUES
        ( 1,553,'1','97','Office Visit','2017-6-29 11:00:00','Clinical Appointment',0,0,1,'1',
        '2017-6-29 11:00:00','0000-00-00',900,0,
        'a:6:{s:17:"event_repeat_freq";s:1:"0";s:22:"event_repeat_freq_type";s:1:"0";s:19:"event_repeat_on_num";s:1:"1";s:19:"event_repeat_on_day";s:1:"0";s:20:"event_repeat_on_freq";s:1:"0";s:6:"exdate";s:0:"";}',
        0,'11:00:00','11:15:00',0,
        'a:6:{s:14:"event_location";s:0:"";s:13:"event_street1";s:0:"";s:13:"event_street2";s:0:"";s:10:"event_city";s:0:"";s:11:"event_state";s:0:"";s:12:"event_postal";s:0:"";}',
        1,1,'-',0,1,1);
INSERT INTO `form_encounter` (`id`, `date`, `reason`, `facility`, `facility_id`, `pid`, `encounter`,
     `onset_date`, `sensitivity`, `billing_note`, `pc_catid`, `last_level_billed`, `last_level_closed`, `last_stmt_date`, `stmt_count`,
      `provider_id`, `supervisor_id`, `invoice_refno`, `referral_source`, `billing_facility`) VALUES
    ('555','2017-7-29 15:00:00', 'Test Encounter', 'Your Clinic Name Here', '3','97','555', '0000-00-00 00:00:00', 'normal', 'NULL','7', '0', '0','NULL', '0', '1', '0', '', '', '3');
INSERT INTO `forms` (`id`, `date`, `encounter`, `form_name`, `form_id`, `pid`, `user`, `groupname`, `authorized`, `deleted`, `formdir`) VALUES
    ('555','2017-7-29 15:00:00','555', 'Patient Encounter', '555', '97', 'admin', 'Default', '1', '0', 'patient_encounter');
INSERT INTO `libreehr_postcalendar_events` 
        (`pc_catid`,`pc_multiple`,`pc_aid`,`pc_pid`,`pc_title`,`pc_time`,`pc_hometext`,`pc_comments`,`pc_counter`,`pc_topic`,`pc_informant`,`pc_eventDate`,
        `pc_endDate`,`pc_duration`,`pc_recurrtype`,`pc_recurrspec`,`pc_recurrfreq`,`pc_startTime`,`pc_endTime`,`pc_alldayevent`,`pc_location`,`pc_eventstatus`,
        `pc_sharing`,`pc_apptstatus`,`pc_prefcatid`,`pc_facility`,`pc_billing_location`)VALUES
        ( 1,554,'1','97','Office Visit','2017-7-29 15:00:00','Clinical Appointment',0,0,1,'1',
        '2017-7-29 15:00:00','0000-00-00',900,0,
        'a:6:{s:17:"event_repeat_freq";s:1:"0";s:22:"event_repeat_freq_type";s:1:"0";s:19:"event_repeat_on_num";s:1:"1";s:19:"event_repeat_on_day";s:1:"0";s:20:"event_repeat_on_freq";s:1:"0";s:6:"exdate";s:0:"";}',
        0,'15:00:00','15:15:00',0,
        'a:6:{s:14:"event_location";s:0:"";s:13:"event_street1";s:0:"";s:13:"event_street2";s:0:"";s:10:"event_city";s:0:"";s:11:"event_state";s:0:"";s:12:"event_postal";s:0:"";}',
        1,1,'-',0,1,1);
INSERT INTO `form_encounter` (`id`, `date`, `reason`, `facility`, `facility_id`, `pid`, `encounter`,
     `onset_date`, `sensitivity`, `billing_note`, `pc_catid`, `last_level_billed`, `last_level_closed`, `last_stmt_date`, `stmt_count`,
      `provider_id`, `supervisor_id`, `invoice_refno`, `referral_source`, `billing_facility`) VALUES
    ('556','2017-8-28 12:30:00', 'Test Encounter', 'Your Clinic Name Here', '3','97','556', '0000-00-00 00:00:00', 'normal', 'NULL','1', '0', '0','NULL', '0', '1', '0', '', '', '3');
INSERT INTO `forms` (`id`, `date`, `encounter`, `form_name`, `form_id`, `pid`, `user`, `groupname`, `authorized`, `deleted`, `formdir`) VALUES
    ('556','2017-8-28 12:30:00','556', 'Patient Encounter', '556', '97', 'admin', 'Default', '1', '0', 'patient_encounter');
INSERT INTO `libreehr_postcalendar_events` 
        (`pc_catid`,`pc_multiple`,`pc_aid`,`pc_pid`,`pc_title`,`pc_time`,`pc_hometext`,`pc_comments`,`pc_counter`,`pc_topic`,`pc_informant`,`pc_eventDate`,
        `pc_endDate`,`pc_duration`,`pc_recurrtype`,`pc_recurrspec`,`pc_recurrfreq`,`pc_startTime`,`pc_endTime`,`pc_alldayevent`,`pc_location`,`pc_eventstatus`,
        `pc_sharing`,`pc_apptstatus`,`pc_prefcatid`,`pc_facility`,`pc_billing_location`)VALUES
        ( 1,555,'1','97','Office Visit','2017-8-28 12:30:00','Clinical Appointment',0,0,1,'1',
        '2017-8-28 12:30:00','0000-00-00',900,0,
        'a:6:{s:17:"event_repeat_freq";s:1:"0";s:22:"event_repeat_freq_type";s:1:"0";s:19:"event_repeat_on_num";s:1:"1";s:19:"event_repeat_on_day";s:1:"0";s:20:"event_repeat_on_freq";s:1:"0";s:6:"exdate";s:0:"";}',
        0,'12:30:00','12:45:00',0,
        'a:6:{s:14:"event_location";s:0:"";s:13:"event_street1";s:0:"";s:13:"event_street2";s:0:"";s:10:"event_city";s:0:"";s:11:"event_state";s:0:"";s:12:"event_postal";s:0:"";}',
        1,1,'-',0,1,1);
INSERT INTO `form_encounter` (`id`, `date`, `reason`, `facility`, `facility_id`, `pid`, `encounter`,
     `onset_date`, `sensitivity`, `billing_note`, `pc_catid`, `last_level_billed`, `last_level_closed`, `last_stmt_date`, `stmt_count`,
      `provider_id`, `supervisor_id`, `invoice_refno`, `referral_source`, `billing_facility`) VALUES
    ('557','2017-9-27 13:00:00', 'Test Encounter', 'Your Clinic Name Here', '3','97','557', '0000-00-00 00:00:00', 'normal', 'NULL','5', '0', '0','NULL', '0', '1', '0', '', '', '3');
INSERT INTO `forms` (`id`, `date`, `encounter`, `form_name`, `form_id`, `pid`, `user`, `groupname`, `authorized`, `deleted`, `formdir`) VALUES
    ('557','2017-9-27 13:00:00','557', 'Patient Encounter', '557', '97', 'admin', 'Default', '1', '0', 'patient_encounter');
INSERT INTO `libreehr_postcalendar_events` 
        (`pc_catid`,`pc_multiple`,`pc_aid`,`pc_pid`,`pc_title`,`pc_time`,`pc_hometext`,`pc_comments`,`pc_counter`,`pc_topic`,`pc_informant`,`pc_eventDate`,
        `pc_endDate`,`pc_duration`,`pc_recurrtype`,`pc_recurrspec`,`pc_recurrfreq`,`pc_startTime`,`pc_endTime`,`pc_alldayevent`,`pc_location`,`pc_eventstatus`,
        `pc_sharing`,`pc_apptstatus`,`pc_prefcatid`,`pc_facility`,`pc_billing_location`)VALUES
        ( 1,556,'1','97','Office Visit','2017-9-27 13:00:00','Clinical Appointment',0,0,1,'1',
        '2017-9-27 13:00:00','0000-00-00',900,0,
        'a:6:{s:17:"event_repeat_freq";s:1:"0";s:22:"event_repeat_freq_type";s:1:"0";s:19:"event_repeat_on_num";s:1:"1";s:19:"event_repeat_on_day";s:1:"0";s:20:"event_repeat_on_freq";s:1:"0";s:6:"exdate";s:0:"";}',
        0,'13:00:00','13:15:00',0,
        'a:6:{s:14:"event_location";s:0:"";s:13:"event_street1";s:0:"";s:13:"event_street2";s:0:"";s:10:"event_city";s:0:"";s:11:"event_state";s:0:"";s:12:"event_postal";s:0:"";}',
        1,1,'-',0,1,1);
INSERT INTO `patient_data` (`title`, `language`, `financial`, `fname`, `lname`, `mname`, `DOB`,`street`, `postal_code`, `city`, `state`,  `drivers_license`, `ss`,`occupation`, `phone_home`, `phone_biz`, `phone_contact`, `phone_cell`,`status`, `contact_relationship`, `date`, `sex`, `referrer`, `referrerID`,`providerID`, `email`, `ethnoracial`, `interpretter`, `migrantseasonal`,`family_size`, `monthly_income`, `homeless`, `financial_review`, `pubpid`,`pid`, `genericname1`, `genericval1`, `genericname2`, `genericval2`) VALUES
 ('Ms.','Spanish','','JEAN','REID','P.','1933-11-8','8748 MainBLVD','1890','Arlington','IA','625508920','364919626',' ','(294) 378-5895','(294) 378-5895','(294) 378-5895','(294) 378-5895','single','Friend','2003-11-17 12:06:00','Female','MATHEW CARLSON','1','1','JEAN@LibreEHR.org','Chinese',' ',' ','6','8516',' ','000-00-00 00:00:00','98','98',' ',' ',' ',' ');
INSERT INTO `insurance_data` (`id`, `type`, `provider`, `plan_name`, `policy_number`,`group_number`, `subscriber_lname`, `subscriber_mname`, `subscriber_fname`, `subscriber_relationship`, `subscriber_ss`,`subscriber_DOB`, `subscriber_street`, `subscriber_postal_code`, `subscriber_city`, `subscriber_state`, `subscriber_country`,`subscriber_phone`, `subscriber_employer`, `subscriber_employer_street`, `subscriber_employer_postal_code`,`subscriber_employer_state`, `subscriber_employer_country`, `subscriber_employer_city`, `copay`, `date`, `pid`,`subscriber_sex`, `accept_assignment`) VALUES('289','primary','2651','Puce Mutual HMO','79303803','606993747','REID','P.','JEAN','self','364919626','1933-11-8','8748 MainBLVD','1890','Arlington','IA','Openemria','(294) 378-5895','OEMR.org','','','IA','Openemria','Arlington','','2011-10-10','98','Female','FALSE');
INSERT INTO `insurance_data` (`id`, `type`, `provider`, `plan_name`, `policy_number`,`group_number`, `subscriber_lname`, `subscriber_mname`, `subscriber_fname`, `subscriber_relationship`, `subscriber_ss`,`subscriber_DOB`, `subscriber_street`, `subscriber_postal_code`, `subscriber_city`, `subscriber_state`, `subscriber_country`,`subscriber_phone`, `subscriber_employer`, `subscriber_employer_street`, `subscriber_employer_postal_code`,`subscriber_employer_state`, `subscriber_employer_country`, `subscriber_employer_city`, `copay`, `date`, `pid`,`subscriber_sex`, `accept_assignment`) VALUES('290','secondary','6843','Pink Provider Very LTD.','365536838','563905028','REID','P.','JEAN','self','364919626','1933-11-8','8748 MainBLVD','1890','Arlington','IA','Openemria','(294) 378-5895','OEMR.org','','','IA','Openemria','Arlington','','2011-10-10','98','Female','FALSE');
INSERT INTO `insurance_data` (`id`, `type`, `provider`, `plan_name`, `policy_number`,`group_number`, `subscriber_lname`, `subscriber_mname`, `subscriber_fname`, `subscriber_relationship`, `subscriber_ss`,`subscriber_DOB`, `subscriber_street`, `subscriber_postal_code`, `subscriber_city`, `subscriber_state`, `subscriber_country`,`subscriber_phone`, `subscriber_employer`, `subscriber_employer_street`, `subscriber_employer_postal_code`,`subscriber_employer_state`, `subscriber_employer_country`, `subscriber_employer_city`, `copay`, `date`, `pid`,`subscriber_sex`, `accept_assignment`) VALUES('291','tertiary','8435','Backstreet Helpful Company','137391784','450281037','REID','P.','JEAN','self','364919626','1933-11-8','8748 MainBLVD','1890','Arlington','IA','Openemria','(294) 378-5895','OEMR.org','','','IA','Openemria','Arlington','','2011-10-10','98','Female','FALSE');
INSERT INTO `form_encounter` (`id`, `date`, `reason`, `facility`, `facility_id`, `pid`, `encounter`,
     `onset_date`, `sensitivity`, `billing_note`, `pc_catid`, `last_level_billed`, `last_level_closed`, `last_stmt_date`, `stmt_count`,
      `provider_id`, `supervisor_id`, `invoice_refno`, `referral_source`, `billing_facility`) VALUES
    ('558','2017-3-31 14:30:00', 'Test Encounter', 'Your Clinic Name Here', '3','98','558', '0000-00-00 00:00:00', 'normal', 'NULL','1', '0', '0','NULL', '0', '1', '0', '', '', '3');
INSERT INTO `forms` (`id`, `date`, `encounter`, `form_name`, `form_id`, `pid`, `user`, `groupname`, `authorized`, `deleted`, `formdir`) VALUES
    ('558','2017-3-31 14:30:00','558', 'Patient Encounter', '558', '98', 'admin', 'Default', '1', '0', 'patient_encounter');
INSERT INTO `libreehr_postcalendar_events` 
        (`pc_catid`,`pc_multiple`,`pc_aid`,`pc_pid`,`pc_title`,`pc_time`,`pc_hometext`,`pc_comments`,`pc_counter`,`pc_topic`,`pc_informant`,`pc_eventDate`,
        `pc_endDate`,`pc_duration`,`pc_recurrtype`,`pc_recurrspec`,`pc_recurrfreq`,`pc_startTime`,`pc_endTime`,`pc_alldayevent`,`pc_location`,`pc_eventstatus`,
        `pc_sharing`,`pc_apptstatus`,`pc_prefcatid`,`pc_facility`,`pc_billing_location`)VALUES
        ( 1,557,'1','98','Office Visit','2017-3-31 14:30:00','Clinical Appointment',0,0,1,'1',
        '2017-3-31 14:30:00','0000-00-00',900,0,
        'a:6:{s:17:"event_repeat_freq";s:1:"0";s:22:"event_repeat_freq_type";s:1:"0";s:19:"event_repeat_on_num";s:1:"1";s:19:"event_repeat_on_day";s:1:"0";s:20:"event_repeat_on_freq";s:1:"0";s:6:"exdate";s:0:"";}',
        0,'14:30:00','14:45:00',0,
        'a:6:{s:14:"event_location";s:0:"";s:13:"event_street1";s:0:"";s:13:"event_street2";s:0:"";s:10:"event_city";s:0:"";s:11:"event_state";s:0:"";s:12:"event_postal";s:0:"";}',
        1,1,'-',0,1,1);
INSERT INTO `form_encounter` (`id`, `date`, `reason`, `facility`, `facility_id`, `pid`, `encounter`,
     `onset_date`, `sensitivity`, `billing_note`, `pc_catid`, `last_level_billed`, `last_level_closed`, `last_stmt_date`, `stmt_count`,
      `provider_id`, `supervisor_id`, `invoice_refno`, `referral_source`, `billing_facility`) VALUES
    ('559','2017-4-30 17:30:00', 'Test Encounter', 'Your Clinic Name Here', '3','98','559', '0000-00-00 00:00:00', 'normal', 'NULL','9', '0', '0','NULL', '0', '1', '0', '', '', '3');
INSERT INTO `forms` (`id`, `date`, `encounter`, `form_name`, `form_id`, `pid`, `user`, `groupname`, `authorized`, `deleted`, `formdir`) VALUES
    ('559','2017-4-30 17:30:00','559', 'Patient Encounter', '559', '98', 'admin', 'Default', '1', '0', 'patient_encounter');
INSERT INTO `libreehr_postcalendar_events` 
        (`pc_catid`,`pc_multiple`,`pc_aid`,`pc_pid`,`pc_title`,`pc_time`,`pc_hometext`,`pc_comments`,`pc_counter`,`pc_topic`,`pc_informant`,`pc_eventDate`,
        `pc_endDate`,`pc_duration`,`pc_recurrtype`,`pc_recurrspec`,`pc_recurrfreq`,`pc_startTime`,`pc_endTime`,`pc_alldayevent`,`pc_location`,`pc_eventstatus`,
        `pc_sharing`,`pc_apptstatus`,`pc_prefcatid`,`pc_facility`,`pc_billing_location`)VALUES
        ( 1,558,'1','98','Office Visit','2017-4-30 17:30:00','Clinical Appointment',0,0,1,'1',
        '2017-4-30 17:30:00','0000-00-00',900,0,
        'a:6:{s:17:"event_repeat_freq";s:1:"0";s:22:"event_repeat_freq_type";s:1:"0";s:19:"event_repeat_on_num";s:1:"1";s:19:"event_repeat_on_day";s:1:"0";s:20:"event_repeat_on_freq";s:1:"0";s:6:"exdate";s:0:"";}',
        0,'17:30:00','17:45:00',0,
        'a:6:{s:14:"event_location";s:0:"";s:13:"event_street1";s:0:"";s:13:"event_street2";s:0:"";s:10:"event_city";s:0:"";s:11:"event_state";s:0:"";s:12:"event_postal";s:0:"";}',
        1,1,'-',0,1,1);
INSERT INTO `form_encounter` (`id`, `date`, `reason`, `facility`, `facility_id`, `pid`, `encounter`,
     `onset_date`, `sensitivity`, `billing_note`, `pc_catid`, `last_level_billed`, `last_level_closed`, `last_stmt_date`, `stmt_count`,
      `provider_id`, `supervisor_id`, `invoice_refno`, `referral_source`, `billing_facility`) VALUES
    ('560','2017-5-30 12:15:00', 'Test Encounter', 'Your Clinic Name Here', '3','98','560', '0000-00-00 00:00:00', 'normal', 'NULL','9', '0', '0','NULL', '0', '1', '0', '', '', '3');
INSERT INTO `forms` (`id`, `date`, `encounter`, `form_name`, `form_id`, `pid`, `user`, `groupname`, `authorized`, `deleted`, `formdir`) VALUES
    ('560','2017-5-30 12:15:00','560', 'Patient Encounter', '560', '98', 'admin', 'Default', '1', '0', 'patient_encounter');
INSERT INTO `libreehr_postcalendar_events` 
        (`pc_catid`,`pc_multiple`,`pc_aid`,`pc_pid`,`pc_title`,`pc_time`,`pc_hometext`,`pc_comments`,`pc_counter`,`pc_topic`,`pc_informant`,`pc_eventDate`,
        `pc_endDate`,`pc_duration`,`pc_recurrtype`,`pc_recurrspec`,`pc_recurrfreq`,`pc_startTime`,`pc_endTime`,`pc_alldayevent`,`pc_location`,`pc_eventstatus`,
        `pc_sharing`,`pc_apptstatus`,`pc_prefcatid`,`pc_facility`,`pc_billing_location`)VALUES
        ( 1,559,'1','98','Office Visit','2017-5-30 12:15:00','Clinical Appointment',0,0,1,'1',
        '2017-5-30 12:15:00','0000-00-00',900,0,
        'a:6:{s:17:"event_repeat_freq";s:1:"0";s:22:"event_repeat_freq_type";s:1:"0";s:19:"event_repeat_on_num";s:1:"1";s:19:"event_repeat_on_day";s:1:"0";s:20:"event_repeat_on_freq";s:1:"0";s:6:"exdate";s:0:"";}',
        0,'12:15:00','12:30:00',0,
        'a:6:{s:14:"event_location";s:0:"";s:13:"event_street1";s:0:"";s:13:"event_street2";s:0:"";s:10:"event_city";s:0:"";s:11:"event_state";s:0:"";s:12:"event_postal";s:0:"";}',
        1,1,'-',0,1,1);
INSERT INTO `form_encounter` (`id`, `date`, `reason`, `facility`, `facility_id`, `pid`, `encounter`,
     `onset_date`, `sensitivity`, `billing_note`, `pc_catid`, `last_level_billed`, `last_level_closed`, `last_stmt_date`, `stmt_count`,
      `provider_id`, `supervisor_id`, `invoice_refno`, `referral_source`, `billing_facility`) VALUES
    ('561','2017-6-29 14:00:00', 'Test Encounter', 'Your Clinic Name Here', '3','98','561', '0000-00-00 00:00:00', 'normal', 'NULL','8', '0', '0','NULL', '0', '1', '0', '', '', '3');
INSERT INTO `forms` (`id`, `date`, `encounter`, `form_name`, `form_id`, `pid`, `user`, `groupname`, `authorized`, `deleted`, `formdir`) VALUES
    ('561','2017-6-29 14:00:00','561', 'Patient Encounter', '561', '98', 'admin', 'Default', '1', '0', 'patient_encounter');
INSERT INTO `libreehr_postcalendar_events` 
        (`pc_catid`,`pc_multiple`,`pc_aid`,`pc_pid`,`pc_title`,`pc_time`,`pc_hometext`,`pc_comments`,`pc_counter`,`pc_topic`,`pc_informant`,`pc_eventDate`,
        `pc_endDate`,`pc_duration`,`pc_recurrtype`,`pc_recurrspec`,`pc_recurrfreq`,`pc_startTime`,`pc_endTime`,`pc_alldayevent`,`pc_location`,`pc_eventstatus`,
        `pc_sharing`,`pc_apptstatus`,`pc_prefcatid`,`pc_facility`,`pc_billing_location`)VALUES
        ( 1,560,'1','98','Office Visit','2017-6-29 14:00:00','Clinical Appointment',0,0,1,'1',
        '2017-6-29 14:00:00','0000-00-00',900,0,
        'a:6:{s:17:"event_repeat_freq";s:1:"0";s:22:"event_repeat_freq_type";s:1:"0";s:19:"event_repeat_on_num";s:1:"1";s:19:"event_repeat_on_day";s:1:"0";s:20:"event_repeat_on_freq";s:1:"0";s:6:"exdate";s:0:"";}',
        0,'14:00:00','14:15:00',0,
        'a:6:{s:14:"event_location";s:0:"";s:13:"event_street1";s:0:"";s:13:"event_street2";s:0:"";s:10:"event_city";s:0:"";s:11:"event_state";s:0:"";s:12:"event_postal";s:0:"";}',
        1,1,'-',0,1,1);
INSERT INTO `form_encounter` (`id`, `date`, `reason`, `facility`, `facility_id`, `pid`, `encounter`,
     `onset_date`, `sensitivity`, `billing_note`, `pc_catid`, `last_level_billed`, `last_level_closed`, `last_stmt_date`, `stmt_count`,
      `provider_id`, `supervisor_id`, `invoice_refno`, `referral_source`, `billing_facility`) VALUES
    ('562','2017-7-29 16:15:00', 'Test Encounter', 'Your Clinic Name Here', '3','98','562', '0000-00-00 00:00:00', 'normal', 'NULL','8', '0', '0','NULL', '0', '1', '0', '', '', '3');
INSERT INTO `forms` (`id`, `date`, `encounter`, `form_name`, `form_id`, `pid`, `user`, `groupname`, `authorized`, `deleted`, `formdir`) VALUES
    ('562','2017-7-29 16:15:00','562', 'Patient Encounter', '562', '98', 'admin', 'Default', '1', '0', 'patient_encounter');
INSERT INTO `libreehr_postcalendar_events` 
        (`pc_catid`,`pc_multiple`,`pc_aid`,`pc_pid`,`pc_title`,`pc_time`,`pc_hometext`,`pc_comments`,`pc_counter`,`pc_topic`,`pc_informant`,`pc_eventDate`,
        `pc_endDate`,`pc_duration`,`pc_recurrtype`,`pc_recurrspec`,`pc_recurrfreq`,`pc_startTime`,`pc_endTime`,`pc_alldayevent`,`pc_location`,`pc_eventstatus`,
        `pc_sharing`,`pc_apptstatus`,`pc_prefcatid`,`pc_facility`,`pc_billing_location`)VALUES
        ( 1,561,'1','98','Office Visit','2017-7-29 16:15:00','Clinical Appointment',0,0,1,'1',
        '2017-7-29 16:15:00','0000-00-00',900,0,
        'a:6:{s:17:"event_repeat_freq";s:1:"0";s:22:"event_repeat_freq_type";s:1:"0";s:19:"event_repeat_on_num";s:1:"1";s:19:"event_repeat_on_day";s:1:"0";s:20:"event_repeat_on_freq";s:1:"0";s:6:"exdate";s:0:"";}',
        0,'16:15:00','16:30:00',0,
        'a:6:{s:14:"event_location";s:0:"";s:13:"event_street1";s:0:"";s:13:"event_street2";s:0:"";s:10:"event_city";s:0:"";s:11:"event_state";s:0:"";s:12:"event_postal";s:0:"";}',
        1,1,'-',0,1,1);
INSERT INTO `form_encounter` (`id`, `date`, `reason`, `facility`, `facility_id`, `pid`, `encounter`,
     `onset_date`, `sensitivity`, `billing_note`, `pc_catid`, `last_level_billed`, `last_level_closed`, `last_stmt_date`, `stmt_count`,
      `provider_id`, `supervisor_id`, `invoice_refno`, `referral_source`, `billing_facility`) VALUES
    ('563','2017-8-28 10:00:00', 'Test Encounter', 'Your Clinic Name Here', '3','98','563', '0000-00-00 00:00:00', 'normal', 'NULL','5', '0', '0','NULL', '0', '1', '0', '', '', '3');
INSERT INTO `forms` (`id`, `date`, `encounter`, `form_name`, `form_id`, `pid`, `user`, `groupname`, `authorized`, `deleted`, `formdir`) VALUES
    ('563','2017-8-28 10:00:00','563', 'Patient Encounter', '563', '98', 'admin', 'Default', '1', '0', 'patient_encounter');
INSERT INTO `libreehr_postcalendar_events` 
        (`pc_catid`,`pc_multiple`,`pc_aid`,`pc_pid`,`pc_title`,`pc_time`,`pc_hometext`,`pc_comments`,`pc_counter`,`pc_topic`,`pc_informant`,`pc_eventDate`,
        `pc_endDate`,`pc_duration`,`pc_recurrtype`,`pc_recurrspec`,`pc_recurrfreq`,`pc_startTime`,`pc_endTime`,`pc_alldayevent`,`pc_location`,`pc_eventstatus`,
        `pc_sharing`,`pc_apptstatus`,`pc_prefcatid`,`pc_facility`,`pc_billing_location`)VALUES
        ( 1,562,'1','98','Office Visit','2017-8-28 10:00:00','Clinical Appointment',0,0,1,'1',
        '2017-8-28 10:00:00','0000-00-00',900,0,
        'a:6:{s:17:"event_repeat_freq";s:1:"0";s:22:"event_repeat_freq_type";s:1:"0";s:19:"event_repeat_on_num";s:1:"1";s:19:"event_repeat_on_day";s:1:"0";s:20:"event_repeat_on_freq";s:1:"0";s:6:"exdate";s:0:"";}',
        0,'10:00:00','10:15:00',0,
        'a:6:{s:14:"event_location";s:0:"";s:13:"event_street1";s:0:"";s:13:"event_street2";s:0:"";s:10:"event_city";s:0:"";s:11:"event_state";s:0:"";s:12:"event_postal";s:0:"";}',
        1,1,'-',0,1,1);
INSERT INTO `form_encounter` (`id`, `date`, `reason`, `facility`, `facility_id`, `pid`, `encounter`,
     `onset_date`, `sensitivity`, `billing_note`, `pc_catid`, `last_level_billed`, `last_level_closed`, `last_stmt_date`, `stmt_count`,
      `provider_id`, `supervisor_id`, `invoice_refno`, `referral_source`, `billing_facility`) VALUES
    ('564','2017-9-27 12:00:00', 'Test Encounter', 'Your Clinic Name Here', '3','98','564', '0000-00-00 00:00:00', 'normal', 'NULL','5', '0', '0','NULL', '0', '1', '0', '', '', '3');
INSERT INTO `forms` (`id`, `date`, `encounter`, `form_name`, `form_id`, `pid`, `user`, `groupname`, `authorized`, `deleted`, `formdir`) VALUES
    ('564','2017-9-27 12:00:00','564', 'Patient Encounter', '564', '98', 'admin', 'Default', '1', '0', 'patient_encounter');
INSERT INTO `libreehr_postcalendar_events` 
        (`pc_catid`,`pc_multiple`,`pc_aid`,`pc_pid`,`pc_title`,`pc_time`,`pc_hometext`,`pc_comments`,`pc_counter`,`pc_topic`,`pc_informant`,`pc_eventDate`,
        `pc_endDate`,`pc_duration`,`pc_recurrtype`,`pc_recurrspec`,`pc_recurrfreq`,`pc_startTime`,`pc_endTime`,`pc_alldayevent`,`pc_location`,`pc_eventstatus`,
        `pc_sharing`,`pc_apptstatus`,`pc_prefcatid`,`pc_facility`,`pc_billing_location`)VALUES
        ( 1,563,'1','98','Office Visit','2017-9-27 12:00:00','Clinical Appointment',0,0,1,'1',
        '2017-9-27 12:00:00','0000-00-00',900,0,
        'a:6:{s:17:"event_repeat_freq";s:1:"0";s:22:"event_repeat_freq_type";s:1:"0";s:19:"event_repeat_on_num";s:1:"1";s:19:"event_repeat_on_day";s:1:"0";s:20:"event_repeat_on_freq";s:1:"0";s:6:"exdate";s:0:"";}',
        0,'12:00:00','12:15:00',0,
        'a:6:{s:14:"event_location";s:0:"";s:13:"event_street1";s:0:"";s:13:"event_street2";s:0:"";s:10:"event_city";s:0:"";s:11:"event_state";s:0:"";s:12:"event_postal";s:0:"";}',
        1,1,'-',0,1,1);
INSERT INTO `patient_data` (`title`, `language`, `financial`, `fname`, `lname`, `mname`, `DOB`,`street`, `postal_code`, `city`, `state`,  `drivers_license`, `ss`,`occupation`, `phone_home`, `phone_biz`, `phone_contact`, `phone_cell`,`status`, `contact_relationship`, `date`, `sex`, `referrer`, `referrerID`,`providerID`, `email`, `ethnoracial`, `interpretter`, `migrantseasonal`,`family_size`, `monthly_income`, `homeless`, `financial_review`, `pubpid`,`pid`, `genericname1`, `genericval1`, `genericname2`, `genericval2`) VALUES
 ('Ms.','English','','TERRY','SIMS','P.','1997-1-23','1486 CherryWay','92397','Dayton','NH','834257323','61030900',' ','(274) 705-8009','(274) 705-8009','(274) 705-8009','(274) 705-8009','single','Friend','2003-11-17 12:06:00','Female','MITCHELL WELCH','1','1','TERRY@LibreEHR.org','Cubano',' ',' ','8','7549',' ','000-00-00 00:00:00','99','99',' ',' ',' ',' ');
INSERT INTO `insurance_data` (`id`, `type`, `provider`, `plan_name`, `policy_number`,`group_number`, `subscriber_lname`, `subscriber_mname`, `subscriber_fname`, `subscriber_relationship`, `subscriber_ss`,`subscriber_DOB`, `subscriber_street`, `subscriber_postal_code`, `subscriber_city`, `subscriber_state`, `subscriber_country`,`subscriber_phone`, `subscriber_employer`, `subscriber_employer_street`, `subscriber_employer_postal_code`,`subscriber_employer_state`, `subscriber_employer_country`, `subscriber_employer_city`, `copay`, `date`, `pid`,`subscriber_sex`, `accept_assignment`) VALUES('292','primary','2651','Puce Mutual HMO','976636022','945901603','SIMS','P.','TERRY','self','61030900','1997-1-23','1486 CherryWay','92397','Dayton','NH','Openemria','(274) 705-8009','OEMR.org','','','NH','Openemria','Dayton','','2011-10-10','99','Female','FALSE');
INSERT INTO `insurance_data` (`id`, `type`, `provider`, `plan_name`, `policy_number`,`group_number`, `subscriber_lname`, `subscriber_mname`, `subscriber_fname`, `subscriber_relationship`, `subscriber_ss`,`subscriber_DOB`, `subscriber_street`, `subscriber_postal_code`, `subscriber_city`, `subscriber_state`, `subscriber_country`,`subscriber_phone`, `subscriber_employer`, `subscriber_employer_street`, `subscriber_employer_postal_code`,`subscriber_employer_state`, `subscriber_employer_country`, `subscriber_employer_city`, `copay`, `date`, `pid`,`subscriber_sex`, `accept_assignment`) VALUES('293','secondary','6843','Pink Provider Very LTD.','38950211','403711590','SIMS','P.','TERRY','self','61030900','1997-1-23','1486 CherryWay','92397','Dayton','NH','Openemria','(274) 705-8009','OEMR.org','','','NH','Openemria','Dayton','','2011-10-10','99','Female','FALSE');
INSERT INTO `insurance_data` (`id`, `type`, `provider`, `plan_name`, `policy_number`,`group_number`, `subscriber_lname`, `subscriber_mname`, `subscriber_fname`, `subscriber_relationship`, `subscriber_ss`,`subscriber_DOB`, `subscriber_street`, `subscriber_postal_code`, `subscriber_city`, `subscriber_state`, `subscriber_country`,`subscriber_phone`, `subscriber_employer`, `subscriber_employer_street`, `subscriber_employer_postal_code`,`subscriber_employer_state`, `subscriber_employer_country`, `subscriber_employer_city`, `copay`, `date`, `pid`,`subscriber_sex`, `accept_assignment`) VALUES('294','tertiary','8435','Backstreet Helpful Company','816903936','177120266','SIMS','P.','TERRY','self','61030900','1997-1-23','1486 CherryWay','92397','Dayton','NH','Openemria','(274) 705-8009','OEMR.org','','','NH','Openemria','Dayton','','2011-10-10','99','Female','FALSE');
INSERT INTO `form_encounter` (`id`, `date`, `reason`, `facility`, `facility_id`, `pid`, `encounter`,
     `onset_date`, `sensitivity`, `billing_note`, `pc_catid`, `last_level_billed`, `last_level_closed`, `last_stmt_date`, `stmt_count`,
      `provider_id`, `supervisor_id`, `invoice_refno`, `referral_source`, `billing_facility`) VALUES
    ('565','2017-3-31 11:15:00', 'Test Encounter', 'Your Clinic Name Here', '3','99','565', '0000-00-00 00:00:00', 'normal', 'NULL','8', '0', '0','NULL', '0', '1', '0', '', '', '3');
INSERT INTO `forms` (`id`, `date`, `encounter`, `form_name`, `form_id`, `pid`, `user`, `groupname`, `authorized`, `deleted`, `formdir`) VALUES
    ('565','2017-3-31 11:15:00','565', 'Patient Encounter', '565', '99', 'admin', 'Default', '1', '0', 'patient_encounter');
INSERT INTO `libreehr_postcalendar_events` 
        (`pc_catid`,`pc_multiple`,`pc_aid`,`pc_pid`,`pc_title`,`pc_time`,`pc_hometext`,`pc_comments`,`pc_counter`,`pc_topic`,`pc_informant`,`pc_eventDate`,
        `pc_endDate`,`pc_duration`,`pc_recurrtype`,`pc_recurrspec`,`pc_recurrfreq`,`pc_startTime`,`pc_endTime`,`pc_alldayevent`,`pc_location`,`pc_eventstatus`,
        `pc_sharing`,`pc_apptstatus`,`pc_prefcatid`,`pc_facility`,`pc_billing_location`)VALUES
        ( 1,564,'1','99','Office Visit','2017-3-31 11:15:00','Clinical Appointment',0,0,1,'1',
        '2017-3-31 11:15:00','0000-00-00',900,0,
        'a:6:{s:17:"event_repeat_freq";s:1:"0";s:22:"event_repeat_freq_type";s:1:"0";s:19:"event_repeat_on_num";s:1:"1";s:19:"event_repeat_on_day";s:1:"0";s:20:"event_repeat_on_freq";s:1:"0";s:6:"exdate";s:0:"";}',
        0,'11:15:00','11:30:00',0,
        'a:6:{s:14:"event_location";s:0:"";s:13:"event_street1";s:0:"";s:13:"event_street2";s:0:"";s:10:"event_city";s:0:"";s:11:"event_state";s:0:"";s:12:"event_postal";s:0:"";}',
        1,1,'-',0,1,1);
INSERT INTO `form_encounter` (`id`, `date`, `reason`, `facility`, `facility_id`, `pid`, `encounter`,
     `onset_date`, `sensitivity`, `billing_note`, `pc_catid`, `last_level_billed`, `last_level_closed`, `last_stmt_date`, `stmt_count`,
      `provider_id`, `supervisor_id`, `invoice_refno`, `referral_source`, `billing_facility`) VALUES
    ('566','2017-4-30 17:15:00', 'Test Encounter', 'Your Clinic Name Here', '3','99','566', '0000-00-00 00:00:00', 'normal', 'NULL','6', '0', '0','NULL', '0', '1', '0', '', '', '3');
INSERT INTO `forms` (`id`, `date`, `encounter`, `form_name`, `form_id`, `pid`, `user`, `groupname`, `authorized`, `deleted`, `formdir`) VALUES
    ('566','2017-4-30 17:15:00','566', 'Patient Encounter', '566', '99', 'admin', 'Default', '1', '0', 'patient_encounter');
INSERT INTO `libreehr_postcalendar_events` 
        (`pc_catid`,`pc_multiple`,`pc_aid`,`pc_pid`,`pc_title`,`pc_time`,`pc_hometext`,`pc_comments`,`pc_counter`,`pc_topic`,`pc_informant`,`pc_eventDate`,
        `pc_endDate`,`pc_duration`,`pc_recurrtype`,`pc_recurrspec`,`pc_recurrfreq`,`pc_startTime`,`pc_endTime`,`pc_alldayevent`,`pc_location`,`pc_eventstatus`,
        `pc_sharing`,`pc_apptstatus`,`pc_prefcatid`,`pc_facility`,`pc_billing_location`)VALUES
        ( 1,565,'1','99','Office Visit','2017-4-30 17:15:00','Clinical Appointment',0,0,1,'1',
        '2017-4-30 17:15:00','0000-00-00',900,0,
        'a:6:{s:17:"event_repeat_freq";s:1:"0";s:22:"event_repeat_freq_type";s:1:"0";s:19:"event_repeat_on_num";s:1:"1";s:19:"event_repeat_on_day";s:1:"0";s:20:"event_repeat_on_freq";s:1:"0";s:6:"exdate";s:0:"";}',
        0,'17:15:00','17:30:00',0,
        'a:6:{s:14:"event_location";s:0:"";s:13:"event_street1";s:0:"";s:13:"event_street2";s:0:"";s:10:"event_city";s:0:"";s:11:"event_state";s:0:"";s:12:"event_postal";s:0:"";}',
        1,1,'-',0,1,1);
INSERT INTO `form_encounter` (`id`, `date`, `reason`, `facility`, `facility_id`, `pid`, `encounter`,
     `onset_date`, `sensitivity`, `billing_note`, `pc_catid`, `last_level_billed`, `last_level_closed`, `last_stmt_date`, `stmt_count`,
      `provider_id`, `supervisor_id`, `invoice_refno`, `referral_source`, `billing_facility`) VALUES
    ('567','2017-5-30 16:00:00', 'Test Encounter', 'Your Clinic Name Here', '3','99','567', '0000-00-00 00:00:00', 'normal', 'NULL','3', '0', '0','NULL', '0', '1', '0', '', '', '3');
INSERT INTO `forms` (`id`, `date`, `encounter`, `form_name`, `form_id`, `pid`, `user`, `groupname`, `authorized`, `deleted`, `formdir`) VALUES
    ('567','2017-5-30 16:00:00','567', 'Patient Encounter', '567', '99', 'admin', 'Default', '1', '0', 'patient_encounter');
INSERT INTO `libreehr_postcalendar_events` 
        (`pc_catid`,`pc_multiple`,`pc_aid`,`pc_pid`,`pc_title`,`pc_time`,`pc_hometext`,`pc_comments`,`pc_counter`,`pc_topic`,`pc_informant`,`pc_eventDate`,
        `pc_endDate`,`pc_duration`,`pc_recurrtype`,`pc_recurrspec`,`pc_recurrfreq`,`pc_startTime`,`pc_endTime`,`pc_alldayevent`,`pc_location`,`pc_eventstatus`,
        `pc_sharing`,`pc_apptstatus`,`pc_prefcatid`,`pc_facility`,`pc_billing_location`)VALUES
        ( 1,566,'1','99','Office Visit','2017-5-30 16:00:00','Clinical Appointment',0,0,1,'1',
        '2017-5-30 16:00:00','0000-00-00',900,0,
        'a:6:{s:17:"event_repeat_freq";s:1:"0";s:22:"event_repeat_freq_type";s:1:"0";s:19:"event_repeat_on_num";s:1:"1";s:19:"event_repeat_on_day";s:1:"0";s:20:"event_repeat_on_freq";s:1:"0";s:6:"exdate";s:0:"";}',
        0,'16:00:00','16:15:00',0,
        'a:6:{s:14:"event_location";s:0:"";s:13:"event_street1";s:0:"";s:13:"event_street2";s:0:"";s:10:"event_city";s:0:"";s:11:"event_state";s:0:"";s:12:"event_postal";s:0:"";}',
        1,1,'-',0,1,1);
INSERT INTO `form_encounter` (`id`, `date`, `reason`, `facility`, `facility_id`, `pid`, `encounter`,
     `onset_date`, `sensitivity`, `billing_note`, `pc_catid`, `last_level_billed`, `last_level_closed`, `last_stmt_date`, `stmt_count`,
      `provider_id`, `supervisor_id`, `invoice_refno`, `referral_source`, `billing_facility`) VALUES
    ('568','2017-6-29 12:15:00', 'Test Encounter', 'Your Clinic Name Here', '3','99','568', '0000-00-00 00:00:00', 'normal', 'NULL','1', '0', '0','NULL', '0', '1', '0', '', '', '3');
INSERT INTO `forms` (`id`, `date`, `encounter`, `form_name`, `form_id`, `pid`, `user`, `groupname`, `authorized`, `deleted`, `formdir`) VALUES
    ('568','2017-6-29 12:15:00','568', 'Patient Encounter', '568', '99', 'admin', 'Default', '1', '0', 'patient_encounter');
INSERT INTO `libreehr_postcalendar_events` 
        (`pc_catid`,`pc_multiple`,`pc_aid`,`pc_pid`,`pc_title`,`pc_time`,`pc_hometext`,`pc_comments`,`pc_counter`,`pc_topic`,`pc_informant`,`pc_eventDate`,
        `pc_endDate`,`pc_duration`,`pc_recurrtype`,`pc_recurrspec`,`pc_recurrfreq`,`pc_startTime`,`pc_endTime`,`pc_alldayevent`,`pc_location`,`pc_eventstatus`,
        `pc_sharing`,`pc_apptstatus`,`pc_prefcatid`,`pc_facility`,`pc_billing_location`)VALUES
        ( 1,567,'1','99','Office Visit','2017-6-29 12:15:00','Clinical Appointment',0,0,1,'1',
        '2017-6-29 12:15:00','0000-00-00',900,0,
        'a:6:{s:17:"event_repeat_freq";s:1:"0";s:22:"event_repeat_freq_type";s:1:"0";s:19:"event_repeat_on_num";s:1:"1";s:19:"event_repeat_on_day";s:1:"0";s:20:"event_repeat_on_freq";s:1:"0";s:6:"exdate";s:0:"";}',
        0,'12:15:00','12:30:00',0,
        'a:6:{s:14:"event_location";s:0:"";s:13:"event_street1";s:0:"";s:13:"event_street2";s:0:"";s:10:"event_city";s:0:"";s:11:"event_state";s:0:"";s:12:"event_postal";s:0:"";}',
        1,1,'-',0,1,1);
INSERT INTO `form_encounter` (`id`, `date`, `reason`, `facility`, `facility_id`, `pid`, `encounter`,
     `onset_date`, `sensitivity`, `billing_note`, `pc_catid`, `last_level_billed`, `last_level_closed`, `last_stmt_date`, `stmt_count`,
      `provider_id`, `supervisor_id`, `invoice_refno`, `referral_source`, `billing_facility`) VALUES
    ('569','2017-7-29 16:30:00', 'Test Encounter', 'Your Clinic Name Here', '3','99','569', '0000-00-00 00:00:00', 'normal', 'NULL','8', '0', '0','NULL', '0', '1', '0', '', '', '3');
INSERT INTO `forms` (`id`, `date`, `encounter`, `form_name`, `form_id`, `pid`, `user`, `groupname`, `authorized`, `deleted`, `formdir`) VALUES
    ('569','2017-7-29 16:30:00','569', 'Patient Encounter', '569', '99', 'admin', 'Default', '1', '0', 'patient_encounter');
INSERT INTO `libreehr_postcalendar_events` 
        (`pc_catid`,`pc_multiple`,`pc_aid`,`pc_pid`,`pc_title`,`pc_time`,`pc_hometext`,`pc_comments`,`pc_counter`,`pc_topic`,`pc_informant`,`pc_eventDate`,
        `pc_endDate`,`pc_duration`,`pc_recurrtype`,`pc_recurrspec`,`pc_recurrfreq`,`pc_startTime`,`pc_endTime`,`pc_alldayevent`,`pc_location`,`pc_eventstatus`,
        `pc_sharing`,`pc_apptstatus`,`pc_prefcatid`,`pc_facility`,`pc_billing_location`)VALUES
        ( 1,568,'1','99','Office Visit','2017-7-29 16:30:00','Clinical Appointment',0,0,1,'1',
        '2017-7-29 16:30:00','0000-00-00',900,0,
        'a:6:{s:17:"event_repeat_freq";s:1:"0";s:22:"event_repeat_freq_type";s:1:"0";s:19:"event_repeat_on_num";s:1:"1";s:19:"event_repeat_on_day";s:1:"0";s:20:"event_repeat_on_freq";s:1:"0";s:6:"exdate";s:0:"";}',
        0,'16:30:00','16:45:00',0,
        'a:6:{s:14:"event_location";s:0:"";s:13:"event_street1";s:0:"";s:13:"event_street2";s:0:"";s:10:"event_city";s:0:"";s:11:"event_state";s:0:"";s:12:"event_postal";s:0:"";}',
        1,1,'-',0,1,1);
INSERT INTO `form_encounter` (`id`, `date`, `reason`, `facility`, `facility_id`, `pid`, `encounter`,
     `onset_date`, `sensitivity`, `billing_note`, `pc_catid`, `last_level_billed`, `last_level_closed`, `last_stmt_date`, `stmt_count`,
      `provider_id`, `supervisor_id`, `invoice_refno`, `referral_source`, `billing_facility`) VALUES
    ('570','2017-8-28 11:00:00', 'Test Encounter', 'Your Clinic Name Here', '3','99','570', '0000-00-00 00:00:00', 'normal', 'NULL','8', '0', '0','NULL', '0', '1', '0', '', '', '3');
INSERT INTO `forms` (`id`, `date`, `encounter`, `form_name`, `form_id`, `pid`, `user`, `groupname`, `authorized`, `deleted`, `formdir`) VALUES
    ('570','2017-8-28 11:00:00','570', 'Patient Encounter', '570', '99', 'admin', 'Default', '1', '0', 'patient_encounter');
INSERT INTO `libreehr_postcalendar_events` 
        (`pc_catid`,`pc_multiple`,`pc_aid`,`pc_pid`,`pc_title`,`pc_time`,`pc_hometext`,`pc_comments`,`pc_counter`,`pc_topic`,`pc_informant`,`pc_eventDate`,
        `pc_endDate`,`pc_duration`,`pc_recurrtype`,`pc_recurrspec`,`pc_recurrfreq`,`pc_startTime`,`pc_endTime`,`pc_alldayevent`,`pc_location`,`pc_eventstatus`,
        `pc_sharing`,`pc_apptstatus`,`pc_prefcatid`,`pc_facility`,`pc_billing_location`)VALUES
        ( 1,569,'1','99','Office Visit','2017-8-28 11:00:00','Clinical Appointment',0,0,1,'1',
        '2017-8-28 11:00:00','0000-00-00',900,0,
        'a:6:{s:17:"event_repeat_freq";s:1:"0";s:22:"event_repeat_freq_type";s:1:"0";s:19:"event_repeat_on_num";s:1:"1";s:19:"event_repeat_on_day";s:1:"0";s:20:"event_repeat_on_freq";s:1:"0";s:6:"exdate";s:0:"";}',
        0,'11:00:00','11:15:00',0,
        'a:6:{s:14:"event_location";s:0:"";s:13:"event_street1";s:0:"";s:13:"event_street2";s:0:"";s:10:"event_city";s:0:"";s:11:"event_state";s:0:"";s:12:"event_postal";s:0:"";}',
        1,1,'-',0,1,1);
INSERT INTO `form_encounter` (`id`, `date`, `reason`, `facility`, `facility_id`, `pid`, `encounter`,
     `onset_date`, `sensitivity`, `billing_note`, `pc_catid`, `last_level_billed`, `last_level_closed`, `last_stmt_date`, `stmt_count`,
      `provider_id`, `supervisor_id`, `invoice_refno`, `referral_source`, `billing_facility`) VALUES
    ('571','2017-9-27 17:00:00', 'Test Encounter', 'Your Clinic Name Here', '3','99','571', '0000-00-00 00:00:00', 'normal', 'NULL','10', '0', '0','NULL', '0', '1', '0', '', '', '3');
INSERT INTO `forms` (`id`, `date`, `encounter`, `form_name`, `form_id`, `pid`, `user`, `groupname`, `authorized`, `deleted`, `formdir`) VALUES
    ('571','2017-9-27 17:00:00','571', 'Patient Encounter', '571', '99', 'admin', 'Default', '1', '0', 'patient_encounter');
INSERT INTO `libreehr_postcalendar_events` 
        (`pc_catid`,`pc_multiple`,`pc_aid`,`pc_pid`,`pc_title`,`pc_time`,`pc_hometext`,`pc_comments`,`pc_counter`,`pc_topic`,`pc_informant`,`pc_eventDate`,
        `pc_endDate`,`pc_duration`,`pc_recurrtype`,`pc_recurrspec`,`pc_recurrfreq`,`pc_startTime`,`pc_endTime`,`pc_alldayevent`,`pc_location`,`pc_eventstatus`,
        `pc_sharing`,`pc_apptstatus`,`pc_prefcatid`,`pc_facility`,`pc_billing_location`)VALUES
        ( 1,570,'1','99','Office Visit','2017-9-27 17:00:00','Clinical Appointment',0,0,1,'1',
        '2017-9-27 17:00:00','0000-00-00',900,0,
        'a:6:{s:17:"event_repeat_freq";s:1:"0";s:22:"event_repeat_freq_type";s:1:"0";s:19:"event_repeat_on_num";s:1:"1";s:19:"event_repeat_on_day";s:1:"0";s:20:"event_repeat_on_freq";s:1:"0";s:6:"exdate";s:0:"";}',
        0,'17:00:00','17:15:00',0,
        'a:6:{s:14:"event_location";s:0:"";s:13:"event_street1";s:0:"";s:13:"event_street2";s:0:"";s:10:"event_city";s:0:"";s:11:"event_state";s:0:"";s:12:"event_postal";s:0:"";}',
        1,1,'-',0,1,1);
INSERT INTO `patient_data` (`title`, `language`, `financial`, `fname`, `lname`, `mname`, `DOB`,`street`, `postal_code`, `city`, `state`,  `drivers_license`, `ss`,`occupation`, `phone_home`, `phone_biz`, `phone_contact`, `phone_cell`,`status`, `contact_relationship`, `date`, `sex`, `referrer`, `referrerID`,`providerID`, `email`, `ethnoracial`, `interpretter`, `migrantseasonal`,`family_size`, `monthly_income`, `homeless`, `financial_review`, `pubpid`,`pid`, `genericname1`, `genericval1`, `genericname2`, `genericval2`) VALUES
 ('Mr.','English','','CLAYTON','AGUILAR','M.','1930-11-4','7661 PineBLVD','48227','Oxford','WV','957239047','847513396',' ','(13) 438-8709','(313) 438-8709','(13) 438-8709','(13) 438-8709','single','Friend','2003-11-17 12:06:00','Male','RUBEN BOYD','1','1','CLAYTON@LibreEHR.org','Tejano',' ',' ','2','5836',' ','000-00-00 00:00:00','100','100',' ',' ',' ',' ');
INSERT INTO `insurance_data` (`id`, `type`, `provider`, `plan_name`, `policy_number`,`group_number`, `subscriber_lname`, `subscriber_mname`, `subscriber_fname`, `subscriber_relationship`, `subscriber_ss`,`subscriber_DOB`, `subscriber_street`, `subscriber_postal_code`, `subscriber_city`, `subscriber_state`, `subscriber_country`,`subscriber_phone`, `subscriber_employer`, `subscriber_employer_street`, `subscriber_employer_postal_code`,`subscriber_employer_state`, `subscriber_employer_country`, `subscriber_employer_city`, `copay`, `date`, `pid`,`subscriber_sex`, `accept_assignment`) VALUES('295','primary','5612','Violet Group HMO','290586219','29264860','AGUILAR','M.','CLAYTON','self','847513396','1930-11-4','7661 PineBLVD','48227','Oxford','WV','Openemria','(313) 438-8709','OEMR.org','','','WV','Openemria','Oxford','','2011-10-10','100','Male','TRUE');
INSERT INTO `insurance_data` (`id`, `type`, `provider`, `plan_name`, `policy_number`,`group_number`, `subscriber_lname`, `subscriber_mname`, `subscriber_fname`, `subscriber_relationship`, `subscriber_ss`,`subscriber_DOB`, `subscriber_street`, `subscriber_postal_code`, `subscriber_city`, `subscriber_state`, `subscriber_country`,`subscriber_phone`, `subscriber_employer`, `subscriber_employer_street`, `subscriber_employer_postal_code`,`subscriber_employer_state`, `subscriber_employer_country`, `subscriber_employer_city`, `copay`, `date`, `pid`,`subscriber_sex`, `accept_assignment`) VALUES('296','secondary','3362','Incompetent Provider Company','341242807','804696646','AGUILAR','M.','CLAYTON','self','847513396','1930-11-4','7661 PineBLVD','48227','Oxford','WV','Openemria','(313) 438-8709','OEMR.org','','','WV','Openemria','Oxford','','2011-10-10','100','Male','FALSE');
INSERT INTO `insurance_data` (`id`, `type`, `provider`, `plan_name`, `policy_number`,`group_number`, `subscriber_lname`, `subscriber_mname`, `subscriber_fname`, `subscriber_relationship`, `subscriber_ss`,`subscriber_DOB`, `subscriber_street`, `subscriber_postal_code`, `subscriber_city`, `subscriber_state`, `subscriber_country`,`subscriber_phone`, `subscriber_employer`, `subscriber_employer_street`, `subscriber_employer_postal_code`,`subscriber_employer_state`, `subscriber_employer_country`, `subscriber_employer_city`, `copay`, `date`, `pid`,`subscriber_sex`, `accept_assignment`) VALUES('297','tertiary','0','0','17341152','868100957','AGUILAR','M.','CLAYTON','self','847513396','1930-11-4','7661 PineBLVD','48227','Oxford','WV','Openemria','(313) 438-8709','OEMR.org','','','WV','Openemria','Oxford','','2011-10-10','100','Male','TRUE');
INSERT INTO `form_encounter` (`id`, `date`, `reason`, `facility`, `facility_id`, `pid`, `encounter`,
     `onset_date`, `sensitivity`, `billing_note`, `pc_catid`, `last_level_billed`, `last_level_closed`, `last_stmt_date`, `stmt_count`,
      `provider_id`, `supervisor_id`, `invoice_refno`, `referral_source`, `billing_facility`) VALUES
    ('572','2017-6-29 13:00:00', 'Test Encounter', 'Your Clinic Name Here', '3','100','572', '0000-00-00 00:00:00', 'normal', 'NULL','1', '0', '0','NULL', '0', '1', '0', '', '', '3');
INSERT INTO `forms` (`id`, `date`, `encounter`, `form_name`, `form_id`, `pid`, `user`, `groupname`, `authorized`, `deleted`, `formdir`) VALUES
    ('572','2017-6-29 13:00:00','572', 'Patient Encounter', '572', '100', 'admin', 'Default', '1', '0', 'patient_encounter');
INSERT INTO `libreehr_postcalendar_events` 
        (`pc_catid`,`pc_multiple`,`pc_aid`,`pc_pid`,`pc_title`,`pc_time`,`pc_hometext`,`pc_comments`,`pc_counter`,`pc_topic`,`pc_informant`,`pc_eventDate`,
        `pc_endDate`,`pc_duration`,`pc_recurrtype`,`pc_recurrspec`,`pc_recurrfreq`,`pc_startTime`,`pc_endTime`,`pc_alldayevent`,`pc_location`,`pc_eventstatus`,
        `pc_sharing`,`pc_apptstatus`,`pc_prefcatid`,`pc_facility`,`pc_billing_location`)VALUES
        ( 1,571,'1','100','Office Visit','2017-6-29 13:00:00','Clinical Appointment',0,0,1,'1',
        '2017-6-29 13:00:00','0000-00-00',900,0,
        'a:6:{s:17:"event_repeat_freq";s:1:"0";s:22:"event_repeat_freq_type";s:1:"0";s:19:"event_repeat_on_num";s:1:"1";s:19:"event_repeat_on_day";s:1:"0";s:20:"event_repeat_on_freq";s:1:"0";s:6:"exdate";s:0:"";}',
        0,'13:00:00','13:15:00',0,
        'a:6:{s:14:"event_location";s:0:"";s:13:"event_street1";s:0:"";s:13:"event_street2";s:0:"";s:10:"event_city";s:0:"";s:11:"event_state";s:0:"";s:12:"event_postal";s:0:"";}',
        1,1,'-',0,1,1);
INSERT INTO `form_encounter` (`id`, `date`, `reason`, `facility`, `facility_id`, `pid`, `encounter`,
     `onset_date`, `sensitivity`, `billing_note`, `pc_catid`, `last_level_billed`, `last_level_closed`, `last_stmt_date`, `stmt_count`,
      `provider_id`, `supervisor_id`, `invoice_refno`, `referral_source`, `billing_facility`) VALUES
    ('573','2017-7-29 15:30:00', 'Test Encounter', 'Your Clinic Name Here', '3','100','573', '0000-00-00 00:00:00', 'normal', 'NULL','6', '0', '0','NULL', '0', '1', '0', '', '', '3');
INSERT INTO `forms` (`id`, `date`, `encounter`, `form_name`, `form_id`, `pid`, `user`, `groupname`, `authorized`, `deleted`, `formdir`) VALUES
    ('573','2017-7-29 15:30:00','573', 'Patient Encounter', '573', '100', 'admin', 'Default', '1', '0', 'patient_encounter');
INSERT INTO `libreehr_postcalendar_events` 
        (`pc_catid`,`pc_multiple`,`pc_aid`,`pc_pid`,`pc_title`,`pc_time`,`pc_hometext`,`pc_comments`,`pc_counter`,`pc_topic`,`pc_informant`,`pc_eventDate`,
        `pc_endDate`,`pc_duration`,`pc_recurrtype`,`pc_recurrspec`,`pc_recurrfreq`,`pc_startTime`,`pc_endTime`,`pc_alldayevent`,`pc_location`,`pc_eventstatus`,
        `pc_sharing`,`pc_apptstatus`,`pc_prefcatid`,`pc_facility`,`pc_billing_location`)VALUES
        ( 1,572,'1','100','Office Visit','2017-7-29 15:30:00','Clinical Appointment',0,0,1,'1',
        '2017-7-29 15:30:00','0000-00-00',900,0,
        'a:6:{s:17:"event_repeat_freq";s:1:"0";s:22:"event_repeat_freq_type";s:1:"0";s:19:"event_repeat_on_num";s:1:"1";s:19:"event_repeat_on_day";s:1:"0";s:20:"event_repeat_on_freq";s:1:"0";s:6:"exdate";s:0:"";}',
        0,'15:30:00','15:45:00',0,
        'a:6:{s:14:"event_location";s:0:"";s:13:"event_street1";s:0:"";s:13:"event_street2";s:0:"";s:10:"event_city";s:0:"";s:11:"event_state";s:0:"";s:12:"event_postal";s:0:"";}',
        1,1,'-',0,1,1);
INSERT INTO `form_encounter` (`id`, `date`, `reason`, `facility`, `facility_id`, `pid`, `encounter`,
     `onset_date`, `sensitivity`, `billing_note`, `pc_catid`, `last_level_billed`, `last_level_closed`, `last_stmt_date`, `stmt_count`,
      `provider_id`, `supervisor_id`, `invoice_refno`, `referral_source`, `billing_facility`) VALUES
    ('574','2017-8-28 13:00:00', 'Test Encounter', 'Your Clinic Name Here', '3','100','574', '0000-00-00 00:00:00', 'normal', 'NULL','2', '0', '0','NULL', '0', '1', '0', '', '', '3');
INSERT INTO `forms` (`id`, `date`, `encounter`, `form_name`, `form_id`, `pid`, `user`, `groupname`, `authorized`, `deleted`, `formdir`) VALUES
    ('574','2017-8-28 13:00:00','574', 'Patient Encounter', '574', '100', 'admin', 'Default', '1', '0', 'patient_encounter');
INSERT INTO `libreehr_postcalendar_events` 
        (`pc_catid`,`pc_multiple`,`pc_aid`,`pc_pid`,`pc_title`,`pc_time`,`pc_hometext`,`pc_comments`,`pc_counter`,`pc_topic`,`pc_informant`,`pc_eventDate`,
        `pc_endDate`,`pc_duration`,`pc_recurrtype`,`pc_recurrspec`,`pc_recurrfreq`,`pc_startTime`,`pc_endTime`,`pc_alldayevent`,`pc_location`,`pc_eventstatus`,
        `pc_sharing`,`pc_apptstatus`,`pc_prefcatid`,`pc_facility`,`pc_billing_location`)VALUES
        ( 1,573,'1','100','Office Visit','2017-8-28 13:00:00','Clinical Appointment',0,0,1,'1',
        '2017-8-28 13:00:00','0000-00-00',900,0,
        'a:6:{s:17:"event_repeat_freq";s:1:"0";s:22:"event_repeat_freq_type";s:1:"0";s:19:"event_repeat_on_num";s:1:"1";s:19:"event_repeat_on_day";s:1:"0";s:20:"event_repeat_on_freq";s:1:"0";s:6:"exdate";s:0:"";}',
        0,'13:00:00','13:15:00',0,
        'a:6:{s:14:"event_location";s:0:"";s:13:"event_street1";s:0:"";s:13:"event_street2";s:0:"";s:10:"event_city";s:0:"";s:11:"event_state";s:0:"";s:12:"event_postal";s:0:"";}',
        1,1,'-',0,1,1);
INSERT INTO `form_encounter` (`id`, `date`, `reason`, `facility`, `facility_id`, `pid`, `encounter`,
     `onset_date`, `sensitivity`, `billing_note`, `pc_catid`, `last_level_billed`, `last_level_closed`, `last_stmt_date`, `stmt_count`,
      `provider_id`, `supervisor_id`, `invoice_refno`, `referral_source`, `billing_facility`) VALUES
    ('575','2017-9-27 17:30:00', 'Test Encounter', 'Your Clinic Name Here', '3','100','575', '0000-00-00 00:00:00', 'normal', 'NULL','3', '0', '0','NULL', '0', '1', '0', '', '', '3');
INSERT INTO `forms` (`id`, `date`, `encounter`, `form_name`, `form_id`, `pid`, `user`, `groupname`, `authorized`, `deleted`, `formdir`) VALUES
    ('575','2017-9-27 17:30:00','575', 'Patient Encounter', '575', '100', 'admin', 'Default', '1', '0', 'patient_encounter');
INSERT INTO `libreehr_postcalendar_events` 
        (`pc_catid`,`pc_multiple`,`pc_aid`,`pc_pid`,`pc_title`,`pc_time`,`pc_hometext`,`pc_comments`,`pc_counter`,`pc_topic`,`pc_informant`,`pc_eventDate`,
        `pc_endDate`,`pc_duration`,`pc_recurrtype`,`pc_recurrspec`,`pc_recurrfreq`,`pc_startTime`,`pc_endTime`,`pc_alldayevent`,`pc_location`,`pc_eventstatus`,
        `pc_sharing`,`pc_apptstatus`,`pc_prefcatid`,`pc_facility`,`pc_billing_location`)VALUES
        ( 1,574,'1','100','Office Visit','2017-9-27 17:30:00','Clinical Appointment',0,0,1,'1',
        '2017-9-27 17:30:00','0000-00-00',900,0,
        'a:6:{s:17:"event_repeat_freq";s:1:"0";s:22:"event_repeat_freq_type";s:1:"0";s:19:"event_repeat_on_num";s:1:"1";s:19:"event_repeat_on_day";s:1:"0";s:20:"event_repeat_on_freq";s:1:"0";s:6:"exdate";s:0:"";}',
        0,'17:30:00','17:45:00',0,
        'a:6:{s:14:"event_location";s:0:"";s:13:"event_street1";s:0:"";s:13:"event_street2";s:0:"";s:10:"event_city";s:0:"";s:11:"event_state";s:0:"";s:12:"event_postal";s:0:"";}',
        1,1,'-',0,1,1);
INSERT INTO `patient_data` (`title`, `language`, `financial`, `fname`, `lname`, `mname`, `DOB`,`street`, `postal_code`, `city`, `state`,  `drivers_license`, `ss`,`occupation`, `phone_home`, `phone_biz`, `phone_contact`, `phone_cell`,`status`, `contact_relationship`, `date`, `sex`, `referrer`, `referrerID`,`providerID`, `email`, `ethnoracial`, `interpretter`, `migrantseasonal`,`family_size`, `monthly_income`, `homeless`, `financial_review`, `pubpid`,`pid`, `genericname1`, `genericval1`, `genericname2`, `genericval2`) VALUES
 ('Mrs.','English','','MELANIE','RILEY','I.','1939-4-12','6778 FlowerAve.','64823','Key West','DE','692943789','565900215',' ','(609) 954-2478','(609) 954-2478','(609) 954-2478','(609) 954-2478','married','Friend','2003-11-17 12:06:00','Female','FELIX NICHOLS','1','1','MELANIE@LibreEHR.org','Yankee',' ',' ','6','9550',' ','000-00-00 00:00:00','101','101',' ',' ',' ',' ');
INSERT INTO `insurance_data` (`id`, `type`, `provider`, `plan_name`, `policy_number`,`group_number`, `subscriber_lname`, `subscriber_mname`, `subscriber_fname`, `subscriber_relationship`, `subscriber_ss`,`subscriber_DOB`, `subscriber_street`, `subscriber_postal_code`, `subscriber_city`, `subscriber_state`, `subscriber_country`,`subscriber_phone`, `subscriber_employer`, `subscriber_employer_street`, `subscriber_employer_postal_code`,`subscriber_employer_state`, `subscriber_employer_country`, `subscriber_employer_city`, `copay`, `date`, `pid`,`subscriber_sex`, `accept_assignment`) VALUES('298','primary','6186','Green Mutual LTD','279616982','200156724','RILEY','I.','MELANIE','self','565900215','1939-4-12','6778 FlowerAve.','64823','Key West','DE','Openemria','(609) 954-2478','OEMR.org','','','DE','Openemria','Key West','','2011-10-10','101','Female','TRUE');
INSERT INTO `insurance_data` (`id`, `type`, `provider`, `plan_name`, `policy_number`,`group_number`, `subscriber_lname`, `subscriber_mname`, `subscriber_fname`, `subscriber_relationship`, `subscriber_ss`,`subscriber_DOB`, `subscriber_street`, `subscriber_postal_code`, `subscriber_city`, `subscriber_state`, `subscriber_country`,`subscriber_phone`, `subscriber_employer`, `subscriber_employer_street`, `subscriber_employer_postal_code`,`subscriber_employer_state`, `subscriber_employer_country`, `subscriber_employer_city`, `copay`, `date`, `pid`,`subscriber_sex`, `accept_assignment`) VALUES('299','secondary','7519','Litigeous Heartless LTD','752492610','338455636','RILEY','I.','MELANIE','self','565900215','1939-4-12','6778 FlowerAve.','64823','Key West','DE','Openemria','(609) 954-2478','OEMR.org','','','DE','Openemria','Key West','','2011-10-10','101','Female','FALSE');
INSERT INTO `insurance_data` (`id`, `type`, `provider`, `plan_name`, `policy_number`,`group_number`, `subscriber_lname`, `subscriber_mname`, `subscriber_fname`, `subscriber_relationship`, `subscriber_ss`,`subscriber_DOB`, `subscriber_street`, `subscriber_postal_code`, `subscriber_city`, `subscriber_state`, `subscriber_country`,`subscriber_phone`, `subscriber_employer`, `subscriber_employer_street`, `subscriber_employer_postal_code`,`subscriber_employer_state`, `subscriber_employer_country`, `subscriber_employer_city`, `copay`, `date`, `pid`,`subscriber_sex`, `accept_assignment`) VALUES('300','tertiary','2651','Puce Mutual HMO','243162330','717692057','RILEY','I.','MELANIE','self','565900215','1939-4-12','6778 FlowerAve.','64823','Key West','DE','Openemria','(609) 954-2478','OEMR.org','','','DE','Openemria','Key West','','2011-10-10','101','Female','FALSE');
INSERT INTO `form_encounter` (`id`, `date`, `reason`, `facility`, `facility_id`, `pid`, `encounter`,
     `onset_date`, `sensitivity`, `billing_note`, `pc_catid`, `last_level_billed`, `last_level_closed`, `last_stmt_date`, `stmt_count`,
      `provider_id`, `supervisor_id`, `invoice_refno`, `referral_source`, `billing_facility`) VALUES
    ('576','2016-12-31 16:00:00', 'Test Encounter', 'Your Clinic Name Here', '3','101','576', '0000-00-00 00:00:00', 'normal', 'NULL','6', '0', '0','NULL', '0', '1', '0', '', '', '3');
INSERT INTO `forms` (`id`, `date`, `encounter`, `form_name`, `form_id`, `pid`, `user`, `groupname`, `authorized`, `deleted`, `formdir`) VALUES
    ('576','2016-12-31 16:00:00','576', 'Patient Encounter', '576', '101', 'admin', 'Default', '1', '0', 'patient_encounter');
INSERT INTO `libreehr_postcalendar_events` 
        (`pc_catid`,`pc_multiple`,`pc_aid`,`pc_pid`,`pc_title`,`pc_time`,`pc_hometext`,`pc_comments`,`pc_counter`,`pc_topic`,`pc_informant`,`pc_eventDate`,
        `pc_endDate`,`pc_duration`,`pc_recurrtype`,`pc_recurrspec`,`pc_recurrfreq`,`pc_startTime`,`pc_endTime`,`pc_alldayevent`,`pc_location`,`pc_eventstatus`,
        `pc_sharing`,`pc_apptstatus`,`pc_prefcatid`,`pc_facility`,`pc_billing_location`)VALUES
        ( 1,575,'1','101','Office Visit','2016-12-31 16:00:00','Clinical Appointment',0,0,1,'1',
        '2016-12-31 16:00:00','0000-00-00',900,0,
        'a:6:{s:17:"event_repeat_freq";s:1:"0";s:22:"event_repeat_freq_type";s:1:"0";s:19:"event_repeat_on_num";s:1:"1";s:19:"event_repeat_on_day";s:1:"0";s:20:"event_repeat_on_freq";s:1:"0";s:6:"exdate";s:0:"";}',
        0,'16:00:00','16:15:00',0,
        'a:6:{s:14:"event_location";s:0:"";s:13:"event_street1";s:0:"";s:13:"event_street2";s:0:"";s:10:"event_city";s:0:"";s:11:"event_state";s:0:"";s:12:"event_postal";s:0:"";}',
        1,1,'-',0,1,1);
INSERT INTO `form_encounter` (`id`, `date`, `reason`, `facility`, `facility_id`, `pid`, `encounter`,
     `onset_date`, `sensitivity`, `billing_note`, `pc_catid`, `last_level_billed`, `last_level_closed`, `last_stmt_date`, `stmt_count`,
      `provider_id`, `supervisor_id`, `invoice_refno`, `referral_source`, `billing_facility`) VALUES
    ('577','2017-1-30 17:00:00', 'Test Encounter', 'Your Clinic Name Here', '3','101','577', '0000-00-00 00:00:00', 'normal', 'NULL','6', '0', '0','NULL', '0', '1', '0', '', '', '3');
INSERT INTO `forms` (`id`, `date`, `encounter`, `form_name`, `form_id`, `pid`, `user`, `groupname`, `authorized`, `deleted`, `formdir`) VALUES
    ('577','2017-1-30 17:00:00','577', 'Patient Encounter', '577', '101', 'admin', 'Default', '1', '0', 'patient_encounter');
INSERT INTO `libreehr_postcalendar_events` 
        (`pc_catid`,`pc_multiple`,`pc_aid`,`pc_pid`,`pc_title`,`pc_time`,`pc_hometext`,`pc_comments`,`pc_counter`,`pc_topic`,`pc_informant`,`pc_eventDate`,
        `pc_endDate`,`pc_duration`,`pc_recurrtype`,`pc_recurrspec`,`pc_recurrfreq`,`pc_startTime`,`pc_endTime`,`pc_alldayevent`,`pc_location`,`pc_eventstatus`,
        `pc_sharing`,`pc_apptstatus`,`pc_prefcatid`,`pc_facility`,`pc_billing_location`)VALUES
        ( 1,576,'1','101','Office Visit','2017-1-30 17:00:00','Clinical Appointment',0,0,1,'1',
        '2017-1-30 17:00:00','0000-00-00',900,0,
        'a:6:{s:17:"event_repeat_freq";s:1:"0";s:22:"event_repeat_freq_type";s:1:"0";s:19:"event_repeat_on_num";s:1:"1";s:19:"event_repeat_on_day";s:1:"0";s:20:"event_repeat_on_freq";s:1:"0";s:6:"exdate";s:0:"";}',
        0,'17:00:00','17:15:00',0,
        'a:6:{s:14:"event_location";s:0:"";s:13:"event_street1";s:0:"";s:13:"event_street2";s:0:"";s:10:"event_city";s:0:"";s:11:"event_state";s:0:"";s:12:"event_postal";s:0:"";}',
        1,1,'-',0,1,1);
INSERT INTO `form_encounter` (`id`, `date`, `reason`, `facility`, `facility_id`, `pid`, `encounter`,
     `onset_date`, `sensitivity`, `billing_note`, `pc_catid`, `last_level_billed`, `last_level_closed`, `last_stmt_date`, `stmt_count`,
      `provider_id`, `supervisor_id`, `invoice_refno`, `referral_source`, `billing_facility`) VALUES
    ('578','2017-3-1 15:15:00', 'Test Encounter', 'Your Clinic Name Here', '3','101','578', '0000-00-00 00:00:00', 'normal', 'NULL','6', '0', '0','NULL', '0', '1', '0', '', '', '3');
INSERT INTO `forms` (`id`, `date`, `encounter`, `form_name`, `form_id`, `pid`, `user`, `groupname`, `authorized`, `deleted`, `formdir`) VALUES
    ('578','2017-3-1 15:15:00','578', 'Patient Encounter', '578', '101', 'admin', 'Default', '1', '0', 'patient_encounter');
INSERT INTO `libreehr_postcalendar_events` 
        (`pc_catid`,`pc_multiple`,`pc_aid`,`pc_pid`,`pc_title`,`pc_time`,`pc_hometext`,`pc_comments`,`pc_counter`,`pc_topic`,`pc_informant`,`pc_eventDate`,
        `pc_endDate`,`pc_duration`,`pc_recurrtype`,`pc_recurrspec`,`pc_recurrfreq`,`pc_startTime`,`pc_endTime`,`pc_alldayevent`,`pc_location`,`pc_eventstatus`,
        `pc_sharing`,`pc_apptstatus`,`pc_prefcatid`,`pc_facility`,`pc_billing_location`)VALUES
        ( 1,577,'1','101','Office Visit','2017-3-1 15:15:00','Clinical Appointment',0,0,1,'1',
        '2017-3-1 15:15:00','0000-00-00',900,0,
        'a:6:{s:17:"event_repeat_freq";s:1:"0";s:22:"event_repeat_freq_type";s:1:"0";s:19:"event_repeat_on_num";s:1:"1";s:19:"event_repeat_on_day";s:1:"0";s:20:"event_repeat_on_freq";s:1:"0";s:6:"exdate";s:0:"";}',
        0,'15:15:00','15:30:00',0,
        'a:6:{s:14:"event_location";s:0:"";s:13:"event_street1";s:0:"";s:13:"event_street2";s:0:"";s:10:"event_city";s:0:"";s:11:"event_state";s:0:"";s:12:"event_postal";s:0:"";}',
        1,1,'-',0,1,1);
INSERT INTO `form_encounter` (`id`, `date`, `reason`, `facility`, `facility_id`, `pid`, `encounter`,
     `onset_date`, `sensitivity`, `billing_note`, `pc_catid`, `last_level_billed`, `last_level_closed`, `last_stmt_date`, `stmt_count`,
      `provider_id`, `supervisor_id`, `invoice_refno`, `referral_source`, `billing_facility`) VALUES
    ('579','2017-3-31 12:00:00', 'Test Encounter', 'Your Clinic Name Here', '3','101','579', '0000-00-00 00:00:00', 'normal', 'NULL','6', '0', '0','NULL', '0', '1', '0', '', '', '3');
INSERT INTO `forms` (`id`, `date`, `encounter`, `form_name`, `form_id`, `pid`, `user`, `groupname`, `authorized`, `deleted`, `formdir`) VALUES
    ('579','2017-3-31 12:00:00','579', 'Patient Encounter', '579', '101', 'admin', 'Default', '1', '0', 'patient_encounter');
INSERT INTO `libreehr_postcalendar_events` 
        (`pc_catid`,`pc_multiple`,`pc_aid`,`pc_pid`,`pc_title`,`pc_time`,`pc_hometext`,`pc_comments`,`pc_counter`,`pc_topic`,`pc_informant`,`pc_eventDate`,
        `pc_endDate`,`pc_duration`,`pc_recurrtype`,`pc_recurrspec`,`pc_recurrfreq`,`pc_startTime`,`pc_endTime`,`pc_alldayevent`,`pc_location`,`pc_eventstatus`,
        `pc_sharing`,`pc_apptstatus`,`pc_prefcatid`,`pc_facility`,`pc_billing_location`)VALUES
        ( 1,578,'1','101','Office Visit','2017-3-31 12:00:00','Clinical Appointment',0,0,1,'1',
        '2017-3-31 12:00:00','0000-00-00',900,0,
        'a:6:{s:17:"event_repeat_freq";s:1:"0";s:22:"event_repeat_freq_type";s:1:"0";s:19:"event_repeat_on_num";s:1:"1";s:19:"event_repeat_on_day";s:1:"0";s:20:"event_repeat_on_freq";s:1:"0";s:6:"exdate";s:0:"";}',
        0,'12:00:00','12:15:00',0,
        'a:6:{s:14:"event_location";s:0:"";s:13:"event_street1";s:0:"";s:13:"event_street2";s:0:"";s:10:"event_city";s:0:"";s:11:"event_state";s:0:"";s:12:"event_postal";s:0:"";}',
        1,1,'-',0,1,1);
INSERT INTO `form_encounter` (`id`, `date`, `reason`, `facility`, `facility_id`, `pid`, `encounter`,
     `onset_date`, `sensitivity`, `billing_note`, `pc_catid`, `last_level_billed`, `last_level_closed`, `last_stmt_date`, `stmt_count`,
      `provider_id`, `supervisor_id`, `invoice_refno`, `referral_source`, `billing_facility`) VALUES
    ('580','2017-4-30 17:00:00', 'Test Encounter', 'Your Clinic Name Here', '3','101','580', '0000-00-00 00:00:00', 'normal', 'NULL','7', '0', '0','NULL', '0', '1', '0', '', '', '3');
INSERT INTO `forms` (`id`, `date`, `encounter`, `form_name`, `form_id`, `pid`, `user`, `groupname`, `authorized`, `deleted`, `formdir`) VALUES
    ('580','2017-4-30 17:00:00','580', 'Patient Encounter', '580', '101', 'admin', 'Default', '1', '0', 'patient_encounter');
INSERT INTO `libreehr_postcalendar_events` 
        (`pc_catid`,`pc_multiple`,`pc_aid`,`pc_pid`,`pc_title`,`pc_time`,`pc_hometext`,`pc_comments`,`pc_counter`,`pc_topic`,`pc_informant`,`pc_eventDate`,
        `pc_endDate`,`pc_duration`,`pc_recurrtype`,`pc_recurrspec`,`pc_recurrfreq`,`pc_startTime`,`pc_endTime`,`pc_alldayevent`,`pc_location`,`pc_eventstatus`,
        `pc_sharing`,`pc_apptstatus`,`pc_prefcatid`,`pc_facility`,`pc_billing_location`)VALUES
        ( 1,579,'1','101','Office Visit','2017-4-30 17:00:00','Clinical Appointment',0,0,1,'1',
        '2017-4-30 17:00:00','0000-00-00',900,0,
        'a:6:{s:17:"event_repeat_freq";s:1:"0";s:22:"event_repeat_freq_type";s:1:"0";s:19:"event_repeat_on_num";s:1:"1";s:19:"event_repeat_on_day";s:1:"0";s:20:"event_repeat_on_freq";s:1:"0";s:6:"exdate";s:0:"";}',
        0,'17:00:00','17:15:00',0,
        'a:6:{s:14:"event_location";s:0:"";s:13:"event_street1";s:0:"";s:13:"event_street2";s:0:"";s:10:"event_city";s:0:"";s:11:"event_state";s:0:"";s:12:"event_postal";s:0:"";}',
        1,1,'-',0,1,1);
INSERT INTO `form_encounter` (`id`, `date`, `reason`, `facility`, `facility_id`, `pid`, `encounter`,
     `onset_date`, `sensitivity`, `billing_note`, `pc_catid`, `last_level_billed`, `last_level_closed`, `last_stmt_date`, `stmt_count`,
      `provider_id`, `supervisor_id`, `invoice_refno`, `referral_source`, `billing_facility`) VALUES
    ('581','2017-5-30 10:15:00', 'Test Encounter', 'Your Clinic Name Here', '3','101','581', '0000-00-00 00:00:00', 'normal', 'NULL','7', '0', '0','NULL', '0', '1', '0', '', '', '3');
INSERT INTO `forms` (`id`, `date`, `encounter`, `form_name`, `form_id`, `pid`, `user`, `groupname`, `authorized`, `deleted`, `formdir`) VALUES
    ('581','2017-5-30 10:15:00','581', 'Patient Encounter', '581', '101', 'admin', 'Default', '1', '0', 'patient_encounter');
INSERT INTO `libreehr_postcalendar_events` 
        (`pc_catid`,`pc_multiple`,`pc_aid`,`pc_pid`,`pc_title`,`pc_time`,`pc_hometext`,`pc_comments`,`pc_counter`,`pc_topic`,`pc_informant`,`pc_eventDate`,
        `pc_endDate`,`pc_duration`,`pc_recurrtype`,`pc_recurrspec`,`pc_recurrfreq`,`pc_startTime`,`pc_endTime`,`pc_alldayevent`,`pc_location`,`pc_eventstatus`,
        `pc_sharing`,`pc_apptstatus`,`pc_prefcatid`,`pc_facility`,`pc_billing_location`)VALUES
        ( 1,580,'1','101','Office Visit','2017-5-30 10:15:00','Clinical Appointment',0,0,1,'1',
        '2017-5-30 10:15:00','0000-00-00',900,0,
        'a:6:{s:17:"event_repeat_freq";s:1:"0";s:22:"event_repeat_freq_type";s:1:"0";s:19:"event_repeat_on_num";s:1:"1";s:19:"event_repeat_on_day";s:1:"0";s:20:"event_repeat_on_freq";s:1:"0";s:6:"exdate";s:0:"";}',
        0,'10:15:00','10:30:00',0,
        'a:6:{s:14:"event_location";s:0:"";s:13:"event_street1";s:0:"";s:13:"event_street2";s:0:"";s:10:"event_city";s:0:"";s:11:"event_state";s:0:"";s:12:"event_postal";s:0:"";}',
        1,1,'-',0,1,1);
INSERT INTO `form_encounter` (`id`, `date`, `reason`, `facility`, `facility_id`, `pid`, `encounter`,
     `onset_date`, `sensitivity`, `billing_note`, `pc_catid`, `last_level_billed`, `last_level_closed`, `last_stmt_date`, `stmt_count`,
      `provider_id`, `supervisor_id`, `invoice_refno`, `referral_source`, `billing_facility`) VALUES
    ('582','2017-6-29 11:15:00', 'Test Encounter', 'Your Clinic Name Here', '3','101','582', '0000-00-00 00:00:00', 'normal', 'NULL','4', '0', '0','NULL', '0', '1', '0', '', '', '3');
INSERT INTO `forms` (`id`, `date`, `encounter`, `form_name`, `form_id`, `pid`, `user`, `groupname`, `authorized`, `deleted`, `formdir`) VALUES
    ('582','2017-6-29 11:15:00','582', 'Patient Encounter', '582', '101', 'admin', 'Default', '1', '0', 'patient_encounter');
INSERT INTO `libreehr_postcalendar_events` 
        (`pc_catid`,`pc_multiple`,`pc_aid`,`pc_pid`,`pc_title`,`pc_time`,`pc_hometext`,`pc_comments`,`pc_counter`,`pc_topic`,`pc_informant`,`pc_eventDate`,
        `pc_endDate`,`pc_duration`,`pc_recurrtype`,`pc_recurrspec`,`pc_recurrfreq`,`pc_startTime`,`pc_endTime`,`pc_alldayevent`,`pc_location`,`pc_eventstatus`,
        `pc_sharing`,`pc_apptstatus`,`pc_prefcatid`,`pc_facility`,`pc_billing_location`)VALUES
        ( 1,581,'1','101','Office Visit','2017-6-29 11:15:00','Clinical Appointment',0,0,1,'1',
        '2017-6-29 11:15:00','0000-00-00',900,0,
        'a:6:{s:17:"event_repeat_freq";s:1:"0";s:22:"event_repeat_freq_type";s:1:"0";s:19:"event_repeat_on_num";s:1:"1";s:19:"event_repeat_on_day";s:1:"0";s:20:"event_repeat_on_freq";s:1:"0";s:6:"exdate";s:0:"";}',
        0,'11:15:00','11:30:00',0,
        'a:6:{s:14:"event_location";s:0:"";s:13:"event_street1";s:0:"";s:13:"event_street2";s:0:"";s:10:"event_city";s:0:"";s:11:"event_state";s:0:"";s:12:"event_postal";s:0:"";}',
        1,1,'-',0,1,1);
INSERT INTO `form_encounter` (`id`, `date`, `reason`, `facility`, `facility_id`, `pid`, `encounter`,
     `onset_date`, `sensitivity`, `billing_note`, `pc_catid`, `last_level_billed`, `last_level_closed`, `last_stmt_date`, `stmt_count`,
      `provider_id`, `supervisor_id`, `invoice_refno`, `referral_source`, `billing_facility`) VALUES
    ('583','2017-7-29 13:15:00', 'Test Encounter', 'Your Clinic Name Here', '3','101','583', '0000-00-00 00:00:00', 'normal', 'NULL','8', '0', '0','NULL', '0', '1', '0', '', '', '3');
INSERT INTO `forms` (`id`, `date`, `encounter`, `form_name`, `form_id`, `pid`, `user`, `groupname`, `authorized`, `deleted`, `formdir`) VALUES
    ('583','2017-7-29 13:15:00','583', 'Patient Encounter', '583', '101', 'admin', 'Default', '1', '0', 'patient_encounter');
INSERT INTO `libreehr_postcalendar_events` 
        (`pc_catid`,`pc_multiple`,`pc_aid`,`pc_pid`,`pc_title`,`pc_time`,`pc_hometext`,`pc_comments`,`pc_counter`,`pc_topic`,`pc_informant`,`pc_eventDate`,
        `pc_endDate`,`pc_duration`,`pc_recurrtype`,`pc_recurrspec`,`pc_recurrfreq`,`pc_startTime`,`pc_endTime`,`pc_alldayevent`,`pc_location`,`pc_eventstatus`,
        `pc_sharing`,`pc_apptstatus`,`pc_prefcatid`,`pc_facility`,`pc_billing_location`)VALUES
        ( 1,582,'1','101','Office Visit','2017-7-29 13:15:00','Clinical Appointment',0,0,1,'1',
        '2017-7-29 13:15:00','0000-00-00',900,0,
        'a:6:{s:17:"event_repeat_freq";s:1:"0";s:22:"event_repeat_freq_type";s:1:"0";s:19:"event_repeat_on_num";s:1:"1";s:19:"event_repeat_on_day";s:1:"0";s:20:"event_repeat_on_freq";s:1:"0";s:6:"exdate";s:0:"";}',
        0,'13:15:00','13:30:00',0,
        'a:6:{s:14:"event_location";s:0:"";s:13:"event_street1";s:0:"";s:13:"event_street2";s:0:"";s:10:"event_city";s:0:"";s:11:"event_state";s:0:"";s:12:"event_postal";s:0:"";}',
        1,1,'-',0,1,1);
INSERT INTO `form_encounter` (`id`, `date`, `reason`, `facility`, `facility_id`, `pid`, `encounter`,
     `onset_date`, `sensitivity`, `billing_note`, `pc_catid`, `last_level_billed`, `last_level_closed`, `last_stmt_date`, `stmt_count`,
      `provider_id`, `supervisor_id`, `invoice_refno`, `referral_source`, `billing_facility`) VALUES
    ('584','2017-8-28 12:15:00', 'Test Encounter', 'Your Clinic Name Here', '3','101','584', '0000-00-00 00:00:00', 'normal', 'NULL','6', '0', '0','NULL', '0', '1', '0', '', '', '3');
INSERT INTO `forms` (`id`, `date`, `encounter`, `form_name`, `form_id`, `pid`, `user`, `groupname`, `authorized`, `deleted`, `formdir`) VALUES
    ('584','2017-8-28 12:15:00','584', 'Patient Encounter', '584', '101', 'admin', 'Default', '1', '0', 'patient_encounter');
INSERT INTO `libreehr_postcalendar_events` 
        (`pc_catid`,`pc_multiple`,`pc_aid`,`pc_pid`,`pc_title`,`pc_time`,`pc_hometext`,`pc_comments`,`pc_counter`,`pc_topic`,`pc_informant`,`pc_eventDate`,
        `pc_endDate`,`pc_duration`,`pc_recurrtype`,`pc_recurrspec`,`pc_recurrfreq`,`pc_startTime`,`pc_endTime`,`pc_alldayevent`,`pc_location`,`pc_eventstatus`,
        `pc_sharing`,`pc_apptstatus`,`pc_prefcatid`,`pc_facility`,`pc_billing_location`)VALUES
        ( 1,583,'1','101','Office Visit','2017-8-28 12:15:00','Clinical Appointment',0,0,1,'1',
        '2017-8-28 12:15:00','0000-00-00',900,0,
        'a:6:{s:17:"event_repeat_freq";s:1:"0";s:22:"event_repeat_freq_type";s:1:"0";s:19:"event_repeat_on_num";s:1:"1";s:19:"event_repeat_on_day";s:1:"0";s:20:"event_repeat_on_freq";s:1:"0";s:6:"exdate";s:0:"";}',
        0,'12:15:00','12:30:00',0,
        'a:6:{s:14:"event_location";s:0:"";s:13:"event_street1";s:0:"";s:13:"event_street2";s:0:"";s:10:"event_city";s:0:"";s:11:"event_state";s:0:"";s:12:"event_postal";s:0:"";}',
        1,1,'-',0,1,1);
INSERT INTO `form_encounter` (`id`, `date`, `reason`, `facility`, `facility_id`, `pid`, `encounter`,
     `onset_date`, `sensitivity`, `billing_note`, `pc_catid`, `last_level_billed`, `last_level_closed`, `last_stmt_date`, `stmt_count`,
      `provider_id`, `supervisor_id`, `invoice_refno`, `referral_source`, `billing_facility`) VALUES
    ('585','2017-9-27 13:15:00', 'Test Encounter', 'Your Clinic Name Here', '3','101','585', '0000-00-00 00:00:00', 'normal', 'NULL','7', '0', '0','NULL', '0', '1', '0', '', '', '3');
INSERT INTO `forms` (`id`, `date`, `encounter`, `form_name`, `form_id`, `pid`, `user`, `groupname`, `authorized`, `deleted`, `formdir`) VALUES
    ('585','2017-9-27 13:15:00','585', 'Patient Encounter', '585', '101', 'admin', 'Default', '1', '0', 'patient_encounter');
INSERT INTO `libreehr_postcalendar_events` 
        (`pc_catid`,`pc_multiple`,`pc_aid`,`pc_pid`,`pc_title`,`pc_time`,`pc_hometext`,`pc_comments`,`pc_counter`,`pc_topic`,`pc_informant`,`pc_eventDate`,
        `pc_endDate`,`pc_duration`,`pc_recurrtype`,`pc_recurrspec`,`pc_recurrfreq`,`pc_startTime`,`pc_endTime`,`pc_alldayevent`,`pc_location`,`pc_eventstatus`,
        `pc_sharing`,`pc_apptstatus`,`pc_prefcatid`,`pc_facility`,`pc_billing_location`)VALUES
        ( 1,584,'1','101','Office Visit','2017-9-27 13:15:00','Clinical Appointment',0,0,1,'1',
        '2017-9-27 13:15:00','0000-00-00',900,0,
        'a:6:{s:17:"event_repeat_freq";s:1:"0";s:22:"event_repeat_freq_type";s:1:"0";s:19:"event_repeat_on_num";s:1:"1";s:19:"event_repeat_on_day";s:1:"0";s:20:"event_repeat_on_freq";s:1:"0";s:6:"exdate";s:0:"";}',
        0,'13:15:00','13:30:00',0,
        'a:6:{s:14:"event_location";s:0:"";s:13:"event_street1";s:0:"";s:13:"event_street2";s:0:"";s:10:"event_city";s:0:"";s:11:"event_state";s:0:"";s:12:"event_postal";s:0:"";}',
        1,1,'-',0,1,1);
